# Generated by Wraith - Game extraction tools
# Please credit DTZxPorter for using it!

v 47.645996 -20.218252 41.150795
v 49.099491 -20.116735 39.730778
v 47.657654 -20.362104 40.901833
v 47.448895 -20.362104 40.732788
v 48.294586 -20.116735 39.078972
v 47.207787 -20.218252 40.795944
v 49.844852 -20.359236 38.419704
v 49.099491 -20.116735 39.730778
v 50.095512 -20.219263 38.364975
v 49.423454 -20.219263 37.820755
v 48.294586 -20.116735 39.078972
v 49.422028 -20.359236 38.077312
v 50.476158 -20.218252 53.128242
v 49.736954 -20.116735 51.235451
v 50.251534 -20.362104 53.020241
v 50.014359 -20.362104 53.146347
v 48.822456 -20.116735 51.721691
v 49.978294 -20.218252 53.392967
v 48.821335 -20.359236 50.037060
v 49.736954 -20.116735 51.235451
v 48.868896 -20.219263 49.784950
v 48.105347 -20.219263 50.190933
v 48.822456 -20.116735 51.721691
v 48.340954 -20.359236 50.292488
v -50.558067 -19.919851 27.217007
v -49.032238 -19.818335 25.875004
v -50.533401 -20.063702 26.968990
v -50.733021 -20.063702 26.789244
v -49.801941 -19.818335 25.181969
v -50.977104 -19.919851 26.839706
v -48.219288 -20.060833 24.604736
v -49.032238 -19.818335 25.875004
v -47.966106 -19.920858 24.563202
v -48.608757 -19.920858 23.984556
v -49.801941 -19.818335 25.181969
v -48.623619 -20.060833 24.240683
v -50.580700 -19.919851 32.315453
v -49.775890 -19.818335 34.181305
v -50.352444 -20.063702 32.415558
v -50.119812 -20.063702 32.281250
v -48.878922 -19.818335 33.663437
v -50.092377 -19.919851 32.033524
v -48.819000 -20.060833 35.347000
v -49.775890 -19.818335 34.181305
v -48.857742 -19.920858 35.600632
v -48.108826 -19.920858 35.168243
v -48.878922 -19.818335 33.663437
v -48.347832 -20.060833 35.074966
v -46.880402 -19.919851 43.758980
v -48.325577 -19.818335 42.330482
v -47.129539 -20.063702 43.751671
v -47.294914 -20.063702 43.963337
v -48.963230 -19.818335 43.146645
v -47.227558 -19.919851 44.203308
v -49.649460 -20.060833 41.608112
v -48.325577 -19.818335 42.330482
v -49.708553 -19.920858 41.358452
v -50.240959 -19.920858 42.039898
v -48.963230 -19.818335 43.146645
v -49.984413 -20.060833 42.036846
v -55.965637 44.259777 0.000000
v -55.888794 44.848701 0.756013
v -56.644806 44.259777 0.679168
v -55.888794 44.848701 75.443970
v -55.965637 44.259777 76.199982
v -56.644806 44.259777 75.520813
v 55.965637 44.259777 0.000000
v 56.644806 44.259777 0.679168
v 55.888794 44.848701 0.756013
v 55.888794 44.848701 75.443970
v 56.644806 44.259777 75.520813
v 55.965637 44.259777 76.199982
v -48.780334 -19.919851 53.558914
v -48.544399 -19.818335 51.540634
v -48.927963 -20.063702 53.358093
v -49.196579 -20.063702 53.358093
v -49.580132 -19.818335 51.540634
v -49.344208 -19.919851 53.558914
v -48.790237 -20.060833 50.052670
v -48.544399 -19.818335 51.540634
v -48.629879 -19.920858 49.852386
v -49.494652 -19.920858 49.852386
v -49.580132 -19.818335 51.540634
v -49.334305 -20.060833 50.052670
v 46.034119 52.803921 4.831339
v -46.034119 52.803921 4.831339
v 48.058102 47.358711 3.478946
v -46.034119 52.803921 4.831339
v -48.058102 47.358711 3.478946
v 48.058102 47.358711 3.478946
v -47.057365 52.839634 66.346283
v -49.094627 47.358711 68.723831
v -49.094627 47.358711 4.515470
v -47.070415 52.804527 5.867862
v -47.057365 52.839634 66.346283
v -49.094627 47.358711 4.515470
v -49.094627 47.358711 4.515470
v -48.058102 47.358711 3.478946
v -47.070415 52.804527 5.867862
v -48.058102 47.358711 3.478946
v -46.034119 52.803921 4.831339
v -47.070415 52.804527 5.867862
v 49.094627 47.358711 68.723831
v 47.057365 52.839634 66.346283
v 49.094627 47.358711 4.515470
v 47.057365 52.839634 66.346283
v 47.070415 52.804527 5.867862
v 49.094627 47.358711 4.515470
v 49.094627 47.358711 4.515470
v 47.070415 52.804527 5.867862
v 48.058102 47.358711 3.478946
v 47.070415 52.804527 5.867862
v 46.034119 52.803921 4.831339
v 48.058102 47.358711 3.478946
v -41.082653 -19.203070 18.856754
v -40.987217 -18.585306 18.863012
v -40.462910 -18.585306 14.880523
v -40.555893 -19.203070 14.855610
v -41.082653 -19.203070 18.856754
v -40.462910 -18.585306 14.880523
v -41.769829 -19.458363 18.811714
v -41.082653 -19.203070 18.856754
v -40.555893 -19.203070 14.855610
v -41.225380 -19.458363 14.676219
v -41.769829 -19.458363 18.811714
v -40.555893 -19.203070 14.855610
v -42.457417 -19.202898 18.766647
v -41.769829 -19.458363 18.811714
v -41.225380 -19.458363 14.676219
v -40.462910 -18.585306 14.880523
v -38.925842 -18.585306 11.169705
v -40.555893 -19.203070 14.855610
v -41.895271 -19.202898 14.496723
v -42.457417 -19.202898 18.766647
v -41.225380 -19.458363 14.676219
v -40.555893 -19.203070 14.855610
v -39.009201 -19.203070 11.121572
v -41.225380 -19.458363 14.676219
v -38.925842 -18.585306 11.169705
v -39.009201 -19.203070 11.121572
v -40.555893 -19.203070 14.855610
v -42.556896 -18.585260 18.760128
v -42.457417 -19.202898 18.766647
v -41.895271 -19.202898 14.496723
v -41.992188 -18.585260 14.470753
v -42.556896 -18.585260 18.760128
v -41.895271 -19.202898 14.496723
v -41.225380 -19.458363 14.676219
v -39.609455 -19.458363 10.775021
v -41.895271 -19.202898 14.496723
v -39.009201 -19.203070 11.121572
v -39.609455 -19.458363 10.775021
v -41.225380 -19.458363 14.676219
v -41.895271 -19.202898 14.496723
v -40.210060 -19.202898 10.428260
v -41.992188 -18.585260 14.470753
v -39.609455 -19.458363 10.775021
v -40.210060 -19.202898 10.428260
v -41.895271 -19.202898 14.496723
v -40.210060 -19.202898 10.428260
v -40.296951 -18.585260 10.378095
v -41.992188 -18.585260 14.470753
v -38.925842 -18.585306 11.169705
v -36.480713 -18.585306 7.983154
v -39.009201 -19.203070 11.121572
v -39.009201 -19.203070 11.121572
v -36.548779 -19.203070 7.915087
v -39.609455 -19.458363 10.775021
v -36.480713 -18.585306 7.983154
v -36.548779 -19.203070 7.915087
v -39.009201 -19.203070 11.121572
v -40.210060 -19.202898 10.428260
v -37.529274 -19.202898 6.934591
v -40.296951 -18.585260 10.378095
v -39.609455 -19.458363 10.775021
v -37.038879 -19.458363 7.424986
v -40.210060 -19.202898 10.428260
v -37.038879 -19.458363 7.424986
v -37.529274 -19.202898 6.934591
v -40.210060 -19.202898 10.428260
v -36.548779 -19.203070 7.915087
v -37.038879 -19.458363 7.424986
v -39.609455 -19.458363 10.775021
v -37.529274 -19.202898 6.934591
v -37.600220 -18.585260 6.863647
v -40.296951 -18.585260 10.378095
v -37.529274 -19.202898 6.934591
v -34.035606 -19.202898 4.253807
v -37.600220 -18.585260 6.863647
v -37.038879 -19.458363 7.424986
v -33.688847 -19.458363 4.854415
v -37.529274 -19.202898 6.934591
v -33.688847 -19.458363 4.854415
v -34.035606 -19.202898 4.253807
v -37.529274 -19.202898 6.934591
v -34.035606 -19.202898 4.253807
v -34.085773 -18.585260 4.166918
v -37.600220 -18.585260 6.863647
v -36.480713 -18.585306 7.983154
v -33.294163 -18.585306 5.538028
v -36.548779 -19.203070 7.915087
v -36.548779 -19.203070 7.915087
v -33.342293 -19.203070 5.454663
v -37.038879 -19.458363 7.424986
v -33.342293 -19.203070 5.454663
v -33.688847 -19.458363 4.854415
v -37.038879 -19.458363 7.424986
v -33.294163 -18.585306 5.538028
v -33.342293 -19.203070 5.454663
v -36.548779 -19.203070 7.915087
v -34.035606 -19.202898 4.253807
v -29.967146 -19.202898 2.568593
v -34.085773 -18.585260 4.166918
v -29.967146 -19.202898 2.568593
v -29.993113 -18.585260 2.471684
v -34.085773 -18.585260 4.166918
v -33.688847 -19.458363 4.854415
v -29.787649 -19.458363 3.238487
v -34.035606 -19.202898 4.253807
v -29.787649 -19.458363 3.238487
v -29.967146 -19.202898 2.568593
v -34.035606 -19.202898 4.253807
v -33.342293 -19.203070 5.454663
v -29.608257 -19.203070 3.907975
v -33.688847 -19.458363 4.854415
v -29.608257 -19.203070 3.907975
v -29.787649 -19.458363 3.238487
v -33.688847 -19.458363 4.854415
v -29.993113 -18.585260 2.471684
v -29.967146 -19.202898 2.568593
v -25.703741 -18.585260 1.906976
v -29.967146 -19.202898 2.568593
v -29.787649 -19.458363 3.238487
v -25.697220 -19.202898 2.006448
v -29.967146 -19.202898 2.568593
v -25.697220 -19.202898 2.006448
v -25.703741 -18.585260 1.906976
v -33.294163 -18.585306 5.538028
v -29.583347 -18.585306 4.000957
v -33.342293 -19.203070 5.454663
v -29.583347 -18.585306 4.000957
v -29.608257 -19.203070 3.907975
v -33.342293 -19.203070 5.454663
v -29.787649 -19.458363 3.238487
v -29.608257 -19.203070 3.907975
v -25.652153 -19.458363 2.694038
v -29.787649 -19.458363 3.238487
v -25.652153 -19.458363 2.694038
v -25.697220 -19.202898 2.006448
v -29.608257 -19.203070 3.907975
v -29.583347 -18.585306 4.000957
v -25.607109 -19.203070 3.381215
v -29.608257 -19.203070 3.907975
v -25.607109 -19.203070 3.381215
v -25.652153 -19.458363 2.694038
v -29.583347 -18.585306 4.000957
v -25.600853 -18.585306 3.476653
v -25.607109 -19.203070 3.381215
v -25.600853 -18.585306 3.476653
v 25.600853 -18.585306 3.476655
v -25.607109 -19.203070 3.381215
v 25.600853 -18.585306 3.476655
v 25.607109 -19.203070 3.381215
v -25.607109 -19.203070 3.381215
v -25.607109 -19.203070 3.381215
v 25.607109 -19.203070 3.381215
v -25.652153 -19.458363 2.694038
v 25.607109 -19.203070 3.381215
v 25.652149 -19.458363 2.694038
v -25.652153 -19.458363 2.694038
v 25.607109 -19.203070 3.381215
v 25.600853 -18.585306 3.476655
v 29.583208 -18.585306 4.000901
v -25.652153 -19.458363 2.694038
v 25.652149 -19.458363 2.694038
v -25.697220 -19.202898 2.006448
v 25.652149 -19.458363 2.694038
v 25.697218 -19.202898 2.006448
v -25.697220 -19.202898 2.006448
v 25.652149 -19.458363 2.694038
v 25.607109 -19.203070 3.381215
v 29.608250 -19.203070 3.907975
v 29.608250 -19.203070 3.907975
v 25.607109 -19.203070 3.381215
v 29.583208 -18.585306 4.000901
v -25.697220 -19.202898 2.006448
v 25.697218 -19.202898 2.006448
v -25.703741 -18.585260 1.906976
v 25.697218 -19.202898 2.006448
v 25.703733 -18.585260 1.906976
v -25.703741 -18.585260 1.906976
v 25.697218 -19.202898 2.006448
v 25.652149 -19.458363 2.694038
v 29.787645 -19.458363 3.238487
v 29.787645 -19.458363 3.238487
v 25.652149 -19.458363 2.694038
v 29.608250 -19.203070 3.907975
v 25.703733 -18.585260 1.906976
v 25.697218 -19.202898 2.006448
v 29.967144 -19.202898 2.568593
v 29.967144 -19.202898 2.568593
v 25.697218 -19.202898 2.006448
v 29.787645 -19.458363 3.238487
v 29.993105 -18.585260 2.471684
v 25.703733 -18.585260 1.906976
v 29.967144 -19.202898 2.568593
v 29.583208 -18.585306 4.000901
v 33.294159 -18.585306 5.538028
v 29.608250 -19.203070 3.907975
v 29.608250 -19.203070 3.907975
v 33.342289 -19.203070 5.454663
v 29.787645 -19.458363 3.238487
v 33.294159 -18.585306 5.538028
v 33.342289 -19.203070 5.454663
v 29.608250 -19.203070 3.907975
v 29.967144 -19.202898 2.568593
v 34.035603 -19.202898 4.253807
v 29.993105 -18.585260 2.471684
v 29.787645 -19.458363 3.238487
v 33.688839 -19.458363 4.854415
v 29.967144 -19.202898 2.568593
v 33.688839 -19.458363 4.854415
v 34.035603 -19.202898 4.253807
v 29.967144 -19.202898 2.568593
v 33.342289 -19.203070 5.454663
v 33.688839 -19.458363 4.854415
v 29.787645 -19.458363 3.238487
v 34.035603 -19.202898 4.253807
v 34.085770 -18.585260 4.166918
v 29.993105 -18.585260 2.471684
v 34.035603 -19.202898 4.253807
v 37.529274 -19.202898 6.934591
v 34.085770 -18.585260 4.166918
v 33.688839 -19.458363 4.854415
v 37.038876 -19.458363 7.424986
v 34.035603 -19.202898 4.253807
v 37.038876 -19.458363 7.424986
v 37.529274 -19.202898 6.934591
v 34.035603 -19.202898 4.253807
v 37.529274 -19.202898 6.934591
v 37.600216 -18.585260 6.863647
v 34.085770 -18.585260 4.166918
v 33.294159 -18.585306 5.538028
v 36.480713 -18.585306 7.983157
v 33.342289 -19.203070 5.454663
v 33.342289 -19.203070 5.454663
v 36.548775 -19.203070 7.915087
v 33.688839 -19.458363 4.854415
v 36.548775 -19.203070 7.915087
v 37.038876 -19.458363 7.424986
v 33.688839 -19.458363 4.854415
v 36.480713 -18.585306 7.983157
v 36.548775 -19.203070 7.915087
v 33.342289 -19.203070 5.454663
v 37.529274 -19.202898 6.934591
v 40.210049 -19.202898 10.428260
v 37.600216 -18.585260 6.863647
v 40.210049 -19.202898 10.428260
v 40.296944 -18.585260 10.378095
v 37.600216 -18.585260 6.863647
v 37.038876 -19.458363 7.424986
v 39.609447 -19.458363 10.775021
v 37.529274 -19.202898 6.934591
v 39.609447 -19.458363 10.775021
v 40.210049 -19.202898 10.428260
v 37.529274 -19.202898 6.934591
v 36.548775 -19.203070 7.915087
v 39.009197 -19.203070 11.121572
v 37.038876 -19.458363 7.424986
v 39.009197 -19.203070 11.121572
v 39.609447 -19.458363 10.775021
v 37.038876 -19.458363 7.424986
v 40.210049 -19.202898 10.428260
v 41.895271 -19.202898 14.496723
v 40.296944 -18.585260 10.378095
v 39.609447 -19.458363 10.775021
v 41.225380 -19.458363 14.676219
v 40.210049 -19.202898 10.428260
v 41.225380 -19.458363 14.676219
v 41.895271 -19.202898 14.496723
v 40.210049 -19.202898 10.428260
v 36.480713 -18.585306 7.983157
v 38.925831 -18.585306 11.169708
v 36.548775 -19.203070 7.915087
v 38.925831 -18.585306 11.169708
v 39.009197 -19.203070 11.121572
v 36.548775 -19.203070 7.915087
v 41.895271 -19.202898 14.496723
v 41.992180 -18.585260 14.470753
v 40.296944 -18.585260 10.378095
v 39.009197 -19.203070 11.121572
v 40.555889 -19.203070 14.855610
v 39.609447 -19.458363 10.775021
v 40.555889 -19.203070 14.855610
v 41.225380 -19.458363 14.676219
v 39.609447 -19.458363 10.775021
v 41.992180 -18.585260 14.470753
v 41.895271 -19.202898 14.496723
v 42.556889 -18.585260 18.760128
v 38.925831 -18.585306 11.169708
v 40.462910 -18.585306 14.880527
v 39.009197 -19.203070 11.121572
v 40.462910 -18.585306 14.880527
v 40.555889 -19.203070 14.855610
v 39.009197 -19.203070 11.121572
v 41.895271 -19.202898 14.496723
v 41.225380 -19.458363 14.676219
v 42.457424 -19.202898 18.766647
v 41.895271 -19.202898 14.496723
v 42.457424 -19.202898 18.766647
v 42.556889 -18.585260 18.760128
v 41.225380 -19.458363 14.676219
v 40.555889 -19.203070 14.855610
v 41.769817 -19.458363 18.811714
v 41.225380 -19.458363 14.676219
v 41.769817 -19.458363 18.811714
v 42.457424 -19.202898 18.766647
v 40.555889 -19.203070 14.855610
v 40.462910 -18.585306 14.880527
v 41.082645 -19.203070 18.856754
v 40.555889 -19.203070 14.855610
v 41.082645 -19.203070 18.856754
v 41.769817 -19.458363 18.811714
v 40.462910 -18.585306 14.880527
v 40.987213 -18.585306 18.863012
v 41.082645 -19.203070 18.856754
v 55.965637 -17.591385 76.199982
v 42.956509 -18.586147 75.251862
v -55.965637 -17.591385 76.199982
v 42.956509 -18.586147 75.251862
v -42.956509 -18.586147 75.251862
v -55.965637 -17.591385 76.199982
v -55.965637 -17.591385 76.199982
v -42.956509 -18.586147 75.251862
v -56.080330 -18.586147 75.251862
v -56.644806 -17.591385 75.520813
v -55.965637 -17.591385 76.199982
v -56.080330 -18.586147 75.251862
v -25.600853 -18.585306 72.723343
v -42.956509 -18.586147 75.251862
v 42.956509 -18.586147 75.251862
v -56.644806 -17.591385 75.520813
v -56.080330 -18.586147 75.251862
v -56.644806 -17.591385 0.679171
v -56.080330 -18.586147 75.251862
v -56.080330 -18.586147 0.948136
v -56.644806 -17.591385 0.679171
v -56.644806 -17.591385 0.679171
v -56.080330 -18.586147 0.948136
v -55.965637 -17.591385 0.000005
v -25.600853 -18.585306 72.723343
v -29.582806 -18.585306 72.199265
v -42.956509 -18.586147 75.251862
v -53.063412 -18.586147 62.198547
v -56.080330 -18.586147 75.251862
v -42.956509 -18.586147 75.251862
v -29.582806 -18.585306 72.199265
v -33.294163 -18.585306 70.661972
v -42.956509 -18.586147 75.251862
v -33.294163 -18.585306 70.661972
v -36.480713 -18.585306 68.216843
v -42.956509 -18.586147 75.251862
v 25.600853 -18.585306 72.723358
v -25.600853 -18.585306 72.723343
v 42.956509 -18.586147 75.251862
v -42.956509 -18.586147 75.251862
v -36.480713 -18.585306 68.216843
v -38.925842 -18.585306 65.030289
v -42.956509 -18.586147 75.251862
v -38.925842 -18.585306 65.030289
v -40.462910 -18.585306 61.319477
v -44.900600 -18.586147 62.198547
v -42.956509 -18.586147 75.251862
v -40.462910 -18.585306 61.319477
v -44.900600 -18.586147 62.198547
v -53.063412 -18.586147 62.198547
v -42.956509 -18.586147 75.251862
v 42.956509 -18.586147 75.251862
v 29.583344 -18.585306 72.199051
v 25.600853 -18.585306 72.723358
v 42.956509 -18.586147 75.251862
v 33.294159 -18.585306 70.661987
v 29.583344 -18.585306 72.199051
v 42.956509 -18.586147 75.251862
v 36.480713 -18.585306 68.216843
v 33.294159 -18.585306 70.661987
v 38.925838 -18.585306 65.030304
v 36.480713 -18.585306 68.216843
v 42.956509 -18.586147 75.251862
v 40.462910 -18.585306 61.319485
v 38.925838 -18.585306 65.030304
v 42.956509 -18.586147 75.251862
v 40.462910 -18.585306 61.319485
v 42.956509 -18.586147 75.251862
v 44.900600 -18.586147 62.198547
v 44.900600 -18.586147 62.198547
v 42.956509 -18.586147 75.251862
v 53.063412 -18.586147 62.198547
v -56.080330 -18.586147 0.948136
v -42.956509 -18.586147 0.948136
v -55.965637 -17.591385 0.000005
v -53.063412 -18.586147 14.001457
v -56.080330 -18.586147 0.948136
v -56.080330 -18.586147 75.251862
v -53.063412 -18.586147 62.198547
v -53.063412 -18.586147 14.001457
v -56.080330 -18.586147 75.251862
v -56.080330 -18.586147 0.948136
v -53.063412 -18.586147 14.001457
v -42.956509 -18.586147 0.948136
v 42.956509 -18.586147 75.251862
v 56.080330 -18.586147 75.251862
v 53.063412 -18.586147 62.198547
v 55.965637 -17.591385 76.199982
v 56.080330 -18.586147 75.251862
v 42.956509 -18.586147 75.251862
v 40.462910 -18.585306 61.319485
v 44.900600 -18.586147 62.198547
v 40.987213 -18.585306 57.336994
v 40.987213 -18.585306 57.336994
v 44.900600 -18.586147 62.198547
v 44.900600 -18.586147 14.001457
v 40.987213 -18.585306 18.863012
v 40.987213 -18.585306 57.336994
v 44.900600 -18.586147 14.001457
v 40.462910 -18.585306 14.880527
v 40.987213 -18.585306 18.863012
v 44.900600 -18.586147 14.001457
v -42.956509 -18.586147 0.948136
v 42.956509 -18.586147 0.948136
v -55.965637 -17.591385 0.000005
v 44.900600 -18.586147 14.001457
v 42.956509 -18.586147 0.948136
v 40.462910 -18.585306 14.880527
v -40.462910 -18.585306 61.319477
v -40.987217 -18.585306 57.336983
v -44.900600 -18.586147 62.198547
v 42.956509 -18.586147 0.948136
v 38.925831 -18.585306 11.169708
v 40.462910 -18.585306 14.880527
v 42.956509 -18.586147 0.948136
v 44.900600 -18.586147 14.001457
v 53.063412 -18.586147 14.001457
v 53.063412 -18.586147 62.198547
v 56.080330 -18.586147 75.251862
v 53.063412 -18.586147 14.001457
v 42.956509 -18.586147 0.948136
v 55.965637 -17.591385 0.000005
v -55.965637 -17.591385 0.000005
v 56.080330 -18.586147 0.948136
v 42.956509 -18.586147 0.948136
v 53.063412 -18.586147 14.001457
v 56.080330 -18.586147 75.251862
v 56.080330 -18.586147 0.948136
v 53.063412 -18.586147 14.001457
v 56.080330 -18.586147 0.948136
v 55.965637 -17.591385 0.000005
v 42.956509 -18.586147 0.948136
v 42.956509 -18.586147 0.948136
v 36.480713 -18.585306 7.983157
v 38.925831 -18.585306 11.169708
v 56.644806 -17.591385 0.679171
v 56.080330 -18.586147 0.948136
v 56.080330 -18.586147 75.251862
v 56.644806 -17.591385 75.520813
v 56.080330 -18.586147 75.251862
v 55.965637 -17.591385 76.199982
v 56.644806 -17.591385 75.520813
v 56.644806 -17.591385 0.679171
v 56.080330 -18.586147 75.251862
v 33.294159 -18.585306 5.538028
v 36.480713 -18.585306 7.983157
v 42.956509 -18.586147 0.948136
v 29.583208 -18.585306 4.000901
v 33.294159 -18.585306 5.538028
v 42.956509 -18.586147 0.948136
v 25.600853 -18.585306 3.476655
v 29.583208 -18.585306 4.000901
v 42.956509 -18.586147 0.948136
v 25.600853 -18.585306 3.476655
v 42.956509 -18.586147 0.948136
v -25.600853 -18.585306 3.476653
v 42.956509 -18.586147 0.948136
v -42.956509 -18.586147 0.948136
v -25.600853 -18.585306 3.476653
v -40.987217 -18.585306 57.336983
v -40.987217 -18.585306 18.863012
v -44.900600 -18.586147 62.198547
v -40.987217 -18.585306 18.863012
v -44.900600 -18.586147 14.001457
v -44.900600 -18.586147 62.198547
v -53.063412 -18.586147 14.001457
v -44.900600 -18.586147 14.001457
v -42.956509 -18.586147 0.948136
v -29.583347 -18.585306 4.000957
v -25.600853 -18.585306 3.476653
v -42.956509 -18.586147 0.948136
v -42.956509 -18.586147 0.948136
v -33.294163 -18.585306 5.538028
v -29.583347 -18.585306 4.000957
v -42.956509 -18.586147 0.948136
v -36.480713 -18.585306 7.983154
v -33.294163 -18.585306 5.538028
v -38.925842 -18.585306 11.169705
v -36.480713 -18.585306 7.983154
v -42.956509 -18.586147 0.948136
v -40.462910 -18.585306 14.880523
v -38.925842 -18.585306 11.169705
v -42.956509 -18.586147 0.948136
v -40.462910 -18.585306 14.880523
v -42.956509 -18.586147 0.948136
v -44.900600 -18.586147 14.001457
v -40.462910 -18.585306 14.880523
v -44.900600 -18.586147 14.001457
v -40.987217 -18.585306 18.863012
v 56.644806 -17.591385 0.679171
v 55.965637 -17.591385 0.000005
v 56.080330 -18.586147 0.948136
v -55.965637 -17.591385 0.000005
v -55.965637 44.259777 0.000000
v -56.644806 44.259777 0.679168
v -56.644806 -17.591385 0.679171
v -55.965637 -17.591385 0.000005
v -56.644806 44.259777 0.679168
v -56.644806 44.259777 0.679168
v -56.644806 44.259777 75.520813
v -56.644806 -17.591385 0.679171
v -56.644806 44.259777 75.520813
v -56.644806 -17.591385 75.520813
v -56.644806 -17.591385 0.679171
v -56.644806 -17.591385 75.520813
v -56.644806 44.259777 75.520813
v -55.965637 44.259777 76.199982
v -55.965637 -17.591385 76.199982
v -56.644806 -17.591385 75.520813
v -55.965637 44.259777 76.199982
v 52.484543 -19.513853 57.956272
v 52.194885 -17.714815 57.158871
v 51.144630 -17.714815 57.584850
v 51.368435 -19.513853 58.400074
v 52.484543 -19.513853 57.956272
v 51.144630 -17.714815 57.584850
v 51.144630 -17.714815 57.584850
v 46.819328 -17.714815 57.584850
v 51.368435 -19.513853 58.400074
v 46.819328 -17.714815 57.584850
v 46.595528 -19.513853 58.400074
v 51.368435 -19.513853 58.400074
v 46.595528 -19.513853 58.400074
v 46.819328 -17.714815 57.584850
v 45.479443 -19.513853 57.956272
v 46.819328 -17.714815 57.584850
v 45.769089 -17.714815 57.158871
v 45.479443 -19.513853 57.956272
v 45.479443 -19.513853 57.956272
v 45.769089 -17.714815 57.158871
v 45.017143 -19.513853 56.884846
v 45.769089 -17.714815 57.158871
v 45.334057 -17.714815 56.130463
v 45.017143 -19.513853 56.884846
v 45.334057 -17.714815 56.130463
v 45.334057 -17.714815 20.069517
v 45.017143 -19.513853 56.884846
v 45.334057 -17.714815 20.069517
v 45.017143 -19.513853 19.315140
v 45.017143 -19.513853 56.884846
v 45.017143 -19.513853 19.315140
v 45.334057 -17.714815 20.069517
v 45.769089 -17.714815 19.041117
v 45.479443 -19.513853 18.243715
v 45.017143 -19.513853 19.315140
v 45.769089 -17.714815 19.041117
v 45.479443 -19.513853 18.243715
v 45.769089 -17.714815 19.041117
v 46.819328 -17.714815 18.615137
v 46.595528 -19.513853 17.799913
v 45.479443 -19.513853 18.243715
v 46.819328 -17.714815 18.615137
v 46.819328 -17.714815 18.615137
v 51.144630 -17.714815 18.615137
v 46.595528 -19.513853 17.799913
v 51.144630 -17.714815 18.615137
v 51.368435 -19.513853 17.799913
v 46.595528 -19.513853 17.799913
v 51.368435 -19.513853 17.799913
v 51.144630 -17.714815 18.615137
v 52.484543 -19.513853 18.243715
v 51.144630 -17.714815 18.615137
v 52.194885 -17.714815 19.041117
v 52.484543 -19.513853 18.243715
v 52.484543 -19.513853 57.956272
v 52.946835 -19.513853 56.884846
v 52.194885 -17.714815 57.158871
v 52.946835 -19.513853 56.884846
v 52.629913 -17.714815 56.130463
v 52.194885 -17.714815 57.158871
v 52.629913 -17.714815 56.130463
v 52.946835 -19.513853 56.884846
v 52.946835 -19.513853 19.315140
v 52.629913 -17.714815 20.069517
v 52.629913 -17.714815 56.130463
v 52.946835 -19.513853 19.315140
v 52.194885 -17.714815 19.041117
v 52.629913 -17.714815 20.069517
v 52.946835 -19.513853 19.315140
v 52.484543 -19.513853 18.243715
v 52.194885 -17.714815 19.041117
v 52.946835 -19.513853 19.315140
v -21.074011 55.344154 28.798906
v -21.653492 55.344154 28.219425
v -20.642403 53.421341 28.549721
v -21.653492 55.344154 28.219425
v -21.404305 53.421341 27.787813
v -20.642403 53.421341 28.549721
v -21.653492 55.344154 28.219425
v -22.445078 55.344154 28.007324
v -21.404305 53.421341 27.787813
v -22.445078 55.344154 28.007324
v -22.445078 53.421341 27.508940
v -21.404305 53.421341 27.787813
v -22.445078 55.344154 28.007324
v -23.236662 55.344154 28.219425
v -22.445078 53.421341 27.508940
v -23.236662 55.344154 28.219425
v -23.485855 53.421341 27.787813
v -22.445078 53.421341 27.508940
v -23.236662 55.344154 28.219425
v -23.816147 55.344154 28.798906
v -23.485855 53.421341 27.787813
v -23.816147 55.344154 28.798906
v -24.247751 53.421341 28.549721
v -23.485855 53.421341 27.787813
v -23.816147 55.344154 28.798906
v -24.028252 55.344154 29.590492
v -24.247751 53.421341 28.549721
v -24.028252 55.344154 29.590492
v -24.526630 53.421341 29.590492
v -24.247751 53.421341 28.549721
v -24.028252 55.344154 29.590492
v -23.816147 55.344154 30.382076
v -24.526630 53.421341 29.590492
v -23.816147 55.344154 30.382076
v -24.247751 53.421341 30.631268
v -24.526630 53.421341 29.590492
v -23.816147 55.344154 30.382076
v -23.236662 55.344154 30.961559
v -24.247751 53.421341 30.631268
v -23.236662 55.344154 30.961559
v -23.485855 53.421341 31.393167
v -24.247751 53.421341 30.631268
v -23.236662 55.344154 30.961559
v -22.445078 55.344154 31.173664
v -23.485855 53.421341 31.393167
v -22.445078 55.344154 31.173664
v -22.445078 53.421341 31.672041
v -23.485855 53.421341 31.393167
v -22.445078 55.344154 31.173664
v -21.653492 55.344154 30.961559
v -22.445078 53.421341 31.672041
v -21.653492 55.344154 30.961559
v -21.404305 53.421341 31.393167
v -22.445078 53.421341 31.672041
v -21.653492 55.344154 30.961559
v -21.074011 55.344154 30.382076
v -21.404305 53.421341 31.393167
v -21.074011 55.344154 30.382076
v -20.642403 53.421341 30.631268
v -21.404305 53.421341 31.393167
v -21.074011 55.344154 30.382076
v -20.861908 55.344154 29.590492
v -20.642403 53.421341 30.631268
v -20.861908 55.344154 29.590492
v -20.363529 53.421341 29.590492
v -20.642403 53.421341 30.631268
v -20.861908 55.344154 29.590492
v -21.074011 55.344154 28.798906
v -20.363529 53.421341 29.590492
v -21.074011 55.344154 28.798906
v -20.642403 53.421341 28.549721
v -20.363529 53.421341 29.590492
v -22.445078 55.344154 31.173664
v -23.236662 55.344154 30.961559
v -23.816147 55.344154 30.382076
v -22.445078 55.344154 29.590492
v -22.445078 55.344154 31.173664
v -23.816147 55.344154 30.382076
v -22.445078 55.344154 29.590492
v -21.074011 55.344154 30.382076
v -22.445078 55.344154 31.173664
v -21.074011 55.344154 30.382076
v -21.653492 55.344154 30.961559
v -22.445078 55.344154 31.173664
v -22.445078 55.344154 29.590492
v -23.816147 55.344154 30.382076
v -23.816147 55.344154 28.798906
v -22.445078 55.344154 29.590492
v -23.816147 55.344154 28.798906
v -22.445078 55.344154 28.007324
v -22.445078 55.344154 29.590492
v -22.445078 55.344154 28.007324
v -21.074011 55.344154 28.798906
v -23.816147 55.344154 30.382076
v -24.028252 55.344154 29.590492
v -23.816147 55.344154 28.798906
v -22.445078 55.344154 29.590492
v -21.074011 55.344154 28.798906
v -21.074011 55.344154 30.382076
v -23.816147 55.344154 28.798906
v -23.236662 55.344154 28.219425
v -22.445078 55.344154 28.007324
v -22.445078 55.344154 28.007324
v -21.653492 55.344154 28.219425
v -21.074011 55.344154 28.798906
v -21.074011 55.344154 28.798906
v -20.861908 55.344154 29.590492
v -21.074011 55.344154 30.382076
v 15.958667 55.344154 28.798906
v 15.379189 55.344154 28.219425
v 16.390278 53.421341 28.549721
v 15.379189 55.344154 28.219425
v 15.628376 53.421341 27.787813
v 16.390278 53.421341 28.549721
v 15.379189 55.344154 28.219425
v 14.587602 55.344154 28.007324
v 15.628376 53.421341 27.787813
v 14.587602 55.344154 28.007324
v 14.587602 53.421341 27.508940
v 15.628376 53.421341 27.787813
v 14.587602 55.344154 28.007324
v 13.796017 55.344154 28.219425
v 14.587602 53.421341 27.508940
v 13.796017 55.344154 28.219425
v 13.546825 53.421341 27.787813
v 14.587602 53.421341 27.508940
v 13.796017 55.344154 28.219425
v 13.216535 55.344154 28.798906
v 13.546825 53.421341 27.787813
v 13.216535 55.344154 28.798906
v 12.784926 53.421341 28.549721
v 13.546825 53.421341 27.787813
v 13.216535 55.344154 28.798906
v 13.004429 55.344154 29.590492
v 12.784926 53.421341 28.549721
v 13.004429 55.344154 29.590492
v 12.506051 53.421341 29.590492
v 12.784926 53.421341 28.549721
v 13.004429 55.344154 29.590492
v 13.216535 55.344154 30.382076
v 12.506051 53.421341 29.590492
v 13.216535 55.344154 30.382076
v 12.784926 53.421341 30.631268
v 12.506051 53.421341 29.590492
v 13.216535 55.344154 30.382076
v 13.796017 55.344154 30.961559
v 12.784926 53.421341 30.631268
v 13.796017 55.344154 30.961559
v 13.546825 53.421341 31.393167
v 12.784926 53.421341 30.631268
v 13.796017 55.344154 30.961559
v 14.587602 55.344154 31.173664
v 13.546825 53.421341 31.393167
v 14.587602 55.344154 31.173664
v 14.587602 53.421341 31.672041
v 13.546825 53.421341 31.393167
v 14.587602 55.344154 31.173664
v 15.379189 55.344154 30.961559
v 14.587602 53.421341 31.672041
v 15.379189 55.344154 30.961559
v 15.628376 53.421341 31.393167
v 14.587602 53.421341 31.672041
v 15.379189 55.344154 30.961559
v 15.958667 55.344154 30.382076
v 15.628376 53.421341 31.393167
v 15.958667 55.344154 30.382076
v 16.390278 53.421341 30.631268
v 15.628376 53.421341 31.393167
v 15.958667 55.344154 30.382076
v 16.170773 55.344154 29.590492
v 16.390278 53.421341 30.631268
v 16.170773 55.344154 29.590492
v 16.669151 53.421341 29.590492
v 16.390278 53.421341 30.631268
v 16.170773 55.344154 29.590492
v 15.958667 55.344154 28.798906
v 16.669151 53.421341 29.590492
v 15.958667 55.344154 28.798906
v 16.390278 53.421341 28.549721
v 16.669151 53.421341 29.590492
v 14.587602 55.344154 31.173664
v 13.796017 55.344154 30.961559
v 13.216535 55.344154 30.382076
v 14.587602 55.344154 29.590492
v 14.587602 55.344154 31.173664
v 13.216535 55.344154 30.382076
v 14.587602 55.344154 29.590492
v 15.958667 55.344154 30.382076
v 14.587602 55.344154 31.173664
v 15.958667 55.344154 30.382076
v 15.379189 55.344154 30.961559
v 14.587602 55.344154 31.173664
v 14.587602 55.344154 29.590492
v 13.216535 55.344154 30.382076
v 13.216535 55.344154 28.798906
v 14.587602 55.344154 29.590492
v 13.216535 55.344154 28.798906
v 14.587602 55.344154 28.007324
v 14.587602 55.344154 29.590492
v 14.587602 55.344154 28.007324
v 15.958667 55.344154 28.798906
v 13.216535 55.344154 30.382076
v 13.004429 55.344154 29.590492
v 13.216535 55.344154 28.798906
v 14.587602 55.344154 29.590492
v 15.958667 55.344154 28.798906
v 15.958667 55.344154 30.382076
v 13.216535 55.344154 28.798906
v 13.796017 55.344154 28.219425
v 14.587602 55.344154 28.007324
v 14.587602 55.344154 28.007324
v 15.379189 55.344154 28.219425
v 15.958667 55.344154 28.798906
v 15.958667 55.344154 28.798906
v 16.170773 55.344154 29.590492
v 15.958667 55.344154 30.382076
v 27.497652 55.344154 28.798906
v 26.918171 55.344154 28.219425
v 27.929258 53.421341 28.549721
v 26.918171 55.344154 28.219425
v 27.167355 53.421341 27.787813
v 27.929258 53.421341 28.549721
v 26.918171 55.344154 28.219425
v 26.126585 55.344154 28.007324
v 27.167355 53.421341 27.787813
v 26.126585 55.344154 28.007324
v 26.126585 53.421341 27.508940
v 27.167355 53.421341 27.787813
v 26.126585 55.344154 28.007324
v 25.334999 55.344154 28.219425
v 26.126585 53.421341 27.508940
v 25.334999 55.344154 28.219425
v 25.085808 53.421341 27.787813
v 26.126585 53.421341 27.508940
v 25.334999 55.344154 28.219425
v 24.755516 55.344154 28.798906
v 25.085808 53.421341 27.787813
v 24.755516 55.344154 28.798906
v 24.323910 53.421341 28.549721
v 25.085808 53.421341 27.787813
v 24.755516 55.344154 28.798906
v 24.543411 55.344154 29.590492
v 24.323910 53.421341 28.549721
v 24.543411 55.344154 29.590492
v 24.045031 53.421341 29.590492
v 24.323910 53.421341 28.549721
v 24.543411 55.344154 29.590492
v 24.755516 55.344154 30.382076
v 24.045031 53.421341 29.590492
v 24.755516 55.344154 30.382076
v 24.323910 53.421341 30.631268
v 24.045031 53.421341 29.590492
v 24.755516 55.344154 30.382076
v 25.334999 55.344154 30.961559
v 24.323910 53.421341 30.631268
v 25.334999 55.344154 30.961559
v 25.085808 53.421341 31.393167
v 24.323910 53.421341 30.631268
v 25.334999 55.344154 30.961559
v 26.126585 55.344154 31.173664
v 25.085808 53.421341 31.393167
v 26.126585 55.344154 31.173664
v 26.126585 53.421341 31.672041
v 25.085808 53.421341 31.393167
v 26.126585 55.344154 31.173664
v 26.918171 55.344154 30.961559
v 26.126585 53.421341 31.672041
v 26.918171 55.344154 30.961559
v 27.167355 53.421341 31.393167
v 26.126585 53.421341 31.672041
v 26.918171 55.344154 30.961559
v 27.497652 55.344154 30.382076
v 27.167355 53.421341 31.393167
v 27.497652 55.344154 30.382076
v 27.929258 53.421341 30.631268
v 27.167355 53.421341 31.393167
v 27.497652 55.344154 30.382076
v 27.709755 55.344154 29.590492
v 27.929258 53.421341 30.631268
v 27.709755 55.344154 29.590492
v 28.208132 53.421341 29.590492
v 27.929258 53.421341 30.631268
v 27.709755 55.344154 29.590492
v 27.497652 55.344154 28.798906
v 28.208132 53.421341 29.590492
v 27.497652 55.344154 28.798906
v 27.929258 53.421341 28.549721
v 28.208132 53.421341 29.590492
v 26.126585 55.344154 31.173664
v 25.334999 55.344154 30.961559
v 24.755516 55.344154 30.382076
v 26.126585 55.344154 29.590492
v 26.126585 55.344154 31.173664
v 24.755516 55.344154 30.382076
v 26.126585 55.344154 29.590492
v 27.497652 55.344154 30.382076
v 26.126585 55.344154 31.173664
v 27.497652 55.344154 30.382076
v 26.918171 55.344154 30.961559
v 26.126585 55.344154 31.173664
v 26.126585 55.344154 29.590492
v 24.755516 55.344154 30.382076
v 24.755516 55.344154 28.798906
v 26.126585 55.344154 29.590492
v 24.755516 55.344154 28.798906
v 26.126585 55.344154 28.007324
v 26.126585 55.344154 29.590492
v 26.126585 55.344154 28.007324
v 27.497652 55.344154 28.798906
v 24.755516 55.344154 30.382076
v 24.543411 55.344154 29.590492
v 24.755516 55.344154 28.798906
v 26.126585 55.344154 29.590492
v 27.497652 55.344154 28.798906
v 27.497652 55.344154 30.382076
v 24.755516 55.344154 28.798906
v 25.334999 55.344154 28.219425
v 26.126585 55.344154 28.007324
v 26.126585 55.344154 28.007324
v 26.918171 55.344154 28.219425
v 27.497652 55.344154 28.798906
v 27.497652 55.344154 28.798906
v 27.709755 55.344154 29.590492
v 27.497652 55.344154 30.382076
v 27.497652 57.103699 18.340946
v 26.918171 57.103699 17.761465
v 27.929258 53.421341 18.091759
v 26.918171 57.103699 17.761465
v 27.167355 53.421341 17.329859
v 27.929258 53.421341 18.091759
v 26.918171 57.103699 17.761465
v 26.126585 57.103699 17.549362
v 27.167355 53.421341 17.329859
v 26.126585 57.103699 17.549362
v 26.126585 53.421341 17.050983
v 27.167355 53.421341 17.329859
v 26.126585 57.103699 17.549362
v 25.334999 57.103699 17.761465
v 26.126585 53.421341 17.050983
v 25.334999 57.103699 17.761465
v 25.085808 53.421341 17.329859
v 26.126585 53.421341 17.050983
v 25.334999 57.103699 17.761465
v 24.755516 57.103699 18.340946
v 25.085808 53.421341 17.329859
v 24.755516 57.103699 18.340946
v 24.323910 53.421341 18.091759
v 25.085808 53.421341 17.329859
v 24.755516 57.103699 18.340946
v 24.543411 57.103699 19.132534
v 24.323910 53.421341 18.091759
v 24.543411 57.103699 19.132534
v 24.045031 53.421341 19.132534
v 24.323910 53.421341 18.091759
v 24.543411 57.103699 19.132534
v 24.755516 57.103699 19.924118
v 24.045031 53.421341 19.132534
v 24.755516 57.103699 19.924118
v 24.323910 53.421341 20.173309
v 24.045031 53.421341 19.132534
v 24.755516 57.103699 19.924118
v 25.334999 57.103699 20.503601
v 24.323910 53.421341 20.173309
v 25.334999 57.103699 20.503601
v 25.085808 53.421341 20.935207
v 24.323910 53.421341 20.173309
v 25.334999 57.103699 20.503601
v 26.126585 57.103699 20.715704
v 25.085808 53.421341 20.935207
v 26.126585 57.103699 20.715704
v 26.126585 53.421341 21.214083
v 25.085808 53.421341 20.935207
v 26.126585 57.103699 20.715704
v 26.918171 57.103699 20.503601
v 26.126585 53.421341 21.214083
v 26.918171 57.103699 20.503601
v 27.167355 53.421341 20.935207
v 26.126585 53.421341 21.214083
v 26.918171 57.103699 20.503601
v 27.497652 57.103699 19.924118
v 27.167355 53.421341 20.935207
v 27.497652 57.103699 19.924118
v 27.929258 53.421341 20.173309
v 27.167355 53.421341 20.935207
v 27.497652 57.103699 19.924118
v 27.709755 57.103699 19.132534
v 27.929258 53.421341 20.173309
v 27.709755 57.103699 19.132534
v 28.208132 53.421341 19.132534
v 27.929258 53.421341 20.173309
v 27.709755 57.103699 19.132534
v 27.497652 57.103699 18.340946
v 28.208132 53.421341 19.132534
v 27.497652 57.103699 18.340946
v 27.929258 53.421341 18.091759
v 28.208132 53.421341 19.132534
v 26.126585 57.103699 20.715704
v 25.334999 57.103699 20.503601
v 24.755516 57.103699 19.924118
v 26.126585 57.103699 19.132534
v 26.126585 57.103699 20.715704
v 24.755516 57.103699 19.924118
v 26.126585 57.103699 19.132534
v 27.497652 57.103699 19.924118
v 26.126585 57.103699 20.715704
v 27.497652 57.103699 19.924118
v 26.918171 57.103699 20.503601
v 26.126585 57.103699 20.715704
v 26.126585 57.103699 19.132534
v 24.755516 57.103699 19.924118
v 24.755516 57.103699 18.340946
v 26.126585 57.103699 19.132534
v 24.755516 57.103699 18.340946
v 26.126585 57.103699 17.549362
v 26.126585 57.103699 19.132534
v 26.126585 57.103699 17.549362
v 27.497652 57.103699 18.340946
v 24.755516 57.103699 19.924118
v 24.543411 57.103699 19.132534
v 24.755516 57.103699 18.340946
v 26.126585 57.103699 19.132534
v 27.497652 57.103699 18.340946
v 27.497652 57.103699 19.924118
v 24.755516 57.103699 18.340946
v 25.334999 57.103699 17.761465
v 26.126585 57.103699 17.549362
v 26.126585 57.103699 17.549362
v 26.918171 57.103699 17.761465
v 27.497652 57.103699 18.340946
v 27.497652 57.103699 18.340946
v 27.709755 57.103699 19.132534
v 27.497652 57.103699 19.924118
v 27.497652 57.103699 10.442232
v 26.918171 57.103699 9.862751
v 27.929258 53.421341 10.193046
v 26.918171 57.103699 9.862751
v 27.167355 53.421341 9.431144
v 27.929258 53.421341 10.193046
v 26.918171 57.103699 9.862751
v 26.126585 57.103699 9.650646
v 27.167355 53.421341 9.431144
v 26.126585 57.103699 9.650646
v 26.126585 53.421341 9.152267
v 27.167355 53.421341 9.431144
v 26.126585 57.103699 9.650646
v 25.334999 57.103699 9.862751
v 26.126585 53.421341 9.152267
v 25.334999 57.103699 9.862751
v 25.085808 53.421341 9.431144
v 26.126585 53.421341 9.152267
v 25.334999 57.103699 9.862751
v 24.755516 57.103699 10.442232
v 25.085808 53.421341 9.431144
v 24.755516 57.103699 10.442232
v 24.323910 53.421341 10.193046
v 25.085808 53.421341 9.431144
v 24.755516 57.103699 10.442232
v 24.543411 57.103699 11.233817
v 24.323910 53.421341 10.193046
v 24.543411 57.103699 11.233817
v 24.045031 53.421341 11.233817
v 24.323910 53.421341 10.193046
v 24.543411 57.103699 11.233817
v 24.755516 57.103699 12.025403
v 24.045031 53.421341 11.233817
v 24.755516 57.103699 12.025403
v 24.323910 53.421341 12.274596
v 24.045031 53.421341 11.233817
v 24.755516 57.103699 12.025403
v 25.334999 57.103699 12.604887
v 24.323910 53.421341 12.274596
v 25.334999 57.103699 12.604887
v 25.085808 53.421341 13.036490
v 24.323910 53.421341 12.274596
v 25.334999 57.103699 12.604887
v 26.126585 57.103699 12.816993
v 25.085808 53.421341 13.036490
v 26.126585 57.103699 12.816993
v 26.126585 53.421341 13.315368
v 25.085808 53.421341 13.036490
v 26.126585 57.103699 12.816993
v 26.918171 57.103699 12.604887
v 26.126585 53.421341 13.315368
v 26.918171 57.103699 12.604887
v 27.167355 53.421341 13.036490
v 26.126585 53.421341 13.315368
v 26.918171 57.103699 12.604887
v 27.497652 57.103699 12.025403
v 27.167355 53.421341 13.036490
v 27.497652 57.103699 12.025403
v 27.929258 53.421341 12.274596
v 27.167355 53.421341 13.036490
v 27.497652 57.103699 12.025403
v 27.709755 57.103699 11.233817
v 27.929258 53.421341 12.274596
v 27.709755 57.103699 11.233817
v 28.208132 53.421341 11.233817
v 27.929258 53.421341 12.274596
v 27.709755 57.103699 11.233817
v 27.497652 57.103699 10.442232
v 28.208132 53.421341 11.233817
v 27.497652 57.103699 10.442232
v 27.929258 53.421341 10.193046
v 28.208132 53.421341 11.233817
v 26.126585 57.103699 12.816993
v 25.334999 57.103699 12.604887
v 24.755516 57.103699 12.025403
v 26.126585 57.103699 11.233817
v 26.126585 57.103699 12.816993
v 24.755516 57.103699 12.025403
v 26.126585 57.103699 11.233817
v 27.497652 57.103699 12.025403
v 26.126585 57.103699 12.816993
v 27.497652 57.103699 12.025403
v 26.918171 57.103699 12.604887
v 26.126585 57.103699 12.816993
v 26.126585 57.103699 11.233817
v 24.755516 57.103699 12.025403
v 24.755516 57.103699 10.442232
v 26.126585 57.103699 11.233817
v 27.497652 57.103699 10.442232
v 27.497652 57.103699 12.025403
v 26.126585 57.103699 11.233817
v 24.755516 57.103699 10.442232
v 26.126585 57.103699 9.650646
v 26.126585 57.103699 11.233817
v 26.126585 57.103699 9.650646
v 27.497652 57.103699 10.442232
v 24.755516 57.103699 12.025403
v 24.543411 57.103699 11.233817
v 24.755516 57.103699 10.442232
v 27.497652 57.103699 10.442232
v 27.709755 57.103699 11.233817
v 27.497652 57.103699 12.025403
v 24.755516 57.103699 10.442232
v 25.334999 57.103699 9.862751
v 26.126585 57.103699 9.650646
v 26.126585 57.103699 9.650646
v 26.918171 57.103699 9.862751
v 27.497652 57.103699 10.442232
v -25.600853 -18.585306 3.476653
v -24.178865 -10.950877 5.396730
v 24.178865 -10.950877 5.395973
v 25.600853 -18.585306 3.476655
v -25.600853 -18.585306 3.476653
v 24.178865 -10.950877 5.395973
v 25.600853 -18.585306 3.476655
v 24.178865 -10.950877 5.395973
v 27.940922 -10.950877 5.891258
v 29.583208 -18.585306 4.000901
v 25.600853 -18.585306 3.476655
v 27.940922 -10.950877 5.891258
v 29.583208 -18.585306 4.000901
v 27.940922 -10.950877 5.891258
v 31.446602 -10.950877 7.343353
v 33.294159 -18.585306 5.538028
v 29.583208 -18.585306 4.000901
v 31.446602 -10.950877 7.343353
v 33.294159 -18.585306 5.538028
v 31.446602 -10.950877 7.343353
v 34.457001 -10.950877 9.653320
v 36.480713 -18.585306 7.983157
v 33.294159 -18.585306 5.538028
v 34.457001 -10.950877 9.653320
v 36.480713 -18.585306 7.983157
v 34.457001 -10.950877 9.653320
v 36.766964 -10.950877 12.663718
v 38.925831 -18.585306 11.169708
v 36.480713 -18.585306 7.983157
v 36.766964 -10.950877 12.663718
v 40.462910 -18.585306 14.880527
v 38.925831 -18.585306 11.169708
v 36.766964 -10.950877 12.663718
v 38.219067 -10.950877 16.169397
v 40.462910 -18.585306 14.880527
v 36.766964 -10.950877 12.663718
v 40.987213 -18.585306 18.863012
v 40.462910 -18.585306 14.880527
v 38.219067 -10.950877 16.169397
v 38.714352 -10.950877 19.931469
v 40.987213 -18.585306 18.863012
v 38.219067 -10.950877 16.169397
v 40.987213 -18.585306 18.863012
v 38.714352 -10.950877 19.931469
v 38.709747 -10.950877 56.268547
v 40.987213 -18.585306 57.336994
v 40.987213 -18.585306 18.863012
v 38.709747 -10.950877 56.268547
v 40.987213 -18.585306 57.336994
v 38.709747 -10.950877 56.268547
v 38.219067 -10.950877 60.030609
v 40.462910 -18.585306 61.319485
v 40.987213 -18.585306 57.336994
v 38.219067 -10.950877 60.030609
v 40.462910 -18.585306 61.319485
v 38.219067 -10.950877 60.030609
v 36.766964 -10.950877 63.536289
v 38.925838 -18.585306 65.030304
v 40.462910 -18.585306 61.319485
v 36.766964 -10.950877 63.536289
v 36.480713 -18.585306 68.216843
v 38.925838 -18.585306 65.030304
v 36.766964 -10.950877 63.536289
v 34.457001 -10.950877 66.546692
v 36.480713 -18.585306 68.216843
v 36.766964 -10.950877 63.536289
v 33.294159 -18.585306 70.661987
v 36.480713 -18.585306 68.216843
v 34.457001 -10.950877 66.546692
v 31.446602 -10.950877 68.856651
v 33.294159 -18.585306 70.661987
v 34.457001 -10.950877 66.546692
v 29.583344 -18.585306 72.199051
v 33.294159 -18.585306 70.661987
v 31.446602 -10.950877 68.856651
v 27.940922 -10.950877 70.308754
v 29.583344 -18.585306 72.199051
v 31.446602 -10.950877 68.856651
v 25.600853 -18.585306 72.723358
v 29.583344 -18.585306 72.199051
v 27.940922 -10.950877 70.308754
v 24.178865 -10.950877 70.803276
v 25.600853 -18.585306 72.723358
v 27.940922 -10.950877 70.308754
v 48.069889 -19.156246 37.223091
v 48.820267 -19.156246 36.990097
v 47.922752 -17.964993 36.952080
v 48.820267 -19.156246 36.990097
v 48.788033 -17.964993 36.683403
v 47.922752 -17.964993 36.952080
v 48.820267 -19.156246 36.990097
v 49.602684 -19.156246 37.061996
v 48.788033 -17.964993 36.683403
v 49.602684 -19.156246 37.061996
v 49.690262 -17.964993 36.766308
v 48.788033 -17.964993 36.683403
v 49.602684 -19.156246 37.061996
v 50.298019 -19.156246 37.427826
v 49.690262 -17.964993 36.766308
v 50.298019 -19.156246 37.427826
v 50.492081 -17.964993 37.188171
v 49.690262 -17.964993 36.766308
v 50.298019 -19.156246 37.427826
v 50.800434 -19.156246 38.031921
v 50.492081 -17.964993 37.188171
v 50.800434 -19.156246 38.031921
v 51.071442 -17.964993 37.884766
v 50.492081 -17.964993 37.188171
v 50.800434 -19.156246 38.031921
v 51.033428 -19.156246 38.782280
v 51.071442 -17.964993 37.884766
v 51.033428 -19.156246 38.782280
v 51.340126 -17.964993 38.750053
v 51.071442 -17.964993 37.884766
v 51.033428 -19.156246 38.782280
v 50.961529 -19.156246 39.564697
v 51.340126 -17.964993 38.750053
v 50.961529 -19.156246 39.564697
v 51.257214 -17.964993 39.652275
v 51.340126 -17.964993 38.750053
v 50.961529 -19.156246 39.564697
v 50.595684 -19.156246 40.260033
v 51.257214 -17.964993 39.652275
v 50.595684 -19.156246 40.260033
v 50.835354 -17.964993 40.454109
v 51.257214 -17.964993 39.652275
v 50.595684 -19.156246 40.260033
v 49.991608 -19.156246 40.762447
v 50.835354 -17.964993 40.454109
v 49.991608 -19.156246 40.762447
v 50.138760 -17.964993 41.033459
v 50.835354 -17.964993 40.454109
v 49.991608 -19.156246 40.762447
v 49.241241 -19.156246 40.995441
v 50.138760 -17.964993 41.033459
v 49.241241 -19.156246 40.995441
v 49.273487 -17.964993 41.302143
v 50.138760 -17.964993 41.033459
v 49.241241 -19.156246 40.995441
v 48.458828 -19.156246 40.923557
v 49.273487 -17.964993 41.302143
v 48.458828 -19.156246 40.923557
v 48.371246 -17.964993 41.219238
v 49.273487 -17.964993 41.302143
v 48.458828 -19.156246 40.923557
v 47.763489 -19.156246 40.557709
v 48.371246 -17.964993 41.219238
v 47.763489 -19.156246 40.557709
v 47.569412 -17.964993 40.797367
v 48.371246 -17.964993 41.219238
v 47.763489 -19.156246 40.557709
v 47.261078 -19.156246 39.953629
v 47.569412 -17.964993 40.797367
v 47.261078 -19.156246 39.953629
v 46.990070 -17.964993 40.100769
v 47.569412 -17.964993 40.797367
v 47.261078 -19.156246 39.953629
v 47.028072 -19.156246 39.203262
v 46.990070 -17.964993 40.100769
v 47.028072 -19.156246 39.203262
v 46.721386 -17.964993 39.235497
v 46.990070 -17.964993 40.100769
v 47.028072 -19.156246 39.203262
v 47.099983 -19.156246 38.420860
v 46.721386 -17.964993 39.235497
v 47.099983 -19.156246 38.420860
v 46.804287 -17.964993 38.333267
v 46.721386 -17.964993 39.235497
v 47.099983 -19.156246 38.420860
v 47.465813 -19.156246 37.725510
v 46.804287 -17.964993 38.333267
v 47.465813 -19.156246 37.725510
v 47.226147 -17.964993 37.531437
v 46.804287 -17.964993 38.333267
v 47.465813 -19.156246 37.725510
v 48.069889 -19.156246 37.223091
v 47.226147 -17.964993 37.531437
v 48.069889 -19.156246 37.223091
v 47.922752 -17.964993 36.952080
v 47.226147 -17.964993 37.531437
v 47.645996 -20.218252 41.150795
v 47.207787 -20.218252 40.795944
v 47.395386 -17.961092 41.663509
v 47.207787 -20.218252 40.795944
v 46.758377 -17.961092 41.147671
v 47.395386 -17.961092 41.663509
v 50.598213 -17.961092 38.056076
v 49.621071 -17.961092 37.264797
v 50.095512 -20.219263 38.364975
v 49.621071 -17.961092 37.264797
v 49.423454 -20.219263 37.820755
v 50.095512 -20.219263 38.364975
v 46.758377 -17.961092 41.147671
v 47.207787 -20.218252 40.795944
v 48.042740 -17.961092 38.808708
v 47.207787 -20.218252 40.795944
v 48.294586 -20.116735 39.078972
v 48.042740 -17.961092 38.808708
v 48.294586 -20.116735 39.078972
v 49.423454 -20.219263 37.820755
v 48.042740 -17.961092 38.808708
v 49.423454 -20.219263 37.820755
v 49.621071 -17.961092 37.264797
v 48.042740 -17.961092 38.808708
v 50.598213 -17.961092 38.056076
v 50.095512 -20.219263 38.364975
v 49.416206 -17.961092 39.920921
v 50.095512 -20.219263 38.364975
v 49.099491 -20.116735 39.730778
v 49.416206 -17.961092 39.920921
v 49.099491 -20.116735 39.730778
v 47.645996 -20.218252 41.150795
v 49.416206 -17.961092 39.920921
v 47.645996 -20.218252 41.150795
v 47.395386 -17.961092 41.663509
v 49.416206 -17.961092 39.920921
v 47.448895 -20.362104 40.732788
v 47.657654 -20.362104 40.901833
v 49.099491 -20.116735 39.730778
v 48.294586 -20.116735 39.078972
v 47.448895 -20.362104 40.732788
v 49.099491 -20.116735 39.730778
v 49.099491 -20.116735 39.730778
v 49.844852 -20.359236 38.419704
v 48.294586 -20.116735 39.078972
v 49.844852 -20.359236 38.419704
v 49.422028 -20.359236 38.077312
v 48.294586 -20.116735 39.078972
v 47.448895 -20.362104 40.732788
v 47.207787 -20.218252 40.795944
v 47.657654 -20.362104 40.901833
v 47.207787 -20.218252 40.795944
v 47.645996 -20.218252 41.150795
v 47.657654 -20.362104 40.901833
v 49.423454 -20.219263 37.820755
v 49.422028 -20.359236 38.077312
v 50.095512 -20.219263 38.364975
v 49.422028 -20.359236 38.077312
v 49.844852 -20.359236 38.419704
v 50.095512 -20.219263 38.364975
v 47.026314 -19.156246 51.203365
v 47.105042 -19.156246 50.421608
v 46.719357 -17.964993 51.232922
v 47.105042 -19.156246 50.421608
v 46.810135 -17.964993 50.331451
v 46.719357 -17.964993 51.232922
v 47.105042 -19.156246 50.421608
v 47.476940 -19.156246 49.729485
v 46.810135 -17.964993 50.331451
v 47.476940 -19.156246 49.729485
v 47.238976 -17.964993 49.533333
v 46.810135 -17.964993 50.331451
v 47.476940 -19.156246 49.729485
v 48.085377 -19.156246 49.232368
v 47.238976 -17.964993 49.533333
v 48.085377 -19.156246 49.232368
v 47.940594 -17.964993 48.960083
v 47.238976 -17.964993 49.533333
v 48.085377 -19.156246 49.232368
v 48.837761 -19.156246 49.005917
v 47.940594 -17.964993 48.960083
v 48.837761 -19.156246 49.005917
v 48.808189 -17.964993 48.698963
v 47.940594 -17.964993 48.960083
v 48.837761 -19.156246 49.005917
v 49.619503 -19.156246 49.084641
v 48.808189 -17.964993 48.698963
v 49.619503 -19.156246 49.084641
v 49.709679 -17.964993 48.789734
v 48.808189 -17.964993 48.698963
v 49.619503 -19.156246 49.084641
v 50.311626 -19.156246 49.456535
v 49.709679 -17.964993 48.789734
v 50.311626 -19.156246 49.456535
v 50.507782 -17.964993 49.218575
v 49.709679 -17.964993 48.789734
v 50.311626 -19.156246 49.456535
v 50.808743 -19.156246 50.064987
v 50.507782 -17.964993 49.218575
v 50.808743 -19.156246 50.064987
v 51.081032 -17.964993 49.920212
v 50.507782 -17.964993 49.218575
v 50.808743 -19.156246 50.064987
v 51.035187 -19.156246 50.817356
v 51.081032 -17.964993 49.920212
v 51.035187 -19.156246 50.817356
v 51.342148 -17.964993 50.787796
v 51.081032 -17.964993 49.920212
v 51.035187 -19.156246 50.817356
v 50.956470 -19.156246 51.599106
v 51.342148 -17.964993 50.787796
v 50.956470 -19.156246 51.599106
v 51.251381 -17.964993 51.689270
v 51.342148 -17.964993 50.787796
v 50.956470 -19.156246 51.599106
v 50.584591 -19.156246 52.291237
v 51.251381 -17.964993 51.689270
v 50.584591 -19.156246 52.291237
v 50.822540 -17.964993 52.487385
v 51.251381 -17.964993 51.689270
v 50.584591 -19.156246 52.291237
v 49.976124 -19.156246 52.788353
v 50.822540 -17.964993 52.487385
v 49.976124 -19.156246 52.788353
v 50.120903 -17.964993 53.060646
v 50.822540 -17.964993 52.487385
v 49.976124 -19.156246 52.788353
v 49.223766 -19.156246 53.014786
v 50.120903 -17.964993 53.060646
v 49.223766 -19.156246 53.014786
v 49.253319 -17.964993 53.321754
v 50.120903 -17.964993 53.060646
v 49.223766 -19.156246 53.014786
v 48.442009 -19.156246 52.936081
v 49.253319 -17.964993 53.321754
v 48.442009 -19.156246 52.936081
v 48.351845 -17.964993 53.230980
v 49.253319 -17.964993 53.321754
v 48.442009 -19.156246 52.936081
v 47.749893 -19.156246 52.564182
v 48.351845 -17.964993 53.230980
v 47.749893 -19.156246 52.564182
v 47.553726 -17.964993 52.802143
v 48.351845 -17.964993 53.230980
v 47.749893 -19.156246 52.564182
v 47.252758 -19.156246 51.955742
v 47.553726 -17.964993 52.802143
v 47.252758 -19.156246 51.955742
v 46.980476 -17.964993 52.100517
v 47.553726 -17.964993 52.802143
v 47.252758 -19.156246 51.955742
v 47.026314 -19.156246 51.203365
v 46.980476 -17.964993 52.100517
v 47.026314 -19.156246 51.203365
v 46.719357 -17.964993 51.232922
v 46.980476 -17.964993 52.100517
v 50.476158 -20.218252 53.128242
v 49.978294 -20.218252 53.392967
v 50.850189 -17.961092 53.559273
v 49.978294 -20.218252 53.392967
v 50.126465 -17.961092 53.944084
v 50.850189 -17.961092 53.559273
v 48.780975 -17.961092 49.201515
v 47.670799 -17.961092 49.791801
v 48.868896 -20.219263 49.784950
v 47.670799 -17.961092 49.791801
v 48.105347 -20.219263 50.190933
v 48.868896 -20.219263 49.784950
v 50.126465 -17.961092 53.944084
v 49.978294 -20.218252 53.392967
v 48.475281 -17.961092 51.847916
v 49.978294 -20.218252 53.392967
v 48.822456 -20.116735 51.721691
v 48.475281 -17.961092 51.847916
v 48.822456 -20.116735 51.721691
v 48.105347 -20.219263 50.190933
v 48.475281 -17.961092 51.847916
v 48.105347 -20.219263 50.190933
v 47.670799 -17.961092 49.791801
v 48.475281 -17.961092 51.847916
v 48.780975 -17.961092 49.201515
v 48.868896 -20.219263 49.784950
v 50.035728 -17.961092 51.018211
v 48.868896 -20.219263 49.784950
v 49.736954 -20.116735 51.235451
v 50.035728 -17.961092 51.018211
v 49.736954 -20.116735 51.235451
v 50.476158 -20.218252 53.128242
v 50.035728 -17.961092 51.018211
v 50.476158 -20.218252 53.128242
v 50.850189 -17.961092 53.559273
v 50.035728 -17.961092 51.018211
v 50.014359 -20.362104 53.146347
v 50.251534 -20.362104 53.020241
v 49.736954 -20.116735 51.235451
v 48.822456 -20.116735 51.721691
v 50.014359 -20.362104 53.146347
v 49.736954 -20.116735 51.235451
v 49.736954 -20.116735 51.235451
v 48.821335 -20.359236 50.037060
v 48.822456 -20.116735 51.721691
v 48.821335 -20.359236 50.037060
v 48.340954 -20.359236 50.292488
v 48.822456 -20.116735 51.721691
v 50.014359 -20.362104 53.146347
v 49.978294 -20.218252 53.392967
v 50.251534 -20.362104 53.020241
v 49.978294 -20.218252 53.392967
v 50.476158 -20.218252 53.128242
v 50.251534 -20.362104 53.020241
v 48.105347 -20.219263 50.190933
v 48.340954 -20.359236 50.292488
v 48.868896 -20.219263 49.784950
v 48.340954 -20.359236 50.292488
v 48.821335 -20.359236 50.037060
v 48.868896 -20.219263 49.784950
v -49.929192 -18.857843 23.316872
v -49.167656 -18.857843 23.123463
v -50.061958 -17.666588 23.038528
v -49.167656 -18.857843 23.123463
v -49.183800 -17.666588 22.815514
v -50.061958 -17.666588 23.038528
v -49.167656 -18.857843 23.123463
v -48.390068 -18.857843 23.236210
v -49.183800 -17.666588 22.815514
v -48.390068 -18.857843 23.236210
v -48.287128 -17.666588 22.945515
v -49.183800 -17.666588 22.815514
v -48.390068 -18.857843 23.236210
v -47.714832 -18.857843 23.637934
v -48.287128 -17.666588 22.945515
v -47.714832 -18.857843 23.637934
v -47.508492 -17.666588 23.408764
v -48.287128 -17.666588 22.945515
v -47.714832 -18.857843 23.637934
v -47.244713 -18.857843 24.267496
v -47.508492 -17.666588 23.408764
v -47.244713 -18.857843 24.267496
v -46.966385 -17.666588 24.134724
v -47.508492 -17.666588 23.408764
v -47.244713 -18.857843 24.267496
v -47.051308 -18.857843 25.029022
v -46.966385 -17.666588 24.134724
v -47.051308 -18.857843 25.029022
v -46.743351 -17.666588 25.012894
v -46.966385 -17.666588 24.134724
v -47.051308 -18.857843 25.029022
v -47.164062 -18.857843 25.806604
v -46.743351 -17.666588 25.012894
v -47.164062 -18.857843 25.806604
v -46.873367 -17.666588 25.909534
v -46.743351 -17.666588 25.012894
v -47.164062 -18.857843 25.806604
v -47.565804 -18.857843 26.481840
v -46.873367 -17.666588 25.909534
v -47.565804 -18.857843 26.481840
v -47.336617 -17.666588 26.688190
v -46.873367 -17.666588 25.909534
v -47.565804 -18.857843 26.481840
v -48.195343 -18.857843 26.951956
v -47.336617 -17.666588 26.688190
v -48.195343 -18.857843 26.951956
v -48.062584 -17.666588 27.230289
v -47.336617 -17.666588 26.688190
v -48.195343 -18.857843 26.951956
v -48.956871 -18.857843 27.145359
v -48.062584 -17.666588 27.230289
v -48.956871 -18.857843 27.145359
v -48.940727 -17.666588 27.453323
v -48.062584 -17.666588 27.230289
v -48.956871 -18.857843 27.145359
v -49.734444 -18.857843 27.032618
v -48.940727 -17.666588 27.453323
v -49.734444 -18.857843 27.032618
v -49.837387 -17.666588 27.323311
v -48.940727 -17.666588 27.453323
v -49.734444 -18.857843 27.032618
v -50.409698 -18.857843 26.630882
v -49.837387 -17.666588 27.323311
v -50.409698 -18.857843 26.630882
v -50.616051 -17.666588 26.860050
v -49.837387 -17.666588 27.323311
v -50.409698 -18.857843 26.630882
v -50.879807 -18.857843 26.001333
v -50.616051 -17.666588 26.860050
v -50.879807 -18.857843 26.001333
v -51.158150 -17.666588 26.134094
v -50.616051 -17.666588 26.860050
v -50.879807 -18.857843 26.001333
v -51.073208 -18.857843 25.239799
v -51.158150 -17.666588 26.134094
v -51.073208 -18.857843 25.239799
v -51.381165 -17.666588 25.255943
v -51.158150 -17.666588 26.134094
v -51.073208 -18.857843 25.239799
v -50.960453 -18.857843 24.462234
v -51.381165 -17.666588 25.255943
v -50.960453 -18.857843 24.462234
v -51.251167 -17.666588 24.359283
v -51.381165 -17.666588 25.255943
v -50.960453 -18.857843 24.462234
v -50.558739 -18.857843 23.786983
v -51.251167 -17.666588 24.359283
v -50.558739 -18.857843 23.786983
v -50.787910 -17.666588 23.580633
v -51.251167 -17.666588 24.359283
v -50.558739 -18.857843 23.786983
v -49.929192 -18.857843 23.316872
v -50.787910 -17.666588 23.580633
v -49.929192 -18.857843 23.316872
v -50.061958 -17.666588 23.038528
v -50.787910 -17.666588 23.580633
v -50.558067 -19.919851 27.217007
v -50.977104 -19.919851 26.839706
v -50.835171 -17.662689 27.715904
v -50.977104 -19.919851 26.839706
v -51.444309 -17.662689 27.167435
v -50.835171 -17.662689 27.715904
v -47.447926 -17.662689 24.281033
v -48.382332 -17.662689 23.439701
v -47.966106 -19.920858 24.563202
v -48.382332 -17.662689 23.439701
v -48.608757 -19.920858 23.984556
v -47.966106 -19.920858 24.563202
v -51.444309 -17.662689 27.167435
v -50.977104 -19.919851 26.839706
v -50.039291 -17.662689 24.898893
v -50.977104 -19.919851 26.839706
v -49.801941 -19.818335 25.181969
v -50.039291 -17.662689 24.898893
v -49.801941 -19.818335 25.181969
v -48.608757 -19.920858 23.984556
v -50.039291 -17.662689 24.898893
v -48.608757 -19.920858 23.984556
v -48.382332 -17.662689 23.439701
v -50.039291 -17.662689 24.898893
v -47.447926 -17.662689 24.281033
v -47.966106 -19.920858 24.563202
v -48.725914 -17.662689 26.081459
v -47.966106 -19.920858 24.563202
v -49.032238 -19.818335 25.875004
v -48.725914 -17.662689 26.081459
v -49.032238 -19.818335 25.875004
v -50.558067 -19.919851 27.217007
v -48.725914 -17.662689 26.081459
v -50.558067 -19.919851 27.217007
v -50.835171 -17.662689 27.715904
v -48.725914 -17.662689 26.081459
v -50.733021 -20.063702 26.789244
v -50.533401 -20.063702 26.968990
v -49.032238 -19.818335 25.875004
v -49.801941 -19.818335 25.181969
v -50.733021 -20.063702 26.789244
v -49.032238 -19.818335 25.875004
v -49.032238 -19.818335 25.875004
v -48.219288 -20.060833 24.604736
v -49.801941 -19.818335 25.181969
v -48.219288 -20.060833 24.604736
v -48.623619 -20.060833 24.240683
v -49.801941 -19.818335 25.181969
v -50.733021 -20.063702 26.789244
v -50.977104 -19.919851 26.839706
v -50.533401 -20.063702 26.968990
v -50.977104 -19.919851 26.839706
v -50.558067 -19.919851 27.217007
v -50.533401 -20.063702 26.968990
v -48.608757 -19.920858 23.984556
v -48.623619 -20.060833 24.240683
v -47.966106 -19.920858 24.563202
v -48.623619 -20.060833 24.240683
v -48.219288 -20.060833 24.604736
v -47.966106 -19.920858 24.563202
v -47.065788 -18.857843 34.118759
v -47.117176 -18.857843 34.902794
v -46.760048 -17.666588 34.078514
v -47.117176 -18.857843 34.902794
v -46.819302 -17.666588 34.982613
v -46.760048 -17.666588 34.078514
v -47.117176 -18.857843 34.902794
v -47.464684 -18.857843 35.607475
v -46.819302 -17.666588 34.982613
v -47.464684 -18.857843 35.607475
v -47.220028 -17.666588 35.795212
v -46.819302 -17.666588 34.982613
v -47.464684 -18.857843 35.607475
v -48.055412 -18.857843 36.125530
v -47.220028 -17.666588 35.795212
v -48.055412 -18.857843 36.125530
v -47.901218 -17.666588 36.392593
v -47.220028 -17.666588 35.795212
v -48.055412 -18.857843 36.125530
v -48.799435 -18.857843 36.378090
v -47.901218 -17.666588 36.392593
v -48.799435 -18.857843 36.378090
v -48.759171 -17.666588 36.683823
v -47.901218 -17.666588 36.392593
v -48.799435 -18.857843 36.378090
v -49.583450 -18.857843 36.326706
v -48.759171 -17.666588 36.683823
v -49.583450 -18.857843 36.326706
v -49.663277 -17.666588 36.624584
v -48.759171 -17.666588 36.683823
v -49.583450 -18.857843 36.326706
v -50.288136 -18.857843 35.979187
v -49.663277 -17.666588 36.624584
v -50.288136 -18.857843 35.979187
v -50.475861 -17.666588 36.223846
v -49.663277 -17.666588 36.624584
v -50.288136 -18.857843 35.979187
v -50.806183 -18.857843 35.388458
v -50.475861 -17.666588 36.223846
v -50.806183 -18.857843 35.388458
v -51.073250 -17.666588 35.542648
v -50.475861 -17.666588 36.223846
v -50.806183 -18.857843 35.388458
v -51.058746 -18.857843 34.644455
v -51.073250 -17.666588 35.542648
v -51.058746 -18.857843 34.644455
v -51.364487 -17.666588 34.684708
v -51.073250 -17.666588 35.542648
v -51.058746 -18.857843 34.644455
v -51.007355 -18.857843 33.860428
v -51.364487 -17.666588 34.684708
v -51.007355 -18.857843 33.860428
v -51.305233 -17.666588 33.780617
v -51.364487 -17.666588 34.684708
v -51.007355 -18.857843 33.860428
v -50.659859 -18.857843 33.155746
v -51.305233 -17.666588 33.780617
v -50.659859 -18.857843 33.155746
v -50.904503 -17.666588 32.968018
v -51.305233 -17.666588 33.780617
v -50.659859 -18.857843 33.155746
v -50.069107 -18.857843 32.637695
v -50.904503 -17.666588 32.968018
v -50.069107 -18.857843 32.637695
v -50.223305 -17.666588 32.370621
v -50.904503 -17.666588 32.968018
v -50.069107 -18.857843 32.637695
v -49.325108 -18.857843 32.385128
v -50.223305 -17.666588 32.370621
v -49.325108 -18.857843 32.385128
v -49.365353 -17.666588 32.079391
v -50.223305 -17.666588 32.370621
v -49.325108 -18.857843 32.385128
v -48.541080 -18.857843 32.436516
v -49.365353 -17.666588 32.079391
v -48.541080 -18.857843 32.436516
v -48.461266 -17.666588 32.138649
v -49.365353 -17.666588 32.079391
v -48.541080 -18.857843 32.436516
v -47.836411 -18.857843 32.784035
v -48.461266 -17.666588 32.138649
v -47.836411 -18.857843 32.784035
v -47.648674 -17.666588 32.539368
v -48.461266 -17.666588 32.138649
v -47.836411 -18.857843 32.784035
v -47.318352 -18.857843 33.374756
v -47.648674 -17.666588 32.539368
v -47.318352 -18.857843 33.374756
v -47.051273 -17.666588 33.220566
v -47.648674 -17.666588 32.539368
v -47.318352 -18.857843 33.374756
v -47.065788 -18.857843 34.118759
v -47.051273 -17.666588 33.220566
v -47.065788 -18.857843 34.118759
v -46.760048 -17.666588 34.078514
v -47.051273 -17.666588 33.220566
v -50.580700 -19.919851 32.315453
v -50.092377 -19.919851 32.033524
v -50.969547 -17.662689 31.897747
v -50.092377 -19.919851 32.033524
v -50.259693 -17.662689 31.487915
v -50.969547 -17.662689 31.897747
v -48.749508 -17.662689 36.180641
v -47.660614 -17.662689 35.551964
v -48.857742 -19.920858 35.600632
v -47.660614 -17.662689 35.551964
v -48.108826 -19.920858 35.168243
v -48.857742 -19.920858 35.600632
v -50.259693 -17.662689 31.487915
v -50.092377 -19.919851 32.033524
v -48.536358 -17.662689 33.525177
v -50.092377 -19.919851 32.033524
v -48.878922 -19.818335 33.663437
v -48.536358 -17.662689 33.525177
v -48.878922 -19.818335 33.663437
v -48.108826 -19.920858 35.168243
v -48.536358 -17.662689 33.525177
v -48.108826 -19.920858 35.168243
v -47.660614 -17.662689 35.551964
v -48.536358 -17.662689 33.525177
v -48.749508 -17.662689 36.180641
v -48.857742 -19.920858 35.600632
v -50.066898 -17.662689 34.408844
v -48.857742 -19.920858 35.600632
v -49.775890 -19.818335 34.181305
v -50.066898 -17.662689 34.408844
v -49.775890 -19.818335 34.181305
v -50.580700 -19.919851 32.315453
v -50.066898 -17.662689 34.408844
v -50.580700 -19.919851 32.315453
v -50.969547 -17.662689 31.897747
v -50.066898 -17.662689 34.408844
v -50.119812 -20.063702 32.281250
v -50.352444 -20.063702 32.415558
v -49.775890 -19.818335 34.181305
v -48.878922 -19.818335 33.663437
v -50.119812 -20.063702 32.281250
v -49.775890 -19.818335 34.181305
v -49.775890 -19.818335 34.181305
v -48.819000 -20.060833 35.347000
v -48.878922 -19.818335 33.663437
v -48.819000 -20.060833 35.347000
v -48.347832 -20.060833 35.074966
v -48.878922 -19.818335 33.663437
v -50.119812 -20.063702 32.281250
v -50.092377 -19.919851 32.033524
v -50.352444 -20.063702 32.415558
v -50.092377 -19.919851 32.033524
v -50.580700 -19.919851 32.315453
v -50.352444 -20.063702 32.415558
v -48.108826 -19.920858 35.168243
v -48.347832 -20.060833 35.074966
v -48.857742 -19.920858 35.600632
v -48.347832 -20.060833 35.074966
v -48.819000 -20.060833 35.347000
v -48.857742 -19.920858 35.600632
v -50.814911 -18.857843 43.403687
v -51.060966 -18.857843 42.657494
v -51.083309 -17.666588 43.555542
v -51.060966 -18.857843 42.657494
v -51.367046 -17.666588 42.695084
v -51.083309 -17.666588 43.555542
v -51.060966 -18.857843 42.657494
v -51.002728 -18.857843 41.873947
v -51.367046 -17.666588 42.695084
v -51.002728 -18.857843 41.873947
v -51.299900 -17.666588 41.791534
v -51.367046 -17.666588 42.695084
v -51.002728 -18.857843 41.873947
v -50.649094 -18.857843 41.172325
v -51.299900 -17.666588 41.791534
v -50.649094 -18.857843 41.172325
v -50.892097 -17.666588 40.982468
v -51.299900 -17.666588 41.791534
v -50.649094 -18.857843 41.172325
v -50.053852 -18.857843 40.659435
v -50.892097 -17.666588 40.982468
v -50.053852 -18.857843 40.659435
v -50.205723 -17.666588 40.391052
v -50.892097 -17.666588 40.982468
v -50.053852 -18.857843 40.659435
v -49.307678 -18.857843 40.413391
v -50.205723 -17.666588 40.391052
v -49.307678 -18.857843 40.413391
v -49.345253 -17.666588 40.107300
v -50.205723 -17.666588 40.391052
v -49.307678 -18.857843 40.413391
v -48.524124 -18.857843 40.471619
v -49.345253 -17.666588 40.107300
v -48.524124 -18.857843 40.471619
v -48.441727 -17.666588 40.174454
v -49.345253 -17.666588 40.107300
v -48.524124 -18.857843 40.471619
v -47.822510 -18.857843 40.825268
v -48.441727 -17.666588 40.174454
v -47.822510 -18.857843 40.825268
v -47.632652 -17.666588 40.582260
v -48.441727 -17.666588 40.174454
v -47.822510 -18.857843 40.825268
v -47.309631 -18.857843 41.420494
v -47.632652 -17.666588 40.582260
v -47.309631 -18.857843 41.420494
v -47.041225 -17.666588 41.268639
v -47.632652 -17.666588 40.582260
v -47.309631 -18.857843 41.420494
v -47.063576 -18.857843 42.166664
v -47.041225 -17.666588 41.268639
v -47.063576 -18.857843 42.166664
v -46.757484 -17.666588 42.129089
v -47.041225 -17.666588 41.268639
v -47.063576 -18.857843 42.166664
v -47.121792 -18.857843 42.950226
v -46.757484 -17.666588 42.129089
v -47.121792 -18.857843 42.950226
v -46.824631 -17.666588 43.032631
v -46.757484 -17.666588 42.129089
v -47.121792 -18.857843 42.950226
v -47.475452 -18.857843 43.651855
v -46.824631 -17.666588 43.032631
v -47.475452 -18.857843 43.651855
v -47.232445 -17.666588 43.841702
v -46.824631 -17.666588 43.032631
v -47.475452 -18.857843 43.651855
v -48.070671 -18.857843 44.164726
v -47.232445 -17.666588 43.841702
v -48.070671 -18.857843 44.164726
v -47.918823 -17.666588 44.433125
v -47.232445 -17.666588 43.841702
v -48.070671 -18.857843 44.164726
v -48.816849 -18.857843 44.410782
v -47.918823 -17.666588 44.433125
v -48.816849 -18.857843 44.410782
v -48.779274 -17.666588 44.716862
v -47.918823 -17.666588 44.433125
v -48.816849 -18.857843 44.410782
v -49.600403 -18.857843 44.352543
v -48.779274 -17.666588 44.716862
v -49.600403 -18.857843 44.352543
v -49.682816 -17.666588 44.649727
v -48.779274 -17.666588 44.716862
v -49.600403 -18.857843 44.352543
v -50.302025 -18.857843 43.998909
v -49.682816 -17.666588 44.649727
v -50.302025 -18.857843 43.998909
v -50.491882 -17.666588 44.241920
v -49.682816 -17.666588 44.649727
v -50.302025 -18.857843 43.998909
v -50.814911 -18.857843 43.403687
v -50.491882 -17.666588 44.241920
v -50.814911 -18.857843 43.403687
v -51.083309 -17.666588 43.555542
v -50.491882 -17.666588 44.241920
v -46.880402 -19.919851 43.758980
v -47.227558 -19.919851 44.203308
v -46.363396 -17.662689 44.000603
v -47.227558 -19.919851 44.203308
v -46.868034 -17.662689 44.646515
v -46.363396 -17.662689 44.000603
v -50.026180 -17.662689 40.861221
v -50.800282 -17.662689 41.852020
v -49.708553 -19.920858 41.358452
v -50.800282 -17.662689 41.852020
v -50.240959 -19.920858 42.039898
v -49.708553 -19.920858 41.358452
v -46.868034 -17.662689 44.646515
v -47.227558 -19.919851 44.203308
v -49.229057 -17.662689 43.403168
v -47.227558 -19.919851 44.203308
v -48.963230 -19.818335 43.146645
v -49.229057 -17.662689 43.403168
v -48.963230 -19.818335 43.146645
v -50.240959 -19.920858 42.039898
v -49.229057 -17.662689 43.403168
v -50.240959 -19.920858 42.039898
v -50.800282 -17.662689 41.852020
v -49.229057 -17.662689 43.403168
v -50.026180 -17.662689 40.861221
v -49.708553 -19.920858 41.358452
v -48.140984 -17.662689 42.010498
v -49.708553 -19.920858 41.358452
v -48.325577 -19.818335 42.330482
v -48.140984 -17.662689 42.010498
v -48.325577 -19.818335 42.330482
v -46.880402 -19.919851 43.758980
v -48.140984 -17.662689 42.010498
v -46.880402 -19.919851 43.758980
v -46.363396 -17.662689 44.000603
v -48.140984 -17.662689 42.010498
v -47.294914 -20.063702 43.963337
v -47.129539 -20.063702 43.751671
v -48.325577 -19.818335 42.330482
v -48.963230 -19.818335 43.146645
v -47.294914 -20.063702 43.963337
v -48.325577 -19.818335 42.330482
v -48.325577 -19.818335 42.330482
v -49.649460 -20.060833 41.608112
v -48.963230 -19.818335 43.146645
v -49.649460 -20.060833 41.608112
v -49.984413 -20.060833 42.036846
v -48.963230 -19.818335 43.146645
v -47.294914 -20.063702 43.963337
v -47.227558 -19.919851 44.203308
v -47.129539 -20.063702 43.751671
v -47.227558 -19.919851 44.203308
v -46.880402 -19.919851 43.758980
v -47.129539 -20.063702 43.751671
v -50.240959 -19.920858 42.039898
v -49.984413 -20.060833 42.036846
v -49.708553 -19.920858 41.358452
v -49.984413 -20.060833 42.036846
v -49.649460 -20.060833 41.608112
v -49.708553 -19.920858 41.358452
v -14.150864 53.419647 35.961693
v -9.788393 65.626602 39.174706
v -10.674782 65.629745 40.062210
v -15.038372 53.419647 36.849201
v -14.150864 53.419647 35.961693
v -10.674782 65.629745 40.062210
v -15.038372 53.419647 36.849201
v -10.674782 65.629745 40.062210
v -10.654708 65.685905 55.942158
v -15.038372 53.419647 61.247749
v -15.038372 53.419647 36.849201
v -10.654708 65.685905 55.942158
v -14.150864 53.419647 35.961693
v 14.150864 53.419647 35.961693
v -9.788393 65.626602 39.174706
v 14.150864 53.419647 35.961693
v 9.788393 65.626602 39.174706
v -9.788393 65.626602 39.174706
v 38.871799 57.103699 18.340946
v 38.292320 57.103699 17.761465
v 39.303406 53.421341 18.091759
v 38.292320 57.103699 17.761465
v 38.541508 53.421341 17.329859
v 39.303406 53.421341 18.091759
v 38.292320 57.103699 17.761465
v 37.500732 57.103699 17.549362
v 38.541508 53.421341 17.329859
v 37.500732 57.103699 17.549362
v 37.500732 53.421341 17.050983
v 38.541508 53.421341 17.329859
v 37.500732 57.103699 17.549362
v 36.709148 57.103699 17.761465
v 37.500732 53.421341 17.050983
v 36.709148 57.103699 17.761465
v 36.459957 53.421341 17.329859
v 37.500732 53.421341 17.050983
v 36.709148 57.103699 17.761465
v 36.129662 57.103699 18.340946
v 36.459957 53.421341 17.329859
v 36.129662 57.103699 18.340946
v 35.698059 53.421341 18.091759
v 36.459957 53.421341 17.329859
v 36.129662 57.103699 18.340946
v 35.917561 57.103699 19.132534
v 35.698059 53.421341 18.091759
v 35.917561 57.103699 19.132534
v 35.419182 53.421341 19.132534
v 35.698059 53.421341 18.091759
v 35.917561 57.103699 19.132534
v 36.129662 57.103699 19.924118
v 35.419182 53.421341 19.132534
v 36.129662 57.103699 19.924118
v 35.698059 53.421341 20.173309
v 35.419182 53.421341 19.132534
v 36.129662 57.103699 19.924118
v 36.709148 57.103699 20.503601
v 35.698059 53.421341 20.173309
v 36.709148 57.103699 20.503601
v 36.459957 53.421341 20.935207
v 35.698059 53.421341 20.173309
v 36.709148 57.103699 20.503601
v 37.500732 57.103699 20.715704
v 36.459957 53.421341 20.935207
v 37.500732 57.103699 20.715704
v 37.500732 53.421341 21.214083
v 36.459957 53.421341 20.935207
v 37.500732 57.103699 20.715704
v 38.292320 57.103699 20.503601
v 37.500732 53.421341 21.214083
v 38.292320 57.103699 20.503601
v 38.541508 53.421341 20.935207
v 37.500732 53.421341 21.214083
v 38.292320 57.103699 20.503601
v 38.871799 57.103699 19.924118
v 38.541508 53.421341 20.935207
v 38.871799 57.103699 19.924118
v 39.303406 53.421341 20.173309
v 38.541508 53.421341 20.935207
v 38.871799 57.103699 19.924118
v 39.083897 57.103699 19.132534
v 39.303406 53.421341 20.173309
v 39.083897 57.103699 19.132534
v 39.582283 53.421341 19.132534
v 39.303406 53.421341 20.173309
v 39.083897 57.103699 19.132534
v 38.871799 57.103699 18.340946
v 39.582283 53.421341 19.132534
v 38.871799 57.103699 18.340946
v 39.303406 53.421341 18.091759
v 39.582283 53.421341 19.132534
v 37.500732 57.103699 20.715704
v 36.709148 57.103699 20.503601
v 36.129662 57.103699 19.924118
v 37.500732 57.103699 19.132534
v 37.500732 57.103699 20.715704
v 36.129662 57.103699 19.924118
v 37.500732 57.103699 19.132534
v 38.871799 57.103699 19.924118
v 37.500732 57.103699 20.715704
v 38.871799 57.103699 19.924118
v 38.292320 57.103699 20.503601
v 37.500732 57.103699 20.715704
v 37.500732 57.103699 19.132534
v 36.129662 57.103699 19.924118
v 36.129662 57.103699 18.340946
v 37.500732 57.103699 19.132534
v 38.871799 57.103699 18.340946
v 38.871799 57.103699 19.924118
v 37.500732 57.103699 19.132534
v 36.129662 57.103699 18.340946
v 37.500732 57.103699 17.549362
v 37.500732 57.103699 19.132534
v 37.500732 57.103699 17.549362
v 38.871799 57.103699 18.340946
v 36.129662 57.103699 19.924118
v 35.917561 57.103699 19.132534
v 36.129662 57.103699 18.340946
v 38.871799 57.103699 18.340946
v 39.083897 57.103699 19.132534
v 38.871799 57.103699 19.924118
v 36.129662 57.103699 18.340946
v 36.709148 57.103699 17.761465
v 37.500732 57.103699 17.549362
v 37.500732 57.103699 17.549362
v 38.292320 57.103699 17.761465
v 38.871799 57.103699 18.340946
v -42.457417 -19.202898 18.766647
v -42.556896 -18.585260 18.760128
v -42.556896 -18.585260 57.439869
v -42.457417 -19.202898 57.433350
v -42.457417 -19.202898 18.766647
v -42.556896 -18.585260 57.439869
v -41.769829 -19.458363 18.811714
v -42.457417 -19.202898 18.766647
v -42.457417 -19.202898 57.433350
v -41.769829 -19.458363 57.388283
v -41.769829 -19.458363 18.811714
v -42.457417 -19.202898 57.433350
v -41.082653 -19.203070 18.856754
v -41.769829 -19.458363 18.811714
v -41.769829 -19.458363 57.388283
v -41.082653 -19.203070 57.343243
v -41.082653 -19.203070 18.856754
v -41.769829 -19.458363 57.388283
v -40.987217 -18.585306 18.863012
v -41.082653 -19.203070 18.856754
v -41.082653 -19.203070 57.343243
v -40.987217 -18.585306 57.336983
v -40.987217 -18.585306 18.863012
v -41.082653 -19.203070 57.343243
v -40.555893 -19.203070 61.344395
v -41.082653 -19.203070 57.343243
v -41.769829 -19.458363 57.388283
v -41.225380 -19.458363 61.523777
v -40.555893 -19.203070 61.344395
v -41.769829 -19.458363 57.388283
v -41.225380 -19.458363 61.523777
v -41.769829 -19.458363 57.388283
v -42.457417 -19.202898 57.433350
v -40.555893 -19.203070 61.344395
v -40.462910 -18.585306 61.319477
v -41.082653 -19.203070 57.343243
v -40.462910 -18.585306 61.319477
v -40.987217 -18.585306 57.336983
v -41.082653 -19.203070 57.343243
v -40.462910 -18.585306 61.319477
v -40.555893 -19.203070 61.344395
v -39.009201 -19.203070 65.078423
v -38.925842 -18.585306 65.030289
v -40.462910 -18.585306 61.319477
v -39.009201 -19.203070 65.078423
v -38.925842 -18.585306 65.030289
v -39.009201 -19.203070 65.078423
v -36.548779 -19.203070 68.284912
v -36.480713 -18.585306 68.216843
v -38.925842 -18.585306 65.030289
v -36.548779 -19.203070 68.284912
v -39.009201 -19.203070 65.078423
v -40.555893 -19.203070 61.344395
v -39.609455 -19.458363 65.424980
v -40.555893 -19.203070 61.344395
v -41.225380 -19.458363 61.523777
v -39.609455 -19.458363 65.424980
v -36.480713 -18.585306 68.216843
v -36.548779 -19.203070 68.284912
v -33.342293 -19.203070 70.745338
v -36.548779 -19.203070 68.284912
v -39.009201 -19.203070 65.078423
v -37.038879 -19.458363 68.775009
v -39.009201 -19.203070 65.078423
v -39.609455 -19.458363 65.424980
v -37.038879 -19.458363 68.775009
v -33.294163 -18.585306 70.661972
v -36.480713 -18.585306 68.216843
v -33.342293 -19.203070 70.745338
v -33.342293 -19.203070 70.745338
v -36.548779 -19.203070 68.284912
v -33.688847 -19.458363 71.345589
v -36.548779 -19.203070 68.284912
v -37.038879 -19.458363 68.775009
v -33.688847 -19.458363 71.345589
v -33.342293 -19.203070 70.745338
v -29.619326 -19.203070 72.287437
v -33.294163 -18.585306 70.661972
v -33.688847 -19.458363 71.345589
v -29.882296 -19.458363 72.922310
v -33.342293 -19.203070 70.745338
v -29.882296 -19.458363 72.922310
v -29.619326 -19.203070 72.287437
v -33.342293 -19.203070 70.745338
v -29.619326 -19.203070 72.287437
v -29.582806 -18.585306 72.199265
v -33.294163 -18.585306 70.661972
v -39.609455 -19.458363 65.424980
v -41.225380 -19.458363 61.523777
v -40.210060 -19.202898 65.771744
v -37.038879 -19.458363 68.775009
v -39.609455 -19.458363 65.424980
v -37.529274 -19.202898 69.265404
v -39.609455 -19.458363 65.424980
v -40.210060 -19.202898 65.771744
v -37.529274 -19.202898 69.265404
v -41.895271 -19.202898 61.703281
v -41.225380 -19.458363 61.523777
v -42.457417 -19.202898 57.433350
v -41.225380 -19.458363 61.523777
v -41.895271 -19.202898 61.703281
v -40.210060 -19.202898 65.771744
v -33.688847 -19.458363 71.345589
v -37.038879 -19.458363 68.775009
v -34.035606 -19.202898 71.946198
v -37.038879 -19.458363 68.775009
v -37.529274 -19.202898 69.265404
v -34.035606 -19.202898 71.946198
v -30.145424 -19.202898 73.557556
v -29.882296 -19.458363 72.922310
v -33.688847 -19.458363 71.345589
v -34.035606 -19.202898 71.946198
v -30.145424 -19.202898 73.557556
v -33.688847 -19.458363 71.345589
v -41.895271 -19.202898 61.703281
v -42.457417 -19.202898 57.433350
v -42.556896 -18.585260 57.439869
v -29.882296 -19.458363 72.922310
v -25.652153 -19.458363 73.505966
v -29.619326 -19.203070 72.287437
v -40.210060 -19.202898 65.771744
v -41.895271 -19.202898 61.703281
v -40.296951 -18.585260 65.821907
v -29.619326 -19.203070 72.287437
v -25.607109 -19.203070 72.818787
v -29.582806 -18.585306 72.199265
v -25.652153 -19.458363 73.505966
v -25.607109 -19.203070 72.818787
v -29.619326 -19.203070 72.287437
v -25.607109 -19.203070 72.818787
v -25.652153 -19.458363 73.505966
v 25.652149 -19.458363 73.505966
v 25.652149 -19.458363 73.505966
v -25.652153 -19.458363 73.505966
v 25.697218 -19.202898 74.193550
v 25.607109 -19.203070 72.818787
v -25.607109 -19.203070 72.818787
v 25.652149 -19.458363 73.505966
v -41.992188 -18.585260 61.729244
v -41.895271 -19.202898 61.703281
v -42.556896 -18.585260 57.439869
v -41.895271 -19.202898 61.703281
v -41.992188 -18.585260 61.729244
v -40.296951 -18.585260 65.821907
v -37.529274 -19.202898 69.265404
v -40.210060 -19.202898 65.771744
v -37.600220 -18.585260 69.336349
v -40.210060 -19.202898 65.771744
v -40.296951 -18.585260 65.821907
v -37.600220 -18.585260 69.336349
v -30.145424 -19.202898 73.557556
v -25.697220 -19.202898 74.193550
v -29.882296 -19.458363 72.922310
v -25.697220 -19.202898 74.193550
v -25.652153 -19.458363 73.505966
v -29.882296 -19.458363 72.922310
v -25.652153 -19.458363 73.505966
v -25.697220 -19.202898 74.193550
v 25.697218 -19.202898 74.193550
v -34.035606 -19.202898 71.946198
v -37.529274 -19.202898 69.265404
v -34.085773 -18.585260 72.033089
v -37.529274 -19.202898 69.265404
v -37.600220 -18.585260 69.336349
v -34.085773 -18.585260 72.033089
v -30.183491 -18.585260 73.649460
v -30.145424 -19.202898 73.557556
v -34.035606 -19.202898 71.946198
v -34.085773 -18.585260 72.033089
v -30.183491 -18.585260 73.649460
v -34.035606 -19.202898 71.946198
v -30.183491 -18.585260 73.649460
v -25.703741 -18.585260 74.293022
v -30.145424 -19.202898 73.557556
v -25.703741 -18.585260 74.293022
v -25.697220 -19.202898 74.193550
v -30.145424 -19.202898 73.557556
v -25.607109 -19.203070 72.818787
v -25.600853 -18.585306 72.723343
v -29.582806 -18.585306 72.199265
v -25.600853 -18.585306 72.723343
v -25.607109 -19.203070 72.818787
v 25.607109 -19.203070 72.818787
v -25.697220 -19.202898 74.193550
v -25.703741 -18.585260 74.293022
v 25.703733 -18.585260 74.293022
v 25.697218 -19.202898 74.193550
v -25.697220 -19.202898 74.193550
v 25.703733 -18.585260 74.293022
v 25.600853 -18.585306 72.723358
v -25.600853 -18.585306 72.723343
v 25.607109 -19.203070 72.818787
v 29.787645 -19.458363 72.961510
v 29.608250 -19.203070 72.292023
v 25.652149 -19.458363 73.505966
v 29.608250 -19.203070 72.292023
v 29.787645 -19.458363 72.961510
v 33.688839 -19.458363 71.345589
v 33.688839 -19.458363 71.345589
v 29.787645 -19.458363 72.961510
v 34.035603 -19.202898 71.946198
v 33.688839 -19.458363 71.345589
v 34.035603 -19.202898 71.946198
v 37.529274 -19.202898 69.265404
v 37.529274 -19.202898 69.265404
v 34.035603 -19.202898 71.946198
v 37.600216 -18.585260 69.336349
v 37.529274 -19.202898 69.265404
v 37.600216 -18.585260 69.336349
v 40.296944 -18.585260 65.821907
v 40.210049 -19.202898 65.771744
v 37.529274 -19.202898 69.265404
v 40.296944 -18.585260 65.821907
v 40.210049 -19.202898 65.771744
v 40.296944 -18.585260 65.821907
v 41.992180 -18.585260 61.729244
v 41.895271 -19.202898 61.703281
v 40.210049 -19.202898 65.771744
v 41.992180 -18.585260 61.729244
v 41.992180 -18.585260 61.729244
v 42.556889 -18.585260 57.439869
v 41.895271 -19.202898 61.703281
v 42.556889 -18.585260 57.439869
v 42.457424 -19.202898 57.433350
v 41.895271 -19.202898 61.703281
v 41.895271 -19.202898 61.703281
v 42.457424 -19.202898 57.433350
v 41.225380 -19.458363 61.523777
v 42.457424 -19.202898 57.433350
v 41.769817 -19.458363 57.388283
v 41.225380 -19.458363 61.523777
v 41.225380 -19.458363 61.523777
v 41.769817 -19.458363 57.388283
v 40.555889 -19.203070 61.344395
v 41.769817 -19.458363 57.388283
v 41.082645 -19.203070 57.343243
v 40.555889 -19.203070 61.344395
v 40.555889 -19.203070 61.344395
v 41.082645 -19.203070 57.343243
v 40.462910 -18.585306 61.319485
v 41.082645 -19.203070 57.343243
v 40.987213 -18.585306 57.336994
v 40.462910 -18.585306 61.319485
v 40.462910 -18.585306 61.319485
v 38.925838 -18.585306 65.030304
v 40.555889 -19.203070 61.344395
v 40.555889 -19.203070 61.344395
v 39.009197 -19.203070 65.078423
v 41.225380 -19.458363 61.523777
v 38.925838 -18.585306 65.030304
v 39.009197 -19.203070 65.078423
v 40.555889 -19.203070 61.344395
v 41.225380 -19.458363 61.523777
v 39.609447 -19.458363 65.424980
v 41.895271 -19.202898 61.703281
v 39.009197 -19.203070 65.078423
v 39.609447 -19.458363 65.424980
v 41.225380 -19.458363 61.523777
v 39.609447 -19.458363 65.424980
v 40.210049 -19.202898 65.771744
v 41.895271 -19.202898 61.703281
v 38.925838 -18.585306 65.030304
v 36.480713 -18.585306 68.216843
v 39.009197 -19.203070 65.078423
v 39.009197 -19.203070 65.078423
v 36.548775 -19.203070 68.284912
v 39.609447 -19.458363 65.424980
v 36.480713 -18.585306 68.216843
v 36.548775 -19.203070 68.284912
v 39.009197 -19.203070 65.078423
v 39.609447 -19.458363 65.424980
v 37.038876 -19.458363 68.775009
v 40.210049 -19.202898 65.771744
v 37.038876 -19.458363 68.775009
v 37.529274 -19.202898 69.265404
v 40.210049 -19.202898 65.771744
v 36.548775 -19.203070 68.284912
v 37.038876 -19.458363 68.775009
v 39.609447 -19.458363 65.424980
v 37.038876 -19.458363 68.775009
v 33.688839 -19.458363 71.345589
v 37.529274 -19.202898 69.265404
v 34.035603 -19.202898 71.946198
v 34.085770 -18.585260 72.033089
v 37.600216 -18.585260 69.336349
v 36.480713 -18.585306 68.216843
v 33.294159 -18.585306 70.661987
v 36.548775 -19.203070 68.284912
v 36.548775 -19.203070 68.284912
v 33.342289 -19.203070 70.745338
v 37.038876 -19.458363 68.775009
v 33.342289 -19.203070 70.745338
v 33.688839 -19.458363 71.345589
v 37.038876 -19.458363 68.775009
v 33.294159 -18.585306 70.661987
v 33.342289 -19.203070 70.745338
v 36.548775 -19.203070 68.284912
v 33.342289 -19.203070 70.745338
v 29.608250 -19.203070 72.292023
v 33.688839 -19.458363 71.345589
v 34.035603 -19.202898 71.946198
v 29.967144 -19.202898 73.631401
v 34.085770 -18.585260 72.033089
v 29.787645 -19.458363 72.961510
v 29.967144 -19.202898 73.631401
v 34.035603 -19.202898 71.946198
v 29.967144 -19.202898 73.631401
v 29.993105 -18.585260 73.728317
v 34.085770 -18.585260 72.033089
v 29.993105 -18.585260 73.728317
v 29.967144 -19.202898 73.631401
v 25.703733 -18.585260 74.293022
v 29.967144 -19.202898 73.631401
v 29.787645 -19.458363 72.961510
v 25.697218 -19.202898 74.193550
v 29.967144 -19.202898 73.631401
v 25.697218 -19.202898 74.193550
v 25.703733 -18.585260 74.293022
v 29.787645 -19.458363 72.961510
v 25.652149 -19.458363 73.505966
v 25.697218 -19.202898 74.193550
v 33.294159 -18.585306 70.661987
v 29.583344 -18.585306 72.199051
v 33.342289 -19.203070 70.745338
v 29.583344 -18.585306 72.199051
v 29.608250 -19.203070 72.292023
v 33.342289 -19.203070 70.745338
v 29.608250 -19.203070 72.292023
v 29.583344 -18.585306 72.199051
v 25.607109 -19.203070 72.818787
v 29.608250 -19.203070 72.292023
v 25.607109 -19.203070 72.818787
v 25.652149 -19.458363 73.505966
v 29.583344 -18.585306 72.199051
v 25.600853 -18.585306 72.723358
v 25.607109 -19.203070 72.818787
v 41.769817 -19.458363 57.388283
v 42.457424 -19.202898 57.433350
v 42.457424 -19.202898 18.766647
v 42.457424 -19.202898 18.766647
v 42.457424 -19.202898 57.433350
v 42.556889 -18.585260 18.760128
v 42.457424 -19.202898 57.433350
v 42.556889 -18.585260 57.439869
v 42.556889 -18.585260 18.760128
v 41.769817 -19.458363 18.811714
v 41.769817 -19.458363 57.388283
v 42.457424 -19.202898 18.766647
v 41.082645 -19.203070 57.343243
v 41.769817 -19.458363 57.388283
v 41.769817 -19.458363 18.811714
v 41.082645 -19.203070 18.856754
v 41.082645 -19.203070 57.343243
v 41.769817 -19.458363 18.811714
v 40.987213 -18.585306 57.336994
v 41.082645 -19.203070 57.343243
v 41.082645 -19.203070 18.856754
v 40.987213 -18.585306 18.863012
v 40.987213 -18.585306 57.336994
v 41.082645 -19.203070 18.856754
v 38.871799 55.344154 28.798906
v 38.292320 55.344154 28.219425
v 39.303406 53.421341 28.549721
v 38.292320 55.344154 28.219425
v 38.541508 53.421341 27.787813
v 39.303406 53.421341 28.549721
v 38.292320 55.344154 28.219425
v 37.500732 55.344154 28.007324
v 38.541508 53.421341 27.787813
v 37.500732 55.344154 28.007324
v 37.500732 53.421341 27.508940
v 38.541508 53.421341 27.787813
v 37.500732 55.344154 28.007324
v 36.709148 55.344154 28.219425
v 37.500732 53.421341 27.508940
v 36.709148 55.344154 28.219425
v 36.459957 53.421341 27.787813
v 37.500732 53.421341 27.508940
v 36.709148 55.344154 28.219425
v 36.129662 55.344154 28.798906
v 36.459957 53.421341 27.787813
v 36.129662 55.344154 28.798906
v 35.698059 53.421341 28.549721
v 36.459957 53.421341 27.787813
v 36.129662 55.344154 28.798906
v 35.917561 55.344154 29.590492
v 35.698059 53.421341 28.549721
v 35.917561 55.344154 29.590492
v 35.419182 53.421341 29.590492
v 35.698059 53.421341 28.549721
v 35.917561 55.344154 29.590492
v 36.129662 55.344154 30.382076
v 35.419182 53.421341 29.590492
v 36.129662 55.344154 30.382076
v 35.698059 53.421341 30.631268
v 35.419182 53.421341 29.590492
v 36.129662 55.344154 30.382076
v 36.709148 55.344154 30.961559
v 35.698059 53.421341 30.631268
v 36.709148 55.344154 30.961559
v 36.459957 53.421341 31.393167
v 35.698059 53.421341 30.631268
v 36.709148 55.344154 30.961559
v 37.500732 55.344154 31.173664
v 36.459957 53.421341 31.393167
v 37.500732 55.344154 31.173664
v 37.500732 53.421341 31.672041
v 36.459957 53.421341 31.393167
v 37.500732 55.344154 31.173664
v 38.292320 55.344154 30.961559
v 37.500732 53.421341 31.672041
v 38.292320 55.344154 30.961559
v 38.541508 53.421341 31.393167
v 37.500732 53.421341 31.672041
v 38.292320 55.344154 30.961559
v 38.871799 55.344154 30.382076
v 38.541508 53.421341 31.393167
v 38.871799 55.344154 30.382076
v 39.303406 53.421341 30.631268
v 38.541508 53.421341 31.393167
v 38.871799 55.344154 30.382076
v 39.083897 55.344154 29.590492
v 39.303406 53.421341 30.631268
v 39.083897 55.344154 29.590492
v 39.582283 53.421341 29.590492
v 39.303406 53.421341 30.631268
v 39.083897 55.344154 29.590492
v 38.871799 55.344154 28.798906
v 39.582283 53.421341 29.590492
v 38.871799 55.344154 28.798906
v 39.303406 53.421341 28.549721
v 39.582283 53.421341 29.590492
v 37.500732 55.344154 31.173664
v 36.709148 55.344154 30.961559
v 36.129662 55.344154 30.382076
v 37.500732 55.344154 29.590492
v 37.500732 55.344154 31.173664
v 36.129662 55.344154 30.382076
v 37.500732 55.344154 29.590492
v 38.871799 55.344154 30.382076
v 37.500732 55.344154 31.173664
v 38.871799 55.344154 30.382076
v 38.292320 55.344154 30.961559
v 37.500732 55.344154 31.173664
v 37.500732 55.344154 29.590492
v 36.129662 55.344154 30.382076
v 36.129662 55.344154 28.798906
v 37.500732 55.344154 29.590492
v 38.871799 55.344154 28.798906
v 38.871799 55.344154 30.382076
v 37.500732 55.344154 29.590492
v 36.129662 55.344154 28.798906
v 37.500732 55.344154 28.007324
v 37.500732 55.344154 29.590492
v 37.500732 55.344154 28.007324
v 38.871799 55.344154 28.798906
v 36.129662 55.344154 30.382076
v 35.917561 55.344154 29.590492
v 36.129662 55.344154 28.798906
v 38.871799 55.344154 28.798906
v 39.083897 55.344154 29.590492
v 38.871799 55.344154 30.382076
v 36.129662 55.344154 28.798906
v 36.709148 55.344154 28.219425
v 37.500732 55.344154 28.007324
v 37.500732 55.344154 28.007324
v 38.292320 55.344154 28.219425
v 38.871799 55.344154 28.798906
v -15.038372 53.419647 61.247749
v -10.654708 65.685905 55.942158
v -9.766076 65.689049 56.829655
v -14.150864 53.419647 62.135258
v -15.038372 53.419647 61.247749
v -9.766076 65.689049 56.829655
v -9.766076 65.689049 56.829655
v 9.766076 65.689049 56.829655
v -14.150864 53.419647 62.135258
v 9.766076 65.689049 56.829655
v 14.150864 53.419647 62.135258
v -14.150864 53.419647 62.135258
v 9.507997 66.450752 55.626904
v 9.766076 65.689049 56.829655
v -9.766076 65.689049 56.829655
v 14.150864 53.419647 62.135258
v 9.766076 65.689049 56.829655
v 15.038372 53.419647 61.247749
v 9.766076 65.689049 56.829655
v 10.654708 65.685905 55.942158
v 15.038372 53.419647 61.247749
v 9.507997 66.450752 55.626904
v 10.654708 65.685905 55.942158
v 9.766076 65.689049 56.829655
v -9.507997 66.450752 55.626904
v 9.507997 66.450752 55.626904
v -9.766076 65.689049 56.829655
v 10.654708 65.685905 55.942158
v 9.507997 66.450752 55.626904
v 10.674782 65.629745 40.062210
v 10.674782 65.629745 40.062210
v 15.038372 53.419647 36.849201
v 10.654708 65.685905 55.942158
v 9.507997 66.450752 55.626904
v 9.507997 66.450752 40.179512
v 10.674782 65.629745 40.062210
v 9.507997 66.450752 55.626904
v -9.507997 66.450752 55.626904
v 9.507997 66.450752 40.179512
v 15.038372 53.419647 36.849201
v 15.038372 53.419647 61.247749
v 10.654708 65.685905 55.942158
v -9.507997 66.450752 55.626904
v -9.766076 65.689049 56.829655
v -10.654708 65.685905 55.942158
v 15.038372 53.419647 36.849201
v 10.674782 65.629745 40.062210
v 14.150864 53.419647 35.961693
v 9.507997 66.450752 40.179512
v 9.788393 65.626602 39.174706
v 10.674782 65.629745 40.062210
v 10.674782 65.629745 40.062210
v 9.788393 65.626602 39.174706
v 14.150864 53.419647 35.961693
v -9.507997 66.450752 55.626904
v -9.507997 66.450752 40.179512
v 9.507997 66.450752 40.179512
v 9.788393 65.626602 39.174706
v 9.507997 66.450752 40.179512
v -9.507997 66.450752 40.179512
v -10.654708 65.685905 55.942158
v -10.674782 65.629745 40.062210
v -9.507997 66.450752 55.626904
v -10.674782 65.629745 40.062210
v -9.507997 66.450752 40.179512
v -9.507997 66.450752 55.626904
v -9.788393 65.626602 39.174706
v 9.788393 65.626602 39.174706
v -9.507997 66.450752 40.179512
v -9.507997 66.450752 40.179512
v -10.674782 65.629745 40.062210
v -9.788393 65.626602 39.174706
v -49.094627 47.358711 68.723831
v -47.057365 52.839634 66.346283
v -46.020615 52.840237 67.382805
v -48.058102 47.358711 69.760353
v -49.094627 47.358711 68.723831
v -46.020615 52.840237 67.382805
v -46.020615 52.840237 67.382805
v 46.020615 52.840237 67.382805
v -48.058102 47.358711 69.760353
v 46.020615 52.840237 67.382805
v 48.058102 47.358711 69.760353
v -48.058102 47.358711 69.760353
v 48.058102 47.358711 69.760353
v 46.020615 52.840237 67.382805
v 49.094627 47.358711 68.723831
v 46.020615 52.840237 67.382805
v 47.057365 52.839634 66.346283
v 49.094627 47.358711 68.723831
v 47.170326 -18.857843 25.883476
v 47.606846 -18.857843 25.230179
v 46.885422 -17.666588 25.765465
v 47.606846 -18.857843 25.230179
v 47.388786 -17.666588 25.012123
v 46.885422 -17.666588 25.765465
v 47.606846 -18.857843 25.230179
v 48.260143 -18.857843 24.793663
v 47.388786 -17.666588 25.012123
v 48.260143 -18.857843 24.793663
v 48.142128 -17.666588 24.508759
v 47.388786 -17.666588 25.012123
v 48.260143 -18.857843 24.793663
v 49.030746 -18.857843 24.640381
v 48.142128 -17.666588 24.508759
v 49.030746 -18.857843 24.640381
v 49.030746 -17.666588 24.332001
v 48.142128 -17.666588 24.508759
v 49.030746 -18.857843 24.640381
v 49.801373 -18.857843 24.793663
v 49.030746 -17.666588 24.332001
v 49.801373 -18.857843 24.793663
v 49.919369 -17.666588 24.508759
v 49.030746 -17.666588 24.332001
v 49.801373 -18.857843 24.793663
v 50.454651 -18.857843 25.230179
v 49.919369 -17.666588 24.508759
v 50.454651 -18.857843 25.230179
v 50.672726 -17.666588 25.012123
v 49.919369 -17.666588 24.508759
v 50.454651 -18.857843 25.230179
v 50.891174 -18.857843 25.883476
v 50.672726 -17.666588 25.012123
v 50.891174 -18.857843 25.883476
v 51.176075 -17.666588 25.765457
v 50.672726 -17.666588 25.012123
v 50.891174 -18.857843 25.883476
v 51.044445 -18.857843 26.654089
v 51.176075 -17.666588 25.765457
v 51.044445 -18.857843 26.654089
v 51.352833 -17.666588 26.654089
v 51.176075 -17.666588 25.765457
v 51.044445 -18.857843 26.654089
v 50.891174 -18.857843 27.424696
v 51.352833 -17.666588 26.654089
v 50.891174 -18.857843 27.424696
v 51.176075 -17.666588 27.542707
v 51.352833 -17.666588 26.654089
v 50.891174 -18.857843 27.424696
v 50.454651 -18.857843 28.077988
v 51.176075 -17.666588 27.542707
v 50.454651 -18.857843 28.077988
v 50.672726 -17.666588 28.296053
v 51.176075 -17.666588 27.542707
v 50.454651 -18.857843 28.077988
v 49.801373 -18.857843 28.514511
v 50.672726 -17.666588 28.296053
v 49.801373 -18.857843 28.514511
v 49.919384 -17.666588 28.799414
v 50.672726 -17.666588 28.296053
v 49.801373 -18.857843 28.514511
v 49.030746 -18.857843 28.667784
v 49.919384 -17.666588 28.799414
v 49.030746 -18.857843 28.667784
v 49.030746 -17.666588 28.976171
v 49.919384 -17.666588 28.799414
v 49.030746 -18.857843 28.667784
v 48.260143 -18.857843 28.514511
v 49.030746 -17.666588 28.976171
v 48.260143 -18.857843 28.514511
v 48.142128 -17.666588 28.799414
v 49.030746 -17.666588 28.976171
v 48.260143 -18.857843 28.514511
v 47.606846 -18.857843 28.077995
v 48.142128 -17.666588 28.799414
v 47.606846 -18.857843 28.077995
v 47.388786 -17.666588 28.296053
v 48.142128 -17.666588 28.799414
v 47.606846 -18.857843 28.077995
v 47.170341 -18.857843 27.424696
v 47.388786 -17.666588 28.296053
v 47.170341 -18.857843 27.424696
v 46.885422 -17.666588 27.542717
v 47.388786 -17.666588 28.296053
v 47.170341 -18.857843 27.424696
v 47.017048 -18.857843 26.654089
v 46.885422 -17.666588 27.542717
v 47.017048 -18.857843 26.654089
v 46.708664 -17.666588 26.654089
v 46.885422 -17.666588 27.542717
v 47.017048 -18.857843 26.654089
v 47.170326 -18.857843 25.883476
v 46.708664 -17.666588 26.654089
v 47.170326 -18.857843 25.883476
v 46.885422 -17.666588 25.765465
v 46.708664 -17.666588 26.654089
v 25.600853 -18.585306 72.723358
v 24.178865 -10.950877 70.803276
v -24.178865 -10.950877 70.804031
v -25.600853 -18.585306 72.723343
v 25.600853 -18.585306 72.723358
v -24.178865 -10.950877 70.804031
v -25.600853 -18.585306 72.723343
v -24.178865 -10.950877 70.804031
v -27.940922 -10.950877 70.308746
v -29.582806 -18.585306 72.199265
v -25.600853 -18.585306 72.723343
v -27.940922 -10.950877 70.308746
v -29.582806 -18.585306 72.199265
v -27.940922 -10.950877 70.308746
v -31.446602 -10.950877 68.856651
v -33.294163 -18.585306 70.661972
v -29.582806 -18.585306 72.199265
v -31.446602 -10.950877 68.856651
v -33.294163 -18.585306 70.661972
v -31.446602 -10.950877 68.856651
v -34.457001 -10.950877 66.546684
v -36.480713 -18.585306 68.216843
v -33.294163 -18.585306 70.661972
v -34.457001 -10.950877 66.546684
v -36.480713 -18.585306 68.216843
v -34.457001 -10.950877 66.546684
v -36.766964 -10.950877 63.536285
v -38.925842 -18.585306 65.030289
v -36.480713 -18.585306 68.216843
v -36.766964 -10.950877 63.536285
v -40.462910 -18.585306 61.319477
v -38.925842 -18.585306 65.030289
v -36.766964 -10.950877 63.536285
v -38.219067 -10.950877 60.030602
v -40.462910 -18.585306 61.319477
v -36.766964 -10.950877 63.536285
v -40.987217 -18.585306 57.336983
v -40.462910 -18.585306 61.319477
v -38.219067 -10.950877 60.030602
v -38.714352 -10.950877 56.268536
v -40.987217 -18.585306 57.336983
v -38.219067 -10.950877 60.030602
v -40.987217 -18.585306 57.336983
v -38.714352 -10.950877 56.268536
v -38.709747 -10.950877 19.931459
v -40.987217 -18.585306 18.863012
v -40.987217 -18.585306 57.336983
v -38.709747 -10.950877 19.931459
v -40.987217 -18.585306 18.863012
v -38.709747 -10.950877 19.931459
v -38.219067 -10.950877 16.169395
v -40.462910 -18.585306 14.880523
v -40.987217 -18.585306 18.863012
v -38.219067 -10.950877 16.169395
v -40.462910 -18.585306 14.880523
v -38.219067 -10.950877 16.169395
v -36.766964 -10.950877 12.663711
v -38.925842 -18.585306 11.169705
v -40.462910 -18.585306 14.880523
v -36.766964 -10.950877 12.663711
v -36.480713 -18.585306 7.983154
v -38.925842 -18.585306 11.169705
v -36.766964 -10.950877 12.663711
v -34.457001 -10.950877 9.653316
v -36.480713 -18.585306 7.983154
v -36.766964 -10.950877 12.663711
v -33.294163 -18.585306 5.538028
v -36.480713 -18.585306 7.983154
v -34.457001 -10.950877 9.653316
v -31.446602 -10.950877 7.343356
v -33.294163 -18.585306 5.538028
v -34.457001 -10.950877 9.653316
v -29.583347 -18.585306 4.000957
v -33.294163 -18.585306 5.538028
v -31.446602 -10.950877 7.343356
v -27.940922 -10.950877 5.891253
v -29.583347 -18.585306 4.000957
v -31.446602 -10.950877 7.343356
v -25.600853 -18.585306 3.476653
v -29.583347 -18.585306 4.000957
v -27.940922 -10.950877 5.891253
v -24.178865 -10.950877 5.396730
v -25.600853 -18.585306 3.476653
v -27.940922 -10.950877 5.891253
v 45.769089 -17.714815 19.041117
v 45.334057 -17.714815 20.069517
v 46.819328 -17.714815 18.615137
v 45.334057 -17.714815 20.069517
v 51.144630 -17.714815 18.615137
v 46.819328 -17.714815 18.615137
v 45.334057 -17.714815 56.130463
v 51.144630 -17.714815 18.615137
v 45.334057 -17.714815 20.069517
v 52.629913 -17.714815 20.069517
v 51.144630 -17.714815 18.615137
v 45.334057 -17.714815 56.130463
v 52.194885 -17.714815 19.041117
v 51.144630 -17.714815 18.615137
v 52.629913 -17.714815 20.069517
v 45.769089 -17.714815 57.158871
v 52.629913 -17.714815 20.069517
v 45.334057 -17.714815 56.130463
v 46.819328 -17.714815 57.584850
v 52.629913 -17.714815 20.069517
v 45.769089 -17.714815 57.158871
v 52.629913 -17.714815 20.069517
v 46.819328 -17.714815 57.584850
v 52.629913 -17.714815 56.130463
v 52.629913 -17.714815 56.130463
v 46.819328 -17.714815 57.584850
v 51.144630 -17.714815 57.584850
v 52.194885 -17.714815 57.158871
v 52.629913 -17.714815 56.130463
v 51.144630 -17.714815 57.584850
v -50.922691 -18.857843 50.239746
v -50.486172 -18.857843 49.586449
v -51.207596 -17.666588 50.121731
v -50.486172 -18.857843 49.586449
v -50.704224 -17.666588 49.368389
v -51.207596 -17.666588 50.121731
v -50.486172 -18.857843 49.586449
v -49.832874 -18.857843 49.149929
v -50.704224 -17.666588 49.368389
v -49.832874 -18.857843 49.149929
v -49.950890 -17.666588 48.865025
v -50.704224 -17.666588 49.368389
v -49.832874 -18.857843 49.149929
v -49.062271 -18.857843 48.996651
v -49.950890 -17.666588 48.865025
v -49.062271 -18.857843 48.996651
v -49.062271 -17.666588 48.688267
v -49.950890 -17.666588 48.865025
v -49.062271 -18.857843 48.996651
v -48.291645 -18.857843 49.149929
v -49.062271 -17.666588 48.688267
v -48.291645 -18.857843 49.149929
v -48.173645 -17.666588 48.865025
v -49.062271 -17.666588 48.688267
v -48.291645 -18.857843 49.149929
v -47.638355 -18.857843 49.586445
v -48.173645 -17.666588 48.865025
v -47.638355 -18.857843 49.586445
v -47.420292 -17.666588 49.368389
v -48.173645 -17.666588 48.865025
v -47.638355 -18.857843 49.586445
v -47.201843 -18.857843 50.239746
v -47.420292 -17.666588 49.368389
v -47.201843 -18.857843 50.239746
v -46.916939 -17.666588 50.121723
v -47.420292 -17.666588 49.368389
v -47.201843 -18.857843 50.239746
v -47.048565 -18.857843 51.010353
v -46.916939 -17.666588 50.121723
v -47.048565 -18.857843 51.010353
v -46.740181 -17.666588 51.010353
v -46.916939 -17.666588 50.121723
v -47.048565 -18.857843 51.010353
v -47.201843 -18.857843 51.780968
v -46.740181 -17.666588 51.010353
v -47.201843 -18.857843 51.780968
v -46.916939 -17.666588 51.898972
v -46.740181 -17.666588 51.010353
v -47.201843 -18.857843 51.780968
v -47.638355 -18.857843 52.434254
v -46.916939 -17.666588 51.898972
v -47.638355 -18.857843 52.434254
v -47.420292 -17.666588 52.652317
v -46.916939 -17.666588 51.898972
v -47.638355 -18.857843 52.434254
v -48.291645 -18.857843 52.870773
v -47.420292 -17.666588 52.652317
v -48.291645 -18.857843 52.870773
v -48.173634 -17.666588 53.155678
v -47.420292 -17.666588 52.652317
v -48.291645 -18.857843 52.870773
v -49.062271 -18.857843 53.024055
v -48.173634 -17.666588 53.155678
v -49.062271 -18.857843 53.024055
v -49.062271 -17.666588 53.332436
v -48.173634 -17.666588 53.155678
v -49.062271 -18.857843 53.024055
v -49.832874 -18.857843 52.870773
v -49.062271 -17.666588 53.332436
v -49.832874 -18.857843 52.870773
v -49.950890 -17.666588 53.155678
v -49.062271 -17.666588 53.332436
v -49.832874 -18.857843 52.870773
v -50.486172 -18.857843 52.434261
v -49.950890 -17.666588 53.155678
v -50.486172 -18.857843 52.434261
v -50.704224 -17.666588 52.652317
v -49.950890 -17.666588 53.155678
v -50.486172 -18.857843 52.434261
v -50.922676 -18.857843 51.780968
v -50.704224 -17.666588 52.652317
v -50.922676 -18.857843 51.780968
v -51.207596 -17.666588 51.898983
v -50.704224 -17.666588 52.652317
v -50.922676 -18.857843 51.780968
v -51.075970 -18.857843 51.010353
v -51.207596 -17.666588 51.898983
v -51.075970 -18.857843 51.010353
v -51.384354 -17.666588 51.010353
v -51.207596 -17.666588 51.898983
v -51.075970 -18.857843 51.010353
v -50.922691 -18.857843 50.239746
v -51.384354 -17.666588 51.010353
v -50.922691 -18.857843 50.239746
v -51.207596 -17.666588 50.121731
v -51.384354 -17.666588 51.010353
v -48.780334 -19.919851 53.558914
v -49.344208 -19.919851 53.558914
v -48.652435 -17.662689 54.115082
v -49.344208 -19.919851 53.558914
v -49.472111 -17.662689 54.115082
v -48.652435 -17.662689 54.115082
v -48.433601 -17.662689 49.295967
v -49.690952 -17.662689 49.295967
v -48.629879 -19.920858 49.852386
v -49.690952 -17.662689 49.295967
v -49.494652 -19.920858 49.852386
v -48.629879 -19.920858 49.852386
v -49.472111 -17.662689 54.115082
v -49.344208 -19.919851 53.558914
v -49.945927 -17.662689 51.489090
v -49.344208 -19.919851 53.558914
v -49.580132 -19.818335 51.540634
v -49.945927 -17.662689 51.489090
v -49.580132 -19.818335 51.540634
v -49.494652 -19.920858 49.852386
v -49.945927 -17.662689 51.489090
v -49.494652 -19.920858 49.852386
v -49.690952 -17.662689 49.295967
v -49.945927 -17.662689 51.489090
v -48.433601 -17.662689 49.295967
v -48.629879 -19.920858 49.852386
v -48.178608 -17.662689 51.489090
v -48.629879 -19.920858 49.852386
v -48.544399 -19.818335 51.540634
v -48.178608 -17.662689 51.489090
v -48.544399 -19.818335 51.540634
v -48.780334 -19.919851 53.558914
v -48.178608 -17.662689 51.489090
v -48.780334 -19.919851 53.558914
v -48.652435 -17.662689 54.115082
v -48.178608 -17.662689 51.489090
v -49.196579 -20.063702 53.358093
v -48.927963 -20.063702 53.358093
v -48.544399 -19.818335 51.540634
v -49.580132 -19.818335 51.540634
v -49.196579 -20.063702 53.358093
v -48.544399 -19.818335 51.540634
v -48.544399 -19.818335 51.540634
v -48.790237 -20.060833 50.052670
v -49.580132 -19.818335 51.540634
v -48.790237 -20.060833 50.052670
v -49.334305 -20.060833 50.052670
v -49.580132 -19.818335 51.540634
v -49.196579 -20.063702 53.358093
v -49.344208 -19.919851 53.558914
v -48.927963 -20.063702 53.358093
v -49.344208 -19.919851 53.558914
v -48.780334 -19.919851 53.558914
v -48.927963 -20.063702 53.358093
v -49.494652 -19.920858 49.852386
v -49.334305 -20.060833 50.052670
v -48.629879 -19.920858 49.852386
v -49.334305 -20.060833 50.052670
v -48.790237 -20.060833 50.052670
v -48.629879 -19.920858 49.852386
v -52.194901 -17.714815 19.041117
v -52.629925 -17.714815 20.069517
v -51.144657 -17.714815 18.615137
v -52.629925 -17.714815 20.069517
v -46.819359 -17.714815 18.615137
v -51.144657 -17.714815 18.615137
v -52.629925 -17.714815 56.130463
v -46.819359 -17.714815 18.615137
v -52.629925 -17.714815 20.069517
v -45.334072 -17.714815 20.069517
v -46.819359 -17.714815 18.615137
v -52.629925 -17.714815 56.130463
v -45.769104 -17.714815 19.041117
v -46.819359 -17.714815 18.615137
v -45.334072 -17.714815 20.069517
v -52.194901 -17.714815 57.158871
v -45.334072 -17.714815 20.069517
v -52.629925 -17.714815 56.130463
v -51.144657 -17.714815 57.584850
v -45.334072 -17.714815 20.069517
v -52.194901 -17.714815 57.158871
v -45.334072 -17.714815 20.069517
v -51.144657 -17.714815 57.584850
v -45.334072 -17.714815 56.130463
v -45.334072 -17.714815 56.130463
v -51.144657 -17.714815 57.584850
v -46.819359 -17.714815 57.584850
v -45.769104 -17.714815 57.158871
v -45.334072 -17.714815 56.130463
v -46.819359 -17.714815 57.584850
v -45.479446 -19.513853 57.956272
v -45.769104 -17.714815 57.158871
v -46.819359 -17.714815 57.584850
v -46.595551 -19.513853 58.400074
v -45.479446 -19.513853 57.956272
v -46.819359 -17.714815 57.584850
v -46.819359 -17.714815 57.584850
v -51.144657 -17.714815 57.584850
v -46.595551 -19.513853 58.400074
v -51.144657 -17.714815 57.584850
v -51.368462 -19.513853 58.400074
v -46.595551 -19.513853 58.400074
v -51.368462 -19.513853 58.400074
v -51.144657 -17.714815 57.584850
v -52.484547 -19.513853 57.956272
v -51.144657 -17.714815 57.584850
v -52.194901 -17.714815 57.158871
v -52.484547 -19.513853 57.956272
v -52.484547 -19.513853 57.956272
v -52.194901 -17.714815 57.158871
v -52.946850 -19.513853 56.884846
v -52.194901 -17.714815 57.158871
v -52.629925 -17.714815 56.130463
v -52.946850 -19.513853 56.884846
v -52.629925 -17.714815 56.130463
v -52.629925 -17.714815 20.069517
v -52.946850 -19.513853 56.884846
v -52.629925 -17.714815 20.069517
v -52.946850 -19.513853 19.315140
v -52.946850 -19.513853 56.884846
v -52.946850 -19.513853 19.315140
v -52.629925 -17.714815 20.069517
v -52.194901 -17.714815 19.041117
v -52.484547 -19.513853 18.243715
v -52.946850 -19.513853 19.315140
v -52.194901 -17.714815 19.041117
v -52.484547 -19.513853 18.243715
v -52.194901 -17.714815 19.041117
v -51.144657 -17.714815 18.615137
v -51.368462 -19.513853 17.799913
v -52.484547 -19.513853 18.243715
v -51.144657 -17.714815 18.615137
v -51.144657 -17.714815 18.615137
v -46.819359 -17.714815 18.615137
v -51.368462 -19.513853 17.799913
v -46.819359 -17.714815 18.615137
v -46.595551 -19.513853 17.799913
v -51.368462 -19.513853 17.799913
v -46.595551 -19.513853 17.799913
v -46.819359 -17.714815 18.615137
v -45.479446 -19.513853 18.243715
v -46.819359 -17.714815 18.615137
v -45.769104 -17.714815 19.041117
v -45.479446 -19.513853 18.243715
v -45.479446 -19.513853 57.956272
v -45.017155 -19.513853 56.884846
v -45.769104 -17.714815 57.158871
v -45.017155 -19.513853 56.884846
v -45.334072 -17.714815 56.130463
v -45.769104 -17.714815 57.158871
v -45.334072 -17.714815 56.130463
v -45.017155 -19.513853 56.884846
v -45.017155 -19.513853 19.315140
v -45.334072 -17.714815 20.069517
v -45.334072 -17.714815 56.130463
v -45.017155 -19.513853 19.315140
v -45.769104 -17.714815 19.041117
v -45.334072 -17.714815 20.069517
v -45.017155 -19.513853 19.315140
v -45.479446 -19.513853 18.243715
v -45.769104 -17.714815 19.041117
v -45.017155 -19.513853 19.315140
v 56.644806 -17.591385 0.679171
v 56.644806 -17.591385 75.520813
v 56.644806 44.259777 75.520813
v 56.644806 44.259777 0.679168
v 56.644806 -17.591385 0.679171
v 56.644806 44.259777 75.520813
v -55.965637 44.259777 0.000000
v -55.965637 -17.591385 0.000005
v 55.965637 44.259777 0.000000
v -55.965637 -17.591385 0.000005
v 55.965637 -17.591385 0.000005
v 55.965637 44.259777 0.000000
v 56.644806 44.259777 0.679168
v 55.965637 44.259777 0.000000
v 55.965637 -17.591385 0.000005
v 56.644806 -17.591385 0.679171
v 56.644806 44.259777 0.679168
v 55.965637 -17.591385 0.000005
v 55.965637 44.259777 76.199982
v 56.644806 44.259777 75.520813
v 56.644806 -17.591385 75.520813
v 55.965637 -17.591385 76.199982
v 55.965637 44.259777 76.199982
v 56.644806 -17.591385 75.520813
v 55.965637 -17.591385 76.199982
v -55.965637 -17.591385 76.199982
v 55.965637 44.259777 76.199982
v -55.965637 -17.591385 76.199982
v -55.965637 44.259777 76.199982
v 55.965637 44.259777 76.199982
v -56.644806 44.259777 0.679168
v -55.888794 44.848701 0.756013
v -56.644806 44.259777 75.520813
v -55.888794 44.848701 0.756013
v -55.888794 44.848701 75.443970
v -56.644806 44.259777 75.520813
v -55.888794 44.848701 75.443970
v -55.888794 44.848701 0.756013
v -48.749115 47.358711 69.069336
v -55.888794 44.848701 75.443970
v -48.749115 47.358711 69.069336
v 55.888794 44.848701 75.443970
v -55.888794 44.848701 0.756013
v -48.403614 47.358711 3.824455
v -48.749115 47.358711 69.069336
v -55.888794 44.848701 75.443970
v 55.888794 44.848701 75.443970
v -55.965637 44.259777 76.199982
v 55.888794 44.848701 75.443970
v 55.965637 44.259777 76.199982
v -55.965637 44.259777 76.199982
v 48.403614 47.358711 3.824455
v -48.403614 47.358711 3.824455
v -55.888794 44.848701 0.756013
v 55.888794 44.848701 0.756013
v 48.403614 47.358711 3.824455
v -55.888794 44.848701 0.756013
v -48.749115 47.358711 69.069336
v 48.749115 47.358711 69.069336
v 55.888794 44.848701 75.443970
v 55.888794 44.848701 75.443970
v 48.749115 47.358711 69.069336
v 55.888794 44.848701 0.756013
v 48.749115 47.358711 69.069336
v 48.403614 47.358711 3.824455
v 55.888794 44.848701 0.756013
v 55.965637 44.259777 0.000000
v 55.888794 44.848701 0.756013
v -55.888794 44.848701 0.756013
v -55.965637 44.259777 0.000000
v 55.965637 44.259777 0.000000
v -55.888794 44.848701 0.756013
v 56.644806 44.259777 75.520813
v 55.888794 44.848701 75.443970
v 55.888794 44.848701 0.756013
v 56.644806 44.259777 0.679168
v 56.644806 44.259777 75.520813
v 55.888794 44.848701 0.756013
v 50.585289 -19.459999 39.453255
v 49.030746 -19.459999 38.992771
v 50.290741 -19.459999 40.013092
v 49.030746 -19.459999 38.992771
v 50.585289 -19.459999 39.453255
v 50.643181 -19.459999 38.823296
v 50.455585 -19.459999 38.219154
v 49.030746 -19.459999 38.992771
v 50.643181 -19.459999 38.823296
v 49.030746 -19.459999 38.992771
v 50.455585 -19.459999 38.219154
v 50.051071 -19.459999 37.732777
v 49.491234 -19.459999 37.438232
v 49.030746 -19.459999 38.992771
v 50.051071 -19.459999 37.732777
v 49.030746 -19.459999 38.992771
v 49.491234 -19.459999 37.438232
v 48.861279 -19.459999 37.380348
v 48.257126 -19.459999 37.567944
v 49.030746 -19.459999 38.992771
v 48.861279 -19.459999 37.380348
v 49.030746 -19.459999 38.992771
v 48.257126 -19.459999 37.567944
v 47.770767 -19.459999 37.972450
v 49.030746 -19.459999 38.992771
v 49.804367 -19.459999 40.417603
v 50.290741 -19.459999 40.013092
v 47.476219 -19.459999 38.532303
v 49.030746 -19.459999 38.992771
v 47.770767 -19.459999 37.972450
v 49.030746 -19.459999 38.992771
v 47.476219 -19.459999 38.532303
v 47.418335 -19.459999 39.162247
v 47.605927 -19.459999 39.766388
v 49.030746 -19.459999 38.992771
v 47.418335 -19.459999 39.162247
v 49.030746 -19.459999 38.992771
v 47.605927 -19.459999 39.766388
v 48.010422 -19.459999 40.252762
v 48.570282 -19.459999 40.547310
v 49.030746 -19.459999 38.992771
v 48.010422 -19.459999 40.252762
v 49.030746 -19.459999 38.992771
v 48.570282 -19.459999 40.547310
v 49.200222 -19.459999 40.605194
v 49.804367 -19.459999 40.417603
v 49.030746 -19.459999 38.992771
v 49.200222 -19.459999 40.605194
v 47.770767 -19.459999 37.972450
v 47.465813 -19.156246 37.725510
v 47.476219 -19.459999 38.532303
v 47.465813 -19.156246 37.725510
v 47.770767 -19.459999 37.972450
v 48.069889 -19.156246 37.223091
v 47.770767 -19.459999 37.972450
v 48.257126 -19.459999 37.567944
v 48.069889 -19.156246 37.223091
v 48.820267 -19.156246 36.990097
v 48.069889 -19.156246 37.223091
v 48.257126 -19.459999 37.567944
v 48.861279 -19.459999 37.380348
v 48.820267 -19.156246 36.990097
v 48.257126 -19.459999 37.567944
v 49.602684 -19.156246 37.061996
v 48.820267 -19.156246 36.990097
v 48.861279 -19.459999 37.380348
v 49.491234 -19.459999 37.438232
v 49.602684 -19.156246 37.061996
v 48.861279 -19.459999 37.380348
v 50.298019 -19.156246 37.427826
v 49.602684 -19.156246 37.061996
v 49.491234 -19.459999 37.438232
v 50.051071 -19.459999 37.732777
v 50.298019 -19.156246 37.427826
v 49.491234 -19.459999 37.438232
v 50.800434 -19.156246 38.031921
v 50.298019 -19.156246 37.427826
v 50.051071 -19.459999 37.732777
v 50.455585 -19.459999 38.219154
v 50.800434 -19.156246 38.031921
v 50.051071 -19.459999 37.732777
v 47.465813 -19.156246 37.725510
v 47.099983 -19.156246 38.420860
v 47.476219 -19.459999 38.532303
v 51.033428 -19.156246 38.782280
v 50.800434 -19.156246 38.031921
v 50.455585 -19.459999 38.219154
v 50.643181 -19.459999 38.823296
v 51.033428 -19.156246 38.782280
v 50.455585 -19.459999 38.219154
v 50.961529 -19.156246 39.564697
v 51.033428 -19.156246 38.782280
v 50.643181 -19.459999 38.823296
v 50.585289 -19.459999 39.453255
v 50.961529 -19.156246 39.564697
v 50.643181 -19.459999 38.823296
v 50.595684 -19.156246 40.260033
v 50.961529 -19.156246 39.564697
v 50.585289 -19.459999 39.453255
v 50.290741 -19.459999 40.013092
v 50.595684 -19.156246 40.260033
v 50.585289 -19.459999 39.453255
v 49.991608 -19.156246 40.762447
v 50.595684 -19.156246 40.260033
v 50.290741 -19.459999 40.013092
v 49.804367 -19.459999 40.417603
v 49.991608 -19.156246 40.762447
v 50.290741 -19.459999 40.013092
v 49.241241 -19.156246 40.995441
v 49.991608 -19.156246 40.762447
v 49.804367 -19.459999 40.417603
v 47.476219 -19.459999 38.532303
v 47.099983 -19.156246 38.420860
v 47.418335 -19.459999 39.162247
v 49.200222 -19.459999 40.605194
v 49.241241 -19.156246 40.995441
v 49.804367 -19.459999 40.417603
v 48.458828 -19.156246 40.923557
v 49.241241 -19.156246 40.995441
v 49.200222 -19.459999 40.605194
v 48.570282 -19.459999 40.547310
v 48.458828 -19.156246 40.923557
v 49.200222 -19.459999 40.605194
v 47.763489 -19.156246 40.557709
v 48.458828 -19.156246 40.923557
v 48.570282 -19.459999 40.547310
v 48.010422 -19.459999 40.252762
v 47.763489 -19.156246 40.557709
v 48.570282 -19.459999 40.547310
v 47.261078 -19.156246 39.953629
v 47.763489 -19.156246 40.557709
v 48.010422 -19.459999 40.252762
v 47.605927 -19.459999 39.766388
v 47.261078 -19.156246 39.953629
v 48.010422 -19.459999 40.252762
v 47.028072 -19.156246 39.203262
v 47.261078 -19.156246 39.953629
v 47.605927 -19.459999 39.766388
v 47.418335 -19.459999 39.162247
v 47.028072 -19.156246 39.203262
v 47.605927 -19.459999 39.766388
v 47.099983 -19.156246 38.420860
v 47.028072 -19.156246 39.203262
v 47.418335 -19.459999 39.162247
v 50.062035 -19.459999 49.759331
v 49.030750 -19.459999 51.010368
v 50.462276 -19.459999 50.249214
v 49.030750 -19.459999 51.010368
v 50.062035 -19.459999 49.759331
v 49.504772 -19.459999 49.459892
v 48.875362 -19.459999 49.396523
v 49.030750 -19.459999 51.010368
v 49.504772 -19.459999 49.459892
v 49.030750 -19.459999 51.010368
v 48.875362 -19.459999 49.396523
v 48.269592 -19.459999 49.578835
v 47.779724 -19.459999 49.979084
v 49.030750 -19.459999 51.010368
v 48.269592 -19.459999 49.578835
v 49.030750 -19.459999 51.010368
v 47.779724 -19.459999 49.979084
v 47.480293 -19.459999 50.536339
v 47.416916 -19.459999 51.165760
v 49.030750 -19.459999 51.010368
v 47.480293 -19.459999 50.536339
v 49.030750 -19.459999 51.010368
v 47.416916 -19.459999 51.165760
v 47.599224 -19.459999 51.771519
v 49.030750 -19.459999 51.010368
v 50.644596 -19.459999 50.854965
v 50.462276 -19.459999 50.249214
v 47.999489 -19.459999 52.261398
v 49.030750 -19.459999 51.010368
v 47.599224 -19.459999 51.771519
v 49.030750 -19.459999 51.010368
v 47.999489 -19.459999 52.261398
v 48.556728 -19.459999 52.560822
v 49.186153 -19.459999 52.624199
v 49.030750 -19.459999 51.010368
v 48.556728 -19.459999 52.560822
v 49.030750 -19.459999 51.010368
v 49.186153 -19.459999 52.624199
v 49.791908 -19.459999 52.441898
v 50.281796 -19.459999 52.041634
v 49.030750 -19.459999 51.010368
v 49.791908 -19.459999 52.441898
v 49.030750 -19.459999 51.010368
v 50.281796 -19.459999 52.041634
v 50.581223 -19.459999 51.484383
v 50.644596 -19.459999 50.854965
v 49.030750 -19.459999 51.010368
v 50.581223 -19.459999 51.484383
v 47.599224 -19.459999 51.771519
v 47.252758 -19.156246 51.955742
v 47.999489 -19.459999 52.261398
v 47.252758 -19.156246 51.955742
v 47.599224 -19.459999 51.771519
v 47.026314 -19.156246 51.203365
v 47.599224 -19.459999 51.771519
v 47.416916 -19.459999 51.165760
v 47.026314 -19.156246 51.203365
v 47.105042 -19.156246 50.421608
v 47.026314 -19.156246 51.203365
v 47.416916 -19.459999 51.165760
v 47.480293 -19.459999 50.536339
v 47.105042 -19.156246 50.421608
v 47.416916 -19.459999 51.165760
v 47.476940 -19.156246 49.729485
v 47.105042 -19.156246 50.421608
v 47.480293 -19.459999 50.536339
v 47.779724 -19.459999 49.979084
v 47.476940 -19.156246 49.729485
v 47.480293 -19.459999 50.536339
v 48.085377 -19.156246 49.232368
v 47.476940 -19.156246 49.729485
v 47.779724 -19.459999 49.979084
v 48.269592 -19.459999 49.578835
v 48.085377 -19.156246 49.232368
v 47.779724 -19.459999 49.979084
v 48.837761 -19.156246 49.005917
v 48.085377 -19.156246 49.232368
v 48.269592 -19.459999 49.578835
v 48.875362 -19.459999 49.396523
v 48.837761 -19.156246 49.005917
v 48.269592 -19.459999 49.578835
v 47.252758 -19.156246 51.955742
v 47.749893 -19.156246 52.564182
v 47.999489 -19.459999 52.261398
v 49.619503 -19.156246 49.084641
v 48.837761 -19.156246 49.005917
v 48.875362 -19.459999 49.396523
v 49.504772 -19.459999 49.459892
v 49.619503 -19.156246 49.084641
v 48.875362 -19.459999 49.396523
v 50.311626 -19.156246 49.456535
v 49.619503 -19.156246 49.084641
v 49.504772 -19.459999 49.459892
v 50.062035 -19.459999 49.759331
v 50.311626 -19.156246 49.456535
v 49.504772 -19.459999 49.459892
v 50.808743 -19.156246 50.064987
v 50.311626 -19.156246 49.456535
v 50.062035 -19.459999 49.759331
v 50.462276 -19.459999 50.249214
v 50.808743 -19.156246 50.064987
v 50.062035 -19.459999 49.759331
v 51.035187 -19.156246 50.817356
v 50.808743 -19.156246 50.064987
v 50.462276 -19.459999 50.249214
v 50.644596 -19.459999 50.854965
v 51.035187 -19.156246 50.817356
v 50.462276 -19.459999 50.249214
v 50.956470 -19.156246 51.599106
v 51.035187 -19.156246 50.817356
v 50.644596 -19.459999 50.854965
v 47.999489 -19.459999 52.261398
v 47.749893 -19.156246 52.564182
v 48.556728 -19.459999 52.560822
v 50.581223 -19.459999 51.484383
v 50.956470 -19.156246 51.599106
v 50.644596 -19.459999 50.854965
v 50.584591 -19.156246 52.291237
v 50.956470 -19.156246 51.599106
v 50.581223 -19.459999 51.484383
v 50.281796 -19.459999 52.041634
v 50.584591 -19.156246 52.291237
v 50.581223 -19.459999 51.484383
v 49.976124 -19.156246 52.788353
v 50.584591 -19.156246 52.291237
v 50.281796 -19.459999 52.041634
v 49.791908 -19.459999 52.441898
v 49.976124 -19.156246 52.788353
v 50.281796 -19.459999 52.041634
v 49.223766 -19.156246 53.014786
v 49.976124 -19.156246 52.788353
v 49.791908 -19.459999 52.441898
v 49.186153 -19.459999 52.624199
v 49.223766 -19.156246 53.014786
v 49.791908 -19.459999 52.441898
v 48.442009 -19.156246 52.936081
v 49.223766 -19.156246 53.014786
v 49.186153 -19.459999 52.624199
v 48.556728 -19.459999 52.560822
v 48.442009 -19.156246 52.936081
v 49.186153 -19.459999 52.624199
v 47.749893 -19.156246 52.564182
v 48.442009 -19.156246 52.936081
v 48.556728 -19.459999 52.560822
v -47.533958 -19.161596 25.675619
v -49.062271 -19.161596 25.134411
v -47.857407 -19.161596 26.219275
v -49.062271 -19.161596 25.134411
v -47.533958 -19.161596 25.675619
v -47.443172 -19.161596 25.049561
v -47.598900 -19.161596 24.436428
v -49.062271 -19.161596 25.134411
v -47.443172 -19.161596 25.049561
v -49.062271 -19.161596 25.134411
v -47.598900 -19.161596 24.436428
v -47.977402 -19.161596 23.929543
v -48.521065 -19.161596 23.606110
v -49.062271 -19.161596 25.134411
v -47.977402 -19.161596 23.929543
v -49.062271 -19.161596 25.134411
v -48.521065 -19.161596 23.606110
v -49.147110 -19.161596 23.515329
v -49.760262 -19.161596 23.671047
v -49.062271 -19.161596 25.134411
v -49.147110 -19.161596 23.515329
v -49.062271 -19.161596 25.134411
v -49.760262 -19.161596 23.671047
v -50.267128 -19.161596 24.049543
v -49.062271 -19.161596 25.134411
v -48.364281 -19.161596 26.597780
v -47.857407 -19.161596 26.219275
v -50.590569 -19.161596 24.593216
v -49.062271 -19.161596 25.134411
v -50.267128 -19.161596 24.049543
v -49.062271 -19.161596 25.134411
v -50.590569 -19.161596 24.593216
v -50.681347 -19.161596 25.219265
v -50.525627 -19.161596 25.832401
v -49.062271 -19.161596 25.134411
v -50.681347 -19.161596 25.219265
v -49.062271 -19.161596 25.134411
v -50.525627 -19.161596 25.832401
v -50.147133 -19.161596 26.339279
v -49.603462 -19.161596 26.662720
v -49.062271 -19.161596 25.134411
v -50.147133 -19.161596 26.339279
v -49.062271 -19.161596 25.134411
v -49.603462 -19.161596 26.662720
v -48.977406 -19.161596 26.753498
v -48.364281 -19.161596 26.597780
v -49.062271 -19.161596 25.134411
v -48.977406 -19.161596 26.753498
v -50.267128 -19.161596 24.049543
v -50.558739 -18.857843 23.786983
v -50.590569 -19.161596 24.593216
v -50.558739 -18.857843 23.786983
v -50.267128 -19.161596 24.049543
v -49.929192 -18.857843 23.316872
v -50.267128 -19.161596 24.049543
v -49.760262 -19.161596 23.671047
v -49.929192 -18.857843 23.316872
v -49.167656 -18.857843 23.123463
v -49.929192 -18.857843 23.316872
v -49.760262 -19.161596 23.671047
v -49.147110 -19.161596 23.515329
v -49.167656 -18.857843 23.123463
v -49.760262 -19.161596 23.671047
v -48.390068 -18.857843 23.236210
v -49.167656 -18.857843 23.123463
v -49.147110 -19.161596 23.515329
v -48.521065 -19.161596 23.606110
v -48.390068 -18.857843 23.236210
v -49.147110 -19.161596 23.515329
v -47.714832 -18.857843 23.637934
v -48.390068 -18.857843 23.236210
v -48.521065 -19.161596 23.606110
v -47.977402 -19.161596 23.929543
v -47.714832 -18.857843 23.637934
v -48.521065 -19.161596 23.606110
v -47.244713 -18.857843 24.267496
v -47.714832 -18.857843 23.637934
v -47.977402 -19.161596 23.929543
v -47.598900 -19.161596 24.436428
v -47.244713 -18.857843 24.267496
v -47.977402 -19.161596 23.929543
v -50.558739 -18.857843 23.786983
v -50.960453 -18.857843 24.462234
v -50.590569 -19.161596 24.593216
v -47.051308 -18.857843 25.029022
v -47.244713 -18.857843 24.267496
v -47.598900 -19.161596 24.436428
v -47.443172 -19.161596 25.049561
v -47.051308 -18.857843 25.029022
v -47.598900 -19.161596 24.436428
v -47.164062 -18.857843 25.806604
v -47.051308 -18.857843 25.029022
v -47.443172 -19.161596 25.049561
v -47.533958 -19.161596 25.675619
v -47.164062 -18.857843 25.806604
v -47.443172 -19.161596 25.049561
v -47.565804 -18.857843 26.481840
v -47.164062 -18.857843 25.806604
v -47.533958 -19.161596 25.675619
v -47.857407 -19.161596 26.219275
v -47.565804 -18.857843 26.481840
v -47.533958 -19.161596 25.675619
v -48.195343 -18.857843 26.951956
v -47.565804 -18.857843 26.481840
v -47.857407 -19.161596 26.219275
v -48.364281 -19.161596 26.597780
v -48.195343 -18.857843 26.951956
v -47.857407 -19.161596 26.219275
v -48.956871 -18.857843 27.145359
v -48.195343 -18.857843 26.951956
v -48.364281 -19.161596 26.597780
v -50.590569 -19.161596 24.593216
v -50.960453 -18.857843 24.462234
v -50.681347 -19.161596 25.219265
v -48.977406 -19.161596 26.753498
v -48.956871 -18.857843 27.145359
v -48.364281 -19.161596 26.597780
v -49.734444 -18.857843 27.032618
v -48.956871 -18.857843 27.145359
v -48.977406 -19.161596 26.753498
v -49.603462 -19.161596 26.662720
v -49.734444 -18.857843 27.032618
v -48.977406 -19.161596 26.753498
v -50.409698 -18.857843 26.630882
v -49.734444 -18.857843 27.032618
v -49.603462 -19.161596 26.662720
v -50.147133 -19.161596 26.339279
v -50.409698 -18.857843 26.630882
v -49.603462 -19.161596 26.662720
v -50.879807 -18.857843 26.001333
v -50.409698 -18.857843 26.630882
v -50.147133 -19.161596 26.339279
v -50.525627 -19.161596 25.832401
v -50.879807 -18.857843 26.001333
v -50.147133 -19.161596 26.339279
v -51.073208 -18.857843 25.239799
v -50.879807 -18.857843 26.001333
v -50.525627 -19.161596 25.832401
v -50.681347 -19.161596 25.219265
v -51.073208 -18.857843 25.239799
v -50.525627 -19.161596 25.832401
v -50.960453 -18.857843 24.462234
v -51.073208 -18.857843 25.239799
v -50.681347 -19.161596 25.219265
v -50.049259 -19.161596 35.667870
v -49.062260 -19.161596 34.381607
v -50.466351 -19.161596 35.192253
v -49.062260 -19.161596 34.381607
v -50.049259 -19.161596 35.667870
v -49.481892 -19.161596 35.947678
v -48.850651 -19.161596 35.989044
v -49.062260 -19.161596 34.381607
v -49.481892 -19.161596 35.947678
v -49.062260 -19.161596 34.381607
v -48.850651 -19.161596 35.989044
v -48.251602 -19.161596 35.785709
v -47.776001 -19.161596 35.368599
v -49.062260 -19.161596 34.381607
v -48.251602 -19.161596 35.785709
v -49.062260 -19.161596 34.381607
v -47.776001 -19.161596 35.368599
v -47.496208 -19.161596 34.801231
v -47.454830 -19.161596 34.169975
v -49.062260 -19.161596 34.381607
v -47.496208 -19.161596 34.801231
v -49.062260 -19.161596 34.381607
v -47.454830 -19.161596 34.169975
v -47.658173 -19.161596 33.570950
v -49.062260 -19.161596 34.381607
v -50.669701 -19.161596 34.593231
v -50.466351 -19.161596 35.192253
v -48.075287 -19.161596 33.095345
v -49.062260 -19.161596 34.381607
v -47.658173 -19.161596 33.570950
v -49.062260 -19.161596 34.381607
v -48.075287 -19.161596 33.095345
v -48.642639 -19.161596 32.815552
v -49.273891 -19.161596 32.774185
v -49.062260 -19.161596 34.381607
v -48.642639 -19.161596 32.815552
v -49.062260 -19.161596 34.381607
v -49.273891 -19.161596 32.774185
v -49.872913 -19.161596 32.977509
v -50.348534 -19.161596 33.394630
v -49.062260 -19.161596 34.381607
v -49.872913 -19.161596 32.977509
v -49.062260 -19.161596 34.381607
v -50.348534 -19.161596 33.394630
v -50.628330 -19.161596 33.961983
v -50.669701 -19.161596 34.593231
v -49.062260 -19.161596 34.381607
v -50.628330 -19.161596 33.961983
v -47.658173 -19.161596 33.570950
v -47.318352 -18.857843 33.374756
v -48.075287 -19.161596 33.095345
v -47.318352 -18.857843 33.374756
v -47.658173 -19.161596 33.570950
v -47.065788 -18.857843 34.118759
v -47.658173 -19.161596 33.570950
v -47.454830 -19.161596 34.169975
v -47.065788 -18.857843 34.118759
v -47.117176 -18.857843 34.902794
v -47.065788 -18.857843 34.118759
v -47.454830 -19.161596 34.169975
v -47.496208 -19.161596 34.801231
v -47.117176 -18.857843 34.902794
v -47.454830 -19.161596 34.169975
v -47.464684 -18.857843 35.607475
v -47.117176 -18.857843 34.902794
v -47.496208 -19.161596 34.801231
v -47.776001 -19.161596 35.368599
v -47.464684 -18.857843 35.607475
v -47.496208 -19.161596 34.801231
v -48.055412 -18.857843 36.125530
v -47.464684 -18.857843 35.607475
v -47.776001 -19.161596 35.368599
v -48.251602 -19.161596 35.785709
v -48.055412 -18.857843 36.125530
v -47.776001 -19.161596 35.368599
v -48.799435 -18.857843 36.378090
v -48.055412 -18.857843 36.125530
v -48.251602 -19.161596 35.785709
v -48.850651 -19.161596 35.989044
v -48.799435 -18.857843 36.378090
v -48.251602 -19.161596 35.785709
v -47.318352 -18.857843 33.374756
v -47.836411 -18.857843 32.784035
v -48.075287 -19.161596 33.095345
v -49.583450 -18.857843 36.326706
v -48.799435 -18.857843 36.378090
v -48.850651 -19.161596 35.989044
v -49.481892 -19.161596 35.947678
v -49.583450 -18.857843 36.326706
v -48.850651 -19.161596 35.989044
v -50.288136 -18.857843 35.979187
v -49.583450 -18.857843 36.326706
v -49.481892 -19.161596 35.947678
v -50.049259 -19.161596 35.667870
v -50.288136 -18.857843 35.979187
v -49.481892 -19.161596 35.947678
v -50.806183 -18.857843 35.388458
v -50.288136 -18.857843 35.979187
v -50.049259 -19.161596 35.667870
v -50.466351 -19.161596 35.192253
v -50.806183 -18.857843 35.388458
v -50.049259 -19.161596 35.667870
v -51.058746 -18.857843 34.644455
v -50.806183 -18.857843 35.388458
v -50.466351 -19.161596 35.192253
v -50.669701 -19.161596 34.593231
v -51.058746 -18.857843 34.644455
v -50.466351 -19.161596 35.192253
v -51.007355 -18.857843 33.860428
v -51.058746 -18.857843 34.644455
v -50.669701 -19.161596 34.593231
v -48.075287 -19.161596 33.095345
v -47.836411 -18.857843 32.784035
v -48.642639 -19.161596 32.815552
v -50.628330 -19.161596 33.961983
v -51.007355 -18.857843 33.860428
v -50.669701 -19.161596 34.593231
v -50.659859 -18.857843 33.155746
v -51.007355 -18.857843 33.860428
v -50.628330 -19.161596 33.961983
v -50.348534 -19.161596 33.394630
v -50.659859 -18.857843 33.155746
v -50.628330 -19.161596 33.961983
v -50.069107 -18.857843 32.637695
v -50.659859 -18.857843 33.155746
v -50.348534 -19.161596 33.394630
v -49.872913 -19.161596 32.977509
v -50.069107 -18.857843 32.637695
v -50.348534 -19.161596 33.394630
v -49.325108 -18.857843 32.385128
v -50.069107 -18.857843 32.637695
v -49.872913 -19.161596 32.977509
v -49.273891 -19.161596 32.774185
v -49.325108 -18.857843 32.385128
v -49.872913 -19.161596 32.977509
v -48.541080 -18.857843 32.436516
v -49.325108 -18.857843 32.385128
v -49.273891 -19.161596 32.774185
v -48.642639 -19.161596 32.815552
v -48.541080 -18.857843 32.436516
v -49.273891 -19.161596 32.774185
v -47.836411 -18.857843 32.784035
v -48.541080 -18.857843 32.436516
v -48.642639 -19.161596 32.815552
v -48.628990 -19.161596 40.849754
v -49.062271 -19.161596 42.412094
v -48.064095 -19.161596 41.134491
v -49.062271 -19.161596 42.412094
v -48.628990 -19.161596 40.849754
v -49.259861 -19.161596 40.802864
v -49.860634 -19.161596 41.000977
v -49.062271 -19.161596 42.412094
v -49.259861 -19.161596 40.802864
v -49.062271 -19.161596 42.412094
v -49.860634 -19.161596 41.000977
v -50.339882 -19.161596 41.413914
v -50.624603 -19.161596 41.978813
v -49.062271 -19.161596 42.412094
v -50.339882 -19.161596 41.413914
v -49.062271 -19.161596 42.412094
v -50.624603 -19.161596 41.978813
v -50.671486 -19.161596 42.609680
v -50.473377 -19.161596 43.210457
v -49.062271 -19.161596 42.412094
v -50.671486 -19.161596 42.609680
v -49.062271 -19.161596 42.412094
v -50.473377 -19.161596 43.210457
v -50.060440 -19.161596 43.689697
v -49.062271 -19.161596 42.412094
v -47.651161 -19.161596 41.613724
v -48.064095 -19.161596 41.134491
v -49.495541 -19.161596 43.974426
v -49.062271 -19.161596 42.412094
v -50.060440 -19.161596 43.689697
v -49.062271 -19.161596 42.412094
v -49.495541 -19.161596 43.974426
v -48.864685 -19.161596 44.021309
v -48.263901 -19.161596 43.823196
v -49.062271 -19.161596 42.412094
v -48.864685 -19.161596 44.021309
v -49.062271 -19.161596 42.412094
v -48.263901 -19.161596 43.823196
v -47.784660 -19.161596 43.410271
v -47.499928 -19.161596 42.845348
v -49.062271 -19.161596 42.412094
v -47.784660 -19.161596 43.410271
v -49.062271 -19.161596 42.412094
v -47.499928 -19.161596 42.845348
v -47.453049 -19.161596 42.214504
v -47.651161 -19.161596 41.613724
v -49.062271 -19.161596 42.412094
v -47.453049 -19.161596 42.214504
v -50.060440 -19.161596 43.689697
v -50.302025 -18.857843 43.998909
v -49.495541 -19.161596 43.974426
v -50.302025 -18.857843 43.998909
v -50.060440 -19.161596 43.689697
v -50.814911 -18.857843 43.403687
v -50.060440 -19.161596 43.689697
v -50.473377 -19.161596 43.210457
v -50.814911 -18.857843 43.403687
v -51.060966 -18.857843 42.657494
v -50.814911 -18.857843 43.403687
v -50.473377 -19.161596 43.210457
v -50.671486 -19.161596 42.609680
v -51.060966 -18.857843 42.657494
v -50.473377 -19.161596 43.210457
v -51.002728 -18.857843 41.873947
v -51.060966 -18.857843 42.657494
v -50.671486 -19.161596 42.609680
v -50.624603 -19.161596 41.978813
v -51.002728 -18.857843 41.873947
v -50.671486 -19.161596 42.609680
v -50.649094 -18.857843 41.172325
v -51.002728 -18.857843 41.873947
v -50.624603 -19.161596 41.978813
v -50.339882 -19.161596 41.413914
v -50.649094 -18.857843 41.172325
v -50.624603 -19.161596 41.978813
v -50.053852 -18.857843 40.659435
v -50.649094 -18.857843 41.172325
v -50.339882 -19.161596 41.413914
v -49.860634 -19.161596 41.000977
v -50.053852 -18.857843 40.659435
v -50.339882 -19.161596 41.413914
v -50.302025 -18.857843 43.998909
v -49.600403 -18.857843 44.352543
v -49.495541 -19.161596 43.974426
v -49.307678 -18.857843 40.413391
v -50.053852 -18.857843 40.659435
v -49.860634 -19.161596 41.000977
v -49.259861 -19.161596 40.802864
v -49.307678 -18.857843 40.413391
v -49.860634 -19.161596 41.000977
v -48.524124 -18.857843 40.471619
v -49.307678 -18.857843 40.413391
v -49.259861 -19.161596 40.802864
v -48.628990 -19.161596 40.849754
v -48.524124 -18.857843 40.471619
v -49.259861 -19.161596 40.802864
v -47.822510 -18.857843 40.825268
v -48.524124 -18.857843 40.471619
v -48.628990 -19.161596 40.849754
v -48.064095 -19.161596 41.134491
v -47.822510 -18.857843 40.825268
v -48.628990 -19.161596 40.849754
v -47.309631 -18.857843 41.420494
v -47.822510 -18.857843 40.825268
v -48.064095 -19.161596 41.134491
v -47.651161 -19.161596 41.613724
v -47.309631 -18.857843 41.420494
v -48.064095 -19.161596 41.134491
v -47.063576 -18.857843 42.166664
v -47.309631 -18.857843 41.420494
v -47.651161 -19.161596 41.613724
v -49.495541 -19.161596 43.974426
v -49.600403 -18.857843 44.352543
v -48.864685 -19.161596 44.021309
v -47.453049 -19.161596 42.214504
v -47.063576 -18.857843 42.166664
v -47.651161 -19.161596 41.613724
v -47.121792 -18.857843 42.950226
v -47.063576 -18.857843 42.166664
v -47.453049 -19.161596 42.214504
v -47.499928 -19.161596 42.845348
v -47.121792 -18.857843 42.950226
v -47.453049 -19.161596 42.214504
v -47.475452 -18.857843 43.651855
v -47.121792 -18.857843 42.950226
v -47.499928 -19.161596 42.845348
v -47.784660 -19.161596 43.410271
v -47.475452 -18.857843 43.651855
v -47.499928 -19.161596 42.845348
v -48.070671 -18.857843 44.164726
v -47.475452 -18.857843 43.651855
v -47.784660 -19.161596 43.410271
v -48.263901 -19.161596 43.823196
v -48.070671 -18.857843 44.164726
v -47.784660 -19.161596 43.410271
v -48.816849 -18.857843 44.410782
v -48.070671 -18.857843 44.164726
v -48.263901 -19.161596 43.823196
v -48.864685 -19.161596 44.021309
v -48.816849 -18.857843 44.410782
v -48.263901 -19.161596 43.823196
v -49.600403 -18.857843 44.352543
v -48.816849 -18.857843 44.410782
v -48.864685 -19.161596 44.021309
v 47.057365 52.839634 66.346283
v 46.175732 53.419647 66.465446
v 47.070415 52.804527 5.867862
v 46.175732 53.419647 66.465446
v 47.057365 52.839634 66.346283
v 46.020615 52.840237 67.382805
v 46.175732 53.419647 66.465446
v 46.020615 52.840237 67.382805
v -46.020615 52.840237 67.382805
v -46.175732 53.419647 66.465446
v 46.175732 53.419647 66.465446
v -46.020615 52.840237 67.382805
v 46.175732 53.419647 66.465446
v 46.175732 53.419655 5.650309
v 47.070415 52.804527 5.867862
v -46.175732 53.419647 66.465446
v -46.175732 53.419655 5.650309
v 46.175732 53.419647 66.465446
v -46.175732 53.419655 5.650309
v 46.175732 53.419655 5.650309
v 46.175732 53.419647 66.465446
v 46.175732 53.419655 5.650309
v 46.034119 52.803921 4.831339
v 47.070415 52.804527 5.867862
v 46.034119 52.803921 4.831339
v 46.175732 53.419655 5.650309
v -46.175732 53.419655 5.650309
v -46.175732 53.419647 66.465446
v -46.020615 52.840237 67.382805
v -47.057365 52.839634 66.346283
v -46.175732 53.419655 5.650309
v -46.175732 53.419647 66.465446
v -47.070415 52.804527 5.867862
v -46.175732 53.419647 66.465446
v -47.057365 52.839634 66.346283
v -47.070415 52.804527 5.867862
v -46.034119 52.803921 4.831339
v 46.034119 52.803921 4.831339
v -46.175732 53.419655 5.650309
v -46.175732 53.419655 5.650309
v -47.070415 52.804527 5.867862
v -46.034119 52.803921 4.831339
v 50.210400 -19.607185 26.165466
v 49.030746 -19.389069 26.654089
v 50.307587 -19.607185 26.654089
v 49.030746 -19.389069 26.654089
v 50.210400 -19.607185 26.165466
v 49.933617 -19.607185 25.751221
v 49.519379 -19.607185 25.474440
v 49.030746 -19.389069 26.654089
v 49.933617 -19.607185 25.751221
v 49.030746 -19.389069 26.654089
v 49.519379 -19.607185 25.474440
v 49.030746 -19.607185 25.377241
v 48.542122 -19.607185 25.474440
v 49.030746 -19.389069 26.654089
v 49.030746 -19.607185 25.377241
v 49.030746 -19.389069 26.654089
v 48.542122 -19.607185 25.474440
v 48.127884 -19.607185 25.751228
v 47.851093 -19.607185 26.165466
v 49.030746 -19.389069 26.654089
v 48.127884 -19.607185 25.751228
v 49.030746 -19.389069 26.654089
v 47.851093 -19.607185 26.165466
v 47.753906 -19.607185 26.654089
v 49.030746 -19.389069 26.654089
v 50.210400 -19.607185 27.142717
v 50.307587 -19.607185 26.654089
v 47.851109 -19.607185 27.142717
v 49.030746 -19.389069 26.654089
v 47.753906 -19.607185 26.654089
v 49.030746 -19.389069 26.654089
v 47.851109 -19.607185 27.142717
v 48.127884 -19.607185 27.556953
v 48.542122 -19.607185 27.833729
v 49.030746 -19.389069 26.654089
v 48.127884 -19.607185 27.556953
v 49.030746 -19.389069 26.654089
v 48.542122 -19.607185 27.833729
v 49.030746 -19.607185 27.930925
v 49.519379 -19.607185 27.833729
v 49.030746 -19.389069 26.654089
v 49.030746 -19.607185 27.930925
v 49.030746 -19.389069 26.654089
v 49.519379 -19.607185 27.833729
v 49.933617 -19.607185 27.556953
v 50.210400 -19.607185 27.142717
v 49.030746 -19.389069 26.654089
v 49.933617 -19.607185 27.556953
v 47.409439 -19.161596 26.654089
v 47.017048 -18.857843 26.654089
v 47.532867 -19.161596 27.274538
v 47.017048 -18.857843 26.654089
v 47.409439 -19.161596 26.654089
v 47.170326 -18.857843 25.883476
v 47.409439 -19.161596 26.654089
v 47.532852 -19.161596 26.033646
v 47.170326 -18.857843 25.883476
v 47.606846 -18.857843 25.230179
v 47.170326 -18.857843 25.883476
v 47.532852 -19.161596 26.033646
v 47.884315 -19.161596 25.507652
v 47.606846 -18.857843 25.230179
v 47.532852 -19.161596 26.033646
v 48.260143 -18.857843 24.793663
v 47.606846 -18.857843 25.230179
v 47.884315 -19.161596 25.507652
v 48.410309 -19.161596 25.156197
v 48.260143 -18.857843 24.793663
v 47.884315 -19.161596 25.507652
v 49.030746 -18.857843 24.640381
v 48.260143 -18.857843 24.793663
v 48.410309 -19.161596 25.156197
v 49.030746 -19.161596 25.032776
v 49.030746 -18.857843 24.640381
v 48.410309 -19.161596 25.156197
v 49.801373 -18.857843 24.793663
v 49.030746 -18.857843 24.640381
v 49.030746 -19.161596 25.032776
v 49.651203 -19.161596 25.156197
v 49.801373 -18.857843 24.793663
v 49.030746 -19.161596 25.032776
v 47.017048 -18.857843 26.654089
v 47.170341 -18.857843 27.424696
v 47.532867 -19.161596 27.274538
v 50.454651 -18.857843 25.230179
v 49.801373 -18.857843 24.793663
v 49.651203 -19.161596 25.156197
v 50.177189 -19.161596 25.507643
v 50.454651 -18.857843 25.230179
v 49.651203 -19.161596 25.156197
v 50.891174 -18.857843 25.883476
v 50.454651 -18.857843 25.230179
v 50.177189 -19.161596 25.507643
v 50.528641 -19.161596 26.033646
v 50.891174 -18.857843 25.883476
v 50.177189 -19.161596 25.507643
v 51.044445 -18.857843 26.654089
v 50.891174 -18.857843 25.883476
v 50.528641 -19.161596 26.033646
v 50.652042 -19.161596 26.654089
v 51.044445 -18.857843 26.654089
v 50.528641 -19.161596 26.033646
v 50.891174 -18.857843 27.424696
v 51.044445 -18.857843 26.654089
v 50.652042 -19.161596 26.654089
v 50.528641 -19.161596 27.274538
v 50.891174 -18.857843 27.424696
v 50.652042 -19.161596 26.654089
v 50.454651 -18.857843 28.077988
v 50.891174 -18.857843 27.424696
v 50.528641 -19.161596 27.274538
v 47.532867 -19.161596 27.274538
v 47.170341 -18.857843 27.424696
v 47.884315 -19.161596 27.800522
v 50.177189 -19.161596 27.800522
v 50.454651 -18.857843 28.077988
v 50.528641 -19.161596 27.274538
v 49.801373 -18.857843 28.514511
v 50.454651 -18.857843 28.077988
v 50.177189 -19.161596 27.800522
v 49.651203 -19.161596 28.151970
v 49.801373 -18.857843 28.514511
v 50.177189 -19.161596 27.800522
v 49.030746 -18.857843 28.667784
v 49.801373 -18.857843 28.514511
v 49.651203 -19.161596 28.151970
v 49.030746 -19.161596 28.275400
v 49.030746 -18.857843 28.667784
v 49.651203 -19.161596 28.151970
v 48.260143 -18.857843 28.514511
v 49.030746 -18.857843 28.667784
v 49.030746 -19.161596 28.275400
v 48.410309 -19.161596 28.151970
v 48.260143 -18.857843 28.514511
v 49.030746 -19.161596 28.275400
v 47.606846 -18.857843 28.077995
v 48.260143 -18.857843 28.514511
v 48.410309 -19.161596 28.151970
v 47.884315 -19.161596 27.800522
v 47.606846 -18.857843 28.077995
v 48.410309 -19.161596 28.151970
v 47.170341 -18.857843 27.424696
v 47.606846 -18.857843 28.077995
v 47.884315 -19.161596 27.800522
v 47.409439 -19.161596 26.654089
v 47.753906 -19.607185 26.654089
v 47.532852 -19.161596 26.033646
v 47.851109 -19.607185 27.142717
v 47.753906 -19.607185 26.654089
v 47.409439 -19.161596 26.654089
v 47.532867 -19.161596 27.274538
v 47.851109 -19.607185 27.142717
v 47.409439 -19.161596 26.654089
v 48.127884 -19.607185 27.556953
v 47.851109 -19.607185 27.142717
v 47.532867 -19.161596 27.274538
v 47.884315 -19.161596 27.800522
v 48.127884 -19.607185 27.556953
v 47.532867 -19.161596 27.274538
v 48.542122 -19.607185 27.833729
v 48.127884 -19.607185 27.556953
v 47.884315 -19.161596 27.800522
v 48.410309 -19.161596 28.151970
v 48.542122 -19.607185 27.833729
v 47.884315 -19.161596 27.800522
v 49.030746 -19.607185 27.930925
v 48.542122 -19.607185 27.833729
v 48.410309 -19.161596 28.151970
v 49.030746 -19.161596 28.275400
v 49.030746 -19.607185 27.930925
v 48.410309 -19.161596 28.151970
v 49.519379 -19.607185 27.833729
v 49.030746 -19.607185 27.930925
v 49.030746 -19.161596 28.275400
v 49.651203 -19.161596 28.151970
v 49.519379 -19.607185 27.833729
v 49.030746 -19.161596 28.275400
v 47.753906 -19.607185 26.654089
v 47.851093 -19.607185 26.165466
v 47.532852 -19.161596 26.033646
v 49.933617 -19.607185 27.556953
v 49.519379 -19.607185 27.833729
v 49.651203 -19.161596 28.151970
v 50.177189 -19.161596 27.800522
v 49.933617 -19.607185 27.556953
v 49.651203 -19.161596 28.151970
v 50.210400 -19.607185 27.142717
v 49.933617 -19.607185 27.556953
v 50.177189 -19.161596 27.800522
v 50.528641 -19.161596 27.274538
v 50.210400 -19.607185 27.142717
v 50.177189 -19.161596 27.800522
v 50.307587 -19.607185 26.654089
v 50.210400 -19.607185 27.142717
v 50.528641 -19.161596 27.274538
v 50.652042 -19.161596 26.654089
v 50.307587 -19.607185 26.654089
v 50.528641 -19.161596 27.274538
v 50.210400 -19.607185 26.165466
v 50.307587 -19.607185 26.654089
v 50.652042 -19.161596 26.654089
v 50.528641 -19.161596 26.033646
v 50.210400 -19.607185 26.165466
v 50.652042 -19.161596 26.654089
v 49.933617 -19.607185 25.751221
v 50.210400 -19.607185 26.165466
v 50.528641 -19.161596 26.033646
v 47.532852 -19.161596 26.033646
v 47.851093 -19.607185 26.165466
v 47.884315 -19.161596 25.507652
v 50.177189 -19.161596 25.507643
v 49.933617 -19.607185 25.751221
v 50.528641 -19.161596 26.033646
v 49.519379 -19.607185 25.474440
v 49.933617 -19.607185 25.751221
v 50.177189 -19.161596 25.507643
v 49.651203 -19.161596 25.156197
v 49.519379 -19.607185 25.474440
v 50.177189 -19.161596 25.507643
v 49.030746 -19.607185 25.377241
v 49.519379 -19.607185 25.474440
v 49.651203 -19.161596 25.156197
v 49.030746 -19.161596 25.032776
v 49.030746 -19.607185 25.377241
v 49.651203 -19.161596 25.156197
v 48.542122 -19.607185 25.474440
v 49.030746 -19.607185 25.377241
v 49.030746 -19.161596 25.032776
v 48.410309 -19.161596 25.156197
v 48.542122 -19.607185 25.474440
v 49.030746 -19.161596 25.032776
v 48.127884 -19.607185 25.751228
v 48.542122 -19.607185 25.474440
v 48.410309 -19.161596 25.156197
v 47.884315 -19.161596 25.507652
v 48.127884 -19.607185 25.751228
v 48.410309 -19.161596 25.156197
v 47.851093 -19.607185 26.165466
v 48.127884 -19.607185 25.751228
v 47.884315 -19.161596 25.507652
v 53.813492 -18.586147 13.174698
v 53.298290 -19.513853 13.987282
v 54.352425 -18.586147 14.001451
v 52.490704 -19.513853 13.448344
v 53.298290 -19.513853 13.987282
v 53.813492 -18.586147 13.174698
v 53.063389 -18.586147 12.635763
v 52.490704 -19.513853 13.448344
v 53.813492 -18.586147 13.174698
v 52.490704 -19.513853 13.448344
v 53.063389 -18.586147 12.635763
v 45.473286 -19.513853 13.448344
v 53.063389 -18.586147 12.635763
v 44.900574 -18.586147 12.635763
v 45.473286 -19.513853 13.448344
v 44.900574 -18.586147 12.635763
v 44.150486 -18.586147 13.174698
v 45.473286 -19.513853 13.448344
v 44.150486 -18.586147 13.174698
v 44.665684 -19.513853 13.987282
v 45.473286 -19.513853 13.448344
v 44.150486 -18.586147 13.174698
v 43.611557 -18.586147 14.001451
v 44.665684 -19.513853 13.987282
v 53.298290 -19.513853 13.987282
v 53.837223 -19.513853 14.830348
v 54.352425 -18.586147 14.001451
v 43.611557 -18.586147 14.001451
v 44.126755 -19.513853 14.830348
v 44.665684 -19.513853 13.987282
v 44.126755 -19.513853 14.830348
v 43.611557 -18.586147 14.001451
v 44.126755 -19.513853 61.369648
v 43.611557 -18.586147 14.001451
v 43.611557 -18.586147 62.198532
v 44.126755 -19.513853 61.369648
v 44.665684 -19.513853 62.212708
v 44.126755 -19.513853 61.369648
v 43.611557 -18.586147 62.198532
v 44.150486 -18.586147 63.025284
v 44.665684 -19.513853 62.212708
v 43.611557 -18.586147 62.198532
v 45.473286 -19.513853 62.751644
v 44.665684 -19.513853 62.212708
v 44.150486 -18.586147 63.025284
v 44.900574 -18.586147 63.564220
v 45.473286 -19.513853 62.751644
v 44.150486 -18.586147 63.025284
v 54.352425 -18.586147 62.198532
v 54.352425 -18.586147 14.001451
v 53.837223 -19.513853 14.830348
v 45.473286 -19.513853 62.751644
v 44.900574 -18.586147 63.564220
v 52.490704 -19.513853 62.751644
v 44.900574 -18.586147 63.564220
v 53.063389 -18.586147 63.564220
v 52.490704 -19.513853 62.751644
v 53.063389 -18.586147 63.564220
v 53.813492 -18.586147 63.025284
v 52.490704 -19.513853 62.751644
v 53.813492 -18.586147 63.025284
v 53.298290 -19.513853 62.212708
v 52.490704 -19.513853 62.751644
v 53.813492 -18.586147 63.025284
v 54.352425 -18.586147 62.198532
v 53.298290 -19.513853 62.212708
v 54.352425 -18.586147 62.198532
v 53.837223 -19.513853 61.369648
v 53.298290 -19.513853 62.212708
v 53.837223 -19.513853 61.369648
v 54.352425 -18.586147 62.198532
v 53.837223 -19.513853 14.830348
v 53.298290 -19.513853 13.987282
v 52.484543 -19.513853 18.243715
v 53.837223 -19.513853 14.830348
v 51.368435 -19.513853 17.799913
v 52.484543 -19.513853 18.243715
v 53.298290 -19.513853 13.987282
v 52.490704 -19.513853 13.448344
v 51.368435 -19.513853 17.799913
v 53.298290 -19.513853 13.987282
v 51.368435 -19.513853 17.799913
v 52.490704 -19.513853 13.448344
v 45.473286 -19.513853 13.448344
v 46.595528 -19.513853 17.799913
v 51.368435 -19.513853 17.799913
v 45.473286 -19.513853 13.448344
v 45.473286 -19.513853 13.448344
v 44.665684 -19.513853 13.987282
v 46.595528 -19.513853 17.799913
v 44.665684 -19.513853 13.987282
v 45.479443 -19.513853 18.243715
v 46.595528 -19.513853 17.799913
v 44.665684 -19.513853 13.987282
v 44.126755 -19.513853 14.830348
v 45.479443 -19.513853 18.243715
v 52.484543 -19.513853 18.243715
v 52.946835 -19.513853 19.315140
v 53.837223 -19.513853 14.830348
v 44.126755 -19.513853 14.830348
v 45.017143 -19.513853 19.315140
v 45.479443 -19.513853 18.243715
v 45.017143 -19.513853 19.315140
v 44.126755 -19.513853 14.830348
v 44.126755 -19.513853 61.369648
v 45.017143 -19.513853 56.884846
v 45.017143 -19.513853 19.315140
v 44.126755 -19.513853 61.369648
v 45.479443 -19.513853 57.956272
v 45.017143 -19.513853 56.884846
v 44.126755 -19.513853 61.369648
v 44.665684 -19.513853 62.212708
v 45.479443 -19.513853 57.956272
v 44.126755 -19.513853 61.369648
v 46.595528 -19.513853 58.400074
v 45.479443 -19.513853 57.956272
v 44.665684 -19.513853 62.212708
v 45.473286 -19.513853 62.751644
v 46.595528 -19.513853 58.400074
v 44.665684 -19.513853 62.212708
v 52.946835 -19.513853 19.315140
v 52.946835 -19.513853 56.884846
v 53.837223 -19.513853 14.830348
v 52.946835 -19.513853 56.884846
v 53.837223 -19.513853 61.369648
v 53.837223 -19.513853 14.830348
v 46.595528 -19.513853 58.400074
v 45.473286 -19.513853 62.751644
v 52.490704 -19.513853 62.751644
v 51.368435 -19.513853 58.400074
v 46.595528 -19.513853 58.400074
v 52.490704 -19.513853 62.751644
v 52.490704 -19.513853 62.751644
v 53.298290 -19.513853 62.212708
v 51.368435 -19.513853 58.400074
v 53.298290 -19.513853 62.212708
v 52.484543 -19.513853 57.956272
v 51.368435 -19.513853 58.400074
v 53.298290 -19.513853 62.212708
v 53.837223 -19.513853 61.369648
v 52.484543 -19.513853 57.956272
v 53.837223 -19.513853 61.369648
v 52.946835 -19.513853 56.884846
v 52.484543 -19.513853 57.956272
v -47.564377 -19.161596 50.389912
v -49.062271 -19.161596 51.010353
v -47.440964 -19.161596 51.010353
v -49.062271 -19.161596 51.010353
v -47.564377 -19.161596 50.389912
v -47.915829 -19.161596 49.863914
v -48.441814 -19.161596 49.512466
v -49.062271 -19.161596 51.010353
v -47.915829 -19.161596 49.863914
v -49.062271 -19.161596 51.010353
v -48.441814 -19.161596 49.512466
v -49.062271 -19.161596 49.389042
v -49.682709 -19.161596 49.512466
v -49.062271 -19.161596 51.010353
v -49.062271 -19.161596 49.389042
v -49.062271 -19.161596 51.010353
v -49.682709 -19.161596 49.512466
v -50.208702 -19.161596 49.863922
v -50.560158 -19.161596 50.389912
v -49.062271 -19.161596 51.010353
v -50.208702 -19.161596 49.863922
v -49.062271 -19.161596 51.010353
v -50.560158 -19.161596 50.389912
v -50.683571 -19.161596 51.010353
v -49.062271 -19.161596 51.010353
v -47.564377 -19.161596 51.630802
v -47.440964 -19.161596 51.010353
v -50.560150 -19.161596 51.630802
v -49.062271 -19.161596 51.010353
v -50.683571 -19.161596 51.010353
v -49.062271 -19.161596 51.010353
v -50.560150 -19.161596 51.630802
v -50.208702 -19.161596 52.156792
v -49.682709 -19.161596 52.508240
v -49.062271 -19.161596 51.010353
v -50.208702 -19.161596 52.156792
v -49.062271 -19.161596 51.010353
v -49.682709 -19.161596 52.508240
v -49.062271 -19.161596 52.631664
v -48.441814 -19.161596 52.508240
v -49.062271 -19.161596 51.010353
v -49.062271 -19.161596 52.631664
v -49.062271 -19.161596 51.010353
v -48.441814 -19.161596 52.508240
v -47.915829 -19.161596 52.156792
v -47.564377 -19.161596 51.630802
v -49.062271 -19.161596 51.010353
v -47.915829 -19.161596 52.156792
v -50.683571 -19.161596 51.010353
v -51.075970 -18.857843 51.010353
v -50.560150 -19.161596 51.630802
v -51.075970 -18.857843 51.010353
v -50.683571 -19.161596 51.010353
v -50.922691 -18.857843 50.239746
v -50.683571 -19.161596 51.010353
v -50.560158 -19.161596 50.389912
v -50.922691 -18.857843 50.239746
v -50.486172 -18.857843 49.586449
v -50.922691 -18.857843 50.239746
v -50.560158 -19.161596 50.389912
v -50.208702 -19.161596 49.863922
v -50.486172 -18.857843 49.586449
v -50.560158 -19.161596 50.389912
v -49.832874 -18.857843 49.149929
v -50.486172 -18.857843 49.586449
v -50.208702 -19.161596 49.863922
v -49.682709 -19.161596 49.512466
v -49.832874 -18.857843 49.149929
v -50.208702 -19.161596 49.863922
v -49.062271 -18.857843 48.996651
v -49.832874 -18.857843 49.149929
v -49.682709 -19.161596 49.512466
v -49.062271 -19.161596 49.389042
v -49.062271 -18.857843 48.996651
v -49.682709 -19.161596 49.512466
v -48.291645 -18.857843 49.149929
v -49.062271 -18.857843 48.996651
v -49.062271 -19.161596 49.389042
v -48.441814 -19.161596 49.512466
v -48.291645 -18.857843 49.149929
v -49.062271 -19.161596 49.389042
v -51.075970 -18.857843 51.010353
v -50.922676 -18.857843 51.780968
v -50.560150 -19.161596 51.630802
v -47.638355 -18.857843 49.586445
v -48.291645 -18.857843 49.149929
v -48.441814 -19.161596 49.512466
v -47.915829 -19.161596 49.863914
v -47.638355 -18.857843 49.586445
v -48.441814 -19.161596 49.512466
v -47.201843 -18.857843 50.239746
v -47.638355 -18.857843 49.586445
v -47.915829 -19.161596 49.863914
v -47.564377 -19.161596 50.389912
v -47.201843 -18.857843 50.239746
v -47.915829 -19.161596 49.863914
v -47.048565 -18.857843 51.010353
v -47.201843 -18.857843 50.239746
v -47.564377 -19.161596 50.389912
v -47.440964 -19.161596 51.010353
v -47.048565 -18.857843 51.010353
v -47.564377 -19.161596 50.389912
v -47.201843 -18.857843 51.780968
v -47.048565 -18.857843 51.010353
v -47.440964 -19.161596 51.010353
v -47.564377 -19.161596 51.630802
v -47.201843 -18.857843 51.780968
v -47.440964 -19.161596 51.010353
v -47.638355 -18.857843 52.434254
v -47.201843 -18.857843 51.780968
v -47.564377 -19.161596 51.630802
v -50.560150 -19.161596 51.630802
v -50.922676 -18.857843 51.780968
v -50.208702 -19.161596 52.156792
v -47.915829 -19.161596 52.156792
v -47.638355 -18.857843 52.434254
v -47.564377 -19.161596 51.630802
v -48.291645 -18.857843 52.870773
v -47.638355 -18.857843 52.434254
v -47.915829 -19.161596 52.156792
v -48.441814 -19.161596 52.508240
v -48.291645 -18.857843 52.870773
v -47.915829 -19.161596 52.156792
v -49.062271 -18.857843 53.024055
v -48.291645 -18.857843 52.870773
v -48.441814 -19.161596 52.508240
v -49.062271 -19.161596 52.631664
v -49.062271 -18.857843 53.024055
v -48.441814 -19.161596 52.508240
v -49.832874 -18.857843 52.870773
v -49.062271 -18.857843 53.024055
v -49.062271 -19.161596 52.631664
v -49.682709 -19.161596 52.508240
v -49.832874 -18.857843 52.870773
v -49.062271 -19.161596 52.631664
v -50.486172 -18.857843 52.434261
v -49.832874 -18.857843 52.870773
v -49.682709 -19.161596 52.508240
v -50.208702 -19.161596 52.156792
v -50.486172 -18.857843 52.434261
v -49.682709 -19.161596 52.508240
v -50.922676 -18.857843 51.780968
v -50.486172 -18.857843 52.434261
v -50.208702 -19.161596 52.156792
v -44.150494 -18.586147 13.174698
v -44.665695 -19.513853 13.987282
v -43.611561 -18.586147 14.001451
v -45.473286 -19.513853 13.448344
v -44.665695 -19.513853 13.987282
v -44.150494 -18.586147 13.174698
v -44.900600 -18.586147 12.635763
v -45.473286 -19.513853 13.448344
v -44.150494 -18.586147 13.174698
v -45.473286 -19.513853 13.448344
v -44.900600 -18.586147 12.635763
v -52.490704 -19.513853 13.448344
v -44.900600 -18.586147 12.635763
v -53.063412 -18.586147 12.635763
v -52.490704 -19.513853 13.448344
v -53.063412 -18.586147 12.635763
v -53.813496 -18.586147 13.174698
v -52.490704 -19.513853 13.448344
v -53.813496 -18.586147 13.174698
v -53.298306 -19.513853 13.987282
v -52.490704 -19.513853 13.448344
v -53.813496 -18.586147 13.174698
v -54.352432 -18.586147 14.001451
v -53.298306 -19.513853 13.987282
v -44.665695 -19.513853 13.987282
v -44.126762 -19.513853 14.830348
v -43.611561 -18.586147 14.001451
v -54.352432 -18.586147 14.001451
v -53.837231 -19.513853 14.830348
v -53.298306 -19.513853 13.987282
v -53.837231 -19.513853 14.830348
v -54.352432 -18.586147 14.001451
v -53.837231 -19.513853 61.369648
v -54.352432 -18.586147 14.001451
v -54.352432 -18.586147 62.198532
v -53.837231 -19.513853 61.369648
v -53.298306 -19.513853 62.212708
v -53.837231 -19.513853 61.369648
v -54.352432 -18.586147 62.198532
v -53.813496 -18.586147 63.025284
v -53.298306 -19.513853 62.212708
v -54.352432 -18.586147 62.198532
v -52.490704 -19.513853 62.751644
v -53.298306 -19.513853 62.212708
v -53.813496 -18.586147 63.025284
v -53.063412 -18.586147 63.564220
v -52.490704 -19.513853 62.751644
v -53.813496 -18.586147 63.025284
v -43.611561 -18.586147 62.198532
v -43.611561 -18.586147 14.001451
v -44.126762 -19.513853 14.830348
v -52.490704 -19.513853 62.751644
v -53.063412 -18.586147 63.564220
v -45.473286 -19.513853 62.751644
v -53.063412 -18.586147 63.564220
v -44.900600 -18.586147 63.564220
v -45.473286 -19.513853 62.751644
v -44.900600 -18.586147 63.564220
v -44.150494 -18.586147 63.025284
v -45.473286 -19.513853 62.751644
v -44.150494 -18.586147 63.025284
v -44.665695 -19.513853 62.212708
v -45.473286 -19.513853 62.751644
v -44.150494 -18.586147 63.025284
v -43.611561 -18.586147 62.198532
v -44.665695 -19.513853 62.212708
v -43.611561 -18.586147 62.198532
v -44.126762 -19.513853 61.369648
v -44.665695 -19.513853 62.212708
v -44.126762 -19.513853 61.369648
v -43.611561 -18.586147 62.198532
v -44.126762 -19.513853 14.830348
v -44.665695 -19.513853 13.987282
v -45.479446 -19.513853 18.243715
v -44.126762 -19.513853 14.830348
v -46.595551 -19.513853 17.799913
v -45.479446 -19.513853 18.243715
v -44.665695 -19.513853 13.987282
v -45.473286 -19.513853 13.448344
v -46.595551 -19.513853 17.799913
v -44.665695 -19.513853 13.987282
v -46.595551 -19.513853 17.799913
v -45.473286 -19.513853 13.448344
v -52.490704 -19.513853 13.448344
v -51.368462 -19.513853 17.799913
v -46.595551 -19.513853 17.799913
v -52.490704 -19.513853 13.448344
v -52.490704 -19.513853 13.448344
v -53.298306 -19.513853 13.987282
v -51.368462 -19.513853 17.799913
v -53.298306 -19.513853 13.987282
v -52.484547 -19.513853 18.243715
v -51.368462 -19.513853 17.799913
v -53.298306 -19.513853 13.987282
v -53.837231 -19.513853 14.830348
v -52.484547 -19.513853 18.243715
v -45.479446 -19.513853 18.243715
v -45.017155 -19.513853 19.315140
v -44.126762 -19.513853 14.830348
v -53.837231 -19.513853 14.830348
v -52.946850 -19.513853 19.315140
v -52.484547 -19.513853 18.243715
v -52.946850 -19.513853 19.315140
v -53.837231 -19.513853 14.830348
v -53.837231 -19.513853 61.369648
v -52.946850 -19.513853 56.884846
v -52.946850 -19.513853 19.315140
v -53.837231 -19.513853 61.369648
v -52.484547 -19.513853 57.956272
v -52.946850 -19.513853 56.884846
v -53.837231 -19.513853 61.369648
v -53.298306 -19.513853 62.212708
v -52.484547 -19.513853 57.956272
v -53.837231 -19.513853 61.369648
v -51.368462 -19.513853 58.400074
v -52.484547 -19.513853 57.956272
v -53.298306 -19.513853 62.212708
v -52.490704 -19.513853 62.751644
v -51.368462 -19.513853 58.400074
v -53.298306 -19.513853 62.212708
v -45.017155 -19.513853 19.315140
v -45.017155 -19.513853 56.884846
v -44.126762 -19.513853 14.830348
v -45.017155 -19.513853 56.884846
v -44.126762 -19.513853 61.369648
v -44.126762 -19.513853 14.830348
v -51.368462 -19.513853 58.400074
v -52.490704 -19.513853 62.751644
v -45.473286 -19.513853 62.751644
v -46.595551 -19.513853 58.400074
v -51.368462 -19.513853 58.400074
v -45.473286 -19.513853 62.751644
v -45.473286 -19.513853 62.751644
v -44.665695 -19.513853 62.212708
v -46.595551 -19.513853 58.400074
v -44.665695 -19.513853 62.212708
v -45.479446 -19.513853 57.956272
v -46.595551 -19.513853 58.400074
v -44.665695 -19.513853 62.212708
v -44.126762 -19.513853 61.369648
v -45.479446 -19.513853 57.956272
v -44.126762 -19.513853 61.369648
v -45.017155 -19.513853 56.884846
v -45.479446 -19.513853 57.956272
v -24.178865 -10.950877 70.804031
v -8.592668 -12.259673 70.804031
v -8.592670 -16.541666 59.302357
v 8.383615 -16.541666 59.302357
v -8.592670 -16.541666 59.302357
v -8.592668 -12.259673 70.804031
v -24.998550 -13.955558 58.002964
v -24.178865 -10.950877 70.804031
v -8.592670 -16.541666 59.302357
v -8.592670 -16.541666 59.302357
v 8.383615 -16.541666 59.302357
v 9.138120 -18.137466 45.028114
v -9.347169 -18.137466 45.028114
v -8.592670 -16.541666 59.302357
v 9.138120 -18.137466 45.028114
v -8.592670 -16.541666 59.302357
v -9.347169 -18.137466 45.028114
v -24.998550 -13.955558 58.002964
v -24.178865 -10.950877 70.804031
v -24.998550 -13.955558 58.002964
v -27.940922 -10.950877 70.308746
v 8.383615 -12.259673 70.804031
v 8.383615 -16.541666 59.302357
v -8.592668 -12.259673 70.804031
v 9.138120 -18.137466 45.028114
v 8.383615 -16.541666 59.302357
v 24.998545 -13.955558 58.002964
v -31.446606 -10.950877 68.856651
v -27.940922 -10.950877 70.308746
v -24.998550 -13.955558 58.002964
v -34.457001 -10.950877 66.546684
v -31.446606 -10.950877 68.856651
v -24.998550 -13.955558 58.002964
v 8.383615 -12.259673 70.804031
v 24.178860 -10.950877 70.802513
v 8.383615 -16.541666 59.302357
v 24.178860 -10.950877 70.802513
v 24.998545 -13.955558 58.002964
v 8.383615 -16.541666 59.302357
v -9.347169 -18.137466 45.028114
v 9.138120 -18.137466 45.028114
v 9.138120 -18.137466 31.171883
v -9.347169 -18.137466 45.028114
v -25.912863 -15.952345 44.462551
v -24.998550 -13.955558 58.002964
v 25.912861 -15.952345 44.462551
v 9.138120 -18.137466 45.028114
v 24.998545 -13.955558 58.002964
v 9.138120 -18.137466 45.028114
v 25.912861 -15.952345 44.462551
v 25.912861 -15.952345 31.737444
v 9.138120 -18.137466 31.171883
v 9.138120 -18.137466 45.028114
v 25.912861 -15.952345 31.737444
v -9.347169 -18.137466 31.171883
v -9.347169 -18.137466 45.028114
v 9.138120 -18.137466 31.171883
v -25.912863 -15.952345 44.462551
v -9.347169 -18.137466 45.028114
v -9.347169 -18.137466 31.171883
v 24.178860 -10.950877 70.802513
v 27.940920 -10.950877 70.308746
v 24.998545 -13.955558 58.002964
v 24.998545 -13.955558 58.002964
v 38.714344 -10.950877 56.268536
v 25.912861 -15.952345 44.462551
v 24.998545 -13.955558 58.002964
v 27.940920 -10.950877 70.308746
v 31.446602 -10.950877 68.856651
v 34.457001 -10.950877 66.546684
v 24.998545 -13.955558 58.002964
v 31.446602 -10.950877 68.856651
v 25.912861 -15.952345 31.737444
v 25.912861 -15.952345 44.462551
v 38.711121 -11.801337 31.737444
v 36.766960 -10.950877 63.536285
v 24.998545 -13.955558 58.002964
v 34.457001 -10.950877 66.546684
v 24.998545 -13.955558 58.002964
v 36.766960 -10.950877 63.536285
v 38.219063 -10.950877 60.030602
v 38.714344 -10.950877 56.268536
v 24.998545 -13.955558 58.002964
v 38.219063 -10.950877 60.030602
v 25.912861 -15.952345 31.737444
v 24.998545 -13.955558 18.197033
v 9.138120 -18.137466 31.171883
v -9.347169 -18.137466 31.171883
v 9.138120 -18.137466 31.171883
v 8.383617 -16.541666 16.897640
v 24.998545 -13.955558 18.197033
v 8.383617 -16.541666 16.897640
v 9.138120 -18.137466 31.171883
v 38.714344 -10.950877 56.268536
v 38.714352 -11.801337 44.462551
v 25.912861 -15.952345 44.462551
v 25.912861 -15.952345 44.462551
v 38.714352 -11.801337 44.462551
v 38.711121 -11.801337 31.737444
v -24.998550 -13.955558 58.002964
v -25.912863 -15.952345 44.462551
v -38.714352 -10.950877 56.268536
v 38.711121 -11.801337 31.737444
v 38.709743 -10.950877 19.931459
v 25.912861 -15.952345 31.737444
v 38.709743 -10.950877 19.931459
v 24.998545 -13.955558 18.197033
v 25.912861 -15.952345 31.737444
v -36.766964 -10.950877 63.536285
v -34.457001 -10.950877 66.546684
v -24.998550 -13.955558 58.002964
v -25.912863 -15.952345 31.737444
v -25.912863 -15.952345 44.462551
v -9.347169 -18.137466 31.171883
v -8.592665 -16.541666 16.897640
v -9.347169 -18.137466 31.171883
v 8.383617 -16.541666 16.897640
v 38.709743 -10.950877 19.931459
v 38.219063 -10.950877 16.169395
v 24.998545 -13.955558 18.197033
v 38.219063 -10.950877 16.169395
v 36.766960 -10.950877 12.663711
v 24.998545 -13.955558 18.197033
v 36.766960 -10.950877 12.663711
v 34.457001 -10.950877 9.653316
v 24.998545 -13.955558 18.197033
v -8.592665 -16.541666 16.897640
v -24.998550 -13.955558 18.197033
v -9.347169 -18.137466 31.171883
v -24.998550 -13.955558 18.197033
v -25.912863 -15.952345 31.737444
v -9.347169 -18.137466 31.171883
v 24.998545 -13.955558 18.197033
v 24.178860 -10.950877 5.397487
v 8.383617 -16.541666 16.897640
v 34.457001 -10.950877 9.653316
v 31.446602 -10.950877 7.343356
v 24.998545 -13.955558 18.197033
v 31.446602 -10.950877 7.343356
v 27.940920 -10.950877 5.891253
v 24.998545 -13.955558 18.197033
v 24.178860 -10.950877 5.397487
v 24.998545 -13.955558 18.197033
v 27.940920 -10.950877 5.891253
v -38.714352 -11.801337 44.462551
v -25.912863 -15.952345 44.462551
v -25.912863 -15.952345 31.737444
v -25.912863 -15.952345 44.462551
v -38.714352 -11.801337 44.462551
v -38.714352 -10.950877 56.268536
v -38.714352 -10.950877 56.268536
v -38.219067 -10.950877 60.030602
v -24.998550 -13.955558 58.002964
v -38.219067 -10.950877 60.030602
v -36.766964 -10.950877 63.536285
v -24.998550 -13.955558 58.002964
v 24.178860 -10.950877 5.397487
v 8.383615 -12.259673 5.395968
v 8.383617 -16.541666 16.897640
v -8.592665 -16.541666 16.897640
v 8.383617 -16.541666 16.897640
v 8.383615 -12.259673 5.395968
v -8.592668 -12.259673 5.395968
v -8.592665 -16.541666 16.897640
v 8.383615 -12.259673 5.395968
v -24.178865 -10.950877 5.395968
v -24.998550 -13.955558 18.197033
v -8.592665 -16.541666 16.897640
v -8.592668 -12.259673 5.395968
v -24.178865 -10.950877 5.395968
v -8.592665 -16.541666 16.897640
v -24.178865 -10.950877 5.395968
v -27.940922 -10.950877 5.891253
v -24.998550 -13.955558 18.197033
v -24.998550 -13.955558 18.197033
v -38.709747 -10.950877 19.931459
v -25.912863 -15.952345 31.737444
v -24.998550 -13.955558 18.197033
v -27.940922 -10.950877 5.891253
v -31.446606 -10.950877 7.343356
v -38.711128 -11.801337 31.737444
v -38.714352 -11.801337 44.462551
v -25.912863 -15.952345 31.737444
v -38.709747 -10.950877 19.931459
v -38.711128 -11.801337 31.737444
v -25.912863 -15.952345 31.737444
v -34.457001 -10.950877 9.653316
v -24.998550 -13.955558 18.197033
v -31.446606 -10.950877 7.343356
v -36.766964 -10.950877 12.663711
v -24.998550 -13.955558 18.197033
v -34.457001 -10.950877 9.653316
v -24.998550 -13.955558 18.197033
v -36.766964 -10.950877 12.663711
v -38.219067 -10.950877 16.169395
v -38.709747 -10.950877 19.931459
v -24.998550 -13.955558 18.197033
v -38.219067 -10.950877 16.169395
vt 0.487793 0.397949
vt 0.491211 0.371094
vt 0.486084 0.395020
vt 0.482422 0.395020
vt 0.477295 0.371094
vt 0.480713 0.397949
vt 0.487793 0.351562
vt 0.491211 0.371094
vt 0.489746 0.348633
vt 0.478760 0.348633
vt 0.477295 0.371094
vt 0.480713 0.351562
vt 0.487793 0.397949
vt 0.491211 0.371094
vt 0.486084 0.395020
vt 0.482422 0.395020
vt 0.477295 0.371094
vt 0.480713 0.397949
vt 0.487793 0.351562
vt 0.491211 0.371094
vt 0.489746 0.348633
vt 0.478760 0.348633
vt 0.477295 0.371094
vt 0.480713 0.351562
vt 0.487793 0.397949
vt 0.491211 0.371094
vt 0.486084 0.395020
vt 0.482422 0.395020
vt 0.477295 0.371094
vt 0.480713 0.397949
vt 0.487793 0.351562
vt 0.491211 0.371094
vt 0.489746 0.348633
vt 0.478760 0.348633
vt 0.477295 0.371094
vt 0.480713 0.351562
vt 0.487793 0.397949
vt 0.491211 0.371094
vt 0.486084 0.395020
vt 0.482422 0.395020
vt 0.477295 0.371094
vt 0.480713 0.397949
vt 0.487793 0.351562
vt 0.491211 0.371094
vt 0.489746 0.348633
vt 0.478760 0.348633
vt 0.477295 0.371094
vt 0.480713 0.351562
vt 0.487793 0.397949
vt 0.491211 0.371094
vt 0.486084 0.395020
vt 0.482422 0.395020
vt 0.477295 0.371094
vt 0.480713 0.397949
vt 0.487793 0.351562
vt 0.491211 0.371094
vt 0.489746 0.348633
vt 0.478760 0.348633
vt 0.477295 0.371094
vt 0.480713 0.351562
vt 0.775391 0.468262
vt 0.774902 0.472656
vt 0.779297 0.472168
vt 0.774902 0.921204
vt 0.775391 0.925720
vt 0.779297 0.921448
vt 0.103638 0.468262
vt 0.099548 0.472656
vt 0.104126 0.472656
vt 0.104065 0.921204
vt 0.099548 0.921631
vt 0.103577 0.925781
vt 0.487793 0.397949
vt 0.491211 0.371094
vt 0.486084 0.395020
vt 0.482422 0.395020
vt 0.477295 0.371094
vt 0.480713 0.397949
vt 0.487793 0.351562
vt 0.491211 0.371094
vt 0.489746 0.348633
vt 0.478760 0.348633
vt 0.477295 0.371094
vt 0.480713 0.351562
vt 0.760742 0.962372
vt 0.219727 0.962372
vt 0.772461 0.994370
vt 0.219727 0.962372
vt 0.207764 0.994370
vt 0.772461 0.994370
vt 0.215088 0.957825
vt 0.194214 0.995800
vt 0.759277 0.995800
vt 0.747070 0.958008
vt 0.215088 0.957825
vt 0.759277 0.995800
vt 0.759277 0.995800
vt 0.768555 0.995800
vt 0.747070 0.958008
vt 0.768555 0.995800
vt 0.756348 0.958038
vt 0.747070 0.958008
vt 0.780273 0.998888
vt 0.759277 0.958435
vt 0.204224 0.998888
vt 0.759277 0.958435
vt 0.216309 0.958466
vt 0.204224 0.998888
vt 0.204224 0.998888
vt 0.216309 0.958466
vt 0.194824 0.994209
vt 0.216309 0.958466
vt 0.207031 0.958466
vt 0.194824 0.994209
vt 0.084595 0.116211
vt 0.089233 0.116211
vt 0.089233 0.097656
vt 0.084595 0.097656
vt 0.084595 0.116211
vt 0.089233 0.097656
vt 0.079590 0.116211
vt 0.084595 0.116211
vt 0.084595 0.097656
vt 0.079590 0.097656
vt 0.079590 0.116211
vt 0.084595 0.097656
vt 0.074524 0.116211
vt 0.079590 0.116211
vt 0.079590 0.097656
vt 0.089233 0.097656
vt 0.089233 0.078613
vt 0.084595 0.097656
vt 0.074524 0.097656
vt 0.074524 0.116211
vt 0.079590 0.097656
vt 0.084595 0.097656
vt 0.084595 0.078613
vt 0.079590 0.097656
vt 0.089233 0.078613
vt 0.084595 0.078613
vt 0.084595 0.097656
vt 0.070068 0.116211
vt 0.074524 0.116211
vt 0.074524 0.097656
vt 0.070068 0.097656
vt 0.070068 0.116211
vt 0.074524 0.097656
vt 0.079590 0.097656
vt 0.079590 0.078613
vt 0.074524 0.097656
vt 0.084595 0.078613
vt 0.079590 0.078613
vt 0.079590 0.097656
vt 0.074524 0.097656
vt 0.074524 0.078613
vt 0.070068 0.097656
vt 0.079590 0.078613
vt 0.074524 0.078613
vt 0.074524 0.097656
vt 0.074524 0.078613
vt 0.070068 0.078613
vt 0.070068 0.097656
vt 0.089233 0.078613
vt 0.089233 0.060059
vt 0.084595 0.078613
vt 0.084595 0.078613
vt 0.084595 0.060059
vt 0.079590 0.078613
vt 0.089233 0.060059
vt 0.084595 0.060059
vt 0.084595 0.078613
vt 0.074524 0.078613
vt 0.074524 0.060059
vt 0.070068 0.078613
vt 0.079590 0.078613
vt 0.079590 0.060059
vt 0.074524 0.078613
vt 0.079590 0.060059
vt 0.074524 0.060059
vt 0.074524 0.078613
vt 0.084595 0.060059
vt 0.079590 0.060059
vt 0.079590 0.078613
vt 0.074524 0.060059
vt 0.070068 0.060059
vt 0.070068 0.078613
vt 0.074524 0.060059
vt 0.074524 0.041016
vt 0.070068 0.060059
vt 0.079590 0.060059
vt 0.079590 0.041016
vt 0.074524 0.060059
vt 0.079590 0.041016
vt 0.074524 0.041016
vt 0.074524 0.060059
vt 0.074524 0.041016
vt 0.070068 0.041016
vt 0.070068 0.060059
vt 0.089233 0.060059
vt 0.089233 0.041016
vt 0.084595 0.060059
vt 0.084595 0.060059
vt 0.084595 0.041016
vt 0.079590 0.060059
vt 0.084595 0.041016
vt 0.079590 0.041016
vt 0.079590 0.060059
vt 0.089233 0.041016
vt 0.084595 0.041016
vt 0.084595 0.060059
vt 0.074524 0.041016
vt 0.074524 0.022461
vt 0.070068 0.041016
vt 0.074524 0.022461
vt 0.070068 0.022461
vt 0.070068 0.041016
vt 0.079590 0.041016
vt 0.079590 0.022461
vt 0.074524 0.041016
vt 0.079590 0.022461
vt 0.074524 0.022461
vt 0.074524 0.041016
vt 0.084595 0.041016
vt 0.084595 0.022461
vt 0.079590 0.041016
vt 0.084595 0.022461
vt 0.079590 0.022461
vt 0.079590 0.041016
vt 0.070068 0.022461
vt 0.074524 0.022461
vt 0.070068 0.003418
vt 0.074524 0.022461
vt 0.079590 0.022461
vt 0.074524 0.003418
vt 0.074524 0.022461
vt 0.074524 0.003418
vt 0.070068 0.003418
vt 0.089233 0.041016
vt 0.089233 0.022461
vt 0.084595 0.041016
vt 0.089233 0.022461
vt 0.084595 0.022461
vt 0.084595 0.041016
vt 0.079590 0.022461
vt 0.084595 0.022461
vt 0.079590 0.003418
vt 0.079590 0.022461
vt 0.079590 0.003418
vt 0.074524 0.003418
vt 0.084595 0.022461
vt 0.089233 0.022461
vt 0.084595 0.003418
vt 0.084595 0.022461
vt 0.084595 0.003418
vt 0.079590 0.003418
vt 0.089233 0.022461
vt 0.089233 0.003418
vt 0.084595 0.003418
vt 0.089233 0.410645
vt 0.089233 0.114746
vt 0.084595 0.410645
vt 0.089233 0.114746
vt 0.084595 0.114746
vt 0.084595 0.410645
vt 0.084595 0.410645
vt 0.084595 0.114746
vt 0.079590 0.410645
vt 0.084595 0.114746
vt 0.079590 0.114746
vt 0.079590 0.410645
vt 0.084595 0.114746
vt 0.089233 0.114746
vt 0.089233 0.095703
vt 0.079590 0.410645
vt 0.079590 0.114746
vt 0.074524 0.410645
vt 0.079590 0.114746
vt 0.074524 0.114746
vt 0.074524 0.410645
vt 0.079590 0.114746
vt 0.084595 0.114746
vt 0.084595 0.095703
vt 0.084595 0.095703
vt 0.084595 0.114746
vt 0.089233 0.095703
vt 0.074524 0.410645
vt 0.074524 0.114746
vt 0.070068 0.410645
vt 0.074524 0.114746
vt 0.070068 0.114746
vt 0.070068 0.410645
vt 0.074524 0.114746
vt 0.079590 0.114746
vt 0.079590 0.095703
vt 0.079590 0.095703
vt 0.079590 0.114746
vt 0.084595 0.095703
vt 0.070068 0.114746
vt 0.074524 0.114746
vt 0.074524 0.095703
vt 0.074524 0.095703
vt 0.074524 0.114746
vt 0.079590 0.095703
vt 0.070068 0.095703
vt 0.070068 0.114746
vt 0.074524 0.095703
vt 0.089233 0.095703
vt 0.089233 0.077148
vt 0.084595 0.095703
vt 0.084595 0.095703
vt 0.084595 0.077148
vt 0.079590 0.095703
vt 0.089233 0.077148
vt 0.084595 0.077148
vt 0.084595 0.095703
vt 0.074524 0.095703
vt 0.074524 0.077148
vt 0.070068 0.095703
vt 0.079590 0.095703
vt 0.079590 0.077148
vt 0.074524 0.095703
vt 0.079590 0.077148
vt 0.074524 0.077148
vt 0.074524 0.095703
vt 0.084595 0.077148
vt 0.079590 0.077148
vt 0.079590 0.095703
vt 0.074524 0.077148
vt 0.070068 0.077148
vt 0.070068 0.095703
vt 0.074524 0.077148
vt 0.074524 0.058105
vt 0.070068 0.077148
vt 0.079590 0.077148
vt 0.079590 0.058105
vt 0.074524 0.077148
vt 0.079590 0.058105
vt 0.074524 0.058105
vt 0.074524 0.077148
vt 0.074524 0.058105
vt 0.070068 0.058105
vt 0.070068 0.077148
vt 0.089233 0.077148
vt 0.089233 0.058105
vt 0.084595 0.077148
vt 0.084595 0.077148
vt 0.084595 0.058105
vt 0.079590 0.077148
vt 0.084595 0.058105
vt 0.079590 0.058105
vt 0.079590 0.077148
vt 0.089233 0.058105
vt 0.084595 0.058105
vt 0.084595 0.077148
vt 0.074524 0.058105
vt 0.074524 0.039551
vt 0.070068 0.058105
vt 0.074524 0.039551
vt 0.070068 0.039551
vt 0.070068 0.058105
vt 0.079590 0.058105
vt 0.079590 0.039551
vt 0.074524 0.058105
vt 0.079590 0.039551
vt 0.074524 0.039551
vt 0.074524 0.058105
vt 0.084595 0.058105
vt 0.084595 0.039551
vt 0.079590 0.058105
vt 0.084595 0.039551
vt 0.079590 0.039551
vt 0.079590 0.058105
vt 0.074524 0.039551
vt 0.074524 0.020508
vt 0.070068 0.039551
vt 0.079590 0.039551
vt 0.079590 0.020508
vt 0.074524 0.039551
vt 0.079590 0.020508
vt 0.074524 0.020508
vt 0.074524 0.039551
vt 0.089233 0.058105
vt 0.089233 0.039551
vt 0.084595 0.058105
vt 0.089233 0.039551
vt 0.084595 0.039551
vt 0.084595 0.058105
vt 0.074524 0.020508
vt 0.070068 0.020508
vt 0.070068 0.039551
vt 0.084595 0.039551
vt 0.084595 0.020508
vt 0.079590 0.039551
vt 0.084595 0.020508
vt 0.079590 0.020508
vt 0.079590 0.039551
vt 0.070068 0.020508
vt 0.074524 0.020508
vt 0.070068 0.001953
vt 0.089233 0.039551
vt 0.089233 0.020508
vt 0.084595 0.039551
vt 0.089233 0.020508
vt 0.084595 0.020508
vt 0.084595 0.039551
vt 0.074524 0.020508
vt 0.079590 0.020508
vt 0.074524 0.001953
vt 0.074524 0.020508
vt 0.074524 0.001953
vt 0.070068 0.001953
vt 0.079590 0.020508
vt 0.084595 0.020508
vt 0.079590 0.001953
vt 0.079590 0.020508
vt 0.079590 0.001953
vt 0.074524 0.001953
vt 0.084595 0.020508
vt 0.089233 0.020508
vt 0.084595 0.001953
vt 0.084595 0.020508
vt 0.084595 0.001953
vt 0.079590 0.001953
vt 0.089233 0.020508
vt 0.089233 0.001953
vt 0.084595 0.001953
vt 0.780762 0.459961
vt 0.702148 0.454590
vt 0.106506 0.459961
vt 0.702148 0.454590
vt 0.184814 0.454590
vt 0.106506 0.459961
vt 0.106506 0.459961
vt 0.184814 0.454590
vt 0.105835 0.454590
vt 0.099792 0.456055
vt 0.106506 0.459961
vt 0.105835 0.454590
vt 0.289307 0.439453
vt 0.184814 0.454590
vt 0.702148 0.454590
vt 0.099792 0.456055
vt 0.105835 0.454590
vt 0.099792 0.005371
vt 0.105835 0.454590
vt 0.105835 0.006836
vt 0.099792 0.005371
vt 0.099792 0.005371
vt 0.105835 0.006836
vt 0.106506 0.000977
vt 0.289307 0.439453
vt 0.265381 0.436035
vt 0.184814 0.454590
vt 0.123962 0.375977
vt 0.105835 0.454590
vt 0.184814 0.454590
vt 0.265381 0.436035
vt 0.243042 0.426758
vt 0.184814 0.454590
vt 0.243042 0.426758
vt 0.223877 0.412109
vt 0.184814 0.454590
vt 0.594727 0.439453
vt 0.289307 0.439453
vt 0.702148 0.454590
vt 0.184814 0.454590
vt 0.223877 0.412109
vt 0.209106 0.393066
vt 0.184814 0.454590
vt 0.209106 0.393066
vt 0.199829 0.370605
vt 0.173096 0.375977
vt 0.184814 0.454590
vt 0.199829 0.370605
vt 0.173096 0.375977
vt 0.123962 0.375977
vt 0.184814 0.454590
vt 0.702148 0.454590
vt 0.621582 0.436035
vt 0.594727 0.439453
vt 0.702148 0.454590
vt 0.644043 0.426758
vt 0.621582 0.436035
vt 0.702148 0.454590
vt 0.663086 0.412109
vt 0.644043 0.426758
vt 0.677734 0.393066
vt 0.663086 0.412109
vt 0.702148 0.454590
vt 0.687012 0.370605
vt 0.677734 0.393066
vt 0.702148 0.454590
vt 0.687012 0.370605
vt 0.702148 0.454590
vt 0.713867 0.375977
vt 0.713867 0.375977
vt 0.702148 0.454590
vt 0.763184 0.375977
vt 0.105835 0.006836
vt 0.184814 0.006836
vt 0.106506 0.000977
vt 0.123962 0.085449
vt 0.105835 0.006836
vt 0.105835 0.454590
vt 0.123962 0.375977
vt 0.123962 0.085449
vt 0.105835 0.454590
vt 0.105835 0.006836
vt 0.123962 0.085449
vt 0.184814 0.006836
vt 0.702148 0.454590
vt 0.781250 0.454590
vt 0.763184 0.375977
vt 0.780762 0.459961
vt 0.781250 0.454590
vt 0.702148 0.454590
vt 0.687012 0.370605
vt 0.713867 0.375977
vt 0.690430 0.346680
vt 0.690430 0.346680
vt 0.713867 0.375977
vt 0.713867 0.085449
vt 0.690430 0.114746
vt 0.690430 0.346680
vt 0.713867 0.085449
vt 0.687012 0.090820
vt 0.690430 0.114746
vt 0.713867 0.085449
vt 0.184814 0.006836
vt 0.702148 0.006836
vt 0.106506 0.000977
vt 0.713867 0.085449
vt 0.702148 0.006836
vt 0.687012 0.090820
vt 0.199829 0.370605
vt 0.196655 0.346680
vt 0.173096 0.375977
vt 0.702148 0.006836
vt 0.677734 0.068359
vt 0.687012 0.090820
vt 0.702148 0.006836
vt 0.713867 0.085449
vt 0.763184 0.085449
vt 0.763184 0.375977
vt 0.781250 0.454590
vt 0.763184 0.085449
vt 0.702148 0.006836
vt 0.780762 0.000977
vt 0.106506 0.000977
vt 0.781250 0.006836
vt 0.702148 0.006836
vt 0.763184 0.085449
vt 0.781250 0.454590
vt 0.781250 0.006836
vt 0.763184 0.085449
vt 0.781250 0.006836
vt 0.780762 0.000977
vt 0.702148 0.006836
vt 0.702148 0.006836
vt 0.663086 0.049316
vt 0.677734 0.068359
vt 0.787109 0.005371
vt 0.781250 0.006836
vt 0.781250 0.454590
vt 0.787109 0.456055
vt 0.781250 0.454590
vt 0.780762 0.459961
vt 0.787109 0.456055
vt 0.787109 0.005371
vt 0.781250 0.454590
vt 0.644043 0.034668
vt 0.663086 0.049316
vt 0.702148 0.006836
vt 0.621582 0.025391
vt 0.644043 0.034668
vt 0.702148 0.006836
vt 0.597656 0.021973
vt 0.621582 0.025391
vt 0.702148 0.006836
vt 0.597656 0.021973
vt 0.702148 0.006836
vt 0.289307 0.021973
vt 0.702148 0.006836
vt 0.184814 0.006836
vt 0.289307 0.021973
vt 0.196655 0.346680
vt 0.196655 0.114746
vt 0.173096 0.375977
vt 0.196655 0.114746
vt 0.173096 0.085449
vt 0.173096 0.375977
vt 0.123962 0.085449
vt 0.173096 0.085449
vt 0.184814 0.006836
vt 0.265381 0.025391
vt 0.289307 0.021973
vt 0.184814 0.006836
vt 0.184814 0.006836
vt 0.243042 0.034668
vt 0.265381 0.025391
vt 0.184814 0.006836
vt 0.223877 0.049316
vt 0.243042 0.034668
vt 0.209106 0.068359
vt 0.223877 0.049316
vt 0.184814 0.006836
vt 0.199829 0.090820
vt 0.209106 0.068359
vt 0.184814 0.006836
vt 0.199829 0.090820
vt 0.184814 0.006836
vt 0.173096 0.085449
vt 0.199829 0.090820
vt 0.173096 0.085449
vt 0.196655 0.114746
vt 0.787109 0.005371
vt 0.780762 0.000977
vt 0.781250 0.006836
vt 0.787109 0.000977
vt 0.997559 0.000977
vt 0.997559 0.004883
vt 0.787109 0.005371
vt 0.787109 0.000977
vt 0.997559 0.004883
vt 0.997559 0.004883
vt 0.997559 0.456055
vt 0.787109 0.005371
vt 0.997559 0.456055
vt 0.787109 0.456055
vt 0.787109 0.005371
vt 0.787109 0.456055
vt 0.997559 0.456055
vt 0.997559 0.459961
vt 0.787109 0.459961
vt 0.787109 0.456055
vt 0.997559 0.459961
vt 0.400635 0.045410
vt 0.398438 0.032227
vt 0.390869 0.032227
vt 0.392334 0.045410
vt 0.400635 0.045410
vt 0.390869 0.032227
vt 0.390869 0.032227
vt 0.358887 0.032227
vt 0.392334 0.045410
vt 0.358887 0.032227
vt 0.357178 0.045410
vt 0.392334 0.045410
vt 0.357178 0.045410
vt 0.358887 0.032227
vt 0.348877 0.045410
vt 0.358887 0.032227
vt 0.351074 0.032227
vt 0.348877 0.045410
vt 0.224365 0.081055
vt 0.211060 0.086914
vt 0.224365 0.088867
vt 0.211060 0.086914
vt 0.211060 0.094238
vt 0.224365 0.088867
vt 0.211060 0.094238
vt 0.211060 0.360840
vt 0.224365 0.088867
vt 0.211060 0.360840
vt 0.224365 0.366211
vt 0.224365 0.088867
vt 0.224365 0.366211
vt 0.211060 0.360840
vt 0.211060 0.368652
vt 0.224365 0.374512
vt 0.224365 0.366211
vt 0.211060 0.368652
vt 0.318848 0.045410
vt 0.316650 0.032227
vt 0.309082 0.032227
vt 0.310547 0.045410
vt 0.318848 0.045410
vt 0.309082 0.032227
vt 0.309082 0.032227
vt 0.277100 0.032227
vt 0.310547 0.045410
vt 0.277100 0.032227
vt 0.275391 0.045410
vt 0.310547 0.045410
vt 0.275391 0.045410
vt 0.277100 0.032227
vt 0.267090 0.045410
vt 0.277100 0.032227
vt 0.269287 0.032227
vt 0.267090 0.045410
vt 0.240479 0.374512
vt 0.240479 0.366211
vt 0.227173 0.368652
vt 0.240479 0.366211
vt 0.227173 0.360840
vt 0.227173 0.368652
vt 0.227173 0.360840
vt 0.240479 0.366211
vt 0.240479 0.088867
vt 0.227173 0.094238
vt 0.227173 0.360840
vt 0.240479 0.088867
vt 0.227173 0.086914
vt 0.227173 0.094238
vt 0.240479 0.088867
vt 0.240479 0.081055
vt 0.227173 0.086914
vt 0.240479 0.088867
vt 0.744141 0.319336
vt 0.744141 0.310547
vt 0.723145 0.319336
vt 0.744141 0.310547
vt 0.723145 0.310547
vt 0.723145 0.319336
vt 0.744141 0.310547
vt 0.744141 0.302246
vt 0.723145 0.310547
vt 0.744141 0.302246
vt 0.723145 0.302246
vt 0.723145 0.310547
vt 0.744141 0.302246
vt 0.744141 0.293945
vt 0.723145 0.302246
vt 0.744141 0.293945
vt 0.723145 0.293945
vt 0.723145 0.302246
vt 0.744141 0.293945
vt 0.744141 0.285645
vt 0.723145 0.293945
vt 0.744141 0.285645
vt 0.723145 0.285645
vt 0.723145 0.293945
vt 0.744141 0.285645
vt 0.744141 0.276855
vt 0.723145 0.285645
vt 0.744141 0.276855
vt 0.723145 0.276855
vt 0.723145 0.285645
vt 0.744141 0.276855
vt 0.744141 0.268555
vt 0.723145 0.276855
vt 0.744141 0.268555
vt 0.723145 0.268555
vt 0.723145 0.276855
vt 0.744141 0.268555
vt 0.744141 0.260254
vt 0.723145 0.268555
vt 0.744141 0.260254
vt 0.723145 0.260254
vt 0.723145 0.268555
vt 0.744141 0.260254
vt 0.744141 0.251465
vt 0.723145 0.260254
vt 0.744141 0.251465
vt 0.723145 0.251465
vt 0.723145 0.260254
vt 0.744141 0.251465
vt 0.744141 0.243164
vt 0.723145 0.251465
vt 0.744141 0.243164
vt 0.723145 0.243164
vt 0.723145 0.251465
vt 0.744141 0.243164
vt 0.744141 0.234863
vt 0.723145 0.243164
vt 0.744141 0.234863
vt 0.723145 0.234863
vt 0.723145 0.243164
vt 0.744141 0.234863
vt 0.744141 0.226074
vt 0.723145 0.234863
vt 0.744141 0.226074
vt 0.723145 0.226074
vt 0.723145 0.234863
vt 0.744141 0.226074
vt 0.744141 0.217773
vt 0.723145 0.226074
vt 0.744141 0.217773
vt 0.723145 0.217773
vt 0.723145 0.226074
vt 0.737305 0.330078
vt 0.730469 0.332031
vt 0.725098 0.337402
vt 0.737305 0.343750
vt 0.737305 0.330078
vt 0.725098 0.337402
vt 0.737305 0.343750
vt 0.750000 0.337402
vt 0.737305 0.330078
vt 0.750000 0.337402
vt 0.744629 0.332031
vt 0.737305 0.330078
vt 0.737305 0.343750
vt 0.725098 0.337402
vt 0.725098 0.351562
vt 0.737305 0.343750
vt 0.725098 0.351562
vt 0.737305 0.358398
vt 0.737305 0.343750
vt 0.737305 0.358398
vt 0.750000 0.351562
vt 0.725098 0.337402
vt 0.723145 0.344238
vt 0.725098 0.351562
vt 0.737305 0.343750
vt 0.750000 0.351562
vt 0.750000 0.337402
vt 0.725098 0.351562
vt 0.730469 0.356934
vt 0.737305 0.358398
vt 0.737305 0.358398
vt 0.744629 0.356934
vt 0.750000 0.351562
vt 0.750000 0.351562
vt 0.751953 0.344238
vt 0.750000 0.337402
vt 0.744141 0.319336
vt 0.744141 0.310547
vt 0.723145 0.319336
vt 0.744141 0.310547
vt 0.723145 0.310547
vt 0.723145 0.319336
vt 0.744141 0.310547
vt 0.744141 0.302246
vt 0.723145 0.310547
vt 0.744141 0.302246
vt 0.723145 0.302246
vt 0.723145 0.310547
vt 0.744141 0.302246
vt 0.744141 0.293945
vt 0.723145 0.302246
vt 0.744141 0.293945
vt 0.723145 0.293945
vt 0.723145 0.302246
vt 0.744141 0.293945
vt 0.744141 0.285645
vt 0.723145 0.293945
vt 0.744141 0.285645
vt 0.723145 0.285645
vt 0.723145 0.293945
vt 0.744141 0.285645
vt 0.744141 0.276855
vt 0.723145 0.285645
vt 0.744141 0.276855
vt 0.723145 0.276855
vt 0.723145 0.285645
vt 0.744141 0.276855
vt 0.744141 0.268555
vt 0.723145 0.276855
vt 0.744141 0.268555
vt 0.723145 0.268555
vt 0.723145 0.276855
vt 0.744141 0.268555
vt 0.744141 0.260254
vt 0.723145 0.268555
vt 0.744141 0.260254
vt 0.723145 0.260254
vt 0.723145 0.268555
vt 0.744141 0.260254
vt 0.744141 0.251465
vt 0.723145 0.260254
vt 0.744141 0.251465
vt 0.723145 0.251465
vt 0.723145 0.260254
vt 0.744141 0.251465
vt 0.744141 0.243164
vt 0.723145 0.251465
vt 0.744141 0.243164
vt 0.723145 0.243164
vt 0.723145 0.251465
vt 0.744141 0.243164
vt 0.744141 0.234863
vt 0.723145 0.243164
vt 0.744141 0.234863
vt 0.723145 0.234863
vt 0.723145 0.243164
vt 0.744141 0.234863
vt 0.744141 0.226074
vt 0.723145 0.234863
vt 0.744141 0.226074
vt 0.723145 0.226074
vt 0.723145 0.234863
vt 0.744141 0.226074
vt 0.744141 0.217773
vt 0.723145 0.226074
vt 0.744141 0.217773
vt 0.723145 0.217773
vt 0.723145 0.226074
vt 0.737305 0.330078
vt 0.730469 0.332031
vt 0.725098 0.337402
vt 0.737305 0.343750
vt 0.737305 0.330078
vt 0.725098 0.337402
vt 0.737305 0.343750
vt 0.750000 0.337402
vt 0.737305 0.330078
vt 0.750000 0.337402
vt 0.744629 0.332031
vt 0.737305 0.330078
vt 0.737305 0.343750
vt 0.725098 0.337402
vt 0.725098 0.351562
vt 0.737305 0.343750
vt 0.725098 0.351562
vt 0.737305 0.358398
vt 0.737305 0.343750
vt 0.737305 0.358398
vt 0.750000 0.351562
vt 0.725098 0.337402
vt 0.723145 0.344238
vt 0.725098 0.351562
vt 0.737305 0.343750
vt 0.750000 0.351562
vt 0.750000 0.337402
vt 0.725098 0.351562
vt 0.730469 0.356934
vt 0.737305 0.358398
vt 0.737305 0.358398
vt 0.744629 0.356934
vt 0.750000 0.351562
vt 0.750000 0.351562
vt 0.751953 0.344238
vt 0.750000 0.337402
vt 0.744141 0.319336
vt 0.744141 0.310547
vt 0.723145 0.319336
vt 0.744141 0.310547
vt 0.723145 0.310547
vt 0.723145 0.319336
vt 0.744141 0.310547
vt 0.744141 0.302246
vt 0.723145 0.310547
vt 0.744141 0.302246
vt 0.723145 0.302246
vt 0.723145 0.310547
vt 0.744141 0.302246
vt 0.744141 0.293945
vt 0.723145 0.302246
vt 0.744141 0.293945
vt 0.723145 0.293945
vt 0.723145 0.302246
vt 0.744141 0.293945
vt 0.744141 0.285645
vt 0.723145 0.293945
vt 0.744141 0.285645
vt 0.723145 0.285645
vt 0.723145 0.293945
vt 0.744141 0.285645
vt 0.744141 0.276855
vt 0.723145 0.285645
vt 0.744141 0.276855
vt 0.723145 0.276855
vt 0.723145 0.285645
vt 0.744141 0.276855
vt 0.744141 0.268555
vt 0.723145 0.276855
vt 0.744141 0.268555
vt 0.723145 0.268555
vt 0.723145 0.276855
vt 0.744141 0.268555
vt 0.744141 0.260254
vt 0.723145 0.268555
vt 0.744141 0.260254
vt 0.723145 0.260254
vt 0.723145 0.268555
vt 0.744141 0.260254
vt 0.744141 0.251465
vt 0.723145 0.260254
vt 0.744141 0.251465
vt 0.723145 0.251465
vt 0.723145 0.260254
vt 0.744141 0.251465
vt 0.744141 0.243164
vt 0.723145 0.251465
vt 0.744141 0.243164
vt 0.723145 0.243164
vt 0.723145 0.251465
vt 0.744141 0.243164
vt 0.744141 0.234863
vt 0.723145 0.243164
vt 0.744141 0.234863
vt 0.723145 0.234863
vt 0.723145 0.243164
vt 0.744141 0.234863
vt 0.744141 0.226074
vt 0.723145 0.234863
vt 0.744141 0.226074
vt 0.723145 0.226074
vt 0.723145 0.234863
vt 0.744141 0.226074
vt 0.744141 0.217773
vt 0.723145 0.226074
vt 0.744141 0.217773
vt 0.723145 0.217773
vt 0.723145 0.226074
vt 0.737305 0.330078
vt 0.730469 0.332031
vt 0.725098 0.337402
vt 0.737305 0.343750
vt 0.737305 0.330078
vt 0.725098 0.337402
vt 0.737305 0.343750
vt 0.750000 0.337402
vt 0.737305 0.330078
vt 0.750000 0.337402
vt 0.744629 0.332031
vt 0.737305 0.330078
vt 0.737305 0.343750
vt 0.725098 0.337402
vt 0.725098 0.351562
vt 0.737305 0.343750
vt 0.725098 0.351562
vt 0.737305 0.358398
vt 0.737305 0.343750
vt 0.737305 0.358398
vt 0.750000 0.351562
vt 0.725098 0.337402
vt 0.723145 0.344238
vt 0.725098 0.351562
vt 0.737305 0.343750
vt 0.750000 0.351562
vt 0.750000 0.337402
vt 0.725098 0.351562
vt 0.730469 0.356934
vt 0.737305 0.358398
vt 0.737305 0.358398
vt 0.744629 0.356934
vt 0.750000 0.351562
vt 0.750000 0.351562
vt 0.751953 0.344238
vt 0.750000 0.337402
vt 0.161987 0.321289
vt 0.161987 0.312988
vt 0.133667 0.321289
vt 0.161987 0.312988
vt 0.133667 0.312988
vt 0.133667 0.321289
vt 0.161987 0.312988
vt 0.161987 0.304688
vt 0.133667 0.312988
vt 0.161987 0.304688
vt 0.133667 0.304688
vt 0.133667 0.312988
vt 0.161987 0.304688
vt 0.161987 0.295898
vt 0.133667 0.304688
vt 0.161987 0.295898
vt 0.133667 0.295898
vt 0.133667 0.304688
vt 0.161987 0.295898
vt 0.161987 0.287598
vt 0.133667 0.295898
vt 0.161987 0.287598
vt 0.133667 0.287598
vt 0.133667 0.295898
vt 0.161987 0.287598
vt 0.161987 0.279297
vt 0.133667 0.287598
vt 0.161987 0.279297
vt 0.133667 0.279297
vt 0.133667 0.287598
vt 0.161987 0.279297
vt 0.161987 0.270508
vt 0.133667 0.279297
vt 0.161987 0.270508
vt 0.133667 0.270508
vt 0.133667 0.279297
vt 0.161987 0.270508
vt 0.161987 0.262207
vt 0.133667 0.270508
vt 0.161987 0.262207
vt 0.133667 0.262207
vt 0.133667 0.270508
vt 0.161987 0.262207
vt 0.161987 0.253906
vt 0.133667 0.262207
vt 0.161987 0.253906
vt 0.133667 0.253906
vt 0.133667 0.262207
vt 0.161987 0.253906
vt 0.161987 0.245117
vt 0.133667 0.253906
vt 0.161987 0.245117
vt 0.133667 0.245117
vt 0.133667 0.253906
vt 0.161987 0.245117
vt 0.161987 0.236816
vt 0.133667 0.245117
vt 0.161987 0.236816
vt 0.133667 0.236816
vt 0.133667 0.245117
vt 0.161987 0.236816
vt 0.161987 0.228516
vt 0.133667 0.236816
vt 0.161987 0.228516
vt 0.133667 0.228516
vt 0.133667 0.236816
vt 0.161987 0.228516
vt 0.161987 0.219727
vt 0.133667 0.228516
vt 0.161987 0.219727
vt 0.133667 0.219727
vt 0.133667 0.228516
vt 0.147827 0.333984
vt 0.140625 0.335938
vt 0.135498 0.341309
vt 0.147827 0.347656
vt 0.147827 0.333984
vt 0.135498 0.341309
vt 0.147827 0.347656
vt 0.160034 0.341309
vt 0.147827 0.333984
vt 0.160034 0.341309
vt 0.154907 0.335938
vt 0.147827 0.333984
vt 0.147827 0.347656
vt 0.135498 0.341309
vt 0.135498 0.355469
vt 0.147827 0.347656
vt 0.135498 0.355469
vt 0.147827 0.362793
vt 0.147827 0.347656
vt 0.147827 0.362793
vt 0.160034 0.355469
vt 0.135498 0.341309
vt 0.133545 0.348145
vt 0.135498 0.355469
vt 0.147827 0.347656
vt 0.160034 0.355469
vt 0.160034 0.341309
vt 0.135498 0.355469
vt 0.140625 0.360840
vt 0.147827 0.362793
vt 0.147827 0.362793
vt 0.154907 0.360840
vt 0.160034 0.355469
vt 0.160034 0.355469
vt 0.161987 0.348145
vt 0.160034 0.341309
vt 0.161987 0.321289
vt 0.161987 0.312988
vt 0.133667 0.321289
vt 0.161987 0.312988
vt 0.133667 0.312988
vt 0.133667 0.321289
vt 0.161987 0.312988
vt 0.161987 0.304688
vt 0.133667 0.312988
vt 0.161987 0.304688
vt 0.133667 0.304688
vt 0.133667 0.312988
vt 0.161987 0.304688
vt 0.161987 0.295898
vt 0.133667 0.304688
vt 0.161987 0.295898
vt 0.133667 0.295898
vt 0.133667 0.304688
vt 0.161987 0.295898
vt 0.161987 0.287598
vt 0.133667 0.295898
vt 0.161987 0.287598
vt 0.133667 0.287598
vt 0.133667 0.295898
vt 0.161987 0.287598
vt 0.161987 0.279297
vt 0.133667 0.287598
vt 0.161987 0.279297
vt 0.133667 0.279297
vt 0.133667 0.287598
vt 0.161987 0.279297
vt 0.161987 0.270508
vt 0.133667 0.279297
vt 0.161987 0.270508
vt 0.133667 0.270508
vt 0.133667 0.279297
vt 0.161987 0.270508
vt 0.161987 0.262207
vt 0.133667 0.270508
vt 0.161987 0.262207
vt 0.133667 0.262207
vt 0.133667 0.270508
vt 0.161987 0.262207
vt 0.161987 0.253906
vt 0.133667 0.262207
vt 0.161987 0.253906
vt 0.133667 0.253906
vt 0.133667 0.262207
vt 0.161987 0.253906
vt 0.161987 0.245117
vt 0.133667 0.253906
vt 0.161987 0.245117
vt 0.133667 0.245117
vt 0.133667 0.253906
vt 0.161987 0.245117
vt 0.161987 0.236816
vt 0.133667 0.245117
vt 0.161987 0.236816
vt 0.133667 0.236816
vt 0.133667 0.245117
vt 0.161987 0.236816
vt 0.161987 0.228516
vt 0.133667 0.236816
vt 0.161987 0.228516
vt 0.133667 0.228516
vt 0.133667 0.236816
vt 0.161987 0.228516
vt 0.161987 0.219727
vt 0.133667 0.228516
vt 0.161987 0.219727
vt 0.133667 0.219727
vt 0.133667 0.228516
vt 0.147827 0.333984
vt 0.140625 0.335938
vt 0.135498 0.341309
vt 0.147827 0.347656
vt 0.147827 0.333984
vt 0.135498 0.341309
vt 0.147827 0.347656
vt 0.160034 0.341309
vt 0.147827 0.333984
vt 0.160034 0.341309
vt 0.154907 0.335938
vt 0.147827 0.333984
vt 0.147827 0.347656
vt 0.135498 0.341309
vt 0.135498 0.355469
vt 0.147827 0.347656
vt 0.160034 0.355469
vt 0.160034 0.341309
vt 0.147827 0.347656
vt 0.135498 0.355469
vt 0.147827 0.362793
vt 0.147827 0.347656
vt 0.147827 0.362793
vt 0.160034 0.355469
vt 0.135498 0.341309
vt 0.133545 0.348145
vt 0.135498 0.355469
vt 0.160034 0.355469
vt 0.161987 0.348145
vt 0.160034 0.341309
vt 0.135498 0.355469
vt 0.140625 0.360840
vt 0.147827 0.362793
vt 0.147827 0.362793
vt 0.154907 0.360840
vt 0.160034 0.355469
vt 0.001397 0.998740
vt 0.057617 0.998740
vt 0.057617 0.621582
vt 0.001397 0.621582
vt 0.001397 0.998740
vt 0.057617 0.621582
vt 0.001397 0.621582
vt 0.057617 0.621582
vt 0.057617 0.593262
vt 0.001397 0.593262
vt 0.001397 0.621582
vt 0.057617 0.593262
vt 0.001397 0.593262
vt 0.057617 0.593262
vt 0.057617 0.562988
vt 0.001397 0.562988
vt 0.001397 0.593262
vt 0.057617 0.562988
vt 0.001397 0.562988
vt 0.057617 0.562988
vt 0.057617 0.533203
vt 0.001397 0.533203
vt 0.001397 0.562988
vt 0.057617 0.533203
vt 0.001397 0.533203
vt 0.057617 0.533203
vt 0.057617 0.505127
vt 0.001397 0.505127
vt 0.001397 0.533203
vt 0.057617 0.505127
vt 0.001397 0.478027
vt 0.001397 0.505127
vt 0.057617 0.505127
vt 0.057617 0.478027
vt 0.001397 0.478027
vt 0.057617 0.505127
vt 0.001397 0.450684
vt 0.001397 0.478027
vt 0.057617 0.478027
vt 0.057617 0.450684
vt 0.001397 0.450684
vt 0.057617 0.478027
vt 0.001397 0.450684
vt 0.057617 0.450684
vt 0.057617 0.167480
vt 0.001397 0.167480
vt 0.001397 0.450684
vt 0.057617 0.167480
vt 0.001397 0.167480
vt 0.057617 0.167480
vt 0.057617 0.138184
vt 0.001397 0.138184
vt 0.001397 0.167480
vt 0.057617 0.138184
vt 0.001397 0.138184
vt 0.057617 0.138184
vt 0.057617 0.110840
vt 0.001397 0.110840
vt 0.001397 0.138184
vt 0.057617 0.110840
vt 0.001397 0.082031
vt 0.001397 0.110840
vt 0.057617 0.110840
vt 0.057617 0.082031
vt 0.001397 0.082031
vt 0.057617 0.110840
vt 0.001397 0.054199
vt 0.001397 0.082031
vt 0.057617 0.082031
vt 0.057617 0.054199
vt 0.001397 0.054199
vt 0.057617 0.082031
vt 0.001397 0.027344
vt 0.001397 0.054199
vt 0.057617 0.054199
vt 0.057617 0.027344
vt 0.001397 0.027344
vt 0.057617 0.054199
vt 0.001397 0.000977
vt 0.001397 0.027344
vt 0.057617 0.027344
vt 0.057617 0.000977
vt 0.001397 0.000977
vt 0.057617 0.027344
vt 0.479004 0.307129
vt 0.491455 0.307129
vt 0.479004 0.278320
vt 0.491455 0.307129
vt 0.491455 0.278320
vt 0.479004 0.278320
vt 0.491455 0.307129
vt 0.503418 0.307129
vt 0.491455 0.278320
vt 0.503418 0.307129
vt 0.503418 0.278320
vt 0.491455 0.278320
vt 0.503418 0.307129
vt 0.516113 0.307129
vt 0.503418 0.278320
vt 0.516113 0.307129
vt 0.516113 0.278320
vt 0.503418 0.278320
vt 0.516113 0.307129
vt 0.528320 0.307129
vt 0.516113 0.278320
vt 0.528320 0.307129
vt 0.528320 0.278320
vt 0.516113 0.278320
vt 0.528320 0.307129
vt 0.540527 0.307129
vt 0.528320 0.278320
vt 0.540527 0.307129
vt 0.540527 0.278320
vt 0.528320 0.278320
vt 0.540527 0.307129
vt 0.552734 0.307129
vt 0.540527 0.278320
vt 0.552734 0.307129
vt 0.552734 0.278320
vt 0.540527 0.278320
vt 0.552734 0.307129
vt 0.565430 0.307129
vt 0.552734 0.278320
vt 0.565430 0.307129
vt 0.565430 0.278320
vt 0.552734 0.278320
vt 0.565430 0.307129
vt 0.577637 0.307129
vt 0.565430 0.278320
vt 0.577637 0.307129
vt 0.577637 0.278320
vt 0.565430 0.278320
vt 0.577637 0.307129
vt 0.589844 0.307129
vt 0.577637 0.278320
vt 0.589844 0.307129
vt 0.589844 0.278320
vt 0.577637 0.278320
vt 0.589844 0.307129
vt 0.602539 0.307129
vt 0.589844 0.278320
vt 0.602539 0.307129
vt 0.602539 0.278320
vt 0.589844 0.278320
vt 0.602539 0.307129
vt 0.614746 0.307129
vt 0.602539 0.278320
vt 0.614746 0.307129
vt 0.614746 0.278320
vt 0.602539 0.278320
vt 0.614746 0.307129
vt 0.626953 0.307129
vt 0.614746 0.278320
vt 0.626953 0.307129
vt 0.626953 0.278320
vt 0.614746 0.278320
vt 0.626953 0.307129
vt 0.639648 0.307129
vt 0.626953 0.278320
vt 0.639648 0.307129
vt 0.639648 0.278320
vt 0.626953 0.278320
vt 0.639648 0.307129
vt 0.651855 0.307129
vt 0.639648 0.278320
vt 0.651855 0.307129
vt 0.651855 0.278320
vt 0.639648 0.278320
vt 0.651855 0.307129
vt 0.664062 0.307129
vt 0.651855 0.278320
vt 0.664062 0.307129
vt 0.664062 0.278320
vt 0.651855 0.278320
vt 0.664062 0.307129
vt 0.676270 0.307129
vt 0.664062 0.278320
vt 0.676270 0.307129
vt 0.676270 0.278320
vt 0.664062 0.278320
vt 0.488037 0.397949
vt 0.480469 0.397949
vt 0.489746 0.428223
vt 0.480469 0.397949
vt 0.478760 0.428223
vt 0.489746 0.428223
vt 0.492676 0.318848
vt 0.476074 0.318848
vt 0.489990 0.348633
vt 0.476074 0.318848
vt 0.478516 0.348633
vt 0.489990 0.348633
vt 0.451416 0.407227
vt 0.480713 0.397949
vt 0.448730 0.371582
vt 0.480713 0.397949
vt 0.477295 0.371094
vt 0.448730 0.371582
vt 0.477295 0.371094
vt 0.478760 0.348633
vt 0.448730 0.371582
vt 0.478760 0.348633
vt 0.448975 0.341309
vt 0.448730 0.371582
vt 0.519531 0.341309
vt 0.489746 0.348633
vt 0.519531 0.371582
vt 0.489746 0.348633
vt 0.491211 0.371094
vt 0.519531 0.371582
vt 0.491211 0.371094
vt 0.487793 0.397949
vt 0.519531 0.371582
vt 0.487793 0.397949
vt 0.517090 0.407715
vt 0.519531 0.371582
vt 0.482422 0.395020
vt 0.486084 0.395020
vt 0.491211 0.371094
vt 0.477295 0.371094
vt 0.482422 0.395020
vt 0.491211 0.371094
vt 0.491211 0.371094
vt 0.487793 0.351562
vt 0.477295 0.371094
vt 0.487793 0.351562
vt 0.480713 0.351562
vt 0.477295 0.371094
vt 0.482422 0.395020
vt 0.480469 0.397949
vt 0.486084 0.395020
vt 0.480469 0.397949
vt 0.488037 0.397949
vt 0.486084 0.395020
vt 0.478516 0.348633
vt 0.480713 0.351562
vt 0.489990 0.348633
vt 0.480713 0.351562
vt 0.487793 0.351562
vt 0.489990 0.348633
vt 0.479004 0.307129
vt 0.491455 0.307129
vt 0.479004 0.278320
vt 0.491455 0.307129
vt 0.491455 0.278320
vt 0.479004 0.278320
vt 0.491455 0.307129
vt 0.503418 0.307129
vt 0.491455 0.278320
vt 0.503418 0.307129
vt 0.503418 0.278320
vt 0.491455 0.278320
vt 0.503418 0.307129
vt 0.516113 0.307129
vt 0.503418 0.278320
vt 0.516113 0.307129
vt 0.516113 0.278320
vt 0.503418 0.278320
vt 0.516113 0.307129
vt 0.528320 0.307129
vt 0.516113 0.278320
vt 0.528320 0.307129
vt 0.528320 0.278320
vt 0.516113 0.278320
vt 0.528320 0.307129
vt 0.540527 0.307129
vt 0.528320 0.278320
vt 0.540527 0.307129
vt 0.540527 0.278320
vt 0.528320 0.278320
vt 0.540527 0.307129
vt 0.552734 0.307129
vt 0.540527 0.278320
vt 0.552734 0.307129
vt 0.552734 0.278320
vt 0.540527 0.278320
vt 0.552734 0.307129
vt 0.565430 0.307129
vt 0.552734 0.278320
vt 0.565430 0.307129
vt 0.565430 0.278320
vt 0.552734 0.278320
vt 0.565430 0.307129
vt 0.577637 0.307129
vt 0.565430 0.278320
vt 0.577637 0.307129
vt 0.577637 0.278320
vt 0.565430 0.278320
vt 0.577637 0.307129
vt 0.589844 0.307129
vt 0.577637 0.278320
vt 0.589844 0.307129
vt 0.589844 0.278320
vt 0.577637 0.278320
vt 0.589844 0.307129
vt 0.602539 0.307129
vt 0.589844 0.278320
vt 0.602539 0.307129
vt 0.602539 0.278320
vt 0.589844 0.278320
vt 0.602539 0.307129
vt 0.614746 0.307129
vt 0.602539 0.278320
vt 0.614746 0.307129
vt 0.614746 0.278320
vt 0.602539 0.278320
vt 0.614746 0.307129
vt 0.626953 0.307129
vt 0.614746 0.278320
vt 0.626953 0.307129
vt 0.626953 0.278320
vt 0.614746 0.278320
vt 0.626953 0.307129
vt 0.639648 0.307129
vt 0.626953 0.278320
vt 0.639648 0.307129
vt 0.639648 0.278320
vt 0.626953 0.278320
vt 0.639648 0.307129
vt 0.651855 0.307129
vt 0.639648 0.278320
vt 0.651855 0.307129
vt 0.651855 0.278320
vt 0.639648 0.278320
vt 0.651855 0.307129
vt 0.664062 0.307129
vt 0.651855 0.278320
vt 0.664062 0.307129
vt 0.664062 0.278320
vt 0.651855 0.278320
vt 0.664062 0.307129
vt 0.676270 0.307129
vt 0.664062 0.278320
vt 0.676270 0.307129
vt 0.676270 0.278320
vt 0.664062 0.278320
vt 0.488037 0.397949
vt 0.480469 0.397949
vt 0.489746 0.428223
vt 0.480469 0.397949
vt 0.478760 0.428223
vt 0.489746 0.428223
vt 0.492676 0.318848
vt 0.476074 0.318848
vt 0.489990 0.348633
vt 0.476074 0.318848
vt 0.478516 0.348633
vt 0.489990 0.348633
vt 0.451416 0.407227
vt 0.480713 0.397949
vt 0.448730 0.371582
vt 0.480713 0.397949
vt 0.477295 0.371094
vt 0.448730 0.371582
vt 0.477295 0.371094
vt 0.478760 0.348633
vt 0.448730 0.371582
vt 0.478760 0.348633
vt 0.448975 0.341309
vt 0.448730 0.371582
vt 0.519531 0.341309
vt 0.489746 0.348633
vt 0.519531 0.371582
vt 0.489746 0.348633
vt 0.491211 0.371094
vt 0.519531 0.371582
vt 0.491211 0.371094
vt 0.487793 0.397949
vt 0.519531 0.371582
vt 0.487793 0.397949
vt 0.517090 0.407715
vt 0.519531 0.371582
vt 0.482422 0.395020
vt 0.486084 0.395020
vt 0.491211 0.371094
vt 0.477295 0.371094
vt 0.482422 0.395020
vt 0.491211 0.371094
vt 0.491211 0.371094
vt 0.487793 0.351562
vt 0.477295 0.371094
vt 0.487793 0.351562
vt 0.480713 0.351562
vt 0.477295 0.371094
vt 0.482422 0.395020
vt 0.480469 0.397949
vt 0.486084 0.395020
vt 0.480469 0.397949
vt 0.488037 0.397949
vt 0.486084 0.395020
vt 0.478516 0.348633
vt 0.480713 0.351562
vt 0.489990 0.348633
vt 0.480713 0.351562
vt 0.487793 0.351562
vt 0.489990 0.348633
vt 0.479004 0.307129
vt 0.491455 0.307129
vt 0.479004 0.278320
vt 0.491455 0.307129
vt 0.491455 0.278320
vt 0.479004 0.278320
vt 0.491455 0.307129
vt 0.503418 0.307129
vt 0.491455 0.278320
vt 0.503418 0.307129
vt 0.503418 0.278320
vt 0.491455 0.278320
vt 0.503418 0.307129
vt 0.516113 0.307129
vt 0.503418 0.278320
vt 0.516113 0.307129
vt 0.516113 0.278320
vt 0.503418 0.278320
vt 0.516113 0.307129
vt 0.528320 0.307129
vt 0.516113 0.278320
vt 0.528320 0.307129
vt 0.528320 0.278320
vt 0.516113 0.278320
vt 0.528320 0.307129
vt 0.540527 0.307129
vt 0.528320 0.278320
vt 0.540527 0.307129
vt 0.540527 0.278320
vt 0.528320 0.278320
vt 0.540527 0.307129
vt 0.552734 0.307129
vt 0.540527 0.278320
vt 0.552734 0.307129
vt 0.552734 0.278320
vt 0.540527 0.278320
vt 0.552734 0.307129
vt 0.565430 0.307129
vt 0.552734 0.278320
vt 0.565430 0.307129
vt 0.565430 0.278320
vt 0.552734 0.278320
vt 0.565430 0.307129
vt 0.577637 0.307129
vt 0.565430 0.278320
vt 0.577637 0.307129
vt 0.577637 0.278320
vt 0.565430 0.278320
vt 0.577637 0.307129
vt 0.589844 0.307129
vt 0.577637 0.278320
vt 0.589844 0.307129
vt 0.589844 0.278320
vt 0.577637 0.278320
vt 0.589844 0.307129
vt 0.602539 0.307129
vt 0.589844 0.278320
vt 0.602539 0.307129
vt 0.602539 0.278320
vt 0.589844 0.278320
vt 0.602539 0.307129
vt 0.614746 0.307129
vt 0.602539 0.278320
vt 0.614746 0.307129
vt 0.614746 0.278320
vt 0.602539 0.278320
vt 0.614746 0.307129
vt 0.626953 0.307129
vt 0.614746 0.278320
vt 0.626953 0.307129
vt 0.626953 0.278320
vt 0.614746 0.278320
vt 0.626953 0.307129
vt 0.639648 0.307129
vt 0.626953 0.278320
vt 0.639648 0.307129
vt 0.639648 0.278320
vt 0.626953 0.278320
vt 0.639648 0.307129
vt 0.651855 0.307129
vt 0.639648 0.278320
vt 0.651855 0.307129
vt 0.651855 0.278320
vt 0.639648 0.278320
vt 0.651855 0.307129
vt 0.664062 0.307129
vt 0.651855 0.278320
vt 0.664062 0.307129
vt 0.664062 0.278320
vt 0.651855 0.278320
vt 0.664062 0.307129
vt 0.676270 0.307129
vt 0.664062 0.278320
vt 0.676270 0.307129
vt 0.676270 0.278320
vt 0.664062 0.278320
vt 0.488037 0.397949
vt 0.480469 0.397949
vt 0.489746 0.428223
vt 0.480469 0.397949
vt 0.478760 0.428223
vt 0.489746 0.428223
vt 0.492676 0.318848
vt 0.476074 0.318848
vt 0.489990 0.348633
vt 0.476074 0.318848
vt 0.478516 0.348633
vt 0.489990 0.348633
vt 0.451416 0.407227
vt 0.480713 0.397949
vt 0.448730 0.371582
vt 0.480713 0.397949
vt 0.477295 0.371094
vt 0.448730 0.371582
vt 0.477295 0.371094
vt 0.478760 0.348633
vt 0.448730 0.371582
vt 0.478760 0.348633
vt 0.448975 0.341309
vt 0.448730 0.371582
vt 0.519531 0.341309
vt 0.489746 0.348633
vt 0.519531 0.371582
vt 0.489746 0.348633
vt 0.491211 0.371094
vt 0.519531 0.371582
vt 0.491211 0.371094
vt 0.487793 0.397949
vt 0.519531 0.371582
vt 0.487793 0.397949
vt 0.517090 0.407715
vt 0.519531 0.371582
vt 0.482422 0.395020
vt 0.486084 0.395020
vt 0.491211 0.371094
vt 0.477295 0.371094
vt 0.482422 0.395020
vt 0.491211 0.371094
vt 0.491211 0.371094
vt 0.487793 0.351562
vt 0.477295 0.371094
vt 0.487793 0.351562
vt 0.480713 0.351562
vt 0.477295 0.371094
vt 0.482422 0.395020
vt 0.480469 0.397949
vt 0.486084 0.395020
vt 0.480469 0.397949
vt 0.488037 0.397949
vt 0.486084 0.395020
vt 0.478516 0.348633
vt 0.480713 0.351562
vt 0.489990 0.348633
vt 0.480713 0.351562
vt 0.487793 0.351562
vt 0.489990 0.348633
vt 0.479004 0.307129
vt 0.491455 0.307129
vt 0.479004 0.278320
vt 0.491455 0.307129
vt 0.491455 0.278320
vt 0.479004 0.278320
vt 0.491455 0.307129
vt 0.503418 0.307129
vt 0.491455 0.278320
vt 0.503418 0.307129
vt 0.503418 0.278320
vt 0.491455 0.278320
vt 0.503418 0.307129
vt 0.516113 0.307129
vt 0.503418 0.278320
vt 0.516113 0.307129
vt 0.516113 0.278320
vt 0.503418 0.278320
vt 0.516113 0.307129
vt 0.528320 0.307129
vt 0.516113 0.278320
vt 0.528320 0.307129
vt 0.528320 0.278320
vt 0.516113 0.278320
vt 0.528320 0.307129
vt 0.540527 0.307129
vt 0.528320 0.278320
vt 0.540527 0.307129
vt 0.540527 0.278320
vt 0.528320 0.278320
vt 0.540527 0.307129
vt 0.552734 0.307129
vt 0.540527 0.278320
vt 0.552734 0.307129
vt 0.552734 0.278320
vt 0.540527 0.278320
vt 0.552734 0.307129
vt 0.565430 0.307129
vt 0.552734 0.278320
vt 0.565430 0.307129
vt 0.565430 0.278320
vt 0.552734 0.278320
vt 0.565430 0.307129
vt 0.577637 0.307129
vt 0.565430 0.278320
vt 0.577637 0.307129
vt 0.577637 0.278320
vt 0.565430 0.278320
vt 0.577637 0.307129
vt 0.589844 0.307129
vt 0.577637 0.278320
vt 0.589844 0.307129
vt 0.589844 0.278320
vt 0.577637 0.278320
vt 0.589844 0.307129
vt 0.602539 0.307129
vt 0.589844 0.278320
vt 0.602539 0.307129
vt 0.602539 0.278320
vt 0.589844 0.278320
vt 0.602539 0.307129
vt 0.614746 0.307129
vt 0.602539 0.278320
vt 0.614746 0.307129
vt 0.614746 0.278320
vt 0.602539 0.278320
vt 0.614746 0.307129
vt 0.626953 0.307129
vt 0.614746 0.278320
vt 0.626953 0.307129
vt 0.626953 0.278320
vt 0.614746 0.278320
vt 0.626953 0.307129
vt 0.639648 0.307129
vt 0.626953 0.278320
vt 0.639648 0.307129
vt 0.639648 0.278320
vt 0.626953 0.278320
vt 0.639648 0.307129
vt 0.651855 0.307129
vt 0.639648 0.278320
vt 0.651855 0.307129
vt 0.651855 0.278320
vt 0.639648 0.278320
vt 0.651855 0.307129
vt 0.664062 0.307129
vt 0.651855 0.278320
vt 0.664062 0.307129
vt 0.664062 0.278320
vt 0.651855 0.278320
vt 0.664062 0.307129
vt 0.676270 0.307129
vt 0.664062 0.278320
vt 0.676270 0.307129
vt 0.676270 0.278320
vt 0.664062 0.278320
vt 0.488037 0.397949
vt 0.480469 0.397949
vt 0.489746 0.428223
vt 0.480469 0.397949
vt 0.478760 0.428223
vt 0.489746 0.428223
vt 0.492676 0.318848
vt 0.476074 0.318848
vt 0.489990 0.348633
vt 0.476074 0.318848
vt 0.478516 0.348633
vt 0.489990 0.348633
vt 0.451416 0.407227
vt 0.480713 0.397949
vt 0.448730 0.371582
vt 0.480713 0.397949
vt 0.477295 0.371094
vt 0.448730 0.371582
vt 0.477295 0.371094
vt 0.478760 0.348633
vt 0.448730 0.371582
vt 0.478760 0.348633
vt 0.448975 0.341309
vt 0.448730 0.371582
vt 0.519531 0.341309
vt 0.489746 0.348633
vt 0.519531 0.371582
vt 0.489746 0.348633
vt 0.491211 0.371094
vt 0.519531 0.371582
vt 0.491211 0.371094
vt 0.487793 0.397949
vt 0.519531 0.371582
vt 0.487793 0.397949
vt 0.517090 0.407715
vt 0.519531 0.371582
vt 0.482422 0.395020
vt 0.486084 0.395020
vt 0.491211 0.371094
vt 0.477295 0.371094
vt 0.482422 0.395020
vt 0.491211 0.371094
vt 0.491211 0.371094
vt 0.487793 0.351562
vt 0.477295 0.371094
vt 0.487793 0.351562
vt 0.480713 0.351562
vt 0.477295 0.371094
vt 0.482422 0.395020
vt 0.480469 0.397949
vt 0.486084 0.395020
vt 0.480469 0.397949
vt 0.488037 0.397949
vt 0.486084 0.395020
vt 0.478516 0.348633
vt 0.480713 0.351562
vt 0.489990 0.348633
vt 0.480713 0.351562
vt 0.487793 0.351562
vt 0.489990 0.348633
vt 0.479004 0.307129
vt 0.491455 0.307129
vt 0.479004 0.278320
vt 0.491455 0.307129
vt 0.491455 0.278320
vt 0.479004 0.278320
vt 0.491455 0.307129
vt 0.503418 0.307129
vt 0.491455 0.278320
vt 0.503418 0.307129
vt 0.503418 0.278320
vt 0.491455 0.278320
vt 0.503418 0.307129
vt 0.516113 0.307129
vt 0.503418 0.278320
vt 0.516113 0.307129
vt 0.516113 0.278320
vt 0.503418 0.278320
vt 0.516113 0.307129
vt 0.528320 0.307129
vt 0.516113 0.278320
vt 0.528320 0.307129
vt 0.528320 0.278320
vt 0.516113 0.278320
vt 0.528320 0.307129
vt 0.540527 0.307129
vt 0.528320 0.278320
vt 0.540527 0.307129
vt 0.540527 0.278320
vt 0.528320 0.278320
vt 0.540527 0.307129
vt 0.552734 0.307129
vt 0.540527 0.278320
vt 0.552734 0.307129
vt 0.552734 0.278320
vt 0.540527 0.278320
vt 0.552734 0.307129
vt 0.565430 0.307129
vt 0.552734 0.278320
vt 0.565430 0.307129
vt 0.565430 0.278320
vt 0.552734 0.278320
vt 0.565430 0.307129
vt 0.577637 0.307129
vt 0.565430 0.278320
vt 0.577637 0.307129
vt 0.577637 0.278320
vt 0.565430 0.278320
vt 0.577637 0.307129
vt 0.589844 0.307129
vt 0.577637 0.278320
vt 0.589844 0.307129
vt 0.589844 0.278320
vt 0.577637 0.278320
vt 0.589844 0.307129
vt 0.602539 0.307129
vt 0.589844 0.278320
vt 0.602539 0.307129
vt 0.602539 0.278320
vt 0.589844 0.278320
vt 0.602539 0.307129
vt 0.614746 0.307129
vt 0.602539 0.278320
vt 0.614746 0.307129
vt 0.614746 0.278320
vt 0.602539 0.278320
vt 0.614746 0.307129
vt 0.626953 0.307129
vt 0.614746 0.278320
vt 0.626953 0.307129
vt 0.626953 0.278320
vt 0.614746 0.278320
vt 0.626953 0.307129
vt 0.639648 0.307129
vt 0.626953 0.278320
vt 0.639648 0.307129
vt 0.639648 0.278320
vt 0.626953 0.278320
vt 0.639648 0.307129
vt 0.651855 0.307129
vt 0.639648 0.278320
vt 0.651855 0.307129
vt 0.651855 0.278320
vt 0.639648 0.278320
vt 0.651855 0.307129
vt 0.664062 0.307129
vt 0.651855 0.278320
vt 0.664062 0.307129
vt 0.664062 0.278320
vt 0.651855 0.278320
vt 0.664062 0.307129
vt 0.676270 0.307129
vt 0.664062 0.278320
vt 0.676270 0.307129
vt 0.676270 0.278320
vt 0.664062 0.278320
vt 0.488037 0.397949
vt 0.480469 0.397949
vt 0.489746 0.428223
vt 0.480469 0.397949
vt 0.478760 0.428223
vt 0.489746 0.428223
vt 0.492676 0.318848
vt 0.476074 0.318848
vt 0.489990 0.348633
vt 0.476074 0.318848
vt 0.478516 0.348633
vt 0.489990 0.348633
vt 0.451416 0.407227
vt 0.480713 0.397949
vt 0.448730 0.371582
vt 0.480713 0.397949
vt 0.477295 0.371094
vt 0.448730 0.371582
vt 0.477295 0.371094
vt 0.478760 0.348633
vt 0.448730 0.371582
vt 0.478760 0.348633
vt 0.448975 0.341309
vt 0.448730 0.371582
vt 0.519531 0.341309
vt 0.489746 0.348633
vt 0.519531 0.371582
vt 0.489746 0.348633
vt 0.491211 0.371094
vt 0.519531 0.371582
vt 0.491211 0.371094
vt 0.487793 0.397949
vt 0.519531 0.371582
vt 0.487793 0.397949
vt 0.517090 0.407715
vt 0.519531 0.371582
vt 0.482422 0.395020
vt 0.486084 0.395020
vt 0.491211 0.371094
vt 0.477295 0.371094
vt 0.482422 0.395020
vt 0.491211 0.371094
vt 0.491211 0.371094
vt 0.487793 0.351562
vt 0.477295 0.371094
vt 0.487793 0.351562
vt 0.480713 0.351562
vt 0.477295 0.371094
vt 0.482422 0.395020
vt 0.480469 0.397949
vt 0.486084 0.395020
vt 0.480469 0.397949
vt 0.488037 0.397949
vt 0.486084 0.395020
vt 0.478516 0.348633
vt 0.480713 0.351562
vt 0.489990 0.348633
vt 0.480713 0.351562
vt 0.487793 0.351562
vt 0.489990 0.348633
vt 0.446777 0.036133
vt 0.519043 0.056152
vt 0.515137 0.060059
vt 0.444092 0.041016
vt 0.446777 0.036133
vt 0.515137 0.060059
vt 0.444092 0.041016
vt 0.515137 0.060059
vt 0.515625 0.152832
vt 0.444092 0.182617
vt 0.444092 0.041016
vt 0.515625 0.152832
vt 0.445312 0.044922
vt 0.445312 0.181152
vt 0.515137 0.062988
vt 0.445312 0.181152
vt 0.515137 0.152832
vt 0.515137 0.062988
vt 0.161987 0.321289
vt 0.161987 0.312988
vt 0.133667 0.321289
vt 0.161987 0.312988
vt 0.133667 0.312988
vt 0.133667 0.321289
vt 0.161987 0.312988
vt 0.161987 0.304688
vt 0.133667 0.312988
vt 0.161987 0.304688
vt 0.133667 0.304688
vt 0.133667 0.312988
vt 0.161987 0.304688
vt 0.161987 0.295898
vt 0.133667 0.304688
vt 0.161987 0.295898
vt 0.133667 0.295898
vt 0.133667 0.304688
vt 0.161987 0.295898
vt 0.161987 0.287598
vt 0.133667 0.295898
vt 0.161987 0.287598
vt 0.133667 0.287598
vt 0.133667 0.295898
vt 0.161987 0.287598
vt 0.161987 0.279297
vt 0.133667 0.287598
vt 0.161987 0.279297
vt 0.133667 0.279297
vt 0.133667 0.287598
vt 0.161987 0.279297
vt 0.161987 0.270508
vt 0.133667 0.279297
vt 0.161987 0.270508
vt 0.133667 0.270508
vt 0.133667 0.279297
vt 0.161987 0.270508
vt 0.161987 0.262207
vt 0.133667 0.270508
vt 0.161987 0.262207
vt 0.133667 0.262207
vt 0.133667 0.270508
vt 0.161987 0.262207
vt 0.161987 0.253906
vt 0.133667 0.262207
vt 0.161987 0.253906
vt 0.133667 0.253906
vt 0.133667 0.262207
vt 0.161987 0.253906
vt 0.161987 0.245117
vt 0.133667 0.253906
vt 0.161987 0.245117
vt 0.133667 0.245117
vt 0.133667 0.253906
vt 0.161987 0.245117
vt 0.161987 0.236816
vt 0.133667 0.245117
vt 0.161987 0.236816
vt 0.133667 0.236816
vt 0.133667 0.245117
vt 0.161987 0.236816
vt 0.161987 0.228516
vt 0.133667 0.236816
vt 0.161987 0.228516
vt 0.133667 0.228516
vt 0.133667 0.236816
vt 0.161987 0.228516
vt 0.161987 0.219727
vt 0.133667 0.228516
vt 0.161987 0.219727
vt 0.133667 0.219727
vt 0.133667 0.228516
vt 0.147827 0.333984
vt 0.140625 0.335938
vt 0.135498 0.341309
vt 0.147827 0.347656
vt 0.147827 0.333984
vt 0.135498 0.341309
vt 0.147827 0.347656
vt 0.160034 0.341309
vt 0.147827 0.333984
vt 0.160034 0.341309
vt 0.154907 0.335938
vt 0.147827 0.333984
vt 0.147827 0.347656
vt 0.135498 0.341309
vt 0.135498 0.355469
vt 0.147827 0.347656
vt 0.160034 0.355469
vt 0.160034 0.341309
vt 0.147827 0.347656
vt 0.135498 0.355469
vt 0.147827 0.362793
vt 0.147827 0.347656
vt 0.147827 0.362793
vt 0.160034 0.355469
vt 0.135498 0.341309
vt 0.133545 0.348145
vt 0.135498 0.355469
vt 0.160034 0.355469
vt 0.161987 0.348145
vt 0.160034 0.341309
vt 0.135498 0.355469
vt 0.140625 0.360840
vt 0.147827 0.362793
vt 0.147827 0.362793
vt 0.154907 0.360840
vt 0.160034 0.355469
vt 0.074524 0.000488
vt 0.070068 0.000488
vt 0.070068 0.200195
vt 0.074524 0.200195
vt 0.074524 0.000488
vt 0.070068 0.200195
vt 0.079590 0.000488
vt 0.074524 0.000488
vt 0.074524 0.200195
vt 0.079590 0.200195
vt 0.079590 0.000488
vt 0.074524 0.200195
vt 0.084595 0.000488
vt 0.079590 0.000488
vt 0.079590 0.200195
vt 0.084595 0.200195
vt 0.084595 0.000488
vt 0.079590 0.200195
vt 0.089233 0.000488
vt 0.084595 0.000488
vt 0.084595 0.200195
vt 0.089233 0.200195
vt 0.089233 0.000488
vt 0.084595 0.200195
vt 0.084595 0.218262
vt 0.084595 0.200195
vt 0.079590 0.200195
vt 0.079590 0.218262
vt 0.084595 0.218262
vt 0.079590 0.200195
vt 0.079590 0.218262
vt 0.079590 0.200195
vt 0.074524 0.200195
vt 0.084595 0.218262
vt 0.089233 0.218262
vt 0.084595 0.200195
vt 0.089233 0.218262
vt 0.089233 0.200195
vt 0.084595 0.200195
vt 0.089233 0.218262
vt 0.084595 0.218262
vt 0.084595 0.236328
vt 0.089233 0.236328
vt 0.089233 0.218262
vt 0.084595 0.236328
vt 0.089233 0.236328
vt 0.084595 0.236328
vt 0.084595 0.254395
vt 0.089233 0.254395
vt 0.089233 0.236328
vt 0.084595 0.254395
vt 0.084595 0.236328
vt 0.084595 0.218262
vt 0.079590 0.236328
vt 0.084595 0.218262
vt 0.079590 0.218262
vt 0.079590 0.236328
vt 0.089233 0.254395
vt 0.084595 0.254395
vt 0.084595 0.272461
vt 0.084595 0.254395
vt 0.084595 0.236328
vt 0.079590 0.254395
vt 0.084595 0.236328
vt 0.079590 0.236328
vt 0.079590 0.254395
vt 0.089233 0.272461
vt 0.089233 0.254395
vt 0.084595 0.272461
vt 0.084595 0.272461
vt 0.084595 0.254395
vt 0.079590 0.272461
vt 0.084595 0.254395
vt 0.079590 0.254395
vt 0.079590 0.272461
vt 0.084595 0.272461
vt 0.084595 0.292969
vt 0.089233 0.272461
vt 0.079590 0.272461
vt 0.079590 0.292969
vt 0.084595 0.272461
vt 0.079590 0.292969
vt 0.084595 0.292969
vt 0.084595 0.272461
vt 0.084595 0.292969
vt 0.089233 0.292969
vt 0.089233 0.272461
vt 0.079590 0.236328
vt 0.079590 0.218262
vt 0.074524 0.236328
vt 0.079590 0.254395
vt 0.079590 0.236328
vt 0.074524 0.254395
vt 0.079590 0.236328
vt 0.074524 0.236328
vt 0.074524 0.254395
vt 0.074524 0.218262
vt 0.079590 0.218262
vt 0.074524 0.200195
vt 0.079590 0.218262
vt 0.074524 0.218262
vt 0.074524 0.236328
vt 0.079590 0.272461
vt 0.079590 0.254395
vt 0.074524 0.272461
vt 0.079590 0.254395
vt 0.074524 0.254395
vt 0.074524 0.272461
vt 0.074524 0.292969
vt 0.079590 0.292969
vt 0.079590 0.272461
vt 0.074524 0.272461
vt 0.074524 0.292969
vt 0.079590 0.272461
vt 0.074524 0.218262
vt 0.074524 0.200195
vt 0.070068 0.200195
vt 0.079590 0.292969
vt 0.079590 0.313965
vt 0.084595 0.292969
vt 0.074524 0.236328
vt 0.074524 0.218262
vt 0.070068 0.236328
vt 0.084595 0.292969
vt 0.084595 0.313965
vt 0.089233 0.292969
vt 0.079590 0.313965
vt 0.084595 0.313965
vt 0.084595 0.292969
vt 0.084595 0.313965
vt 0.079590 0.313965
vt 0.079590 0.611084
vt 0.079590 0.611084
vt 0.079590 0.313965
vt 0.074585 0.611084
vt 0.084656 0.611084
vt 0.084595 0.313965
vt 0.079590 0.611084
vt 0.070068 0.218262
vt 0.074524 0.218262
vt 0.070068 0.200195
vt 0.074524 0.218262
vt 0.070068 0.218262
vt 0.070068 0.236328
vt 0.074524 0.254395
vt 0.074524 0.236328
vt 0.070068 0.254395
vt 0.074524 0.236328
vt 0.070068 0.236328
vt 0.070068 0.254395
vt 0.074524 0.292969
vt 0.074524 0.313965
vt 0.079590 0.292969
vt 0.074524 0.313965
vt 0.079590 0.313965
vt 0.079590 0.292969
vt 0.079590 0.313965
vt 0.074524 0.313965
vt 0.074585 0.611084
vt 0.074524 0.272461
vt 0.074524 0.254395
vt 0.070068 0.272461
vt 0.074524 0.254395
vt 0.070068 0.254395
vt 0.070068 0.272461
vt 0.070068 0.292969
vt 0.074524 0.292969
vt 0.074524 0.272461
vt 0.070068 0.272461
vt 0.070068 0.292969
vt 0.074524 0.272461
vt 0.070068 0.292969
vt 0.070068 0.313965
vt 0.074524 0.292969
vt 0.070068 0.313965
vt 0.074524 0.313965
vt 0.074524 0.292969
vt 0.084595 0.313965
vt 0.089233 0.313965
vt 0.089233 0.292969
vt 0.089233 0.313965
vt 0.084595 0.313965
vt 0.084656 0.611084
vt 0.074524 0.313965
vt 0.070068 0.313965
vt 0.070068 0.611084
vt 0.074585 0.611084
vt 0.074524 0.313965
vt 0.070068 0.611084
vt 0.089294 0.611084
vt 0.089233 0.313965
vt 0.084656 0.611084
vt 0.079651 0.629883
vt 0.084656 0.629883
vt 0.079590 0.611084
vt 0.084656 0.629883
vt 0.079651 0.629883
vt 0.079651 0.648682
vt 0.079651 0.648682
vt 0.079651 0.629883
vt 0.074585 0.648682
vt 0.079651 0.648682
vt 0.074585 0.648682
vt 0.074585 0.667480
vt 0.074585 0.667480
vt 0.074585 0.648682
vt 0.070129 0.667480
vt 0.074585 0.667480
vt 0.070129 0.667480
vt 0.070129 0.686279
vt 0.074585 0.686279
vt 0.074585 0.667480
vt 0.070129 0.686279
vt 0.074585 0.686279
vt 0.070129 0.686279
vt 0.070129 0.705078
vt 0.074585 0.705078
vt 0.074585 0.686279
vt 0.070129 0.705078
vt 0.070129 0.705078
vt 0.070129 0.723877
vt 0.074585 0.705078
vt 0.070129 0.723877
vt 0.074585 0.723877
vt 0.074585 0.705078
vt 0.074585 0.705078
vt 0.074585 0.723877
vt 0.079651 0.705078
vt 0.074585 0.723877
vt 0.079651 0.723877
vt 0.079651 0.705078
vt 0.079651 0.705078
vt 0.079651 0.723877
vt 0.084656 0.705078
vt 0.079651 0.723877
vt 0.084656 0.723877
vt 0.084656 0.705078
vt 0.084656 0.705078
vt 0.084656 0.723877
vt 0.089294 0.705078
vt 0.084656 0.723877
vt 0.089294 0.723877
vt 0.089294 0.705078
vt 0.089294 0.705078
vt 0.089294 0.686279
vt 0.084656 0.705078
vt 0.084656 0.705078
vt 0.084656 0.686279
vt 0.079651 0.705078
vt 0.089294 0.686279
vt 0.084656 0.686279
vt 0.084656 0.705078
vt 0.079651 0.705078
vt 0.079651 0.686279
vt 0.074585 0.705078
vt 0.084656 0.686279
vt 0.079651 0.686279
vt 0.079651 0.705078
vt 0.079651 0.686279
vt 0.074585 0.686279
vt 0.074585 0.705078
vt 0.089294 0.686279
vt 0.089294 0.667480
vt 0.084656 0.686279
vt 0.084656 0.686279
vt 0.084656 0.667480
vt 0.079651 0.686279
vt 0.089294 0.667480
vt 0.084656 0.667480
vt 0.084656 0.686279
vt 0.079651 0.686279
vt 0.079651 0.667480
vt 0.074585 0.686279
vt 0.079651 0.667480
vt 0.074585 0.667480
vt 0.074585 0.686279
vt 0.084656 0.667480
vt 0.079651 0.667480
vt 0.079651 0.686279
vt 0.079651 0.667480
vt 0.079651 0.648682
vt 0.074585 0.667480
vt 0.074585 0.648682
vt 0.070068 0.648682
vt 0.070129 0.667480
vt 0.089294 0.667480
vt 0.089294 0.648682
vt 0.084656 0.667480
vt 0.084656 0.667480
vt 0.084656 0.648682
vt 0.079651 0.667480
vt 0.084656 0.648682
vt 0.079651 0.648682
vt 0.079651 0.667480
vt 0.089294 0.648682
vt 0.084656 0.648682
vt 0.084656 0.667480
vt 0.084656 0.648682
vt 0.084656 0.629883
vt 0.079651 0.648682
vt 0.074585 0.648682
vt 0.074585 0.629883
vt 0.070068 0.648682
vt 0.079651 0.629883
vt 0.074585 0.629883
vt 0.074585 0.648682
vt 0.074585 0.629883
vt 0.070068 0.629883
vt 0.070068 0.648682
vt 0.070068 0.629883
vt 0.074585 0.629883
vt 0.070068 0.611084
vt 0.074585 0.629883
vt 0.079651 0.629883
vt 0.074585 0.611084
vt 0.074585 0.629883
vt 0.074585 0.611084
vt 0.070068 0.611084
vt 0.079651 0.629883
vt 0.079590 0.611084
vt 0.074585 0.611084
vt 0.089294 0.648682
vt 0.089294 0.629883
vt 0.084656 0.648682
vt 0.089294 0.629883
vt 0.084656 0.629883
vt 0.084656 0.648682
vt 0.084656 0.629883
vt 0.089294 0.629883
vt 0.084656 0.611084
vt 0.084656 0.629883
vt 0.084656 0.611084
vt 0.079590 0.611084
vt 0.089294 0.629883
vt 0.089294 0.611084
vt 0.084656 0.611084
vt 0.079651 0.723877
vt 0.074585 0.723877
vt 0.074646 0.925964
vt 0.074646 0.925964
vt 0.074585 0.723877
vt 0.070129 0.925964
vt 0.074585 0.723877
vt 0.070129 0.723877
vt 0.070129 0.925964
vt 0.079651 0.925964
vt 0.079651 0.723877
vt 0.074646 0.925964
vt 0.084656 0.723877
vt 0.079651 0.723877
vt 0.079651 0.925964
vt 0.084717 0.925964
vt 0.084656 0.723877
vt 0.079651 0.925964
vt 0.089294 0.723877
vt 0.084656 0.723877
vt 0.084717 0.925964
vt 0.089355 0.925964
vt 0.089294 0.723877
vt 0.084717 0.925964
vt 0.744141 0.319336
vt 0.744141 0.310547
vt 0.723145 0.319336
vt 0.744141 0.310547
vt 0.723145 0.310547
vt 0.723145 0.319336
vt 0.744141 0.310547
vt 0.744141 0.302246
vt 0.723145 0.310547
vt 0.744141 0.302246
vt 0.723145 0.302246
vt 0.723145 0.310547
vt 0.744141 0.302246
vt 0.744141 0.293945
vt 0.723145 0.302246
vt 0.744141 0.293945
vt 0.723145 0.293945
vt 0.723145 0.302246
vt 0.744141 0.293945
vt 0.744141 0.285645
vt 0.723145 0.293945
vt 0.744141 0.285645
vt 0.723145 0.285645
vt 0.723145 0.293945
vt 0.744141 0.285645
vt 0.744141 0.276855
vt 0.723145 0.285645
vt 0.744141 0.276855
vt 0.723145 0.276855
vt 0.723145 0.285645
vt 0.744141 0.276855
vt 0.744141 0.268555
vt 0.723145 0.276855
vt 0.744141 0.268555
vt 0.723145 0.268555
vt 0.723145 0.276855
vt 0.744141 0.268555
vt 0.744141 0.260254
vt 0.723145 0.268555
vt 0.744141 0.260254
vt 0.723145 0.260254
vt 0.723145 0.268555
vt 0.744141 0.260254
vt 0.744141 0.251465
vt 0.723145 0.260254
vt 0.744141 0.251465
vt 0.723145 0.251465
vt 0.723145 0.260254
vt 0.744141 0.251465
vt 0.744141 0.243164
vt 0.723145 0.251465
vt 0.744141 0.243164
vt 0.723145 0.243164
vt 0.723145 0.251465
vt 0.744141 0.243164
vt 0.744141 0.234863
vt 0.723145 0.243164
vt 0.744141 0.234863
vt 0.723145 0.234863
vt 0.723145 0.243164
vt 0.744141 0.234863
vt 0.744141 0.226074
vt 0.723145 0.234863
vt 0.744141 0.226074
vt 0.723145 0.226074
vt 0.723145 0.234863
vt 0.744141 0.226074
vt 0.744141 0.217773
vt 0.723145 0.226074
vt 0.744141 0.217773
vt 0.723145 0.217773
vt 0.723145 0.226074
vt 0.737305 0.330078
vt 0.730469 0.332031
vt 0.725098 0.337402
vt 0.737305 0.343750
vt 0.737305 0.330078
vt 0.725098 0.337402
vt 0.737305 0.343750
vt 0.750000 0.337402
vt 0.737305 0.330078
vt 0.750000 0.337402
vt 0.744629 0.332031
vt 0.737305 0.330078
vt 0.737305 0.343750
vt 0.725098 0.337402
vt 0.725098 0.351562
vt 0.737305 0.343750
vt 0.750000 0.351562
vt 0.750000 0.337402
vt 0.737305 0.343750
vt 0.725098 0.351562
vt 0.737305 0.358398
vt 0.737305 0.343750
vt 0.737305 0.358398
vt 0.750000 0.351562
vt 0.725098 0.337402
vt 0.723145 0.344238
vt 0.725098 0.351562
vt 0.750000 0.351562
vt 0.751953 0.344238
vt 0.750000 0.337402
vt 0.725098 0.351562
vt 0.730469 0.356934
vt 0.737305 0.358398
vt 0.737305 0.358398
vt 0.744629 0.356934
vt 0.750000 0.351562
vt 0.663574 0.227539
vt 0.638184 0.155762
vt 0.633301 0.155762
vt 0.658691 0.227539
vt 0.663574 0.227539
vt 0.633301 0.155762
vt 0.633301 0.155762
vt 0.519043 0.155762
vt 0.658691 0.227539
vt 0.519043 0.155762
vt 0.493408 0.227539
vt 0.658691 0.227539
vt 0.520996 0.150879
vt 0.519043 0.155762
vt 0.633301 0.155762
vt 0.493408 0.227539
vt 0.519043 0.155762
vt 0.488281 0.227539
vt 0.519043 0.155762
vt 0.513672 0.155762
vt 0.488281 0.227539
vt 0.520996 0.150879
vt 0.515625 0.152832
vt 0.519043 0.155762
vt 0.631348 0.150879
vt 0.520996 0.150879
vt 0.633301 0.155762
vt 0.515625 0.152832
vt 0.520996 0.150879
vt 0.515137 0.060059
vt 0.515137 0.060059
vt 0.444092 0.041016
vt 0.515625 0.152832
vt 0.520996 0.150879
vt 0.520996 0.061035
vt 0.515137 0.060059
vt 0.520996 0.150879
vt 0.631348 0.150879
vt 0.520996 0.061035
vt 0.444092 0.041016
vt 0.444092 0.182617
vt 0.515625 0.152832
vt 0.631348 0.150879
vt 0.633301 0.155762
vt 0.635742 0.152344
vt 0.444092 0.041016
vt 0.515137 0.060059
vt 0.446777 0.036133
vt 0.520996 0.061035
vt 0.519043 0.056152
vt 0.515137 0.060059
vt 0.515137 0.060059
vt 0.519043 0.056152
vt 0.446777 0.036133
vt 0.631348 0.150879
vt 0.630859 0.061035
vt 0.520996 0.061035
vt 0.519043 0.056152
vt 0.520996 0.061035
vt 0.630859 0.061035
vt 0.635742 0.152344
vt 0.636719 0.060059
vt 0.631348 0.150879
vt 0.636719 0.060059
vt 0.630859 0.061035
vt 0.631348 0.150879
vt 0.633301 0.056152
vt 0.519043 0.056152
vt 0.630859 0.061035
vt 0.630859 0.061035
vt 0.636719 0.060059
vt 0.633301 0.056152
vt 0.780273 0.996897
vt 0.768066 0.957367
vt 0.763184 0.957367
vt 0.775391 0.996897
vt 0.780273 0.996897
vt 0.763184 0.957367
vt 0.763184 0.957367
vt 0.213257 0.957367
vt 0.775391 0.996897
vt 0.213257 0.957367
vt 0.201050 0.996681
vt 0.775391 0.996897
vt 0.201050 0.996681
vt 0.213257 0.957367
vt 0.194824 0.996895
vt 0.213257 0.957367
vt 0.207153 0.957153
vt 0.194824 0.996895
vt 0.479004 0.267090
vt 0.491211 0.267090
vt 0.479004 0.238281
vt 0.491211 0.267090
vt 0.491211 0.238281
vt 0.479004 0.238281
vt 0.491211 0.267090
vt 0.503418 0.267090
vt 0.491211 0.238281
vt 0.503418 0.267090
vt 0.503418 0.238281
vt 0.491211 0.238281
vt 0.503418 0.267090
vt 0.516113 0.267090
vt 0.503418 0.238281
vt 0.516113 0.267090
vt 0.516113 0.238281
vt 0.503418 0.238281
vt 0.516113 0.267090
vt 0.528320 0.267090
vt 0.516113 0.238281
vt 0.528320 0.267090
vt 0.528320 0.238281
vt 0.516113 0.238281
vt 0.528320 0.267090
vt 0.540527 0.267090
vt 0.528320 0.238281
vt 0.540527 0.267090
vt 0.540527 0.238281
vt 0.528320 0.238281
vt 0.540527 0.267090
vt 0.552734 0.267090
vt 0.540527 0.238281
vt 0.552734 0.267090
vt 0.552734 0.238281
vt 0.540527 0.238281
vt 0.552734 0.267090
vt 0.565430 0.267090
vt 0.552734 0.238281
vt 0.565430 0.267090
vt 0.565430 0.238281
vt 0.552734 0.238281
vt 0.565430 0.267090
vt 0.577637 0.267090
vt 0.565430 0.238281
vt 0.577637 0.267090
vt 0.577637 0.238281
vt 0.565430 0.238281
vt 0.577637 0.267090
vt 0.589844 0.267090
vt 0.577637 0.238281
vt 0.589844 0.267090
vt 0.589844 0.238281
vt 0.577637 0.238281
vt 0.589844 0.267090
vt 0.602539 0.267090
vt 0.589844 0.238281
vt 0.602539 0.267090
vt 0.602539 0.238281
vt 0.589844 0.238281
vt 0.602539 0.267090
vt 0.614746 0.267090
vt 0.602539 0.238281
vt 0.614746 0.267090
vt 0.614746 0.238281
vt 0.602539 0.238281
vt 0.614746 0.267090
vt 0.626953 0.267090
vt 0.614746 0.238281
vt 0.626953 0.267090
vt 0.626953 0.238281
vt 0.614746 0.238281
vt 0.626953 0.267090
vt 0.639648 0.267090
vt 0.626953 0.238281
vt 0.639648 0.267090
vt 0.639648 0.238281
vt 0.626953 0.238281
vt 0.639648 0.267090
vt 0.651855 0.267090
vt 0.639648 0.238281
vt 0.651855 0.267090
vt 0.651855 0.238281
vt 0.639648 0.238281
vt 0.651855 0.267090
vt 0.664062 0.267090
vt 0.651855 0.238281
vt 0.664062 0.267090
vt 0.664062 0.238281
vt 0.651855 0.238281
vt 0.664062 0.267090
vt 0.676270 0.267090
vt 0.664062 0.238281
vt 0.676270 0.267090
vt 0.676270 0.238281
vt 0.664062 0.238281
vt 0.001397 0.998740
vt 0.057617 0.998740
vt 0.057617 0.621582
vt 0.001397 0.621582
vt 0.001397 0.998740
vt 0.057617 0.621582
vt 0.001397 0.621582
vt 0.057617 0.621582
vt 0.057617 0.593262
vt 0.001397 0.593262
vt 0.001397 0.621582
vt 0.057617 0.593262
vt 0.001397 0.593262
vt 0.057617 0.593262
vt 0.057617 0.562988
vt 0.001397 0.562988
vt 0.001397 0.593262
vt 0.057617 0.562988
vt 0.001397 0.562988
vt 0.057617 0.562988
vt 0.057617 0.533203
vt 0.001397 0.533203
vt 0.001397 0.562988
vt 0.057617 0.533203
vt 0.001397 0.533203
vt 0.057617 0.533203
vt 0.057617 0.505127
vt 0.001397 0.505127
vt 0.001397 0.533203
vt 0.057617 0.505127
vt 0.001397 0.478027
vt 0.001397 0.505127
vt 0.057617 0.505127
vt 0.057617 0.478027
vt 0.001397 0.478027
vt 0.057617 0.505127
vt 0.001397 0.450684
vt 0.001397 0.478027
vt 0.057617 0.478027
vt 0.057617 0.450684
vt 0.001397 0.450684
vt 0.057617 0.478027
vt 0.001397 0.450684
vt 0.057617 0.450684
vt 0.057617 0.167480
vt 0.001397 0.167480
vt 0.001397 0.450684
vt 0.057617 0.167480
vt 0.001397 0.167480
vt 0.057617 0.167480
vt 0.057617 0.138184
vt 0.001397 0.138184
vt 0.001397 0.167480
vt 0.057617 0.138184
vt 0.001397 0.138184
vt 0.057617 0.138184
vt 0.057617 0.110840
vt 0.001397 0.110840
vt 0.001397 0.138184
vt 0.057617 0.110840
vt 0.001397 0.082031
vt 0.001397 0.110840
vt 0.057617 0.110840
vt 0.057617 0.082031
vt 0.001397 0.082031
vt 0.057617 0.110840
vt 0.001397 0.054199
vt 0.001397 0.082031
vt 0.057617 0.082031
vt 0.057617 0.054199
vt 0.001397 0.054199
vt 0.057617 0.082031
vt 0.001397 0.027344
vt 0.001397 0.054199
vt 0.057617 0.054199
vt 0.057617 0.027344
vt 0.001397 0.027344
vt 0.057617 0.054199
vt 0.001397 0.000977
vt 0.001397 0.027344
vt 0.057617 0.027344
vt 0.057617 0.000977
vt 0.001397 0.000977
vt 0.057617 0.027344
vt 0.269287 0.098633
vt 0.266113 0.105957
vt 0.277100 0.095215
vt 0.266113 0.105957
vt 0.309082 0.095215
vt 0.277100 0.095215
vt 0.266113 0.372559
vt 0.309082 0.095215
vt 0.266113 0.105957
vt 0.320068 0.105957
vt 0.309082 0.095215
vt 0.266113 0.372559
vt 0.316895 0.098633
vt 0.309082 0.095215
vt 0.320068 0.105957
vt 0.269287 0.380371
vt 0.320068 0.105957
vt 0.266113 0.372559
vt 0.277100 0.383301
vt 0.320068 0.105957
vt 0.269287 0.380371
vt 0.320068 0.105957
vt 0.277100 0.383301
vt 0.320068 0.372559
vt 0.320068 0.372559
vt 0.277100 0.383301
vt 0.309082 0.383301
vt 0.316895 0.380371
vt 0.320068 0.372559
vt 0.309082 0.383301
vt 0.479004 0.307129
vt 0.491455 0.307129
vt 0.479004 0.278320
vt 0.491455 0.307129
vt 0.491455 0.278320
vt 0.479004 0.278320
vt 0.491455 0.307129
vt 0.503418 0.307129
vt 0.491455 0.278320
vt 0.503418 0.307129
vt 0.503418 0.278320
vt 0.491455 0.278320
vt 0.503418 0.307129
vt 0.516113 0.307129
vt 0.503418 0.278320
vt 0.516113 0.307129
vt 0.516113 0.278320
vt 0.503418 0.278320
vt 0.516113 0.307129
vt 0.528320 0.307129
vt 0.516113 0.278320
vt 0.528320 0.307129
vt 0.528320 0.278320
vt 0.516113 0.278320
vt 0.528320 0.307129
vt 0.540527 0.307129
vt 0.528320 0.278320
vt 0.540527 0.307129
vt 0.540527 0.278320
vt 0.528320 0.278320
vt 0.540527 0.307129
vt 0.552734 0.307129
vt 0.540527 0.278320
vt 0.552734 0.307129
vt 0.552734 0.278320
vt 0.540527 0.278320
vt 0.552734 0.307129
vt 0.565430 0.307129
vt 0.552734 0.278320
vt 0.565430 0.307129
vt 0.565430 0.278320
vt 0.552734 0.278320
vt 0.565430 0.307129
vt 0.577637 0.307129
vt 0.565430 0.278320
vt 0.577637 0.307129
vt 0.577637 0.278320
vt 0.565430 0.278320
vt 0.577637 0.307129
vt 0.589844 0.307129
vt 0.577637 0.278320
vt 0.589844 0.307129
vt 0.589844 0.278320
vt 0.577637 0.278320
vt 0.589844 0.307129
vt 0.602539 0.307129
vt 0.589844 0.278320
vt 0.602539 0.307129
vt 0.602539 0.278320
vt 0.589844 0.278320
vt 0.602539 0.307129
vt 0.614746 0.307129
vt 0.602539 0.278320
vt 0.614746 0.307129
vt 0.614746 0.278320
vt 0.602539 0.278320
vt 0.614746 0.307129
vt 0.626953 0.307129
vt 0.614746 0.278320
vt 0.626953 0.307129
vt 0.626953 0.278320
vt 0.614746 0.278320
vt 0.626953 0.307129
vt 0.639648 0.307129
vt 0.626953 0.278320
vt 0.639648 0.307129
vt 0.639648 0.278320
vt 0.626953 0.278320
vt 0.639648 0.307129
vt 0.651855 0.307129
vt 0.639648 0.278320
vt 0.651855 0.307129
vt 0.651855 0.278320
vt 0.639648 0.278320
vt 0.651855 0.307129
vt 0.664062 0.307129
vt 0.651855 0.278320
vt 0.664062 0.307129
vt 0.664062 0.278320
vt 0.651855 0.278320
vt 0.664062 0.307129
vt 0.676270 0.307129
vt 0.664062 0.278320
vt 0.676270 0.307129
vt 0.676270 0.278320
vt 0.664062 0.278320
vt 0.488037 0.397949
vt 0.480469 0.397949
vt 0.489746 0.428223
vt 0.480469 0.397949
vt 0.478760 0.428223
vt 0.489746 0.428223
vt 0.492676 0.318848
vt 0.476074 0.318848
vt 0.489990 0.348633
vt 0.476074 0.318848
vt 0.478516 0.348633
vt 0.489990 0.348633
vt 0.451416 0.407227
vt 0.480713 0.397949
vt 0.448730 0.371582
vt 0.480713 0.397949
vt 0.477295 0.371094
vt 0.448730 0.371582
vt 0.477295 0.371094
vt 0.478760 0.348633
vt 0.448730 0.371582
vt 0.478760 0.348633
vt 0.448975 0.341309
vt 0.448730 0.371582
vt 0.519531 0.341309
vt 0.489746 0.348633
vt 0.519531 0.371582
vt 0.489746 0.348633
vt 0.491211 0.371094
vt 0.519531 0.371582
vt 0.491211 0.371094
vt 0.487793 0.397949
vt 0.519531 0.371582
vt 0.487793 0.397949
vt 0.517090 0.407715
vt 0.519531 0.371582
vt 0.482422 0.395020
vt 0.486084 0.395020
vt 0.491211 0.371094
vt 0.477295 0.371094
vt 0.482422 0.395020
vt 0.491211 0.371094
vt 0.491211 0.371094
vt 0.487793 0.351562
vt 0.477295 0.371094
vt 0.487793 0.351562
vt 0.480713 0.351562
vt 0.477295 0.371094
vt 0.482422 0.395020
vt 0.480469 0.397949
vt 0.486084 0.395020
vt 0.480469 0.397949
vt 0.488037 0.397949
vt 0.486084 0.395020
vt 0.478516 0.348633
vt 0.480713 0.351562
vt 0.489990 0.348633
vt 0.480713 0.351562
vt 0.487793 0.351562
vt 0.489990 0.348633
vt 0.364258 0.098633
vt 0.361084 0.105957
vt 0.372070 0.095215
vt 0.361084 0.105957
vt 0.404053 0.095215
vt 0.372070 0.095215
vt 0.361084 0.372559
vt 0.404053 0.095215
vt 0.361084 0.105957
vt 0.415039 0.105957
vt 0.404053 0.095215
vt 0.361084 0.372559
vt 0.411865 0.098633
vt 0.404053 0.095215
vt 0.415039 0.105957
vt 0.364258 0.380371
vt 0.415039 0.105957
vt 0.361084 0.372559
vt 0.372070 0.383301
vt 0.415039 0.105957
vt 0.364258 0.380371
vt 0.415039 0.105957
vt 0.372070 0.383301
vt 0.415039 0.372559
vt 0.415039 0.372559
vt 0.372070 0.383301
vt 0.404053 0.383301
vt 0.411865 0.380371
vt 0.415039 0.372559
vt 0.404053 0.383301
vt 0.400635 0.045410
vt 0.398438 0.032227
vt 0.390869 0.032227
vt 0.392334 0.045410
vt 0.400635 0.045410
vt 0.390869 0.032227
vt 0.390869 0.032227
vt 0.358887 0.032227
vt 0.392334 0.045410
vt 0.358887 0.032227
vt 0.357178 0.045410
vt 0.392334 0.045410
vt 0.357178 0.045410
vt 0.358887 0.032227
vt 0.348877 0.045410
vt 0.358887 0.032227
vt 0.351074 0.032227
vt 0.348877 0.045410
vt 0.224365 0.081055
vt 0.211060 0.086914
vt 0.224365 0.088867
vt 0.211060 0.086914
vt 0.211060 0.094238
vt 0.224365 0.088867
vt 0.211060 0.094238
vt 0.211060 0.360840
vt 0.224365 0.088867
vt 0.211060 0.360840
vt 0.224365 0.366211
vt 0.224365 0.088867
vt 0.224365 0.366211
vt 0.211060 0.360840
vt 0.211060 0.368652
vt 0.224365 0.374512
vt 0.224365 0.366211
vt 0.211060 0.368652
vt 0.318848 0.045410
vt 0.316650 0.032227
vt 0.309082 0.032227
vt 0.310547 0.045410
vt 0.318848 0.045410
vt 0.309082 0.032227
vt 0.309082 0.032227
vt 0.277100 0.032227
vt 0.310547 0.045410
vt 0.277100 0.032227
vt 0.275391 0.045410
vt 0.310547 0.045410
vt 0.275391 0.045410
vt 0.277100 0.032227
vt 0.267090 0.045410
vt 0.277100 0.032227
vt 0.269287 0.032227
vt 0.267090 0.045410
vt 0.240479 0.374512
vt 0.240479 0.366211
vt 0.227173 0.368652
vt 0.240479 0.366211
vt 0.227173 0.360840
vt 0.227173 0.368652
vt 0.227173 0.360840
vt 0.240479 0.366211
vt 0.240479 0.088867
vt 0.227173 0.094238
vt 0.227173 0.360840
vt 0.240479 0.088867
vt 0.227173 0.086914
vt 0.227173 0.094238
vt 0.240479 0.088867
vt 0.240479 0.081055
vt 0.227173 0.086914
vt 0.240479 0.088867
vt 0.787109 0.005371
vt 0.787109 0.456055
vt 0.997559 0.456055
vt 0.997559 0.004883
vt 0.787109 0.005371
vt 0.997559 0.456055
vt 0.466553 0.196777
vt 0.443848 0.196777
vt 0.466553 0.266113
vt 0.443848 0.196777
vt 0.443848 0.266113
vt 0.466553 0.266113
vt 0.997559 0.004883
vt 0.997559 0.000977
vt 0.787109 0.000977
vt 0.787109 0.005371
vt 0.997559 0.004883
vt 0.787109 0.000977
vt 0.997559 0.459961
vt 0.997559 0.456055
vt 0.787109 0.456055
vt 0.787109 0.459961
vt 0.997559 0.459961
vt 0.787109 0.456055
vt 0.787109 0.459961
vt 0.787109 1.000565
vt 0.997559 0.459961
vt 0.787109 1.000565
vt 0.997559 1.000566
vt 0.997559 0.459961
vt 0.779297 0.472168
vt 0.774902 0.472656
vt 0.779297 0.921448
vt 0.774902 0.472656
vt 0.774902 0.921204
vt 0.779297 0.921448
vt 0.774902 0.921204
vt 0.774902 0.472656
vt 0.729980 0.882935
vt 0.774902 0.921204
vt 0.729980 0.882935
vt 0.104065 0.921204
vt 0.774902 0.472656
vt 0.729980 0.491211
vt 0.729980 0.882935
vt 0.774902 0.921204
vt 0.104065 0.921204
vt 0.775391 0.925720
vt 0.104065 0.921204
vt 0.103577 0.925781
vt 0.775391 0.925720
vt 0.146973 0.491211
vt 0.729980 0.491211
vt 0.774902 0.472656
vt 0.104126 0.472656
vt 0.146973 0.491211
vt 0.774902 0.472656
vt 0.729980 0.882935
vt 0.146973 0.882935
vt 0.104065 0.921204
vt 0.104065 0.921204
vt 0.146973 0.882935
vt 0.104126 0.472656
vt 0.146973 0.882935
vt 0.146973 0.491211
vt 0.104126 0.472656
vt 0.103638 0.468262
vt 0.104126 0.472656
vt 0.774902 0.472656
vt 0.775391 0.468262
vt 0.103638 0.468262
vt 0.774902 0.472656
vt 0.099548 0.921631
vt 0.104065 0.921204
vt 0.104126 0.472656
vt 0.099548 0.472656
vt 0.099548 0.921631
vt 0.104126 0.472656
vt 0.603516 0.337891
vt 0.582031 0.346680
vt 0.605469 0.346680
vt 0.582031 0.346680
vt 0.603516 0.337891
vt 0.598633 0.330078
vt 0.590820 0.325195
vt 0.582031 0.346680
vt 0.598633 0.330078
vt 0.582031 0.346680
vt 0.590820 0.325195
vt 0.582031 0.323242
vt 0.573242 0.325195
vt 0.582031 0.346680
vt 0.582031 0.323242
vt 0.582031 0.346680
vt 0.573242 0.325195
vt 0.565430 0.330078
vt 0.560547 0.337891
vt 0.582031 0.346680
vt 0.565430 0.330078
vt 0.582031 0.346680
vt 0.560547 0.337891
vt 0.558594 0.346680
vt 0.582031 0.346680
vt 0.603516 0.355469
vt 0.605469 0.346680
vt 0.560547 0.355469
vt 0.582031 0.346680
vt 0.558594 0.346680
vt 0.582031 0.346680
vt 0.560547 0.355469
vt 0.565430 0.363281
vt 0.573242 0.368164
vt 0.582031 0.346680
vt 0.565430 0.363281
vt 0.582031 0.346680
vt 0.573242 0.368164
vt 0.582031 0.370117
vt 0.590820 0.368164
vt 0.582031 0.346680
vt 0.582031 0.370117
vt 0.582031 0.346680
vt 0.590820 0.368164
vt 0.598633 0.363281
vt 0.603516 0.355469
vt 0.582031 0.346680
vt 0.598633 0.363281
vt 0.558594 0.346680
vt 0.553223 0.346680
vt 0.560547 0.355469
vt 0.553223 0.346680
vt 0.558594 0.346680
vt 0.555176 0.335449
vt 0.558594 0.346680
vt 0.560547 0.337891
vt 0.555176 0.335449
vt 0.561523 0.326172
vt 0.555176 0.335449
vt 0.560547 0.337891
vt 0.565430 0.330078
vt 0.561523 0.326172
vt 0.560547 0.337891
vt 0.570801 0.319824
vt 0.561523 0.326172
vt 0.565430 0.330078
vt 0.573242 0.325195
vt 0.570801 0.319824
vt 0.565430 0.330078
vt 0.582031 0.317871
vt 0.570801 0.319824
vt 0.573242 0.325195
vt 0.582031 0.323242
vt 0.582031 0.317871
vt 0.573242 0.325195
vt 0.593262 0.319824
vt 0.582031 0.317871
vt 0.582031 0.323242
vt 0.590820 0.325195
vt 0.593262 0.319824
vt 0.582031 0.323242
vt 0.553223 0.346680
vt 0.555176 0.357910
vt 0.560547 0.355469
vt 0.602539 0.326172
vt 0.593262 0.319824
vt 0.590820 0.325195
vt 0.598633 0.330078
vt 0.602539 0.326172
vt 0.590820 0.325195
vt 0.608887 0.335449
vt 0.602539 0.326172
vt 0.598633 0.330078
vt 0.603516 0.337891
vt 0.608887 0.335449
vt 0.598633 0.330078
vt 0.610840 0.346680
vt 0.608887 0.335449
vt 0.603516 0.337891
vt 0.605469 0.346680
vt 0.610840 0.346680
vt 0.603516 0.337891
vt 0.608887 0.357910
vt 0.610840 0.346680
vt 0.605469 0.346680
vt 0.603516 0.355469
vt 0.608887 0.357910
vt 0.605469 0.346680
vt 0.602539 0.367188
vt 0.608887 0.357910
vt 0.603516 0.355469
vt 0.560547 0.355469
vt 0.555176 0.357910
vt 0.565430 0.363281
vt 0.598633 0.363281
vt 0.602539 0.367188
vt 0.603516 0.355469
vt 0.593262 0.373535
vt 0.602539 0.367188
vt 0.598633 0.363281
vt 0.590820 0.368164
vt 0.593262 0.373535
vt 0.598633 0.363281
vt 0.582031 0.375488
vt 0.593262 0.373535
vt 0.590820 0.368164
vt 0.582031 0.370117
vt 0.582031 0.375488
vt 0.590820 0.368164
vt 0.570801 0.373535
vt 0.582031 0.375488
vt 0.582031 0.370117
vt 0.573242 0.368164
vt 0.570801 0.373535
vt 0.582031 0.370117
vt 0.561523 0.367188
vt 0.570801 0.373535
vt 0.573242 0.368164
vt 0.565430 0.363281
vt 0.561523 0.367188
vt 0.573242 0.368164
vt 0.555176 0.357910
vt 0.561523 0.367188
vt 0.565430 0.363281
vt 0.603516 0.337891
vt 0.582031 0.346680
vt 0.605469 0.346680
vt 0.582031 0.346680
vt 0.603516 0.337891
vt 0.598633 0.330078
vt 0.590820 0.325195
vt 0.582031 0.346680
vt 0.598633 0.330078
vt 0.582031 0.346680
vt 0.590820 0.325195
vt 0.582031 0.323242
vt 0.573242 0.325195
vt 0.582031 0.346680
vt 0.582031 0.323242
vt 0.582031 0.346680
vt 0.573242 0.325195
vt 0.565430 0.330078
vt 0.560547 0.337891
vt 0.582031 0.346680
vt 0.565430 0.330078
vt 0.582031 0.346680
vt 0.560547 0.337891
vt 0.558594 0.346680
vt 0.582031 0.346680
vt 0.603516 0.355469
vt 0.605469 0.346680
vt 0.560547 0.355469
vt 0.582031 0.346680
vt 0.558594 0.346680
vt 0.582031 0.346680
vt 0.560547 0.355469
vt 0.565430 0.363281
vt 0.573242 0.368164
vt 0.582031 0.346680
vt 0.565430 0.363281
vt 0.582031 0.346680
vt 0.573242 0.368164
vt 0.582031 0.370117
vt 0.590820 0.368164
vt 0.582031 0.346680
vt 0.582031 0.370117
vt 0.582031 0.346680
vt 0.590820 0.368164
vt 0.598633 0.363281
vt 0.603516 0.355469
vt 0.582031 0.346680
vt 0.598633 0.363281
vt 0.558594 0.346680
vt 0.553223 0.346680
vt 0.560547 0.355469
vt 0.553223 0.346680
vt 0.558594 0.346680
vt 0.555176 0.335449
vt 0.558594 0.346680
vt 0.560547 0.337891
vt 0.555176 0.335449
vt 0.561523 0.326172
vt 0.555176 0.335449
vt 0.560547 0.337891
vt 0.565430 0.330078
vt 0.561523 0.326172
vt 0.560547 0.337891
vt 0.570801 0.319824
vt 0.561523 0.326172
vt 0.565430 0.330078
vt 0.573242 0.325195
vt 0.570801 0.319824
vt 0.565430 0.330078
vt 0.582031 0.317871
vt 0.570801 0.319824
vt 0.573242 0.325195
vt 0.582031 0.323242
vt 0.582031 0.317871
vt 0.573242 0.325195
vt 0.593262 0.319824
vt 0.582031 0.317871
vt 0.582031 0.323242
vt 0.590820 0.325195
vt 0.593262 0.319824
vt 0.582031 0.323242
vt 0.553223 0.346680
vt 0.555176 0.357910
vt 0.560547 0.355469
vt 0.602539 0.326172
vt 0.593262 0.319824
vt 0.590820 0.325195
vt 0.598633 0.330078
vt 0.602539 0.326172
vt 0.590820 0.325195
vt 0.608887 0.335449
vt 0.602539 0.326172
vt 0.598633 0.330078
vt 0.603516 0.337891
vt 0.608887 0.335449
vt 0.598633 0.330078
vt 0.610840 0.346680
vt 0.608887 0.335449
vt 0.603516 0.337891
vt 0.605469 0.346680
vt 0.610840 0.346680
vt 0.603516 0.337891
vt 0.608887 0.357910
vt 0.610840 0.346680
vt 0.605469 0.346680
vt 0.603516 0.355469
vt 0.608887 0.357910
vt 0.605469 0.346680
vt 0.602539 0.367188
vt 0.608887 0.357910
vt 0.603516 0.355469
vt 0.560547 0.355469
vt 0.555176 0.357910
vt 0.565430 0.363281
vt 0.598633 0.363281
vt 0.602539 0.367188
vt 0.603516 0.355469
vt 0.593262 0.373535
vt 0.602539 0.367188
vt 0.598633 0.363281
vt 0.590820 0.368164
vt 0.593262 0.373535
vt 0.598633 0.363281
vt 0.582031 0.375488
vt 0.593262 0.373535
vt 0.590820 0.368164
vt 0.582031 0.370117
vt 0.582031 0.375488
vt 0.590820 0.368164
vt 0.570801 0.373535
vt 0.582031 0.375488
vt 0.582031 0.370117
vt 0.573242 0.368164
vt 0.570801 0.373535
vt 0.582031 0.370117
vt 0.561523 0.367188
vt 0.570801 0.373535
vt 0.573242 0.368164
vt 0.565430 0.363281
vt 0.561523 0.367188
vt 0.573242 0.368164
vt 0.555176 0.357910
vt 0.561523 0.367188
vt 0.565430 0.363281
vt 0.603516 0.337891
vt 0.582031 0.346680
vt 0.605469 0.346680
vt 0.582031 0.346680
vt 0.603516 0.337891
vt 0.598633 0.330078
vt 0.590820 0.325195
vt 0.582031 0.346680
vt 0.598633 0.330078
vt 0.582031 0.346680
vt 0.590820 0.325195
vt 0.582031 0.323242
vt 0.573242 0.325195
vt 0.582031 0.346680
vt 0.582031 0.323242
vt 0.582031 0.346680
vt 0.573242 0.325195
vt 0.565430 0.330078
vt 0.560547 0.337891
vt 0.582031 0.346680
vt 0.565430 0.330078
vt 0.582031 0.346680
vt 0.560547 0.337891
vt 0.558594 0.346680
vt 0.582031 0.346680
vt 0.603516 0.355469
vt 0.605469 0.346680
vt 0.560547 0.355469
vt 0.582031 0.346680
vt 0.558594 0.346680
vt 0.582031 0.346680
vt 0.560547 0.355469
vt 0.565430 0.363281
vt 0.573242 0.368164
vt 0.582031 0.346680
vt 0.565430 0.363281
vt 0.582031 0.346680
vt 0.573242 0.368164
vt 0.582031 0.370117
vt 0.590820 0.368164
vt 0.582031 0.346680
vt 0.582031 0.370117
vt 0.582031 0.346680
vt 0.590820 0.368164
vt 0.598633 0.363281
vt 0.603516 0.355469
vt 0.582031 0.346680
vt 0.598633 0.363281
vt 0.558594 0.346680
vt 0.553223 0.346680
vt 0.560547 0.355469
vt 0.553223 0.346680
vt 0.558594 0.346680
vt 0.555176 0.335449
vt 0.558594 0.346680
vt 0.560547 0.337891
vt 0.555176 0.335449
vt 0.561523 0.326172
vt 0.555176 0.335449
vt 0.560547 0.337891
vt 0.565430 0.330078
vt 0.561523 0.326172
vt 0.560547 0.337891
vt 0.570801 0.319824
vt 0.561523 0.326172
vt 0.565430 0.330078
vt 0.573242 0.325195
vt 0.570801 0.319824
vt 0.565430 0.330078
vt 0.582031 0.317871
vt 0.570801 0.319824
vt 0.573242 0.325195
vt 0.582031 0.323242
vt 0.582031 0.317871
vt 0.573242 0.325195
vt 0.593262 0.319824
vt 0.582031 0.317871
vt 0.582031 0.323242
vt 0.590820 0.325195
vt 0.593262 0.319824
vt 0.582031 0.323242
vt 0.553223 0.346680
vt 0.555176 0.357910
vt 0.560547 0.355469
vt 0.602539 0.326172
vt 0.593262 0.319824
vt 0.590820 0.325195
vt 0.598633 0.330078
vt 0.602539 0.326172
vt 0.590820 0.325195
vt 0.608887 0.335449
vt 0.602539 0.326172
vt 0.598633 0.330078
vt 0.603516 0.337891
vt 0.608887 0.335449
vt 0.598633 0.330078
vt 0.610840 0.346680
vt 0.608887 0.335449
vt 0.603516 0.337891
vt 0.605469 0.346680
vt 0.610840 0.346680
vt 0.603516 0.337891
vt 0.608887 0.357910
vt 0.610840 0.346680
vt 0.605469 0.346680
vt 0.603516 0.355469
vt 0.608887 0.357910
vt 0.605469 0.346680
vt 0.602539 0.367188
vt 0.608887 0.357910
vt 0.603516 0.355469
vt 0.560547 0.355469
vt 0.555176 0.357910
vt 0.565430 0.363281
vt 0.598633 0.363281
vt 0.602539 0.367188
vt 0.603516 0.355469
vt 0.593262 0.373535
vt 0.602539 0.367188
vt 0.598633 0.363281
vt 0.590820 0.368164
vt 0.593262 0.373535
vt 0.598633 0.363281
vt 0.582031 0.375488
vt 0.593262 0.373535
vt 0.590820 0.368164
vt 0.582031 0.370117
vt 0.582031 0.375488
vt 0.590820 0.368164
vt 0.570801 0.373535
vt 0.582031 0.375488
vt 0.582031 0.370117
vt 0.573242 0.368164
vt 0.570801 0.373535
vt 0.582031 0.370117
vt 0.561523 0.367188
vt 0.570801 0.373535
vt 0.573242 0.368164
vt 0.565430 0.363281
vt 0.561523 0.367188
vt 0.573242 0.368164
vt 0.555176 0.357910
vt 0.561523 0.367188
vt 0.565430 0.363281
vt 0.603516 0.337891
vt 0.582031 0.346680
vt 0.605469 0.346680
vt 0.582031 0.346680
vt 0.603516 0.337891
vt 0.598633 0.330078
vt 0.590820 0.325195
vt 0.582031 0.346680
vt 0.598633 0.330078
vt 0.582031 0.346680
vt 0.590820 0.325195
vt 0.582031 0.323242
vt 0.573242 0.325195
vt 0.582031 0.346680
vt 0.582031 0.323242
vt 0.582031 0.346680
vt 0.573242 0.325195
vt 0.565430 0.330078
vt 0.560547 0.337891
vt 0.582031 0.346680
vt 0.565430 0.330078
vt 0.582031 0.346680
vt 0.560547 0.337891
vt 0.558594 0.346680
vt 0.582031 0.346680
vt 0.603516 0.355469
vt 0.605469 0.346680
vt 0.560547 0.355469
vt 0.582031 0.346680
vt 0.558594 0.346680
vt 0.582031 0.346680
vt 0.560547 0.355469
vt 0.565430 0.363281
vt 0.573242 0.368164
vt 0.582031 0.346680
vt 0.565430 0.363281
vt 0.582031 0.346680
vt 0.573242 0.368164
vt 0.582031 0.370117
vt 0.590820 0.368164
vt 0.582031 0.346680
vt 0.582031 0.370117
vt 0.582031 0.346680
vt 0.590820 0.368164
vt 0.598633 0.363281
vt 0.603516 0.355469
vt 0.582031 0.346680
vt 0.598633 0.363281
vt 0.558594 0.346680
vt 0.553223 0.346680
vt 0.560547 0.355469
vt 0.553223 0.346680
vt 0.558594 0.346680
vt 0.555176 0.335449
vt 0.558594 0.346680
vt 0.560547 0.337891
vt 0.555176 0.335449
vt 0.561523 0.326172
vt 0.555176 0.335449
vt 0.560547 0.337891
vt 0.565430 0.330078
vt 0.561523 0.326172
vt 0.560547 0.337891
vt 0.570801 0.319824
vt 0.561523 0.326172
vt 0.565430 0.330078
vt 0.573242 0.325195
vt 0.570801 0.319824
vt 0.565430 0.330078
vt 0.582031 0.317871
vt 0.570801 0.319824
vt 0.573242 0.325195
vt 0.582031 0.323242
vt 0.582031 0.317871
vt 0.573242 0.325195
vt 0.593262 0.319824
vt 0.582031 0.317871
vt 0.582031 0.323242
vt 0.590820 0.325195
vt 0.593262 0.319824
vt 0.582031 0.323242
vt 0.553223 0.346680
vt 0.555176 0.357910
vt 0.560547 0.355469
vt 0.602539 0.326172
vt 0.593262 0.319824
vt 0.590820 0.325195
vt 0.598633 0.330078
vt 0.602539 0.326172
vt 0.590820 0.325195
vt 0.608887 0.335449
vt 0.602539 0.326172
vt 0.598633 0.330078
vt 0.603516 0.337891
vt 0.608887 0.335449
vt 0.598633 0.330078
vt 0.610840 0.346680
vt 0.608887 0.335449
vt 0.603516 0.337891
vt 0.605469 0.346680
vt 0.610840 0.346680
vt 0.603516 0.337891
vt 0.608887 0.357910
vt 0.610840 0.346680
vt 0.605469 0.346680
vt 0.603516 0.355469
vt 0.608887 0.357910
vt 0.605469 0.346680
vt 0.602539 0.367188
vt 0.608887 0.357910
vt 0.603516 0.355469
vt 0.560547 0.355469
vt 0.555176 0.357910
vt 0.565430 0.363281
vt 0.598633 0.363281
vt 0.602539 0.367188
vt 0.603516 0.355469
vt 0.593262 0.373535
vt 0.602539 0.367188
vt 0.598633 0.363281
vt 0.590820 0.368164
vt 0.593262 0.373535
vt 0.598633 0.363281
vt 0.582031 0.375488
vt 0.593262 0.373535
vt 0.590820 0.368164
vt 0.582031 0.370117
vt 0.582031 0.375488
vt 0.590820 0.368164
vt 0.570801 0.373535
vt 0.582031 0.375488
vt 0.582031 0.370117
vt 0.573242 0.368164
vt 0.570801 0.373535
vt 0.582031 0.370117
vt 0.561523 0.367188
vt 0.570801 0.373535
vt 0.573242 0.368164
vt 0.565430 0.363281
vt 0.561523 0.367188
vt 0.573242 0.368164
vt 0.555176 0.357910
vt 0.561523 0.367188
vt 0.565430 0.363281
vt 0.603516 0.337891
vt 0.582031 0.346680
vt 0.605469 0.346680
vt 0.582031 0.346680
vt 0.603516 0.337891
vt 0.598633 0.330078
vt 0.590820 0.325195
vt 0.582031 0.346680
vt 0.598633 0.330078
vt 0.582031 0.346680
vt 0.590820 0.325195
vt 0.582031 0.323242
vt 0.573242 0.325195
vt 0.582031 0.346680
vt 0.582031 0.323242
vt 0.582031 0.346680
vt 0.573242 0.325195
vt 0.565430 0.330078
vt 0.560547 0.337891
vt 0.582031 0.346680
vt 0.565430 0.330078
vt 0.582031 0.346680
vt 0.560547 0.337891
vt 0.558594 0.346680
vt 0.582031 0.346680
vt 0.603516 0.355469
vt 0.605469 0.346680
vt 0.560547 0.355469
vt 0.582031 0.346680
vt 0.558594 0.346680
vt 0.582031 0.346680
vt 0.560547 0.355469
vt 0.565430 0.363281
vt 0.573242 0.368164
vt 0.582031 0.346680
vt 0.565430 0.363281
vt 0.582031 0.346680
vt 0.573242 0.368164
vt 0.582031 0.370117
vt 0.590820 0.368164
vt 0.582031 0.346680
vt 0.582031 0.370117
vt 0.582031 0.346680
vt 0.590820 0.368164
vt 0.598633 0.363281
vt 0.603516 0.355469
vt 0.582031 0.346680
vt 0.598633 0.363281
vt 0.558594 0.346680
vt 0.553223 0.346680
vt 0.560547 0.355469
vt 0.553223 0.346680
vt 0.558594 0.346680
vt 0.555176 0.335449
vt 0.558594 0.346680
vt 0.560547 0.337891
vt 0.555176 0.335449
vt 0.561523 0.326172
vt 0.555176 0.335449
vt 0.560547 0.337891
vt 0.565430 0.330078
vt 0.561523 0.326172
vt 0.560547 0.337891
vt 0.570801 0.319824
vt 0.561523 0.326172
vt 0.565430 0.330078
vt 0.573242 0.325195
vt 0.570801 0.319824
vt 0.565430 0.330078
vt 0.582031 0.317871
vt 0.570801 0.319824
vt 0.573242 0.325195
vt 0.582031 0.323242
vt 0.582031 0.317871
vt 0.573242 0.325195
vt 0.593262 0.319824
vt 0.582031 0.317871
vt 0.582031 0.323242
vt 0.590820 0.325195
vt 0.593262 0.319824
vt 0.582031 0.323242
vt 0.553223 0.346680
vt 0.555176 0.357910
vt 0.560547 0.355469
vt 0.602539 0.326172
vt 0.593262 0.319824
vt 0.590820 0.325195
vt 0.598633 0.330078
vt 0.602539 0.326172
vt 0.590820 0.325195
vt 0.608887 0.335449
vt 0.602539 0.326172
vt 0.598633 0.330078
vt 0.603516 0.337891
vt 0.608887 0.335449
vt 0.598633 0.330078
vt 0.610840 0.346680
vt 0.608887 0.335449
vt 0.603516 0.337891
vt 0.605469 0.346680
vt 0.610840 0.346680
vt 0.603516 0.337891
vt 0.608887 0.357910
vt 0.610840 0.346680
vt 0.605469 0.346680
vt 0.603516 0.355469
vt 0.608887 0.357910
vt 0.605469 0.346680
vt 0.602539 0.367188
vt 0.608887 0.357910
vt 0.603516 0.355469
vt 0.560547 0.355469
vt 0.555176 0.357910
vt 0.565430 0.363281
vt 0.598633 0.363281
vt 0.602539 0.367188
vt 0.603516 0.355469
vt 0.593262 0.373535
vt 0.602539 0.367188
vt 0.598633 0.363281
vt 0.590820 0.368164
vt 0.593262 0.373535
vt 0.598633 0.363281
vt 0.582031 0.375488
vt 0.593262 0.373535
vt 0.590820 0.368164
vt 0.582031 0.370117
vt 0.582031 0.375488
vt 0.590820 0.368164
vt 0.570801 0.373535
vt 0.582031 0.375488
vt 0.582031 0.370117
vt 0.573242 0.368164
vt 0.570801 0.373535
vt 0.582031 0.370117
vt 0.561523 0.367188
vt 0.570801 0.373535
vt 0.573242 0.368164
vt 0.565430 0.363281
vt 0.561523 0.367188
vt 0.573242 0.368164
vt 0.555176 0.357910
vt 0.561523 0.367188
vt 0.565430 0.363281
vt 0.158813 0.867676
vt 0.165039 0.866577
vt 0.158569 0.506104
vt 0.165039 0.866577
vt 0.158813 0.867676
vt 0.163208 0.871826
vt 0.165039 0.866577
vt 0.163208 0.871826
vt 0.713379 0.871826
vt 0.711426 0.866577
vt 0.165039 0.866577
vt 0.713379 0.871826
vt 0.165039 0.866577
vt 0.165039 0.506592
vt 0.158569 0.506104
vt 0.711426 0.866577
vt 0.711426 0.506592
vt 0.165039 0.866577
vt 0.711426 0.506592
vt 0.165039 0.506592
vt 0.165039 0.866577
vt 0.165039 0.506592
vt 0.163086 0.501221
vt 0.158569 0.506104
vt 0.163086 0.501221
vt 0.165039 0.506592
vt 0.711426 0.506592
vt 0.711426 0.866577
vt 0.713379 0.871826
vt 0.717773 0.867676
vt 0.711426 0.506592
vt 0.711426 0.866577
vt 0.717773 0.506104
vt 0.711426 0.866577
vt 0.717773 0.867676
vt 0.717773 0.506104
vt 0.713379 0.501221
vt 0.163086 0.501221
vt 0.711426 0.506592
vt 0.711426 0.506592
vt 0.717773 0.506104
vt 0.713379 0.501221
vt 0.660645 0.336426
vt 0.647461 0.342285
vt 0.661621 0.342285
vt 0.647461 0.342285
vt 0.660645 0.336426
vt 0.657715 0.332031
vt 0.652832 0.328613
vt 0.647461 0.342285
vt 0.657715 0.332031
vt 0.647461 0.342285
vt 0.652832 0.328613
vt 0.647461 0.327637
vt 0.641602 0.328613
vt 0.647461 0.342285
vt 0.647461 0.327637
vt 0.647461 0.342285
vt 0.641602 0.328613
vt 0.636719 0.332031
vt 0.633789 0.336426
vt 0.647461 0.342285
vt 0.636719 0.332031
vt 0.647461 0.342285
vt 0.633789 0.336426
vt 0.632812 0.342285
vt 0.647461 0.342285
vt 0.660645 0.347656
vt 0.661621 0.342285
vt 0.633789 0.347656
vt 0.647461 0.342285
vt 0.632812 0.342285
vt 0.647461 0.342285
vt 0.633789 0.347656
vt 0.636719 0.352539
vt 0.641602 0.355469
vt 0.647461 0.342285
vt 0.636719 0.352539
vt 0.647461 0.342285
vt 0.641602 0.355469
vt 0.647461 0.356934
vt 0.652832 0.355469
vt 0.647461 0.342285
vt 0.647461 0.356934
vt 0.647461 0.342285
vt 0.652832 0.355469
vt 0.657715 0.352539
vt 0.660645 0.347656
vt 0.647461 0.342285
vt 0.657715 0.352539
vt 0.628906 0.342285
vt 0.624023 0.342285
vt 0.630371 0.349121
vt 0.624023 0.342285
vt 0.628906 0.342285
vt 0.625977 0.333496
vt 0.628906 0.342285
vt 0.630371 0.334961
vt 0.625977 0.333496
vt 0.630859 0.325684
vt 0.625977 0.333496
vt 0.630371 0.334961
vt 0.634277 0.329102
vt 0.630859 0.325684
vt 0.630371 0.334961
vt 0.638672 0.320801
vt 0.630859 0.325684
vt 0.634277 0.329102
vt 0.640137 0.325195
vt 0.638672 0.320801
vt 0.634277 0.329102
vt 0.647461 0.319336
vt 0.638672 0.320801
vt 0.640137 0.325195
vt 0.647461 0.323730
vt 0.647461 0.319336
vt 0.640137 0.325195
vt 0.656250 0.320801
vt 0.647461 0.319336
vt 0.647461 0.323730
vt 0.654297 0.325195
vt 0.656250 0.320801
vt 0.647461 0.323730
vt 0.624023 0.342285
vt 0.625977 0.351074
vt 0.630371 0.349121
vt 0.663574 0.325684
vt 0.656250 0.320801
vt 0.654297 0.325195
vt 0.660156 0.329102
vt 0.663574 0.325684
vt 0.654297 0.325195
vt 0.668457 0.333496
vt 0.663574 0.325684
vt 0.660156 0.329102
vt 0.664551 0.334961
vt 0.668457 0.333496
vt 0.660156 0.329102
vt 0.670410 0.342285
vt 0.668457 0.333496
vt 0.664551 0.334961
vt 0.665527 0.342285
vt 0.670410 0.342285
vt 0.664551 0.334961
vt 0.668457 0.351074
vt 0.670410 0.342285
vt 0.665527 0.342285
vt 0.664551 0.349121
vt 0.668457 0.351074
vt 0.665527 0.342285
vt 0.663574 0.358398
vt 0.668457 0.351074
vt 0.664551 0.349121
vt 0.630371 0.349121
vt 0.625977 0.351074
vt 0.634277 0.355469
vt 0.660156 0.355469
vt 0.663574 0.358398
vt 0.664551 0.349121
vt 0.656250 0.363281
vt 0.663574 0.358398
vt 0.660156 0.355469
vt 0.654297 0.359375
vt 0.656250 0.363281
vt 0.660156 0.355469
vt 0.647461 0.365234
vt 0.656250 0.363281
vt 0.654297 0.359375
vt 0.647461 0.360840
vt 0.647461 0.365234
vt 0.654297 0.359375
vt 0.638672 0.363281
vt 0.647461 0.365234
vt 0.647461 0.360840
vt 0.640137 0.359375
vt 0.638672 0.363281
vt 0.647461 0.360840
vt 0.630859 0.358398
vt 0.638672 0.363281
vt 0.640137 0.359375
vt 0.634277 0.355469
vt 0.630859 0.358398
vt 0.640137 0.359375
vt 0.625977 0.351074
vt 0.630859 0.358398
vt 0.634277 0.355469
vt 0.628906 0.342285
vt 0.632812 0.342285
vt 0.630371 0.334961
vt 0.633789 0.347656
vt 0.632812 0.342285
vt 0.628906 0.342285
vt 0.630371 0.349121
vt 0.633789 0.347656
vt 0.628906 0.342285
vt 0.636719 0.352539
vt 0.633789 0.347656
vt 0.630371 0.349121
vt 0.634277 0.355469
vt 0.636719 0.352539
vt 0.630371 0.349121
vt 0.641602 0.355469
vt 0.636719 0.352539
vt 0.634277 0.355469
vt 0.640137 0.359375
vt 0.641602 0.355469
vt 0.634277 0.355469
vt 0.647461 0.356934
vt 0.641602 0.355469
vt 0.640137 0.359375
vt 0.647461 0.360840
vt 0.647461 0.356934
vt 0.640137 0.359375
vt 0.652832 0.355469
vt 0.647461 0.356934
vt 0.647461 0.360840
vt 0.654297 0.359375
vt 0.652832 0.355469
vt 0.647461 0.360840
vt 0.632812 0.342285
vt 0.633789 0.336426
vt 0.630371 0.334961
vt 0.657715 0.352539
vt 0.652832 0.355469
vt 0.654297 0.359375
vt 0.660156 0.355469
vt 0.657715 0.352539
vt 0.654297 0.359375
vt 0.660645 0.347656
vt 0.657715 0.352539
vt 0.660156 0.355469
vt 0.664551 0.349121
vt 0.660645 0.347656
vt 0.660156 0.355469
vt 0.661621 0.342285
vt 0.660645 0.347656
vt 0.664551 0.349121
vt 0.665527 0.342285
vt 0.661621 0.342285
vt 0.664551 0.349121
vt 0.660645 0.336426
vt 0.661621 0.342285
vt 0.665527 0.342285
vt 0.664551 0.334961
vt 0.660645 0.336426
vt 0.665527 0.342285
vt 0.657715 0.332031
vt 0.660645 0.336426
vt 0.664551 0.334961
vt 0.630371 0.334961
vt 0.633789 0.336426
vt 0.634277 0.329102
vt 0.660156 0.329102
vt 0.657715 0.332031
vt 0.664551 0.334961
vt 0.652832 0.328613
vt 0.657715 0.332031
vt 0.660156 0.329102
vt 0.654297 0.325195
vt 0.652832 0.328613
vt 0.660156 0.329102
vt 0.647461 0.327637
vt 0.652832 0.328613
vt 0.654297 0.325195
vt 0.647461 0.323730
vt 0.647461 0.327637
vt 0.654297 0.325195
vt 0.641602 0.328613
vt 0.647461 0.327637
vt 0.647461 0.323730
vt 0.640137 0.325195
vt 0.641602 0.328613
vt 0.647461 0.323730
vt 0.636719 0.332031
vt 0.641602 0.328613
vt 0.640137 0.325195
vt 0.634277 0.329102
vt 0.636719 0.332031
vt 0.640137 0.325195
vt 0.633789 0.336426
vt 0.636719 0.332031
vt 0.634277 0.329102
vt 0.329346 0.054199
vt 0.325684 0.060547
vt 0.336426 0.060547
vt 0.319580 0.056641
vt 0.325684 0.060547
vt 0.329346 0.054199
vt 0.323975 0.050293
vt 0.319580 0.056641
vt 0.329346 0.054199
vt 0.319580 0.056641
vt 0.323975 0.050293
vt 0.267822 0.056641
vt 0.323975 0.050293
vt 0.263428 0.050293
vt 0.267822 0.056641
vt 0.263428 0.050293
vt 0.258057 0.054199
vt 0.267822 0.056641
vt 0.258057 0.054199
vt 0.261719 0.060547
vt 0.267822 0.056641
vt 0.258057 0.054199
vt 0.250977 0.060547
vt 0.261719 0.060547
vt 0.325684 0.060547
vt 0.329346 0.066406
vt 0.336426 0.060547
vt 0.250977 0.060547
vt 0.258057 0.066406
vt 0.261719 0.060547
vt 0.258057 0.066406
vt 0.250977 0.060547
vt 0.258057 0.410645
vt 0.250977 0.060547
vt 0.250977 0.416504
vt 0.258057 0.410645
vt 0.261719 0.416504
vt 0.258057 0.410645
vt 0.250977 0.416504
vt 0.258057 0.422852
vt 0.261719 0.416504
vt 0.250977 0.416504
vt 0.267822 0.420898
vt 0.261719 0.416504
vt 0.258057 0.422852
vt 0.263428 0.426758
vt 0.267822 0.420898
vt 0.258057 0.422852
vt 0.336426 0.416504
vt 0.336426 0.060547
vt 0.329346 0.066406
vt 0.267822 0.420898
vt 0.263428 0.426758
vt 0.319580 0.420898
vt 0.263428 0.426758
vt 0.323975 0.426758
vt 0.319580 0.420898
vt 0.323975 0.426758
vt 0.329346 0.422852
vt 0.319580 0.420898
vt 0.329346 0.422852
vt 0.325684 0.416504
vt 0.319580 0.420898
vt 0.329346 0.422852
vt 0.336426 0.416504
vt 0.325684 0.416504
vt 0.336426 0.416504
vt 0.329346 0.410645
vt 0.325684 0.416504
vt 0.329346 0.410645
vt 0.336426 0.416504
vt 0.329346 0.066406
vt 0.325684 0.060547
vt 0.319580 0.091797
vt 0.329346 0.066406
vt 0.311279 0.088379
vt 0.319580 0.091797
vt 0.325684 0.060547
vt 0.319580 0.056641
vt 0.311279 0.088379
vt 0.325684 0.060547
vt 0.311279 0.088379
vt 0.319580 0.056641
vt 0.267822 0.056641
vt 0.276123 0.088379
vt 0.311279 0.088379
vt 0.267822 0.056641
vt 0.267822 0.056641
vt 0.261719 0.060547
vt 0.276123 0.088379
vt 0.261719 0.060547
vt 0.267822 0.091797
vt 0.276123 0.088379
vt 0.261719 0.060547
vt 0.258057 0.066406
vt 0.267822 0.091797
vt 0.319580 0.091797
vt 0.322998 0.099609
vt 0.329346 0.066406
vt 0.258057 0.066406
vt 0.264404 0.099609
vt 0.267822 0.091797
vt 0.264404 0.099609
vt 0.258057 0.066406
vt 0.258057 0.410645
vt 0.264404 0.377441
vt 0.264404 0.099609
vt 0.258057 0.410645
vt 0.267822 0.385254
vt 0.264404 0.377441
vt 0.258057 0.410645
vt 0.261719 0.416504
vt 0.267822 0.385254
vt 0.258057 0.410645
vt 0.276123 0.388672
vt 0.267822 0.385254
vt 0.261719 0.416504
vt 0.267822 0.420898
vt 0.276123 0.388672
vt 0.261719 0.416504
vt 0.322998 0.099609
vt 0.322998 0.377441
vt 0.329346 0.066406
vt 0.322998 0.377441
vt 0.329346 0.410645
vt 0.329346 0.066406
vt 0.276123 0.388672
vt 0.267822 0.420898
vt 0.319580 0.420898
vt 0.311279 0.388672
vt 0.276123 0.388672
vt 0.319580 0.420898
vt 0.319580 0.420898
vt 0.325684 0.416504
vt 0.311279 0.388672
vt 0.325684 0.416504
vt 0.319580 0.385254
vt 0.311279 0.388672
vt 0.325684 0.416504
vt 0.329346 0.410645
vt 0.319580 0.385254
vt 0.329346 0.410645
vt 0.322998 0.377441
vt 0.319580 0.385254
vt 0.603516 0.337891
vt 0.582031 0.346680
vt 0.605469 0.346680
vt 0.582031 0.346680
vt 0.603516 0.337891
vt 0.598633 0.330078
vt 0.590820 0.325195
vt 0.582031 0.346680
vt 0.598633 0.330078
vt 0.582031 0.346680
vt 0.590820 0.325195
vt 0.582031 0.323242
vt 0.573242 0.325195
vt 0.582031 0.346680
vt 0.582031 0.323242
vt 0.582031 0.346680
vt 0.573242 0.325195
vt 0.565430 0.330078
vt 0.560547 0.337891
vt 0.582031 0.346680
vt 0.565430 0.330078
vt 0.582031 0.346680
vt 0.560547 0.337891
vt 0.558594 0.346680
vt 0.582031 0.346680
vt 0.603516 0.355469
vt 0.605469 0.346680
vt 0.560547 0.355469
vt 0.582031 0.346680
vt 0.558594 0.346680
vt 0.582031 0.346680
vt 0.560547 0.355469
vt 0.565430 0.363281
vt 0.573242 0.368164
vt 0.582031 0.346680
vt 0.565430 0.363281
vt 0.582031 0.346680
vt 0.573242 0.368164
vt 0.582031 0.370117
vt 0.590820 0.368164
vt 0.582031 0.346680
vt 0.582031 0.370117
vt 0.582031 0.346680
vt 0.590820 0.368164
vt 0.598633 0.363281
vt 0.603516 0.355469
vt 0.582031 0.346680
vt 0.598633 0.363281
vt 0.558594 0.346680
vt 0.553223 0.346680
vt 0.560547 0.355469
vt 0.553223 0.346680
vt 0.558594 0.346680
vt 0.555176 0.335449
vt 0.558594 0.346680
vt 0.560547 0.337891
vt 0.555176 0.335449
vt 0.561523 0.326172
vt 0.555176 0.335449
vt 0.560547 0.337891
vt 0.565430 0.330078
vt 0.561523 0.326172
vt 0.560547 0.337891
vt 0.570801 0.319824
vt 0.561523 0.326172
vt 0.565430 0.330078
vt 0.573242 0.325195
vt 0.570801 0.319824
vt 0.565430 0.330078
vt 0.582031 0.317871
vt 0.570801 0.319824
vt 0.573242 0.325195
vt 0.582031 0.323242
vt 0.582031 0.317871
vt 0.573242 0.325195
vt 0.593262 0.319824
vt 0.582031 0.317871
vt 0.582031 0.323242
vt 0.590820 0.325195
vt 0.593262 0.319824
vt 0.582031 0.323242
vt 0.553223 0.346680
vt 0.555176 0.357910
vt 0.560547 0.355469
vt 0.602539 0.326172
vt 0.593262 0.319824
vt 0.590820 0.325195
vt 0.598633 0.330078
vt 0.602539 0.326172
vt 0.590820 0.325195
vt 0.608887 0.335449
vt 0.602539 0.326172
vt 0.598633 0.330078
vt 0.603516 0.337891
vt 0.608887 0.335449
vt 0.598633 0.330078
vt 0.610840 0.346680
vt 0.608887 0.335449
vt 0.603516 0.337891
vt 0.605469 0.346680
vt 0.610840 0.346680
vt 0.603516 0.337891
vt 0.608887 0.357910
vt 0.610840 0.346680
vt 0.605469 0.346680
vt 0.603516 0.355469
vt 0.608887 0.357910
vt 0.605469 0.346680
vt 0.602539 0.367188
vt 0.608887 0.357910
vt 0.603516 0.355469
vt 0.560547 0.355469
vt 0.555176 0.357910
vt 0.565430 0.363281
vt 0.598633 0.363281
vt 0.602539 0.367188
vt 0.603516 0.355469
vt 0.593262 0.373535
vt 0.602539 0.367188
vt 0.598633 0.363281
vt 0.590820 0.368164
vt 0.593262 0.373535
vt 0.598633 0.363281
vt 0.582031 0.375488
vt 0.593262 0.373535
vt 0.590820 0.368164
vt 0.582031 0.370117
vt 0.582031 0.375488
vt 0.590820 0.368164
vt 0.570801 0.373535
vt 0.582031 0.375488
vt 0.582031 0.370117
vt 0.573242 0.368164
vt 0.570801 0.373535
vt 0.582031 0.370117
vt 0.561523 0.367188
vt 0.570801 0.373535
vt 0.573242 0.368164
vt 0.565430 0.363281
vt 0.561523 0.367188
vt 0.573242 0.368164
vt 0.555176 0.357910
vt 0.561523 0.367188
vt 0.565430 0.363281
vt 0.424561 0.054199
vt 0.420898 0.060547
vt 0.431396 0.060547
vt 0.414795 0.056641
vt 0.420898 0.060547
vt 0.424561 0.054199
vt 0.418945 0.050293
vt 0.414795 0.056641
vt 0.424561 0.054199
vt 0.414795 0.056641
vt 0.418945 0.050293
vt 0.362793 0.056641
vt 0.418945 0.050293
vt 0.358643 0.050293
vt 0.362793 0.056641
vt 0.358643 0.050293
vt 0.353027 0.054199
vt 0.362793 0.056641
vt 0.353027 0.054199
vt 0.356689 0.060547
vt 0.362793 0.056641
vt 0.353027 0.054199
vt 0.345947 0.060547
vt 0.356689 0.060547
vt 0.420898 0.060547
vt 0.424561 0.066406
vt 0.431396 0.060547
vt 0.345947 0.060547
vt 0.353027 0.066406
vt 0.356689 0.060547
vt 0.353027 0.066406
vt 0.345947 0.060547
vt 0.353027 0.410645
vt 0.345947 0.060547
vt 0.345947 0.416504
vt 0.353027 0.410645
vt 0.356689 0.416504
vt 0.353027 0.410645
vt 0.345947 0.416504
vt 0.353027 0.422852
vt 0.356689 0.416504
vt 0.345947 0.416504
vt 0.362793 0.420898
vt 0.356689 0.416504
vt 0.353027 0.422852
vt 0.358643 0.426758
vt 0.362793 0.420898
vt 0.353027 0.422852
vt 0.431396 0.416504
vt 0.431396 0.060547
vt 0.424561 0.066406
vt 0.362793 0.420898
vt 0.358643 0.426758
vt 0.414795 0.420898
vt 0.358643 0.426758
vt 0.418945 0.426758
vt 0.414795 0.420898
vt 0.418945 0.426758
vt 0.424561 0.422852
vt 0.414795 0.420898
vt 0.424561 0.422852
vt 0.420898 0.416504
vt 0.414795 0.420898
vt 0.424561 0.422852
vt 0.431396 0.416504
vt 0.420898 0.416504
vt 0.431396 0.416504
vt 0.424561 0.410645
vt 0.420898 0.416504
vt 0.424561 0.410645
vt 0.431396 0.416504
vt 0.424561 0.066406
vt 0.420898 0.060547
vt 0.414551 0.091797
vt 0.424561 0.066406
vt 0.406494 0.088379
vt 0.414551 0.091797
vt 0.420898 0.060547
vt 0.414795 0.056641
vt 0.406494 0.088379
vt 0.420898 0.060547
vt 0.406494 0.088379
vt 0.414795 0.056641
vt 0.362793 0.056641
vt 0.371094 0.088379
vt 0.406494 0.088379
vt 0.362793 0.056641
vt 0.362793 0.056641
vt 0.356689 0.060547
vt 0.371094 0.088379
vt 0.356689 0.060547
vt 0.362793 0.091797
vt 0.371094 0.088379
vt 0.356689 0.060547
vt 0.353027 0.066406
vt 0.362793 0.091797
vt 0.414551 0.091797
vt 0.417969 0.099609
vt 0.424561 0.066406
vt 0.353027 0.066406
vt 0.359375 0.099609
vt 0.362793 0.091797
vt 0.359375 0.099609
vt 0.353027 0.066406
vt 0.353027 0.410645
vt 0.359375 0.377441
vt 0.359375 0.099609
vt 0.353027 0.410645
vt 0.362793 0.385254
vt 0.359375 0.377441
vt 0.353027 0.410645
vt 0.356689 0.416504
vt 0.362793 0.385254
vt 0.353027 0.410645
vt 0.371094 0.388672
vt 0.362793 0.385254
vt 0.356689 0.416504
vt 0.362793 0.420898
vt 0.371094 0.388672
vt 0.356689 0.416504
vt 0.417969 0.099609
vt 0.417969 0.377441
vt 0.424561 0.066406
vt 0.417969 0.377441
vt 0.424561 0.410645
vt 0.424561 0.066406
vt 0.371094 0.388672
vt 0.362793 0.420898
vt 0.414795 0.420898
vt 0.406494 0.388672
vt 0.371094 0.388672
vt 0.414795 0.420898
vt 0.414795 0.420898
vt 0.420898 0.416504
vt 0.406494 0.388672
vt 0.420898 0.416504
vt 0.414551 0.385254
vt 0.406494 0.388672
vt 0.420898 0.416504
vt 0.424561 0.410645
vt 0.414551 0.385254
vt 0.424561 0.410645
vt 0.417969 0.377441
vt 0.414551 0.385254
vt 0.191040 0.994537
vt 0.390137 0.994537
vt 0.390137 0.820679
vt 0.606934 0.820679
vt 0.390137 0.820679
vt 0.390137 0.994537
vt 0.180664 0.801025
vt 0.191040 0.994537
vt 0.390137 0.820679
vt 0.390137 0.820679
vt 0.606934 0.820679
vt 0.616699 0.604980
vt 0.380371 0.604980
vt 0.390137 0.820679
vt 0.616699 0.604980
vt 0.390137 0.820679
vt 0.380371 0.604980
vt 0.180664 0.801025
vt 0.191040 0.994537
vt 0.180664 0.801025
vt 0.143066 0.987053
vt 0.606934 0.994537
vt 0.606934 0.820679
vt 0.390137 0.994537
vt 0.616699 0.604980
vt 0.606934 0.820679
vt 0.818848 0.801025
vt 0.098267 0.965118
vt 0.143066 0.987053
vt 0.180664 0.801025
vt 0.059845 0.930176
vt 0.098267 0.965118
vt 0.180664 0.801025
vt 0.606934 0.994537
vt 0.808594 0.994514
vt 0.606934 0.820679
vt 0.808594 0.994514
vt 0.818848 0.801025
vt 0.606934 0.820679
vt 0.380371 0.604980
vt 0.616699 0.604980
vt 0.616699 0.395508
vt 0.380371 0.604980
vt 0.168945 0.596436
vt 0.180664 0.801025
vt 0.830566 0.596436
vt 0.616699 0.604980
vt 0.818848 0.801025
vt 0.616699 0.604980
vt 0.830566 0.596436
vt 0.830566 0.403809
vt 0.616699 0.395508
vt 0.616699 0.604980
vt 0.830566 0.403809
vt 0.380371 0.395508
vt 0.380371 0.604980
vt 0.616699 0.395508
vt 0.168945 0.596436
vt 0.380371 0.604980
vt 0.380371 0.395508
vt 0.808594 0.994514
vt 0.856445 0.987053
vt 0.818848 0.801025
vt 0.818848 0.801025
vt 0.994141 0.774780
vt 0.830566 0.596436
vt 0.818848 0.801025
vt 0.856445 0.987053
vt 0.901367 0.965118
vt 0.939941 0.930176
vt 0.818848 0.801025
vt 0.901367 0.965118
vt 0.830566 0.403809
vt 0.830566 0.596436
vt 0.994141 0.403809
vt 0.969238 0.884644
vt 0.818848 0.801025
vt 0.939941 0.930176
vt 0.818848 0.801025
vt 0.969238 0.884644
vt 0.987793 0.831665
vt 0.994141 0.774780
vt 0.818848 0.801025
vt 0.987793 0.831665
vt 0.830566 0.403809
vt 0.818848 0.199219
vt 0.616699 0.395508
vt 0.380371 0.395508
vt 0.616699 0.395508
vt 0.606934 0.179688
vt 0.818848 0.199219
vt 0.606934 0.179688
vt 0.616699 0.395508
vt 0.994141 0.774780
vt 0.994141 0.596436
vt 0.830566 0.596436
vt 0.830566 0.596436
vt 0.994141 0.596436
vt 0.994141 0.403809
vt 0.180664 0.801025
vt 0.168945 0.596436
vt 0.005463 0.774780
vt 0.994141 0.403809
vt 0.994141 0.225586
vt 0.830566 0.403809
vt 0.994141 0.225586
vt 0.818848 0.199219
vt 0.830566 0.403809
vt 0.030334 0.884644
vt 0.059845 0.930176
vt 0.180664 0.801025
vt 0.168945 0.403809
vt 0.168945 0.596436
vt 0.380371 0.395508
vt 0.390137 0.179688
vt 0.380371 0.395508
vt 0.606934 0.179688
vt 0.994141 0.225586
vt 0.987793 0.168457
vt 0.818848 0.199219
vt 0.987793 0.168457
vt 0.969238 0.115723
vt 0.818848 0.199219
vt 0.969238 0.115723
vt 0.939941 0.070312
vt 0.818848 0.199219
vt 0.390137 0.179688
vt 0.180664 0.199219
vt 0.380371 0.395508
vt 0.180664 0.199219
vt 0.168945 0.403809
vt 0.380371 0.395508
vt 0.818848 0.199219
vt 0.808594 0.005859
vt 0.606934 0.179688
vt 0.939941 0.070312
vt 0.901367 0.035156
vt 0.818848 0.199219
vt 0.901367 0.035156
vt 0.856445 0.013184
vt 0.818848 0.199219
vt 0.808594 0.005859
vt 0.818848 0.199219
vt 0.856445 0.013184
vt 0.005463 0.596436
vt 0.168945 0.596436
vt 0.168945 0.403809
vt 0.168945 0.596436
vt 0.005463 0.596436
vt 0.005463 0.774780
vt 0.005463 0.774780
vt 0.011787 0.831665
vt 0.180664 0.801025
vt 0.011787 0.831665
vt 0.030334 0.884644
vt 0.180664 0.801025
vt 0.808594 0.005859
vt 0.606934 0.005859
vt 0.606934 0.179688
vt 0.390137 0.179688
vt 0.606934 0.179688
vt 0.606934 0.005859
vt 0.390137 0.005859
vt 0.390137 0.179688
vt 0.606934 0.005859
vt 0.191040 0.005859
vt 0.180664 0.199219
vt 0.390137 0.179688
vt 0.390137 0.005859
vt 0.191040 0.005859
vt 0.390137 0.179688
vt 0.191040 0.005859
vt 0.143066 0.013184
vt 0.180664 0.199219
vt 0.180664 0.199219
vt 0.005520 0.225586
vt 0.168945 0.403809
vt 0.180664 0.199219
vt 0.143066 0.013184
vt 0.098267 0.035156
vt 0.005505 0.403809
vt 0.005463 0.596436
vt 0.168945 0.403809
vt 0.005520 0.225586
vt 0.005505 0.403809
vt 0.168945 0.403809
vt 0.059845 0.070312
vt 0.180664 0.199219
vt 0.098267 0.035156
vt 0.030334 0.115723
vt 0.180664 0.199219
vt 0.059845 0.070312
vt 0.180664 0.199219
vt 0.030334 0.115723
vt 0.011787 0.168457
vt 0.005520 0.225586
vt 0.180664 0.199219
vt 0.011787 0.168457
vn 0.496063 -0.740157 0.448819
vn 0.496063 -0.740157 0.448819
vn 0.496063 -0.740157 0.448819
vn -0.543307 -0.740157 -0.385827
vn -0.543307 -0.740157 -0.385827
vn -0.543307 -0.740157 -0.385827
vn 0.511811 -0.748031 0.425197
vn 0.511811 -0.748031 0.425197
vn 0.511811 -0.748031 0.425197
vn -0.527559 -0.748031 -0.409449
vn -0.527559 -0.748031 -0.409449
vn -0.527559 -0.748031 -0.409449
vn 0.606299 -0.740157 -0.275591
vn 0.606299 -0.740157 -0.275591
vn 0.606299 -0.740157 -0.275591
vn -0.574803 -0.740157 0.346457
vn -0.574803 -0.740157 0.346457
vn -0.574803 -0.740157 0.346457
vn 0.590551 -0.748031 -0.299213
vn 0.590551 -0.748031 -0.299213
vn 0.590551 -0.748031 -0.299213
vn -0.582677 -0.748031 0.322835
vn -0.582677 -0.748031 0.322835
vn -0.582677 -0.748031 0.322835
vn 0.472441 -0.740157 0.480315
vn 0.472441 -0.740157 0.480315
vn 0.472441 -0.740157 0.480315
vn -0.527559 -0.740157 -0.417323
vn -0.527559 -0.740157 -0.417323
vn -0.527559 -0.740157 -0.417323
vn 0.488189 -0.748031 0.456693
vn 0.488189 -0.748031 0.456693
vn 0.488189 -0.748031 0.456693
vn -0.503937 -0.748031 -0.433071
vn -0.503937 -0.748031 -0.433071
vn -0.503937 -0.748031 -0.433071
vn -0.598425 -0.740157 0.299213
vn -0.598425 -0.740157 0.299213
vn -0.598425 -0.740157 0.299213
vn 0.559055 -0.740157 -0.370079
vn 0.559055 -0.740157 -0.370079
vn 0.559055 -0.740157 -0.370079
vn -0.582677 -0.748031 0.322835
vn -0.582677 -0.748031 0.322835
vn -0.582677 -0.748031 0.322835
vn 0.566929 -0.748031 -0.346457
vn 0.566929 -0.748031 -0.346457
vn 0.566929 -0.748031 -0.346457
vn 0.440945 -0.740157 -0.503937
vn 0.440945 -0.740157 -0.503937
vn 0.440945 -0.740157 -0.503937
vn -0.377953 -0.740157 0.551181
vn -0.377953 -0.740157 0.551181
vn -0.377953 -0.740157 0.551181
vn 0.417323 -0.748031 -0.519685
vn 0.417323 -0.748031 -0.519685
vn 0.417323 -0.748031 -0.519685
vn -0.401575 -0.748031 0.535433
vn -0.401575 -0.748031 0.535433
vn -0.401575 -0.748031 0.535433
vn -0.496063 0.708661 -0.503937
vn -0.496063 0.708661 -0.503937
vn -0.496063 0.708661 -0.503937
vn -0.496063 0.708661 0.503937
vn -0.496063 0.708661 0.503937
vn -0.496063 0.708661 0.503937
vn 0.496063 0.708661 -0.503937
vn 0.496063 0.708661 -0.503937
vn 0.496063 0.708661 -0.503937
vn 0.496063 0.708661 0.503937
vn 0.496063 0.708661 0.503937
vn 0.496063 0.708661 0.503937
vn 0.669291 -0.740157 0.039370
vn 0.669291 -0.740157 0.039370
vn 0.669291 -0.740157 0.039370
vn -0.669291 -0.740157 0.039370
vn -0.669291 -0.740157 0.039370
vn -0.669291 -0.740157 0.039370
vn 0.669291 -0.748031 0.007874
vn 0.669291 -0.748031 0.007874
vn 0.669291 -0.748031 0.007874
vn -0.669291 -0.748031 0.007874
vn -0.669291 -0.748031 0.007874
vn -0.669291 -0.748031 0.007874
vn 0.330709 0.559055 -0.755906
vn -0.330709 0.559055 -0.755906
vn 0.346457 0.346457 -0.874016
vn -0.330709 0.559055 -0.755906
vn -0.346457 0.346457 -0.874016
vn 0.346457 0.346457 -0.874016
vn -0.708661 0.637795 0.307087
vn -0.826772 0.448819 0.330709
vn -0.850394 0.401575 -0.346457
vn -0.732283 0.598425 -0.330709
vn -0.708661 0.637795 0.307087
vn -0.850394 0.401575 -0.346457
vn -0.850394 0.401575 -0.346457
vn -0.346457 0.346457 -0.874016
vn -0.732283 0.598425 -0.330709
vn -0.346457 0.346457 -0.874016
vn -0.330709 0.559055 -0.755906
vn -0.732283 0.598425 -0.330709
vn 0.826772 0.448819 0.330709
vn 0.708661 0.637795 0.307087
vn 0.850394 0.401575 -0.346457
vn 0.708661 0.637795 0.307087
vn 0.732283 0.598425 -0.330709
vn 0.850394 0.401575 -0.346457
vn 0.850394 0.401575 -0.346457
vn 0.732283 0.598425 -0.330709
vn 0.346457 0.346457 -0.874016
vn 0.732283 0.598425 -0.330709
vn 0.330709 0.559055 -0.755906
vn 0.346457 0.346457 -0.874016
vn 0.771654 -0.629921 0.102362
vn 0.976378 -0.149606 0.125984
vn 0.952756 -0.157480 0.251969
vn 0.748031 -0.637795 0.196850
vn 0.771654 -0.629921 0.102362
vn 0.952756 -0.157480 0.251969
vn 0.000000 -1.000000 0.000000
vn 0.771654 -0.629921 0.102362
vn 0.748031 -0.637795 0.196850
vn 0.000000 -1.000000 0.000000
vn 0.000000 -1.000000 0.000000
vn 0.748031 -0.637795 0.196850
vn -0.763780 -0.637795 -0.102362
vn 0.000000 -1.000000 0.000000
vn 0.000000 -1.000000 0.000000
vn 0.952756 -0.157480 0.251969
vn 0.858268 -0.157480 0.496063
vn 0.748031 -0.637795 0.196850
vn -0.740157 -0.637795 -0.196850
vn -0.763780 -0.637795 -0.102362
vn 0.000000 -1.000000 0.000000
vn 0.748031 -0.637795 0.196850
vn 0.669291 -0.637795 0.385827
vn 0.000000 -1.000000 0.000000
vn 0.858268 -0.157480 0.496063
vn 0.669291 -0.637795 0.385827
vn 0.748031 -0.637795 0.196850
vn -0.976378 -0.157480 -0.125984
vn -0.763780 -0.637795 -0.102362
vn -0.740157 -0.637795 -0.196850
vn -0.952756 -0.157480 -0.251969
vn -0.976378 -0.157480 -0.125984
vn -0.740157 -0.637795 -0.196850
vn 0.000000 -1.000000 0.000000
vn 0.000000 -1.000000 0.000000
vn -0.740157 -0.637795 -0.196850
vn 0.669291 -0.637795 0.385827
vn 0.000000 -1.000000 0.000000
vn 0.000000 -1.000000 0.000000
vn -0.740157 -0.637795 -0.196850
vn -0.669291 -0.637795 -0.385827
vn -0.952756 -0.157480 -0.251969
vn 0.000000 -1.000000 0.000000
vn -0.669291 -0.637795 -0.385827
vn -0.740157 -0.637795 -0.196850
vn -0.669291 -0.637795 -0.385827
vn -0.858268 -0.157480 -0.496063
vn -0.952756 -0.157480 -0.251969
vn 0.858268 -0.157480 0.496063
vn 0.700787 -0.157480 0.700787
vn 0.669291 -0.637795 0.385827
vn 0.669291 -0.637795 0.385827
vn 0.543307 -0.637795 0.543307
vn 0.000000 -1.000000 0.000000
vn 0.700787 -0.157480 0.700787
vn 0.543307 -0.637795 0.543307
vn 0.669291 -0.637795 0.385827
vn -0.669291 -0.637795 -0.385827
vn -0.543307 -0.637795 -0.543307
vn -0.858268 -0.157480 -0.496063
vn 0.000000 -1.000000 0.000000
vn 0.000000 -1.000000 0.000000
vn -0.669291 -0.637795 -0.385827
vn 0.000000 -1.000000 0.000000
vn -0.543307 -0.637795 -0.543307
vn -0.669291 -0.637795 -0.385827
vn 0.543307 -0.637795 0.543307
vn 0.000000 -1.000000 0.000000
vn 0.000000 -1.000000 0.000000
vn -0.543307 -0.637795 -0.543307
vn -0.700787 -0.157480 -0.700787
vn -0.858268 -0.157480 -0.496063
vn -0.543307 -0.637795 -0.543307
vn -0.385827 -0.637795 -0.669291
vn -0.700787 -0.157480 -0.700787
vn 0.000000 -1.000000 0.000000
vn 0.000000 -1.000000 0.000000
vn -0.543307 -0.637795 -0.543307
vn 0.000000 -1.000000 0.000000
vn -0.385827 -0.637795 -0.669291
vn -0.543307 -0.637795 -0.543307
vn -0.385827 -0.637795 -0.669291
vn -0.496063 -0.157480 -0.858268
vn -0.700787 -0.157480 -0.700787
vn 0.700787 -0.157480 0.700787
vn 0.496063 -0.157480 0.858268
vn 0.543307 -0.637795 0.543307
vn 0.543307 -0.637795 0.543307
vn 0.385827 -0.637795 0.669291
vn 0.000000 -1.000000 0.000000
vn 0.385827 -0.637795 0.669291
vn 0.000000 -1.000000 0.000000
vn 0.000000 -1.000000 0.000000
vn 0.496063 -0.157480 0.858268
vn 0.385827 -0.637795 0.669291
vn 0.543307 -0.637795 0.543307
vn -0.385827 -0.637795 -0.669291
vn -0.196850 -0.637795 -0.740157
vn -0.496063 -0.157480 -0.858268
vn -0.196850 -0.637795 -0.740157
vn -0.251969 -0.157480 -0.952756
vn -0.496063 -0.157480 -0.858268
vn 0.000000 -1.000000 0.000000
vn 0.000000 -1.000000 0.000000
vn -0.385827 -0.637795 -0.669291
vn 0.000000 -1.000000 0.000000
vn -0.196850 -0.637795 -0.740157
vn -0.385827 -0.637795 -0.669291
vn 0.385827 -0.637795 0.669291
vn 0.196850 -0.637795 0.748031
vn 0.000000 -1.000000 0.000000
vn 0.196850 -0.637795 0.748031
vn 0.000000 -1.000000 0.000000
vn 0.000000 -1.000000 0.000000
vn -0.251969 -0.157480 -0.952756
vn -0.196850 -0.637795 -0.740157
vn -0.062992 -0.157480 -0.984252
vn -0.196850 -0.637795 -0.740157
vn 0.000000 -1.000000 0.000000
vn -0.047244 -0.637795 -0.771654
vn -0.196850 -0.637795 -0.740157
vn -0.047244 -0.637795 -0.771654
vn -0.062992 -0.157480 -0.984252
vn 0.496063 -0.157480 0.858268
vn 0.251969 -0.157480 0.952756
vn 0.385827 -0.637795 0.669291
vn 0.251969 -0.157480 0.952756
vn 0.196850 -0.637795 0.748031
vn 0.385827 -0.637795 0.669291
vn 0.000000 -1.000000 0.000000
vn 0.196850 -0.637795 0.748031
vn 0.000000 -1.000000 0.000000
vn 0.000000 -1.000000 0.000000
vn 0.000000 -1.000000 0.000000
vn -0.047244 -0.637795 -0.771654
vn 0.196850 -0.637795 0.748031
vn 0.251969 -0.157480 0.952756
vn 0.047244 -0.629921 0.771654
vn 0.196850 -0.637795 0.748031
vn 0.047244 -0.629921 0.771654
vn 0.000000 -1.000000 0.000000
vn 0.251969 -0.157480 0.952756
vn 0.062992 -0.149606 0.984252
vn 0.047244 -0.629921 0.771654
vn 0.062992 -0.149606 0.984252
vn -0.062992 -0.149606 0.984252
vn 0.047244 -0.629921 0.771654
vn -0.062992 -0.149606 0.984252
vn -0.047244 -0.629921 0.771654
vn 0.047244 -0.629921 0.771654
vn 0.047244 -0.629921 0.771654
vn -0.047244 -0.629921 0.771654
vn 0.000000 -1.000000 0.000000
vn -0.047244 -0.629921 0.771654
vn 0.000000 -1.000000 0.000000
vn 0.000000 -1.000000 0.000000
vn -0.047244 -0.629921 0.771654
vn -0.062992 -0.149606 0.984252
vn -0.251969 -0.157480 0.952756
vn 0.000000 -1.000000 0.000000
vn 0.000000 -1.000000 0.000000
vn -0.047244 -0.637795 -0.771654
vn 0.000000 -1.000000 0.000000
vn 0.047244 -0.637795 -0.771654
vn -0.047244 -0.637795 -0.771654
vn 0.000000 -1.000000 0.000000
vn -0.047244 -0.629921 0.771654
vn -0.196850 -0.637795 0.748031
vn -0.196850 -0.637795 0.748031
vn -0.047244 -0.629921 0.771654
vn -0.251969 -0.157480 0.952756
vn -0.047244 -0.637795 -0.771654
vn 0.047244 -0.637795 -0.771654
vn -0.062992 -0.157480 -0.984252
vn 0.047244 -0.637795 -0.771654
vn 0.062992 -0.157480 -0.984252
vn -0.062992 -0.157480 -0.984252
vn 0.047244 -0.637795 -0.771654
vn 0.000000 -1.000000 0.000000
vn 0.000000 -1.000000 0.000000
vn 0.000000 -1.000000 0.000000
vn 0.000000 -1.000000 0.000000
vn -0.196850 -0.637795 0.748031
vn 0.062992 -0.157480 -0.984252
vn 0.047244 -0.637795 -0.771654
vn 0.196850 -0.637795 -0.740157
vn 0.196850 -0.637795 -0.740157
vn 0.047244 -0.637795 -0.771654
vn 0.000000 -1.000000 0.000000
vn 0.251969 -0.157480 -0.952756
vn 0.062992 -0.157480 -0.984252
vn 0.196850 -0.637795 -0.740157
vn -0.251969 -0.157480 0.952756
vn -0.496063 -0.157480 0.858268
vn -0.196850 -0.637795 0.748031
vn -0.196850 -0.637795 0.748031
vn -0.385827 -0.637795 0.669291
vn 0.000000 -1.000000 0.000000
vn -0.496063 -0.157480 0.858268
vn -0.385827 -0.637795 0.669291
vn -0.196850 -0.637795 0.748031
vn 0.196850 -0.637795 -0.740157
vn 0.385827 -0.637795 -0.669291
vn 0.251969 -0.157480 -0.952756
vn 0.000000 -1.000000 0.000000
vn 0.000000 -1.000000 0.000000
vn 0.196850 -0.637795 -0.740157
vn 0.000000 -1.000000 0.000000
vn 0.385827 -0.637795 -0.669291
vn 0.196850 -0.637795 -0.740157
vn -0.385827 -0.637795 0.669291
vn 0.000000 -1.000000 0.000000
vn 0.000000 -1.000000 0.000000
vn 0.385827 -0.637795 -0.669291
vn 0.496063 -0.157480 -0.858268
vn 0.251969 -0.157480 -0.952756
vn 0.385827 -0.637795 -0.669291
vn 0.543307 -0.637795 -0.543307
vn 0.496063 -0.157480 -0.858268
vn 0.000000 -1.000000 0.000000
vn 0.000000 -1.000000 0.000000
vn 0.385827 -0.637795 -0.669291
vn 0.000000 -1.000000 0.000000
vn 0.543307 -0.637795 -0.543307
vn 0.385827 -0.637795 -0.669291
vn 0.543307 -0.637795 -0.543307
vn 0.700787 -0.157480 -0.700787
vn 0.496063 -0.157480 -0.858268
vn -0.496063 -0.157480 0.858268
vn -0.700787 -0.157480 0.700787
vn -0.385827 -0.637795 0.669291
vn -0.385827 -0.637795 0.669291
vn -0.543307 -0.637795 0.543307
vn 0.000000 -1.000000 0.000000
vn -0.543307 -0.637795 0.543307
vn 0.000000 -1.000000 0.000000
vn 0.000000 -1.000000 0.000000
vn -0.700787 -0.157480 0.700787
vn -0.543307 -0.637795 0.543307
vn -0.385827 -0.637795 0.669291
vn 0.543307 -0.637795 -0.543307
vn 0.669291 -0.637795 -0.385827
vn 0.700787 -0.157480 -0.700787
vn 0.669291 -0.637795 -0.385827
vn 0.858268 -0.157480 -0.496063
vn 0.700787 -0.157480 -0.700787
vn 0.000000 -1.000000 0.000000
vn 0.000000 -1.000000 0.000000
vn 0.543307 -0.637795 -0.543307
vn 0.000000 -1.000000 0.000000
vn 0.669291 -0.637795 -0.385827
vn 0.543307 -0.637795 -0.543307
vn -0.543307 -0.637795 0.543307
vn -0.669291 -0.637795 0.385827
vn 0.000000 -1.000000 0.000000
vn -0.669291 -0.637795 0.385827
vn 0.000000 -1.000000 0.000000
vn 0.000000 -1.000000 0.000000
vn 0.669291 -0.637795 -0.385827
vn 0.740157 -0.637795 -0.196850
vn 0.858268 -0.157480 -0.496063
vn 0.000000 -1.000000 0.000000
vn 0.000000 -1.000000 0.000000
vn 0.669291 -0.637795 -0.385827
vn 0.000000 -1.000000 0.000000
vn 0.740157 -0.637795 -0.196850
vn 0.669291 -0.637795 -0.385827
vn -0.700787 -0.157480 0.700787
vn -0.858268 -0.157480 0.496063
vn -0.543307 -0.637795 0.543307
vn -0.858268 -0.157480 0.496063
vn -0.669291 -0.637795 0.385827
vn -0.543307 -0.637795 0.543307
vn 0.740157 -0.637795 -0.196850
vn 0.952756 -0.157480 -0.251969
vn 0.858268 -0.157480 -0.496063
vn -0.669291 -0.637795 0.385827
vn -0.748031 -0.637795 0.196850
vn 0.000000 -1.000000 0.000000
vn -0.748031 -0.637795 0.196850
vn 0.000000 -1.000000 0.000000
vn 0.000000 -1.000000 0.000000
vn 0.952756 -0.157480 -0.251969
vn 0.740157 -0.637795 -0.196850
vn 0.976378 -0.157480 -0.125984
vn -0.858268 -0.157480 0.496063
vn -0.952756 -0.157480 0.251969
vn -0.669291 -0.637795 0.385827
vn -0.952756 -0.157480 0.251969
vn -0.748031 -0.637795 0.196850
vn -0.669291 -0.637795 0.385827
vn 0.740157 -0.637795 -0.196850
vn 0.000000 -1.000000 0.000000
vn 0.763780 -0.637795 -0.102362
vn 0.740157 -0.637795 -0.196850
vn 0.763780 -0.637795 -0.102362
vn 0.976378 -0.157480 -0.125984
vn 0.000000 -1.000000 0.000000
vn -0.748031 -0.637795 0.196850
vn 0.000000 -1.000000 0.000000
vn 0.000000 -1.000000 0.000000
vn 0.000000 -1.000000 0.000000
vn 0.763780 -0.637795 -0.102362
vn -0.748031 -0.637795 0.196850
vn -0.952756 -0.157480 0.251969
vn -0.771654 -0.629921 0.102362
vn -0.748031 -0.637795 0.196850
vn -0.771654 -0.629921 0.102362
vn 0.000000 -1.000000 0.000000
vn -0.952756 -0.157480 0.251969
vn -0.976378 -0.149606 0.125984
vn -0.771654 -0.629921 0.102362
vn 0.000000 -0.370079 0.929134
vn 0.000000 -0.992126 0.149606
vn -0.212598 -0.393701 0.897638
vn 0.000000 -0.992126 0.149606
vn 0.000000 -0.992126 0.149606
vn -0.212598 -0.393701 0.897638
vn -0.212598 -0.393701 0.897638
vn 0.000000 -0.992126 0.149606
vn -0.267717 -0.937008 0.212598
vn -0.818898 -0.370079 0.448819
vn -0.212598 -0.393701 0.897638
vn -0.267717 -0.937008 0.212598
vn 0.000000 -1.000000 0.000000
vn 0.000000 -0.992126 0.149606
vn 0.000000 -0.992126 0.149606
vn -0.818898 -0.370079 0.448819
vn -0.267717 -0.937008 0.212598
vn -0.811024 -0.370079 -0.448819
vn -0.267717 -0.937008 0.212598
vn -0.259843 -0.944882 -0.212598
vn -0.811024 -0.370079 -0.448819
vn -0.811024 -0.370079 -0.448819
vn -0.259843 -0.944882 -0.212598
vn -0.204724 -0.393701 -0.897638
vn 0.000000 -1.000000 0.000000
vn 0.000000 -1.000000 0.000000
vn 0.000000 -0.992126 0.149606
vn 0.000000 -1.000000 0.000000
vn -0.267717 -0.937008 0.212598
vn 0.000000 -0.992126 0.149606
vn 0.000000 -1.000000 0.000000
vn 0.000000 -1.000000 0.000000
vn 0.000000 -0.992126 0.149606
vn 0.000000 -1.000000 0.000000
vn 0.000000 -1.000000 0.000000
vn 0.000000 -0.992126 0.149606
vn 0.000000 -1.000000 0.000000
vn 0.000000 -1.000000 0.000000
vn 0.000000 -0.992126 0.149606
vn 0.000000 -0.992126 0.149606
vn 0.000000 -1.000000 0.000000
vn 0.000000 -1.000000 0.000000
vn 0.000000 -0.992126 0.149606
vn 0.000000 -1.000000 0.000000
vn 0.000000 -1.000000 0.000000
vn 0.000000 -1.000000 0.000000
vn 0.000000 -0.992126 0.149606
vn 0.000000 -1.000000 0.000000
vn 0.000000 -1.000000 0.000000
vn 0.000000 -1.000000 0.000000
vn 0.000000 -0.992126 0.149606
vn 0.000000 -0.992126 0.149606
vn 0.000000 -1.000000 0.000000
vn 0.000000 -1.000000 0.000000
vn 0.000000 -0.992126 0.149606
vn 0.000000 -1.000000 0.000000
vn 0.000000 -1.000000 0.000000
vn 0.000000 -0.992126 0.149606
vn 0.000000 -1.000000 0.000000
vn 0.000000 -1.000000 0.000000
vn 0.000000 -1.000000 0.000000
vn 0.000000 -1.000000 0.000000
vn 0.000000 -0.992126 0.149606
vn 0.000000 -1.000000 0.000000
vn 0.000000 -1.000000 0.000000
vn 0.000000 -0.992126 0.149606
vn 0.000000 -1.000000 0.000000
vn 0.000000 -0.992126 0.149606
vn 0.000000 -1.000000 0.000000
vn 0.000000 -1.000000 0.000000
vn 0.000000 -0.992126 0.149606
vn 0.000000 -1.000000 0.000000
vn -0.259843 -0.944882 -0.212598
vn 0.000000 -1.000000 -0.086614
vn -0.204724 -0.393701 -0.897638
vn 0.000000 -1.000000 0.000000
vn -0.259843 -0.944882 -0.212598
vn -0.267717 -0.937008 0.212598
vn 0.000000 -1.000000 0.000000
vn 0.000000 -1.000000 0.000000
vn -0.267717 -0.937008 0.212598
vn -0.259843 -0.944882 -0.212598
vn 0.000000 -1.000000 0.000000
vn 0.000000 -1.000000 -0.086614
vn 0.000000 -0.992126 0.149606
vn 0.267717 -0.937008 0.212598
vn 0.000000 -1.000000 0.000000
vn 0.039370 -0.685039 0.724409
vn 0.267717 -0.937008 0.212598
vn 0.000000 -0.992126 0.149606
vn 0.000000 -1.000000 0.000000
vn 0.000000 -1.000000 0.000000
vn 0.000000 -1.000000 0.000000
vn 0.000000 -1.000000 0.000000
vn 0.000000 -1.000000 0.000000
vn 0.000000 -1.000000 0.000000
vn 0.000000 -1.000000 0.000000
vn 0.000000 -1.000000 0.000000
vn 0.000000 -1.000000 0.000000
vn 0.000000 -1.000000 0.000000
vn 0.000000 -1.000000 0.000000
vn 0.000000 -1.000000 0.000000
vn 0.000000 -1.000000 -0.086614
vn 0.000000 -0.992126 -0.149606
vn -0.204724 -0.393701 -0.897638
vn 0.000000 -1.000000 0.000000
vn 0.000000 -0.992126 -0.149606
vn 0.000000 -1.000000 0.000000
vn 0.000000 -1.000000 0.000000
vn 0.000000 -1.000000 0.000000
vn 0.000000 -1.000000 0.000000
vn 0.000000 -0.992126 -0.149606
vn 0.000000 -1.000000 0.000000
vn 0.000000 -1.000000 0.000000
vn 0.000000 -0.992126 -0.149606
vn 0.000000 -1.000000 0.000000
vn 0.000000 -1.000000 0.000000
vn 0.000000 -1.000000 0.000000
vn 0.267717 -0.937008 0.212598
vn 0.000000 -1.000000 0.000000
vn 0.000000 -0.992126 -0.149606
vn 0.000000 -0.370079 -0.929134
vn -0.204724 -0.393701 -0.897638
vn 0.259843 -0.944882 -0.212598
vn 0.000000 -0.992126 -0.149606
vn 0.000000 -1.000000 0.000000
vn 0.267717 -0.937008 0.212598
vn 0.259843 -0.944882 -0.212598
vn 0.000000 -1.000000 0.000000
vn 0.259843 -0.944882 -0.212598
vn 0.000000 -0.370079 -0.929134
vn 0.000000 -0.992126 -0.149606
vn 0.000000 -0.992126 -0.149606
vn 0.000000 -1.000000 0.000000
vn 0.000000 -1.000000 0.000000
vn 0.866142 -0.496063 0.000000
vn 0.259843 -0.944882 -0.212598
vn 0.267717 -0.937008 0.212598
vn 0.039370 -0.685039 0.724409
vn 0.267717 -0.937008 0.212598
vn 0.039370 -0.685039 0.724409
vn 0.866142 -0.496063 0.000000
vn 0.866142 -0.496063 0.000000
vn 0.267717 -0.937008 0.212598
vn 0.000000 -1.000000 0.000000
vn 0.000000 -1.000000 0.000000
vn 0.000000 -0.992126 -0.149606
vn 0.000000 -1.000000 0.000000
vn 0.000000 -1.000000 0.000000
vn 0.000000 -0.992126 -0.149606
vn 0.000000 -1.000000 0.000000
vn 0.000000 -1.000000 0.000000
vn 0.000000 -0.992126 -0.149606
vn 0.000000 -1.000000 0.000000
vn 0.000000 -0.992126 -0.149606
vn 0.000000 -1.000000 0.000000
vn 0.000000 -0.992126 -0.149606
vn 0.000000 -1.000000 -0.086614
vn 0.000000 -1.000000 0.000000
vn 0.000000 -1.000000 0.000000
vn 0.000000 -1.000000 0.000000
vn 0.000000 -1.000000 0.000000
vn 0.000000 -1.000000 0.000000
vn 0.000000 -1.000000 0.000000
vn 0.000000 -1.000000 0.000000
vn 0.000000 -1.000000 0.000000
vn 0.000000 -1.000000 0.000000
vn 0.000000 -1.000000 -0.086614
vn 0.000000 -1.000000 0.000000
vn 0.000000 -1.000000 0.000000
vn 0.000000 -1.000000 -0.086614
vn 0.000000 -1.000000 -0.086614
vn 0.000000 -1.000000 0.000000
vn 0.000000 -1.000000 0.000000
vn 0.000000 -1.000000 -0.086614
vn 0.000000 -1.000000 0.000000
vn 0.000000 -1.000000 0.000000
vn 0.000000 -1.000000 0.000000
vn 0.000000 -1.000000 0.000000
vn 0.000000 -1.000000 -0.086614
vn 0.000000 -1.000000 0.000000
vn 0.000000 -1.000000 0.000000
vn 0.000000 -1.000000 -0.086614
vn 0.000000 -1.000000 0.000000
vn 0.000000 -1.000000 -0.086614
vn 0.000000 -1.000000 0.000000
vn 0.000000 -1.000000 0.000000
vn 0.000000 -1.000000 0.000000
vn 0.000000 -1.000000 0.000000
vn 0.000000 -0.692913 -0.724409
vn 0.000000 -0.370079 -0.929134
vn 0.259843 -0.944882 -0.212598
vn -0.204724 -0.393701 -0.897638
vn -0.275591 0.307087 -0.913386
vn -0.921260 0.000000 -0.385827
vn -0.811024 -0.370079 -0.448819
vn -0.204724 -0.393701 -0.897638
vn -0.921260 0.000000 -0.385827
vn -0.921260 0.000000 -0.385827
vn -0.921260 0.000000 0.385827
vn -0.811024 -0.370079 -0.448819
vn -0.921260 0.000000 0.385827
vn -0.818898 -0.370079 0.448819
vn -0.811024 -0.370079 -0.448819
vn -0.818898 -0.370079 0.448819
vn -0.921260 0.000000 0.385827
vn -0.275591 0.307087 0.913386
vn -0.212598 -0.393701 0.897638
vn -0.818898 -0.370079 0.448819
vn -0.275591 0.307087 0.913386
vn -0.653543 -0.393701 -0.653543
vn -0.653543 -0.393701 -0.653543
vn -0.173228 -0.425197 -0.889764
vn -0.173228 -0.425197 -0.889764
vn -0.653543 -0.393701 -0.653543
vn -0.173228 -0.425197 -0.889764
vn -0.173228 -0.425197 -0.889764
vn 0.173228 -0.425197 -0.889764
vn -0.173228 -0.425197 -0.889764
vn 0.173228 -0.425197 -0.889764
vn 0.173228 -0.425197 -0.889764
vn -0.173228 -0.425197 -0.889764
vn 0.173228 -0.425197 -0.889764
vn 0.173228 -0.425197 -0.889764
vn 0.653543 -0.393701 -0.653543
vn 0.173228 -0.425197 -0.889764
vn 0.653543 -0.393701 -0.653543
vn 0.653543 -0.393701 -0.653543
vn 0.653543 -0.393701 -0.653543
vn 0.653543 -0.393701 -0.653543
vn 0.952756 -0.244094 -0.188976
vn 0.653543 -0.393701 -0.653543
vn 0.952756 -0.244094 -0.188976
vn 0.952756 -0.244094 -0.188976
vn 0.952756 -0.244094 -0.188976
vn 0.952756 -0.244094 0.188976
vn 0.952756 -0.244094 -0.188976
vn 0.952756 -0.244094 0.188976
vn 0.952756 -0.244094 0.188976
vn 0.952756 -0.244094 -0.188976
vn 0.952756 -0.244094 0.188976
vn 0.952756 -0.244094 0.188976
vn 0.653543 -0.393701 0.653543
vn 0.653543 -0.393701 0.653543
vn 0.952756 -0.244094 0.188976
vn 0.653543 -0.393701 0.653543
vn 0.653543 -0.393701 0.653543
vn 0.653543 -0.393701 0.653543
vn 0.173228 -0.425197 0.889764
vn 0.173228 -0.425197 0.889764
vn 0.653543 -0.393701 0.653543
vn 0.173228 -0.425197 0.889764
vn 0.173228 -0.425197 0.889764
vn -0.173228 -0.425197 0.889764
vn 0.173228 -0.425197 0.889764
vn -0.173228 -0.425197 0.889764
vn -0.173228 -0.425197 0.889764
vn 0.173228 -0.425197 0.889764
vn -0.173228 -0.425197 0.889764
vn -0.173228 -0.425197 0.889764
vn 0.858268 0.133858 -0.496063
vn -0.173228 -0.425197 0.889764
vn 0.858268 0.133858 -0.496063
vn 0.858268 0.133858 -0.496063
vn -0.653543 -0.393701 -0.653543
vn -0.952756 -0.244094 -0.188976
vn -0.653543 -0.393701 -0.653543
vn -0.952756 -0.244094 -0.188976
vn -0.952756 -0.244094 -0.188976
vn -0.653543 -0.393701 -0.653543
vn -0.952756 -0.244094 -0.188976
vn -0.952756 -0.244094 -0.188976
vn -0.952756 -0.244094 0.188976
vn -0.952756 -0.244094 0.188976
vn -0.952756 -0.244094 -0.188976
vn -0.952756 -0.244094 0.188976
vn 0.858268 0.133858 -0.496063
vn -0.952756 -0.244094 0.188976
vn -0.952756 -0.244094 0.188976
vn 0.858268 0.133858 -0.496063
vn 0.858268 0.133858 -0.496063
vn -0.952756 -0.244094 0.188976
vn 0.496063 0.133858 -0.858268
vn 0.496063 0.133858 -0.858268
vn 0.496063 0.133858 -0.858268
vn 0.496063 0.133858 -0.858268
vn 0.496063 0.133858 -0.858268
vn 0.496063 0.133858 -0.858268
vn 0.000000 0.133858 -0.992126
vn 0.000000 0.133858 -0.992126
vn 0.000000 0.133858 -0.992126
vn 0.000000 0.133858 -0.992126
vn 0.000000 0.133858 -0.992126
vn 0.000000 0.133858 -0.992126
vn -0.496063 0.133858 -0.858268
vn -0.496063 0.133858 -0.858268
vn -0.496063 0.133858 -0.858268
vn -0.496063 0.133858 -0.858268
vn -0.496063 0.133858 -0.858268
vn -0.496063 0.133858 -0.858268
vn -0.858268 0.133858 -0.496063
vn -0.858268 0.133858 -0.496063
vn -0.858268 0.133858 -0.496063
vn -0.858268 0.133858 -0.496063
vn -0.858268 0.133858 -0.496063
vn -0.858268 0.133858 -0.496063
vn -0.992126 0.133858 0.000000
vn -0.992126 0.133858 0.000000
vn -0.992126 0.133858 0.000000
vn -0.992126 0.133858 0.000000
vn -0.992126 0.133858 0.000000
vn -0.992126 0.133858 0.000000
vn -0.858268 0.133858 0.496063
vn -0.858268 0.133858 0.496063
vn -0.858268 0.133858 0.496063
vn -0.858268 0.133858 0.496063
vn -0.858268 0.133858 0.496063
vn -0.858268 0.133858 0.496063
vn -0.496063 0.133858 0.858268
vn -0.496063 0.133858 0.858268
vn -0.496063 0.133858 0.858268
vn -0.496063 0.133858 0.858268
vn -0.496063 0.133858 0.858268
vn -0.496063 0.133858 0.858268
vn 0.000000 0.133858 0.992126
vn 0.000000 0.133858 0.992126
vn 0.000000 0.133858 0.992126
vn 0.000000 0.133858 0.992126
vn 0.000000 0.133858 0.992126
vn 0.000000 0.133858 0.992126
vn 0.496063 0.133858 0.858268
vn 0.496063 0.133858 0.858268
vn 0.496063 0.133858 0.858268
vn 0.496063 0.133858 0.858268
vn 0.496063 0.133858 0.858268
vn 0.496063 0.133858 0.858268
vn 0.858268 0.133858 0.496063
vn 0.858268 0.133858 0.496063
vn 0.858268 0.133858 0.496063
vn 0.858268 0.133858 0.496063
vn 0.858268 0.133858 0.496063
vn 0.858268 0.133858 0.496063
vn 0.992126 0.133858 0.000000
vn 0.992126 0.133858 0.000000
vn 0.992126 0.133858 0.000000
vn 0.992126 0.133858 0.000000
vn 0.992126 0.133858 0.000000
vn 0.992126 0.133858 0.000000
vn 0.858268 0.133858 -0.496063
vn 0.000000 1.000000 0.000000
vn 0.858268 0.133858 -0.496063
vn 0.000000 1.000000 0.000000
vn 0.000000 1.000000 0.000000
vn 0.858268 0.133858 -0.496063
vn 0.000000 1.000000 0.000000
vn 0.000000 1.000000 0.000000
vn 0.000000 1.000000 0.000000
vn 0.000000 1.000000 0.000000
vn 0.000000 1.000000 0.000000
vn 0.000000 1.000000 0.000000
vn 0.000000 1.000000 0.000000
vn 0.000000 1.000000 0.000000
vn 0.000000 1.000000 0.000000
vn 0.000000 1.000000 0.000000
vn 0.000000 1.000000 0.000000
vn 0.000000 1.000000 0.000000
vn 0.000000 1.000000 0.000000
vn 0.000000 1.000000 0.000000
vn 0.000000 1.000000 0.000000
vn 0.000000 1.000000 0.000000
vn 0.000000 1.000000 0.000000
vn 0.000000 1.000000 0.000000
vn 0.000000 1.000000 0.000000
vn 0.000000 1.000000 0.000000
vn 0.000000 1.000000 0.000000
vn 0.000000 1.000000 0.000000
vn 0.000000 1.000000 0.000000
vn 0.000000 1.000000 0.000000
vn 0.000000 1.000000 0.000000
vn 0.858268 0.133858 -0.496063
vn 0.000000 1.000000 0.000000
vn 0.000000 1.000000 0.000000
vn 0.000000 1.000000 0.000000
vn 0.000000 1.000000 0.000000
vn 0.000000 1.000000 0.000000
vn 0.000000 1.000000 0.000000
vn 0.000000 1.000000 0.000000
vn 0.858268 0.133858 -0.496063
vn 0.858268 0.133858 -0.496063
vn 0.000000 1.000000 0.000000
vn 0.496063 0.133858 -0.858268
vn 0.496063 0.133858 -0.858268
vn 0.496063 0.133858 -0.858268
vn 0.496063 0.133858 -0.858268
vn 0.496063 0.133858 -0.858268
vn 0.496063 0.133858 -0.858268
vn 0.000000 0.133858 -0.992126
vn 0.000000 0.133858 -0.992126
vn 0.000000 0.133858 -0.992126
vn 0.000000 0.133858 -0.992126
vn 0.000000 0.133858 -0.992126
vn 0.000000 0.133858 -0.992126
vn -0.496063 0.133858 -0.858268
vn -0.496063 0.133858 -0.858268
vn -0.496063 0.133858 -0.858268
vn -0.496063 0.133858 -0.858268
vn -0.496063 0.133858 -0.858268
vn -0.496063 0.133858 -0.858268
vn -0.858268 0.133858 -0.496063
vn -0.858268 0.133858 -0.496063
vn -0.858268 0.133858 -0.496063
vn -0.858268 0.133858 -0.496063
vn -0.858268 0.133858 -0.496063
vn -0.858268 0.133858 -0.496063
vn -0.992126 0.133858 0.000000
vn -0.992126 0.133858 0.000000
vn -0.992126 0.133858 0.000000
vn -0.992126 0.133858 0.000000
vn -0.992126 0.133858 0.000000
vn -0.992126 0.133858 0.000000
vn -0.858268 0.133858 0.496063
vn -0.858268 0.133858 0.496063
vn -0.858268 0.133858 0.496063
vn -0.858268 0.133858 0.496063
vn -0.858268 0.133858 0.496063
vn -0.858268 0.133858 0.496063
vn -0.496063 0.133858 0.858268
vn -0.496063 0.133858 0.858268
vn -0.496063 0.133858 0.858268
vn -0.496063 0.133858 0.858268
vn -0.496063 0.133858 0.858268
vn -0.496063 0.133858 0.858268
vn 0.000000 0.133858 0.992126
vn 0.000000 0.133858 0.992126
vn 0.000000 0.133858 0.992126
vn 0.000000 0.133858 0.992126
vn 0.000000 0.133858 0.992126
vn 0.000000 0.133858 0.992126
vn 0.496063 0.133858 0.858268
vn 0.496063 0.133858 0.858268
vn 0.496063 0.133858 0.858268
vn 0.496063 0.133858 0.858268
vn 0.496063 0.133858 0.858268
vn 0.496063 0.133858 0.858268
vn 0.858268 0.133858 0.496063
vn 0.858268 0.133858 0.496063
vn 0.858268 0.133858 0.496063
vn 0.858268 0.133858 0.496063
vn 0.858268 0.133858 0.496063
vn 0.858268 0.133858 0.496063
vn 0.992126 0.133858 0.000000
vn 0.992126 0.133858 0.000000
vn 0.992126 0.133858 0.000000
vn 0.992126 0.133858 0.000000
vn 0.992126 0.133858 0.000000
vn 0.992126 0.133858 0.000000
vn 0.858268 0.133858 -0.496063
vn 0.000000 1.000000 0.000000
vn 0.858268 0.133858 -0.496063
vn 0.000000 1.000000 0.000000
vn 0.000000 1.000000 0.000000
vn 0.858268 0.133858 -0.496063
vn 0.000000 1.000000 0.000000
vn 0.000000 1.000000 0.000000
vn 0.000000 1.000000 0.000000
vn 0.000000 1.000000 0.000000
vn 0.000000 1.000000 0.000000
vn 0.000000 1.000000 0.000000
vn 0.000000 1.000000 0.000000
vn 0.000000 1.000000 0.000000
vn 0.000000 1.000000 0.000000
vn 0.000000 1.000000 0.000000
vn 0.000000 1.000000 0.000000
vn 0.000000 1.000000 0.000000
vn 0.000000 1.000000 0.000000
vn 0.000000 1.000000 0.000000
vn 0.000000 1.000000 0.000000
vn 0.000000 1.000000 0.000000
vn 0.000000 1.000000 0.000000
vn 0.000000 1.000000 0.000000
vn 0.000000 1.000000 0.000000
vn 0.000000 1.000000 0.000000
vn 0.000000 1.000000 0.000000
vn 0.000000 1.000000 0.000000
vn 0.000000 1.000000 0.000000
vn 0.000000 1.000000 0.000000
vn 0.000000 1.000000 0.000000
vn 0.858268 0.133858 -0.496063
vn 0.000000 1.000000 0.000000
vn 0.000000 1.000000 0.000000
vn 0.000000 1.000000 0.000000
vn 0.000000 1.000000 0.000000
vn 0.000000 1.000000 0.000000
vn 0.000000 1.000000 0.000000
vn 0.000000 1.000000 0.000000
vn 0.858268 0.133858 -0.496063
vn 0.858268 0.133858 -0.496063
vn 0.000000 1.000000 0.000000
vn 0.496063 0.133858 -0.858268
vn 0.496063 0.133858 -0.858268
vn 0.496063 0.133858 -0.858268
vn 0.496063 0.133858 -0.858268
vn 0.496063 0.133858 -0.858268
vn 0.496063 0.133858 -0.858268
vn 0.000000 0.133858 -0.992126
vn 0.000000 0.133858 -0.992126
vn 0.000000 0.133858 -0.992126
vn 0.000000 0.133858 -0.992126
vn 0.000000 0.133858 -0.992126
vn 0.000000 0.133858 -0.992126
vn -0.496063 0.133858 -0.858268
vn -0.496063 0.133858 -0.858268
vn -0.496063 0.133858 -0.858268
vn -0.496063 0.133858 -0.858268
vn -0.496063 0.133858 -0.858268
vn -0.496063 0.133858 -0.858268
vn -0.858268 0.133858 -0.496063
vn -0.858268 0.133858 -0.496063
vn -0.858268 0.133858 -0.496063
vn -0.858268 0.133858 -0.496063
vn -0.858268 0.133858 -0.496063
vn -0.858268 0.133858 -0.496063
vn -0.992126 0.133858 0.000000
vn -0.992126 0.133858 0.000000
vn -0.992126 0.133858 0.000000
vn -0.992126 0.133858 0.000000
vn -0.992126 0.133858 0.000000
vn -0.992126 0.133858 0.000000
vn -0.858268 0.133858 0.496063
vn -0.858268 0.133858 0.496063
vn -0.858268 0.133858 0.496063
vn -0.858268 0.133858 0.496063
vn -0.858268 0.133858 0.496063
vn -0.858268 0.133858 0.496063
vn -0.496063 0.133858 0.858268
vn -0.496063 0.133858 0.858268
vn -0.496063 0.133858 0.858268
vn -0.496063 0.133858 0.858268
vn -0.496063 0.133858 0.858268
vn -0.496063 0.133858 0.858268
vn 0.000000 0.133858 0.992126
vn 0.000000 0.133858 0.992126
vn 0.000000 0.133858 0.992126
vn 0.000000 0.133858 0.992126
vn 0.000000 0.133858 0.992126
vn 0.000000 0.133858 0.992126
vn 0.496063 0.133858 0.858268
vn 0.496063 0.133858 0.858268
vn 0.496063 0.133858 0.858268
vn 0.496063 0.133858 0.858268
vn 0.496063 0.133858 0.858268
vn 0.496063 0.133858 0.858268
vn 0.858268 0.133858 0.496063
vn 0.858268 0.133858 0.496063
vn 0.858268 0.133858 0.496063
vn 0.858268 0.133858 0.496063
vn 0.858268 0.133858 0.496063
vn 0.858268 0.133858 0.496063
vn 0.992126 0.133858 0.000000
vn 0.992126 0.133858 0.000000
vn 0.992126 0.133858 0.000000
vn 0.992126 0.133858 0.000000
vn 0.992126 0.133858 0.000000
vn 0.992126 0.133858 0.000000
vn 0.858268 0.133858 -0.496063
vn 0.000000 1.000000 0.000000
vn 0.858268 0.133858 -0.496063
vn 0.000000 1.000000 0.000000
vn 0.000000 1.000000 0.000000
vn 0.858268 0.133858 -0.496063
vn 0.000000 1.000000 0.000000
vn 0.000000 1.000000 0.000000
vn 0.000000 1.000000 0.000000
vn 0.000000 1.000000 0.000000
vn 0.000000 1.000000 0.000000
vn 0.000000 1.000000 0.000000
vn 0.000000 1.000000 0.000000
vn 0.000000 1.000000 0.000000
vn 0.000000 1.000000 0.000000
vn 0.000000 1.000000 0.000000
vn 0.000000 1.000000 0.000000
vn 0.000000 1.000000 0.000000
vn 0.000000 1.000000 0.000000
vn 0.000000 1.000000 0.000000
vn 0.000000 1.000000 0.000000
vn 0.000000 1.000000 0.000000
vn 0.000000 1.000000 0.000000
vn 0.000000 1.000000 0.000000
vn 0.000000 1.000000 0.000000
vn 0.000000 1.000000 0.000000
vn 0.000000 1.000000 0.000000
vn 0.000000 1.000000 0.000000
vn 0.000000 1.000000 0.000000
vn 0.000000 1.000000 0.000000
vn 0.000000 1.000000 0.000000
vn 0.858268 0.133858 -0.496063
vn 0.000000 1.000000 0.000000
vn 0.000000 1.000000 0.000000
vn 0.000000 1.000000 0.000000
vn 0.000000 1.000000 0.000000
vn 0.000000 1.000000 0.000000
vn 0.000000 1.000000 0.000000
vn 0.000000 1.000000 0.000000
vn 0.858268 0.133858 -0.496063
vn 0.858268 0.133858 -0.496063
vn 0.000000 1.000000 0.000000
vn 0.496063 0.133858 -0.858268
vn 0.496063 0.133858 -0.858268
vn 0.496063 0.133858 -0.858268
vn 0.496063 0.133858 -0.858268
vn 0.496063 0.133858 -0.858268
vn 0.496063 0.133858 -0.858268
vn 0.000000 0.133858 -0.992126
vn 0.000000 0.133858 -0.992126
vn 0.000000 0.133858 -0.992126
vn 0.000000 0.133858 -0.992126
vn 0.000000 0.133858 -0.992126
vn 0.000000 0.133858 -0.992126
vn -0.496063 0.133858 -0.858268
vn -0.496063 0.133858 -0.858268
vn -0.496063 0.133858 -0.858268
vn -0.496063 0.133858 -0.858268
vn -0.496063 0.133858 -0.858268
vn -0.496063 0.133858 -0.858268
vn -0.858268 0.133858 -0.496063
vn -0.858268 0.133858 -0.496063
vn -0.858268 0.133858 -0.496063
vn -0.858268 0.133858 -0.496063
vn -0.858268 0.133858 -0.496063
vn -0.858268 0.133858 -0.496063
vn -0.992126 0.133858 0.000000
vn -0.992126 0.133858 0.000000
vn -0.992126 0.133858 0.000000
vn -0.992126 0.133858 0.000000
vn -0.992126 0.133858 0.000000
vn -0.992126 0.133858 0.000000
vn -0.858268 0.133858 0.496063
vn -0.858268 0.133858 0.496063
vn -0.858268 0.133858 0.496063
vn -0.858268 0.133858 0.496063
vn -0.858268 0.133858 0.496063
vn -0.858268 0.133858 0.496063
vn -0.496063 0.133858 0.858268
vn -0.496063 0.133858 0.858268
vn -0.496063 0.133858 0.858268
vn -0.496063 0.133858 0.858268
vn -0.496063 0.133858 0.858268
vn -0.496063 0.133858 0.858268
vn 0.000000 0.133858 0.992126
vn 0.000000 0.133858 0.992126
vn 0.000000 0.133858 0.992126
vn 0.000000 0.133858 0.992126
vn 0.000000 0.133858 0.992126
vn 0.000000 0.133858 0.992126
vn 0.496063 0.133858 0.858268
vn 0.496063 0.133858 0.858268
vn 0.496063 0.133858 0.858268
vn 0.496063 0.133858 0.858268
vn 0.496063 0.133858 0.858268
vn 0.496063 0.133858 0.858268
vn 0.858268 0.133858 0.496063
vn 0.858268 0.133858 0.496063
vn 0.858268 0.133858 0.496063
vn 0.858268 0.133858 0.496063
vn 0.858268 0.133858 0.496063
vn 0.858268 0.133858 0.496063
vn 0.992126 0.133858 0.000000
vn 0.992126 0.133858 0.000000
vn 0.992126 0.133858 0.000000
vn 0.992126 0.133858 0.000000
vn 0.992126 0.133858 0.000000
vn 0.992126 0.133858 0.000000
vn 0.858268 0.133858 -0.496063
vn 0.000000 1.000000 0.000000
vn 0.858268 0.133858 -0.496063
vn 0.000000 1.000000 0.000000
vn 0.000000 1.000000 0.000000
vn 0.858268 0.133858 -0.496063
vn 0.000000 1.000000 0.000000
vn 0.000000 1.000000 0.000000
vn 0.000000 1.000000 0.000000
vn 0.000000 1.000000 0.000000
vn 0.000000 1.000000 0.000000
vn 0.000000 1.000000 0.000000
vn 0.000000 1.000000 0.000000
vn 0.000000 1.000000 0.000000
vn 0.000000 1.000000 0.000000
vn 0.000000 1.000000 0.000000
vn 0.000000 1.000000 0.000000
vn 0.000000 1.000000 0.000000
vn 0.000000 1.000000 0.000000
vn 0.000000 1.000000 0.000000
vn 0.000000 1.000000 0.000000
vn 0.000000 1.000000 0.000000
vn 0.000000 1.000000 0.000000
vn 0.000000 1.000000 0.000000
vn 0.000000 1.000000 0.000000
vn 0.000000 1.000000 0.000000
vn 0.000000 1.000000 0.000000
vn 0.000000 1.000000 0.000000
vn 0.000000 1.000000 0.000000
vn 0.000000 1.000000 0.000000
vn 0.000000 1.000000 0.000000
vn 0.858268 0.133858 -0.496063
vn 0.000000 1.000000 0.000000
vn 0.000000 1.000000 0.000000
vn 0.000000 1.000000 0.000000
vn 0.000000 1.000000 0.000000
vn 0.000000 1.000000 0.000000
vn 0.000000 1.000000 0.000000
vn 0.000000 1.000000 0.000000
vn 0.858268 0.133858 -0.496063
vn 0.858268 0.133858 -0.496063
vn 0.000000 1.000000 0.000000
vn 0.496063 0.133858 -0.858268
vn 0.496063 0.133858 -0.858268
vn 0.496063 0.133858 -0.858268
vn 0.496063 0.133858 -0.858268
vn 0.496063 0.133858 -0.858268
vn 0.496063 0.133858 -0.858268
vn 0.000000 0.133858 -0.992126
vn 0.000000 0.133858 -0.992126
vn 0.000000 0.133858 -0.992126
vn 0.000000 0.133858 -0.992126
vn 0.000000 0.133858 -0.992126
vn 0.000000 0.133858 -0.992126
vn -0.496063 0.133858 -0.858268
vn -0.496063 0.133858 -0.858268
vn -0.496063 0.133858 -0.858268
vn -0.496063 0.133858 -0.858268
vn -0.496063 0.133858 -0.858268
vn -0.496063 0.133858 -0.858268
vn -0.858268 0.133858 -0.496063
vn -0.858268 0.133858 -0.496063
vn -0.858268 0.133858 -0.496063
vn -0.858268 0.133858 -0.496063
vn -0.858268 0.133858 -0.496063
vn -0.858268 0.133858 -0.496063
vn -0.992126 0.133858 0.000000
vn -0.992126 0.133858 0.000000
vn -0.992126 0.133858 0.000000
vn -0.992126 0.133858 0.000000
vn -0.992126 0.133858 0.000000
vn -0.992126 0.133858 0.000000
vn -0.858268 0.133858 0.496063
vn -0.858268 0.133858 0.496063
vn -0.858268 0.133858 0.496063
vn -0.858268 0.133858 0.496063
vn -0.858268 0.133858 0.496063
vn -0.858268 0.133858 0.496063
vn -0.496063 0.133858 0.858268
vn -0.496063 0.133858 0.858268
vn -0.496063 0.133858 0.858268
vn -0.496063 0.133858 0.858268
vn -0.496063 0.133858 0.858268
vn -0.496063 0.133858 0.858268
vn 0.000000 0.133858 0.992126
vn 0.000000 0.133858 0.992126
vn 0.000000 0.133858 0.992126
vn 0.000000 0.133858 0.992126
vn 0.000000 0.133858 0.992126
vn 0.000000 0.133858 0.992126
vn 0.496063 0.133858 0.858268
vn 0.496063 0.133858 0.858268
vn 0.496063 0.133858 0.858268
vn 0.496063 0.133858 0.858268
vn 0.496063 0.133858 0.858268
vn 0.496063 0.133858 0.858268
vn 0.858268 0.133858 0.496063
vn 0.858268 0.133858 0.496063
vn 0.858268 0.133858 0.496063
vn 0.858268 0.133858 0.496063
vn 0.858268 0.133858 0.496063
vn 0.858268 0.133858 0.496063
vn 0.992126 0.133858 0.000000
vn 0.992126 0.133858 0.000000
vn 0.992126 0.133858 0.000000
vn 0.992126 0.133858 0.000000
vn 0.992126 0.133858 0.000000
vn 0.992126 0.133858 0.000000
vn 0.858268 0.133858 -0.496063
vn 0.000000 1.000000 0.000000
vn 0.858268 0.133858 -0.496063
vn 0.000000 1.000000 0.000000
vn 0.000000 1.000000 0.000000
vn 0.858268 0.133858 -0.496063
vn 0.000000 1.000000 0.000000
vn 0.000000 1.000000 0.000000
vn 0.000000 1.000000 0.000000
vn 0.000000 1.000000 0.000000
vn 0.000000 1.000000 0.000000
vn 0.000000 1.000000 0.000000
vn 0.000000 1.000000 0.000000
vn 0.000000 1.000000 0.000000
vn 0.000000 1.000000 0.000000
vn 0.000000 1.000000 0.000000
vn 0.000000 1.000000 0.000000
vn 0.000000 1.000000 0.000000
vn 0.000000 1.000000 0.000000
vn 0.000000 1.000000 0.000000
vn 0.000000 1.000000 0.000000
vn 0.000000 1.000000 0.000000
vn 0.000000 1.000000 0.000000
vn 0.000000 1.000000 0.000000
vn 0.000000 1.000000 0.000000
vn 0.000000 1.000000 0.000000
vn 0.000000 1.000000 0.000000
vn 0.000000 1.000000 0.000000
vn 0.000000 1.000000 0.000000
vn 0.000000 1.000000 0.000000
vn 0.000000 1.000000 0.000000
vn 0.000000 1.000000 0.000000
vn 0.000000 1.000000 0.000000
vn 0.000000 1.000000 0.000000
vn 0.000000 1.000000 0.000000
vn 0.000000 1.000000 0.000000
vn 0.000000 1.000000 0.000000
vn 0.000000 1.000000 0.000000
vn 0.000000 1.000000 0.000000
vn 0.000000 1.000000 0.000000
vn 0.000000 1.000000 0.000000
vn 0.000000 1.000000 0.000000
vn 0.000000 -0.244094 0.968504
vn 0.000000 -0.244094 0.968504
vn -0.062992 -0.251969 0.968504
vn -0.062992 -0.251969 0.968504
vn 0.000000 -0.244094 0.968504
vn -0.062992 -0.251969 0.968504
vn -0.062992 -0.251969 0.968504
vn -0.062992 -0.251969 0.968504
vn -0.244094 -0.283465 0.929134
vn -0.244094 -0.283465 0.929134
vn -0.062992 -0.251969 0.968504
vn -0.244094 -0.283465 0.929134
vn -0.244094 -0.283465 0.929134
vn -0.244094 -0.283465 0.929134
vn -0.472441 -0.307087 0.826772
vn -0.472441 -0.307087 0.826772
vn -0.244094 -0.283465 0.929134
vn -0.472441 -0.307087 0.826772
vn -0.472441 -0.307087 0.826772
vn -0.472441 -0.307087 0.826772
vn -0.669291 -0.322835 0.669291
vn -0.669291 -0.322835 0.669291
vn -0.472441 -0.307087 0.826772
vn -0.669291 -0.322835 0.669291
vn -0.669291 -0.322835 0.669291
vn -0.669291 -0.322835 0.669291
vn -0.818898 -0.322835 0.472441
vn -0.818898 -0.322835 0.472441
vn -0.669291 -0.322835 0.669291
vn -0.818898 -0.322835 0.472441
vn -0.921260 -0.314961 0.244094
vn -0.818898 -0.322835 0.472441
vn -0.818898 -0.322835 0.472441
vn -0.921260 -0.314961 0.244094
vn -0.921260 -0.314961 0.244094
vn -0.818898 -0.322835 0.472441
vn -0.952756 -0.291339 0.062992
vn -0.921260 -0.314961 0.244094
vn -0.921260 -0.314961 0.244094
vn -0.952756 -0.291339 0.062992
vn -0.952756 -0.291339 0.062992
vn -0.921260 -0.314961 0.244094
vn -0.952756 -0.291339 0.062992
vn -0.952756 -0.291339 0.062992
vn -0.952756 -0.291339 -0.062992
vn -0.952756 -0.291339 -0.062992
vn -0.952756 -0.291339 0.062992
vn -0.952756 -0.291339 -0.062992
vn -0.952756 -0.291339 -0.062992
vn -0.952756 -0.291339 -0.062992
vn -0.921260 -0.314961 -0.244094
vn -0.921260 -0.314961 -0.244094
vn -0.952756 -0.291339 -0.062992
vn -0.921260 -0.314961 -0.244094
vn -0.921260 -0.314961 -0.244094
vn -0.921260 -0.314961 -0.244094
vn -0.818898 -0.322835 -0.472441
vn -0.818898 -0.322835 -0.472441
vn -0.921260 -0.314961 -0.244094
vn -0.818898 -0.322835 -0.472441
vn -0.669291 -0.322835 -0.669291
vn -0.818898 -0.322835 -0.472441
vn -0.818898 -0.322835 -0.472441
vn -0.669291 -0.322835 -0.669291
vn -0.669291 -0.322835 -0.669291
vn -0.818898 -0.322835 -0.472441
vn -0.472441 -0.307087 -0.826772
vn -0.669291 -0.322835 -0.669291
vn -0.669291 -0.322835 -0.669291
vn -0.472441 -0.307087 -0.826772
vn -0.472441 -0.307087 -0.826772
vn -0.669291 -0.322835 -0.669291
vn -0.244094 -0.283465 -0.929134
vn -0.472441 -0.307087 -0.826772
vn -0.472441 -0.307087 -0.826772
vn -0.244094 -0.283465 -0.929134
vn -0.244094 -0.283465 -0.929134
vn -0.472441 -0.307087 -0.826772
vn -0.125984 -0.267717 -0.952756
vn -0.244094 -0.283465 -0.929134
vn -0.244094 -0.283465 -0.929134
vn -0.125984 -0.267717 -0.952756
vn -0.125984 -0.267717 -0.952756
vn -0.244094 -0.283465 -0.929134
vn -0.464567 -0.251969 -0.850394
vn -0.102362 -0.251969 -0.960630
vn -0.464567 -0.251969 -0.850394
vn -0.102362 -0.251969 -0.960630
vn -0.102362 -0.251969 -0.960630
vn -0.464567 -0.251969 -0.850394
vn -0.102362 -0.251969 -0.960630
vn 0.275591 -0.251969 -0.929134
vn -0.102362 -0.251969 -0.960630
vn 0.275591 -0.251969 -0.929134
vn 0.275591 -0.251969 -0.929134
vn -0.102362 -0.251969 -0.960630
vn 0.275591 -0.251969 -0.929134
vn 0.606299 -0.251969 -0.755906
vn 0.275591 -0.251969 -0.929134
vn 0.606299 -0.251969 -0.755906
vn 0.606299 -0.251969 -0.755906
vn 0.275591 -0.251969 -0.929134
vn 0.606299 -0.251969 -0.755906
vn 0.850394 -0.251969 -0.464567
vn 0.606299 -0.251969 -0.755906
vn 0.850394 -0.251969 -0.464567
vn 0.850394 -0.251969 -0.464567
vn 0.606299 -0.251969 -0.755906
vn 0.850394 -0.251969 -0.464567
vn 0.960630 -0.251969 -0.102362
vn 0.850394 -0.251969 -0.464567
vn 0.960630 -0.251969 -0.102362
vn 0.960630 -0.251969 -0.102362
vn 0.850394 -0.251969 -0.464567
vn 0.960630 -0.251969 -0.102362
vn 0.929134 -0.251969 0.275591
vn 0.960630 -0.251969 -0.102362
vn 0.929134 -0.251969 0.275591
vn 0.929134 -0.251969 0.275591
vn 0.960630 -0.251969 -0.102362
vn 0.929134 -0.251969 0.275591
vn 0.755906 -0.251969 0.606299
vn 0.929134 -0.251969 0.275591
vn 0.755906 -0.251969 0.606299
vn 0.755906 -0.251969 0.606299
vn 0.929134 -0.251969 0.275591
vn 0.755906 -0.251969 0.606299
vn 0.464567 -0.251969 0.850394
vn 0.755906 -0.251969 0.606299
vn 0.464567 -0.251969 0.850394
vn 0.464567 -0.251969 0.850394
vn 0.755906 -0.251969 0.606299
vn 0.464567 -0.251969 0.850394
vn 0.102362 -0.251969 0.960630
vn 0.464567 -0.251969 0.850394
vn 0.102362 -0.251969 0.960630
vn 0.102362 -0.251969 0.960630
vn 0.464567 -0.251969 0.850394
vn 0.102362 -0.251969 0.960630
vn -0.275591 -0.251969 0.929134
vn 0.102362 -0.251969 0.960630
vn -0.275591 -0.251969 0.929134
vn -0.275591 -0.251969 0.929134
vn 0.102362 -0.251969 0.960630
vn -0.275591 -0.251969 0.929134
vn -0.606299 -0.251969 0.755906
vn -0.275591 -0.251969 0.929134
vn -0.606299 -0.251969 0.755906
vn -0.606299 -0.251969 0.755906
vn -0.275591 -0.251969 0.929134
vn -0.606299 -0.251969 0.755906
vn -0.850394 -0.251969 0.464567
vn -0.606299 -0.251969 0.755906
vn -0.850394 -0.251969 0.464567
vn -0.850394 -0.251969 0.464567
vn -0.606299 -0.251969 0.755906
vn -0.850394 -0.251969 0.464567
vn -0.960630 -0.251969 0.102362
vn -0.850394 -0.251969 0.464567
vn -0.960630 -0.251969 0.102362
vn -0.960630 -0.251969 0.102362
vn -0.850394 -0.251969 0.464567
vn -0.960630 -0.251969 0.102362
vn -0.929134 -0.251969 -0.275591
vn -0.960630 -0.251969 0.102362
vn -0.929134 -0.251969 -0.275591
vn -0.929134 -0.251969 -0.275591
vn -0.960630 -0.251969 0.102362
vn -0.929134 -0.251969 -0.275591
vn -0.755906 -0.251969 -0.606299
vn -0.929134 -0.251969 -0.275591
vn -0.755906 -0.251969 -0.606299
vn -0.755906 -0.251969 -0.606299
vn -0.929134 -0.251969 -0.275591
vn -0.755906 -0.251969 -0.606299
vn -0.464567 -0.251969 -0.850394
vn -0.755906 -0.251969 -0.606299
vn -0.464567 -0.251969 -0.850394
vn -0.464567 -0.251969 -0.850394
vn -0.755906 -0.251969 -0.606299
vn -0.614173 -0.236220 0.755906
vn -0.614173 -0.236220 0.755906
vn -0.614173 -0.236220 0.755906
vn -0.614173 -0.236220 0.755906
vn -0.614173 -0.236220 0.755906
vn -0.614173 -0.236220 0.755906
vn 0.614173 -0.236220 -0.755906
vn 0.614173 -0.236220 -0.755906
vn 0.614173 -0.236220 -0.755906
vn 0.614173 -0.236220 -0.755906
vn 0.614173 -0.236220 -0.755906
vn 0.614173 -0.236220 -0.755906
vn -0.858268 -0.125984 -0.503937
vn -0.858268 -0.125984 -0.503937
vn -0.787402 -0.133858 -0.598425
vn -0.858268 -0.125984 -0.503937
vn -0.787402 -0.133858 -0.598425
vn -0.787402 -0.133858 -0.598425
vn -0.787402 -0.133858 -0.598425
vn -0.716535 -0.133858 -0.685039
vn -0.787402 -0.133858 -0.598425
vn -0.716535 -0.133858 -0.685039
vn -0.716535 -0.133858 -0.685039
vn -0.787402 -0.133858 -0.598425
vn 0.818898 -0.133858 0.559055
vn 0.818898 -0.133858 0.559055
vn 0.748031 -0.133858 0.645669
vn 0.818898 -0.133858 0.559055
vn 0.748031 -0.133858 0.645669
vn 0.748031 -0.133858 0.645669
vn 0.748031 -0.133858 0.645669
vn 0.669291 -0.125984 0.732283
vn 0.748031 -0.133858 0.645669
vn 0.669291 -0.125984 0.732283
vn 0.669291 -0.125984 0.732283
vn 0.748031 -0.133858 0.645669
vn 0.086614 -0.992126 -0.102362
vn 0.086614 -0.992126 -0.102362
vn -0.007874 -1.000000 0.007874
vn -0.007874 -1.000000 0.007874
vn 0.086614 -0.992126 -0.102362
vn -0.007874 -1.000000 0.007874
vn -0.007874 -1.000000 0.007874
vn -0.102362 -0.984252 0.125984
vn -0.007874 -1.000000 0.007874
vn -0.102362 -0.984252 0.125984
vn -0.102362 -0.984252 0.125984
vn -0.007874 -1.000000 0.007874
vn -0.370079 -0.811024 0.448819
vn -0.370079 -0.811024 0.448819
vn -0.370079 -0.811024 0.448819
vn -0.370079 -0.811024 0.448819
vn -0.370079 -0.811024 0.448819
vn -0.370079 -0.811024 0.448819
vn 0.362205 -0.818898 -0.448819
vn 0.362205 -0.818898 -0.448819
vn 0.362205 -0.818898 -0.448819
vn 0.362205 -0.818898 -0.448819
vn 0.362205 -0.818898 -0.448819
vn 0.362205 -0.818898 -0.448819
vn -0.960630 -0.251969 0.094488
vn -0.929134 -0.251969 -0.283465
vn -0.960630 -0.251969 0.094488
vn -0.929134 -0.251969 -0.283465
vn -0.929134 -0.251969 -0.283465
vn -0.960630 -0.251969 0.094488
vn -0.929134 -0.251969 -0.283465
vn -0.748031 -0.251969 -0.614173
vn -0.929134 -0.251969 -0.283465
vn -0.748031 -0.251969 -0.614173
vn -0.748031 -0.251969 -0.614173
vn -0.929134 -0.251969 -0.283465
vn -0.748031 -0.251969 -0.614173
vn -0.456693 -0.251969 -0.858268
vn -0.748031 -0.251969 -0.614173
vn -0.456693 -0.251969 -0.858268
vn -0.456693 -0.251969 -0.858268
vn -0.748031 -0.251969 -0.614173
vn -0.456693 -0.251969 -0.858268
vn -0.094488 -0.251969 -0.960630
vn -0.456693 -0.251969 -0.858268
vn -0.094488 -0.251969 -0.960630
vn -0.094488 -0.251969 -0.960630
vn -0.456693 -0.251969 -0.858268
vn -0.094488 -0.251969 -0.960630
vn 0.283465 -0.251969 -0.929134
vn -0.094488 -0.251969 -0.960630
vn 0.283465 -0.251969 -0.929134
vn 0.283465 -0.251969 -0.929134
vn -0.094488 -0.251969 -0.960630
vn 0.283465 -0.251969 -0.929134
vn 0.614173 -0.251969 -0.748031
vn 0.283465 -0.251969 -0.929134
vn 0.614173 -0.251969 -0.748031
vn 0.614173 -0.251969 -0.748031
vn 0.283465 -0.251969 -0.929134
vn 0.614173 -0.251969 -0.748031
vn 0.858268 -0.251969 -0.456693
vn 0.614173 -0.251969 -0.748031
vn 0.858268 -0.251969 -0.456693
vn 0.858268 -0.251969 -0.456693
vn 0.614173 -0.251969 -0.748031
vn 0.858268 -0.251969 -0.456693
vn 0.960630 -0.251969 -0.094488
vn 0.858268 -0.251969 -0.456693
vn 0.960630 -0.251969 -0.094488
vn 0.960630 -0.251969 -0.094488
vn 0.858268 -0.251969 -0.456693
vn 0.960630 -0.251969 -0.094488
vn 0.929134 -0.251969 0.283465
vn 0.960630 -0.251969 -0.094488
vn 0.929134 -0.251969 0.283465
vn 0.929134 -0.251969 0.283465
vn 0.960630 -0.251969 -0.094488
vn 0.929134 -0.251969 0.283465
vn 0.748031 -0.251969 0.614173
vn 0.929134 -0.251969 0.283465
vn 0.748031 -0.251969 0.614173
vn 0.748031 -0.251969 0.614173
vn 0.929134 -0.251969 0.283465
vn 0.748031 -0.251969 0.614173
vn 0.456693 -0.251969 0.858268
vn 0.748031 -0.251969 0.614173
vn 0.456693 -0.251969 0.858268
vn 0.456693 -0.251969 0.858268
vn 0.748031 -0.251969 0.614173
vn 0.456693 -0.251969 0.858268
vn 0.094488 -0.251969 0.960630
vn 0.456693 -0.251969 0.858268
vn 0.094488 -0.251969 0.960630
vn 0.094488 -0.251969 0.960630
vn 0.456693 -0.251969 0.858268
vn 0.094488 -0.251969 0.960630
vn -0.283465 -0.251969 0.929134
vn 0.094488 -0.251969 0.960630
vn -0.283465 -0.251969 0.929134
vn -0.283465 -0.251969 0.929134
vn 0.094488 -0.251969 0.960630
vn -0.283465 -0.251969 0.929134
vn -0.614173 -0.251969 0.748031
vn -0.283465 -0.251969 0.929134
vn -0.614173 -0.251969 0.748031
vn -0.614173 -0.251969 0.748031
vn -0.283465 -0.251969 0.929134
vn -0.614173 -0.251969 0.748031
vn -0.858268 -0.251969 0.456693
vn -0.614173 -0.251969 0.748031
vn -0.858268 -0.251969 0.456693
vn -0.858268 -0.251969 0.456693
vn -0.614173 -0.251969 0.748031
vn -0.858268 -0.251969 0.456693
vn -0.960630 -0.251969 0.094488
vn -0.858268 -0.251969 0.456693
vn -0.960630 -0.251969 0.094488
vn -0.960630 -0.251969 0.094488
vn -0.858268 -0.251969 0.456693
vn 0.456693 -0.236220 0.858268
vn 0.456693 -0.236220 0.858268
vn 0.456693 -0.236220 0.858268
vn 0.456693 -0.236220 0.858268
vn 0.456693 -0.236220 0.858268
vn 0.456693 -0.236220 0.858268
vn -0.456693 -0.236220 -0.858268
vn -0.456693 -0.236220 -0.858268
vn -0.456693 -0.236220 -0.858268
vn -0.456693 -0.236220 -0.858268
vn -0.456693 -0.236220 -0.858268
vn -0.456693 -0.236220 -0.858268
vn -0.795276 -0.125984 0.590551
vn -0.795276 -0.125984 0.590551
vn -0.858268 -0.133858 0.496063
vn -0.795276 -0.125984 0.590551
vn -0.858268 -0.133858 0.496063
vn -0.858268 -0.133858 0.496063
vn -0.858268 -0.133858 0.496063
vn -0.913386 -0.133858 0.393701
vn -0.858268 -0.133858 0.496063
vn -0.913386 -0.133858 0.393701
vn -0.913386 -0.133858 0.393701
vn -0.858268 -0.133858 0.496063
vn 0.834646 -0.133858 -0.535433
vn 0.834646 -0.133858 -0.535433
vn 0.889764 -0.133858 -0.433071
vn 0.834646 -0.133858 -0.535433
vn 0.889764 -0.133858 -0.433071
vn 0.889764 -0.133858 -0.433071
vn 0.889764 -0.133858 -0.433071
vn 0.937008 -0.125984 -0.330709
vn 0.889764 -0.133858 -0.433071
vn 0.937008 -0.125984 -0.330709
vn 0.937008 -0.125984 -0.330709
vn 0.889764 -0.133858 -0.433071
vn -0.062992 -0.992126 -0.118110
vn -0.062992 -0.992126 -0.118110
vn 0.007874 -1.000000 0.015748
vn 0.007874 -1.000000 0.015748
vn -0.062992 -0.992126 -0.118110
vn 0.007874 -1.000000 0.015748
vn 0.007874 -1.000000 0.015748
vn 0.078740 -0.984252 0.141732
vn 0.007874 -1.000000 0.015748
vn 0.078740 -0.984252 0.141732
vn 0.078740 -0.984252 0.141732
vn 0.007874 -1.000000 0.015748
vn 0.275591 -0.811024 0.511811
vn 0.275591 -0.811024 0.511811
vn 0.275591 -0.811024 0.511811
vn 0.275591 -0.811024 0.511811
vn 0.275591 -0.811024 0.511811
vn 0.275591 -0.811024 0.511811
vn -0.267717 -0.818898 -0.503937
vn -0.267717 -0.818898 -0.503937
vn -0.267717 -0.818898 -0.503937
vn -0.267717 -0.818898 -0.503937
vn -0.267717 -0.818898 -0.503937
vn -0.267717 -0.818898 -0.503937
vn -0.417323 -0.251969 -0.874016
vn -0.047244 -0.251969 -0.968504
vn -0.417323 -0.251969 -0.874016
vn -0.047244 -0.251969 -0.968504
vn -0.047244 -0.251969 -0.968504
vn -0.417323 -0.251969 -0.874016
vn -0.047244 -0.251969 -0.968504
vn 0.322835 -0.251969 -0.913386
vn -0.047244 -0.251969 -0.968504
vn 0.322835 -0.251969 -0.913386
vn 0.322835 -0.251969 -0.913386
vn -0.047244 -0.251969 -0.968504
vn 0.322835 -0.251969 -0.913386
vn 0.645669 -0.251969 -0.716535
vn 0.322835 -0.251969 -0.913386
vn 0.645669 -0.251969 -0.716535
vn 0.645669 -0.251969 -0.716535
vn 0.322835 -0.251969 -0.913386
vn 0.645669 -0.251969 -0.716535
vn 0.874016 -0.251969 -0.417323
vn 0.645669 -0.251969 -0.716535
vn 0.874016 -0.251969 -0.417323
vn 0.874016 -0.251969 -0.417323
vn 0.645669 -0.251969 -0.716535
vn 0.874016 -0.251969 -0.417323
vn 0.968504 -0.251969 -0.047244
vn 0.874016 -0.251969 -0.417323
vn 0.968504 -0.251969 -0.047244
vn 0.968504 -0.251969 -0.047244
vn 0.874016 -0.251969 -0.417323
vn 0.968504 -0.251969 -0.047244
vn 0.913386 -0.251969 0.322835
vn 0.968504 -0.251969 -0.047244
vn 0.913386 -0.251969 0.322835
vn 0.913386 -0.251969 0.322835
vn 0.968504 -0.251969 -0.047244
vn 0.913386 -0.251969 0.322835
vn 0.716535 -0.251969 0.645669
vn 0.913386 -0.251969 0.322835
vn 0.716535 -0.251969 0.645669
vn 0.716535 -0.251969 0.645669
vn 0.913386 -0.251969 0.322835
vn 0.716535 -0.251969 0.645669
vn 0.417323 -0.251969 0.874016
vn 0.716535 -0.251969 0.645669
vn 0.417323 -0.251969 0.874016
vn 0.417323 -0.251969 0.874016
vn 0.716535 -0.251969 0.645669
vn 0.417323 -0.251969 0.874016
vn 0.047244 -0.251969 0.968504
vn 0.417323 -0.251969 0.874016
vn 0.047244 -0.251969 0.968504
vn 0.047244 -0.251969 0.968504
vn 0.417323 -0.251969 0.874016
vn 0.047244 -0.251969 0.968504
vn -0.322835 -0.251969 0.913386
vn 0.047244 -0.251969 0.968504
vn -0.322835 -0.251969 0.913386
vn -0.322835 -0.251969 0.913386
vn 0.047244 -0.251969 0.968504
vn -0.322835 -0.251969 0.913386
vn -0.645669 -0.251969 0.716535
vn -0.322835 -0.251969 0.913386
vn -0.645669 -0.251969 0.716535
vn -0.645669 -0.251969 0.716535
vn -0.322835 -0.251969 0.913386
vn -0.645669 -0.251969 0.716535
vn -0.874016 -0.251969 0.417323
vn -0.645669 -0.251969 0.716535
vn -0.874016 -0.251969 0.417323
vn -0.874016 -0.251969 0.417323
vn -0.645669 -0.251969 0.716535
vn -0.874016 -0.251969 0.417323
vn -0.968504 -0.251969 0.047244
vn -0.874016 -0.251969 0.417323
vn -0.968504 -0.251969 0.047244
vn -0.968504 -0.251969 0.047244
vn -0.874016 -0.251969 0.417323
vn -0.968504 -0.251969 0.047244
vn -0.913386 -0.251969 -0.322835
vn -0.968504 -0.251969 0.047244
vn -0.913386 -0.251969 -0.322835
vn -0.913386 -0.251969 -0.322835
vn -0.968504 -0.251969 0.047244
vn -0.913386 -0.251969 -0.322835
vn -0.716535 -0.251969 -0.645669
vn -0.913386 -0.251969 -0.322835
vn -0.716535 -0.251969 -0.645669
vn -0.716535 -0.251969 -0.645669
vn -0.913386 -0.251969 -0.322835
vn -0.716535 -0.251969 -0.645669
vn -0.417323 -0.251969 -0.874016
vn -0.716535 -0.251969 -0.645669
vn -0.417323 -0.251969 -0.874016
vn -0.417323 -0.251969 -0.874016
vn -0.716535 -0.251969 -0.645669
vn -0.653543 -0.236220 0.724409
vn -0.653543 -0.236220 0.724409
vn -0.653543 -0.236220 0.724409
vn -0.653543 -0.236220 0.724409
vn -0.653543 -0.236220 0.724409
vn -0.653543 -0.236220 0.724409
vn 0.653543 -0.236220 -0.724409
vn 0.653543 -0.236220 -0.724409
vn 0.653543 -0.236220 -0.724409
vn 0.653543 -0.236220 -0.724409
vn 0.653543 -0.236220 -0.724409
vn 0.653543 -0.236220 -0.724409
vn -0.826772 -0.125984 -0.543307
vn -0.826772 -0.125984 -0.543307
vn -0.755906 -0.133858 -0.637795
vn -0.826772 -0.125984 -0.543307
vn -0.755906 -0.133858 -0.637795
vn -0.755906 -0.133858 -0.637795
vn -0.755906 -0.133858 -0.637795
vn -0.677165 -0.133858 -0.724409
vn -0.755906 -0.133858 -0.637795
vn -0.677165 -0.133858 -0.724409
vn -0.677165 -0.133858 -0.724409
vn -0.755906 -0.133858 -0.637795
vn 0.787402 -0.133858 0.598425
vn 0.787402 -0.133858 0.598425
vn 0.716535 -0.133858 0.685039
vn 0.787402 -0.133858 0.598425
vn 0.716535 -0.133858 0.685039
vn 0.716535 -0.133858 0.685039
vn 0.716535 -0.133858 0.685039
vn 0.629921 -0.125984 0.763780
vn 0.716535 -0.133858 0.685039
vn 0.629921 -0.125984 0.763780
vn 0.629921 -0.125984 0.763780
vn 0.716535 -0.133858 0.685039
vn 0.086614 -0.992126 -0.102362
vn 0.086614 -0.992126 -0.102362
vn -0.007874 -1.000000 0.007874
vn -0.007874 -1.000000 0.007874
vn 0.086614 -0.992126 -0.102362
vn -0.007874 -1.000000 0.007874
vn -0.007874 -1.000000 0.007874
vn -0.110236 -0.984252 0.118110
vn -0.007874 -1.000000 0.007874
vn -0.110236 -0.984252 0.118110
vn -0.110236 -0.984252 0.118110
vn -0.007874 -1.000000 0.007874
vn -0.385827 -0.811024 0.433071
vn -0.385827 -0.811024 0.433071
vn -0.385827 -0.811024 0.433071
vn -0.385827 -0.811024 0.433071
vn -0.385827 -0.811024 0.433071
vn -0.385827 -0.811024 0.433071
vn 0.385827 -0.818898 -0.425197
vn 0.385827 -0.818898 -0.425197
vn 0.385827 -0.818898 -0.425197
vn 0.385827 -0.818898 -0.425197
vn 0.385827 -0.818898 -0.425197
vn 0.385827 -0.818898 -0.425197
vn 0.960630 -0.251969 -0.125984
vn 0.937008 -0.251969 0.251969
vn 0.960630 -0.251969 -0.125984
vn 0.937008 -0.251969 0.251969
vn 0.937008 -0.251969 0.251969
vn 0.960630 -0.251969 -0.125984
vn 0.937008 -0.251969 0.251969
vn 0.771654 -0.251969 0.590551
vn 0.937008 -0.251969 0.251969
vn 0.771654 -0.251969 0.590551
vn 0.771654 -0.251969 0.590551
vn 0.937008 -0.251969 0.251969
vn 0.771654 -0.251969 0.590551
vn 0.480315 -0.251969 0.834646
vn 0.771654 -0.251969 0.590551
vn 0.480315 -0.251969 0.834646
vn 0.480315 -0.251969 0.834646
vn 0.771654 -0.251969 0.590551
vn 0.480315 -0.251969 0.834646
vn 0.125984 -0.251969 0.960630
vn 0.480315 -0.251969 0.834646
vn 0.125984 -0.251969 0.960630
vn 0.125984 -0.251969 0.960630
vn 0.480315 -0.251969 0.834646
vn 0.125984 -0.251969 0.960630
vn -0.251969 -0.251969 0.937008
vn 0.125984 -0.251969 0.960630
vn -0.251969 -0.251969 0.937008
vn -0.251969 -0.251969 0.937008
vn 0.125984 -0.251969 0.960630
vn -0.251969 -0.251969 0.937008
vn -0.590551 -0.251969 0.771654
vn -0.251969 -0.251969 0.937008
vn -0.590551 -0.251969 0.771654
vn -0.590551 -0.251969 0.771654
vn -0.251969 -0.251969 0.937008
vn -0.590551 -0.251969 0.771654
vn -0.834646 -0.251969 0.480315
vn -0.590551 -0.251969 0.771654
vn -0.834646 -0.251969 0.480315
vn -0.834646 -0.251969 0.480315
vn -0.590551 -0.251969 0.771654
vn -0.834646 -0.251969 0.480315
vn -0.960630 -0.251969 0.125984
vn -0.834646 -0.251969 0.480315
vn -0.960630 -0.251969 0.125984
vn -0.960630 -0.251969 0.125984
vn -0.834646 -0.251969 0.480315
vn -0.960630 -0.251969 0.125984
vn -0.937008 -0.251969 -0.251969
vn -0.960630 -0.251969 0.125984
vn -0.937008 -0.251969 -0.251969
vn -0.937008 -0.251969 -0.251969
vn -0.960630 -0.251969 0.125984
vn -0.937008 -0.251969 -0.251969
vn -0.771654 -0.251969 -0.590551
vn -0.937008 -0.251969 -0.251969
vn -0.771654 -0.251969 -0.590551
vn -0.771654 -0.251969 -0.590551
vn -0.937008 -0.251969 -0.251969
vn -0.771654 -0.251969 -0.590551
vn -0.480315 -0.251969 -0.834646
vn -0.771654 -0.251969 -0.590551
vn -0.480315 -0.251969 -0.834646
vn -0.480315 -0.251969 -0.834646
vn -0.771654 -0.251969 -0.590551
vn -0.480315 -0.251969 -0.834646
vn -0.125984 -0.251969 -0.960630
vn -0.480315 -0.251969 -0.834646
vn -0.125984 -0.251969 -0.960630
vn -0.125984 -0.251969 -0.960630
vn -0.480315 -0.251969 -0.834646
vn -0.125984 -0.251969 -0.960630
vn 0.251969 -0.251969 -0.937008
vn -0.125984 -0.251969 -0.960630
vn 0.251969 -0.251969 -0.937008
vn 0.251969 -0.251969 -0.937008
vn -0.125984 -0.251969 -0.960630
vn 0.251969 -0.251969 -0.937008
vn 0.590551 -0.251969 -0.771654
vn 0.251969 -0.251969 -0.937008
vn 0.590551 -0.251969 -0.771654
vn 0.590551 -0.251969 -0.771654
vn 0.251969 -0.251969 -0.937008
vn 0.590551 -0.251969 -0.771654
vn 0.834646 -0.251969 -0.480315
vn 0.590551 -0.251969 -0.771654
vn 0.834646 -0.251969 -0.480315
vn 0.834646 -0.251969 -0.480315
vn 0.590551 -0.251969 -0.771654
vn 0.834646 -0.251969 -0.480315
vn 0.960630 -0.251969 -0.125984
vn 0.834646 -0.251969 -0.480315
vn 0.960630 -0.251969 -0.125984
vn 0.960630 -0.251969 -0.125984
vn 0.834646 -0.251969 -0.480315
vn -0.488189 -0.236220 -0.842520
vn -0.488189 -0.236220 -0.842520
vn -0.488189 -0.236220 -0.842520
vn -0.488189 -0.236220 -0.842520
vn -0.488189 -0.236220 -0.842520
vn -0.488189 -0.236220 -0.842520
vn 0.488189 -0.236220 0.842520
vn 0.488189 -0.236220 0.842520
vn 0.488189 -0.236220 0.842520
vn 0.488189 -0.236220 0.842520
vn 0.488189 -0.236220 0.842520
vn 0.488189 -0.236220 0.842520
vn 0.779528 -0.125984 -0.614173
vn 0.779528 -0.125984 -0.614173
vn 0.842520 -0.133858 -0.519685
vn 0.779528 -0.125984 -0.614173
vn 0.842520 -0.133858 -0.519685
vn 0.842520 -0.133858 -0.519685
vn 0.842520 -0.133858 -0.519685
vn 0.897638 -0.133858 -0.425197
vn 0.842520 -0.133858 -0.519685
vn 0.897638 -0.133858 -0.425197
vn 0.897638 -0.133858 -0.425197
vn 0.842520 -0.133858 -0.519685
vn -0.811024 -0.133858 0.566929
vn -0.811024 -0.133858 0.566929
vn -0.874016 -0.133858 0.464567
vn -0.811024 -0.133858 0.566929
vn -0.874016 -0.133858 0.464567
vn -0.874016 -0.133858 0.464567
vn -0.874016 -0.133858 0.464567
vn -0.921260 -0.125984 0.362205
vn -0.874016 -0.133858 0.464567
vn -0.921260 -0.125984 0.362205
vn -0.921260 -0.125984 0.362205
vn -0.874016 -0.133858 0.464567
vn 0.062992 -0.992126 0.118110
vn 0.062992 -0.992126 0.118110
vn -0.007874 -1.000000 -0.015748
vn -0.007874 -1.000000 -0.015748
vn 0.062992 -0.992126 0.118110
vn -0.007874 -1.000000 -0.015748
vn -0.007874 -1.000000 -0.015748
vn -0.078740 -0.984252 -0.141732
vn -0.007874 -1.000000 -0.015748
vn -0.078740 -0.984252 -0.141732
vn -0.078740 -0.984252 -0.141732
vn -0.007874 -1.000000 -0.015748
vn -0.291339 -0.811024 -0.503937
vn -0.291339 -0.811024 -0.503937
vn -0.291339 -0.811024 -0.503937
vn -0.291339 -0.811024 -0.503937
vn -0.291339 -0.811024 -0.503937
vn -0.291339 -0.811024 -0.503937
vn 0.283465 -0.818898 0.496063
vn 0.283465 -0.818898 0.496063
vn 0.283465 -0.818898 0.496063
vn 0.283465 -0.818898 0.496063
vn 0.283465 -0.818898 0.496063
vn 0.283465 -0.818898 0.496063
vn -0.842520 -0.251969 0.480315
vn -0.960630 -0.251969 0.118110
vn -0.842520 -0.251969 0.480315
vn -0.960630 -0.251969 0.118110
vn -0.960630 -0.251969 0.118110
vn -0.842520 -0.251969 0.480315
vn -0.960630 -0.251969 0.118110
vn -0.929134 -0.251969 -0.259843
vn -0.960630 -0.251969 0.118110
vn -0.929134 -0.251969 -0.259843
vn -0.929134 -0.251969 -0.259843
vn -0.960630 -0.251969 0.118110
vn -0.929134 -0.251969 -0.259843
vn -0.763780 -0.251969 -0.598425
vn -0.929134 -0.251969 -0.259843
vn -0.763780 -0.251969 -0.598425
vn -0.763780 -0.251969 -0.598425
vn -0.929134 -0.251969 -0.259843
vn -0.763780 -0.251969 -0.598425
vn -0.480315 -0.251969 -0.842520
vn -0.763780 -0.251969 -0.598425
vn -0.480315 -0.251969 -0.842520
vn -0.480315 -0.251969 -0.842520
vn -0.763780 -0.251969 -0.598425
vn -0.480315 -0.251969 -0.842520
vn -0.118110 -0.251969 -0.960630
vn -0.480315 -0.251969 -0.842520
vn -0.118110 -0.251969 -0.960630
vn -0.118110 -0.251969 -0.960630
vn -0.480315 -0.251969 -0.842520
vn -0.118110 -0.251969 -0.960630
vn 0.259843 -0.251969 -0.929134
vn -0.118110 -0.251969 -0.960630
vn 0.259843 -0.251969 -0.929134
vn 0.259843 -0.251969 -0.929134
vn -0.118110 -0.251969 -0.960630
vn 0.259843 -0.251969 -0.929134
vn 0.598425 -0.251969 -0.763780
vn 0.259843 -0.251969 -0.929134
vn 0.598425 -0.251969 -0.763780
vn 0.598425 -0.251969 -0.763780
vn 0.259843 -0.251969 -0.929134
vn 0.598425 -0.251969 -0.763780
vn 0.842520 -0.251969 -0.480315
vn 0.598425 -0.251969 -0.763780
vn 0.842520 -0.251969 -0.480315
vn 0.842520 -0.251969 -0.480315
vn 0.598425 -0.251969 -0.763780
vn 0.842520 -0.251969 -0.480315
vn 0.960630 -0.251969 -0.118110
vn 0.842520 -0.251969 -0.480315
vn 0.960630 -0.251969 -0.118110
vn 0.960630 -0.251969 -0.118110
vn 0.842520 -0.251969 -0.480315
vn 0.960630 -0.251969 -0.118110
vn 0.929134 -0.251969 0.259843
vn 0.960630 -0.251969 -0.118110
vn 0.929134 -0.251969 0.259843
vn 0.929134 -0.251969 0.259843
vn 0.960630 -0.251969 -0.118110
vn 0.929134 -0.251969 0.259843
vn 0.763780 -0.251969 0.598425
vn 0.929134 -0.251969 0.259843
vn 0.763780 -0.251969 0.598425
vn 0.763780 -0.251969 0.598425
vn 0.929134 -0.251969 0.259843
vn 0.763780 -0.251969 0.598425
vn 0.480315 -0.251969 0.842520
vn 0.763780 -0.251969 0.598425
vn 0.480315 -0.251969 0.842520
vn 0.480315 -0.251969 0.842520
vn 0.763780 -0.251969 0.598425
vn 0.480315 -0.251969 0.842520
vn 0.118110 -0.251969 0.960630
vn 0.480315 -0.251969 0.842520
vn 0.118110 -0.251969 0.960630
vn 0.118110 -0.251969 0.960630
vn 0.480315 -0.251969 0.842520
vn 0.118110 -0.251969 0.960630
vn -0.259843 -0.251969 0.929134
vn 0.118110 -0.251969 0.960630
vn -0.259843 -0.251969 0.929134
vn -0.259843 -0.251969 0.929134
vn 0.118110 -0.251969 0.960630
vn -0.259843 -0.251969 0.929134
vn -0.598425 -0.251969 0.763780
vn -0.259843 -0.251969 0.929134
vn -0.598425 -0.251969 0.763780
vn -0.598425 -0.251969 0.763780
vn -0.259843 -0.251969 0.929134
vn -0.598425 -0.251969 0.763780
vn -0.842520 -0.251969 0.480315
vn -0.598425 -0.251969 0.763780
vn -0.842520 -0.251969 0.480315
vn -0.842520 -0.251969 0.480315
vn -0.598425 -0.251969 0.763780
vn 0.763780 -0.236220 0.598425
vn 0.763780 -0.236220 0.598425
vn 0.763780 -0.236220 0.598425
vn 0.763780 -0.236220 0.598425
vn 0.763780 -0.236220 0.598425
vn 0.763780 -0.236220 0.598425
vn -0.763780 -0.236220 -0.598425
vn -0.763780 -0.236220 -0.598425
vn -0.763780 -0.236220 -0.598425
vn -0.763780 -0.236220 -0.598425
vn -0.763780 -0.236220 -0.598425
vn -0.763780 -0.236220 -0.598425
vn -0.488189 -0.125984 0.866142
vn -0.488189 -0.125984 0.866142
vn -0.582677 -0.133858 0.803150
vn -0.488189 -0.125984 0.866142
vn -0.582677 -0.133858 0.803150
vn -0.582677 -0.133858 0.803150
vn -0.582677 -0.133858 0.803150
vn -0.669291 -0.133858 0.724409
vn -0.582677 -0.133858 0.803150
vn -0.669291 -0.133858 0.724409
vn -0.669291 -0.133858 0.724409
vn -0.582677 -0.133858 0.803150
vn 0.543307 -0.133858 -0.826772
vn 0.543307 -0.133858 -0.826772
vn 0.637795 -0.133858 -0.763780
vn 0.543307 -0.133858 -0.826772
vn 0.637795 -0.133858 -0.763780
vn 0.637795 -0.133858 -0.763780
vn 0.637795 -0.133858 -0.763780
vn 0.716535 -0.125984 -0.685039
vn 0.637795 -0.133858 -0.763780
vn 0.716535 -0.125984 -0.685039
vn 0.716535 -0.125984 -0.685039
vn 0.637795 -0.133858 -0.763780
vn -0.102362 -0.992126 -0.078740
vn -0.102362 -0.992126 -0.078740
vn 0.007874 -1.000000 0.007874
vn 0.007874 -1.000000 0.007874
vn -0.102362 -0.992126 -0.078740
vn 0.007874 -1.000000 0.007874
vn 0.007874 -1.000000 0.007874
vn 0.125984 -0.984252 0.102362
vn 0.007874 -1.000000 0.007874
vn 0.125984 -0.984252 0.102362
vn 0.125984 -0.984252 0.102362
vn 0.007874 -1.000000 0.007874
vn 0.456693 -0.811024 0.362205
vn 0.456693 -0.811024 0.362205
vn 0.456693 -0.811024 0.362205
vn 0.456693 -0.811024 0.362205
vn 0.456693 -0.811024 0.362205
vn 0.456693 -0.811024 0.362205
vn -0.448819 -0.818898 -0.354331
vn -0.448819 -0.818898 -0.354331
vn -0.448819 -0.818898 -0.354331
vn -0.448819 -0.818898 -0.354331
vn -0.448819 -0.818898 -0.354331
vn -0.448819 -0.818898 -0.354331
vn -0.346457 0.354331 -0.866142
vn -0.307087 0.590551 -0.748031
vn -0.716535 0.629921 -0.307087
vn -0.850394 0.393701 -0.346457
vn -0.346457 0.354331 -0.866142
vn -0.716535 0.629921 -0.307087
vn -0.850394 0.393701 -0.346457
vn -0.716535 0.629921 -0.307087
vn -0.692913 0.669291 0.283465
vn -0.834646 0.440945 0.330709
vn -0.850394 0.393701 -0.346457
vn -0.692913 0.669291 0.283465
vn -0.346457 0.354331 -0.866142
vn 0.858268 0.133858 -0.496063
vn -0.307087 0.590551 -0.748031
vn 0.858268 0.133858 -0.496063
vn 0.858268 0.133858 -0.496063
vn -0.307087 0.590551 -0.748031
vn 0.496063 0.133858 -0.858268
vn 0.496063 0.133858 -0.858268
vn 0.496063 0.133858 -0.858268
vn 0.496063 0.133858 -0.858268
vn 0.496063 0.133858 -0.858268
vn 0.496063 0.133858 -0.858268
vn 0.000000 0.133858 -0.992126
vn 0.000000 0.133858 -0.992126
vn 0.000000 0.133858 -0.992126
vn 0.000000 0.133858 -0.992126
vn 0.000000 0.133858 -0.992126
vn 0.000000 0.133858 -0.992126
vn -0.496063 0.133858 -0.858268
vn -0.496063 0.133858 -0.858268
vn -0.496063 0.133858 -0.858268
vn -0.496063 0.133858 -0.858268
vn -0.496063 0.133858 -0.858268
vn -0.496063 0.133858 -0.858268
vn -0.858268 0.133858 -0.496063
vn -0.858268 0.133858 -0.496063
vn -0.858268 0.133858 -0.496063
vn -0.858268 0.133858 -0.496063
vn -0.858268 0.133858 -0.496063
vn -0.858268 0.133858 -0.496063
vn -0.992126 0.133858 0.000000
vn -0.992126 0.133858 0.000000
vn -0.992126 0.133858 0.000000
vn -0.992126 0.133858 0.000000
vn -0.992126 0.133858 0.000000
vn -0.992126 0.133858 0.000000
vn -0.858268 0.133858 0.496063
vn -0.858268 0.133858 0.496063
vn -0.858268 0.133858 0.496063
vn -0.858268 0.133858 0.496063
vn -0.858268 0.133858 0.496063
vn -0.858268 0.133858 0.496063
vn -0.496063 0.133858 0.858268
vn -0.496063 0.133858 0.858268
vn -0.496063 0.133858 0.858268
vn -0.496063 0.133858 0.858268
vn -0.496063 0.133858 0.858268
vn -0.496063 0.133858 0.858268
vn 0.000000 0.133858 0.992126
vn 0.000000 0.133858 0.992126
vn 0.000000 0.133858 0.992126
vn 0.000000 0.133858 0.992126
vn 0.000000 0.133858 0.992126
vn 0.000000 0.133858 0.992126
vn 0.496063 0.133858 0.858268
vn 0.496063 0.133858 0.858268
vn 0.496063 0.133858 0.858268
vn 0.496063 0.133858 0.858268
vn 0.496063 0.133858 0.858268
vn 0.496063 0.133858 0.858268
vn 0.858268 0.133858 0.496063
vn 0.858268 0.133858 0.496063
vn 0.858268 0.133858 0.496063
vn 0.858268 0.133858 0.496063
vn 0.858268 0.133858 0.496063
vn 0.858268 0.133858 0.496063
vn 0.992126 0.133858 0.000000
vn 0.992126 0.133858 0.000000
vn 0.992126 0.133858 0.000000
vn 0.992126 0.133858 0.000000
vn 0.992126 0.133858 0.000000
vn 0.992126 0.133858 0.000000
vn 0.858268 0.133858 -0.496063
vn 0.000000 1.000000 0.000000
vn 0.858268 0.133858 -0.496063
vn 0.000000 1.000000 0.000000
vn 0.000000 1.000000 0.000000
vn 0.858268 0.133858 -0.496063
vn 0.000000 1.000000 0.000000
vn 0.000000 1.000000 0.000000
vn 0.000000 1.000000 0.000000
vn 0.000000 1.000000 0.000000
vn 0.000000 1.000000 0.000000
vn 0.000000 1.000000 0.000000
vn 0.000000 1.000000 0.000000
vn 0.000000 1.000000 0.000000
vn 0.000000 1.000000 0.000000
vn 0.000000 1.000000 0.000000
vn 0.000000 1.000000 0.000000
vn 0.000000 1.000000 0.000000
vn 0.000000 1.000000 0.000000
vn 0.000000 1.000000 0.000000
vn 0.000000 1.000000 0.000000
vn 0.000000 1.000000 0.000000
vn 0.000000 1.000000 0.000000
vn 0.000000 1.000000 0.000000
vn 0.000000 1.000000 0.000000
vn 0.000000 1.000000 0.000000
vn 0.000000 1.000000 0.000000
vn 0.000000 1.000000 0.000000
vn 0.000000 1.000000 0.000000
vn 0.000000 1.000000 0.000000
vn 0.000000 1.000000 0.000000
vn 0.000000 1.000000 0.000000
vn 0.000000 1.000000 0.000000
vn 0.000000 1.000000 0.000000
vn 0.000000 1.000000 0.000000
vn 0.000000 1.000000 0.000000
vn 0.000000 1.000000 0.000000
vn 0.000000 1.000000 0.000000
vn 0.000000 1.000000 0.000000
vn 0.000000 1.000000 0.000000
vn 0.000000 1.000000 0.000000
vn 0.000000 1.000000 0.000000
vn -0.771654 -0.637795 0.000000
vn -0.984252 -0.157480 0.000000
vn -0.984252 -0.157480 0.000000
vn -0.771654 -0.637795 0.000000
vn -0.771654 -0.637795 0.000000
vn -0.984252 -0.157480 0.000000
vn 0.000000 -1.000000 0.000000
vn -0.771654 -0.637795 0.000000
vn -0.771654 -0.637795 0.000000
vn 0.000000 -1.000000 0.000000
vn 0.000000 -1.000000 0.000000
vn -0.771654 -0.637795 0.000000
vn 0.771654 -0.629921 0.000000
vn 0.000000 -1.000000 0.000000
vn 0.000000 -1.000000 0.000000
vn 0.771654 -0.629921 0.000000
vn 0.771654 -0.629921 0.000000
vn 0.000000 -1.000000 0.000000
vn 0.992126 -0.149606 0.000000
vn 0.771654 -0.629921 0.000000
vn 0.771654 -0.629921 0.000000
vn 0.992126 -0.149606 0.000000
vn 0.992126 -0.149606 0.000000
vn 0.771654 -0.629921 0.000000
vn 0.748031 -0.637795 -0.196850
vn 0.771654 -0.629921 -0.102362
vn 0.000000 -1.000000 0.000000
vn 0.000000 -1.000000 0.000000
vn 0.748031 -0.637795 -0.196850
vn 0.000000 -1.000000 0.000000
vn 0.000000 -1.000000 0.000000
vn 0.000000 -1.000000 0.000000
vn -0.763780 -0.637795 0.102362
vn 0.748031 -0.637795 -0.196850
vn 0.952756 -0.157480 -0.251969
vn 0.771654 -0.629921 -0.102362
vn 0.952756 -0.157480 -0.251969
vn 0.976378 -0.149606 -0.125984
vn 0.771654 -0.629921 -0.102362
vn 0.952756 -0.157480 -0.251969
vn 0.748031 -0.637795 -0.196850
vn 0.669291 -0.637795 -0.385827
vn 0.858268 -0.157480 -0.496063
vn 0.952756 -0.157480 -0.251969
vn 0.669291 -0.637795 -0.385827
vn 0.858268 -0.157480 -0.496063
vn 0.669291 -0.637795 -0.385827
vn 0.543307 -0.637795 -0.543307
vn 0.700787 -0.157480 -0.700787
vn 0.858268 -0.157480 -0.496063
vn 0.543307 -0.637795 -0.543307
vn 0.669291 -0.637795 -0.385827
vn 0.748031 -0.637795 -0.196850
vn 0.000000 -1.000000 0.000000
vn 0.748031 -0.637795 -0.196850
vn 0.000000 -1.000000 0.000000
vn 0.000000 -1.000000 0.000000
vn 0.700787 -0.157480 -0.700787
vn 0.543307 -0.637795 -0.543307
vn 0.385827 -0.637795 -0.669291
vn 0.543307 -0.637795 -0.543307
vn 0.669291 -0.637795 -0.385827
vn 0.000000 -1.000000 0.000000
vn 0.669291 -0.637795 -0.385827
vn 0.000000 -1.000000 0.000000
vn 0.000000 -1.000000 0.000000
vn 0.496063 -0.157480 -0.858268
vn 0.700787 -0.157480 -0.700787
vn 0.385827 -0.637795 -0.669291
vn 0.385827 -0.637795 -0.669291
vn 0.543307 -0.637795 -0.543307
vn 0.000000 -1.000000 0.000000
vn 0.543307 -0.637795 -0.543307
vn 0.000000 -1.000000 0.000000
vn 0.000000 -1.000000 0.000000
vn 0.385827 -0.637795 -0.669291
vn 0.196850 -0.629921 -0.748031
vn 0.496063 -0.157480 -0.858268
vn 0.000000 -1.000000 0.000000
vn 0.000000 -1.000000 0.000000
vn 0.385827 -0.637795 -0.669291
vn 0.000000 -1.000000 0.000000
vn 0.196850 -0.629921 -0.748031
vn 0.385827 -0.637795 -0.669291
vn 0.196850 -0.629921 -0.748031
vn 0.259843 -0.149606 -0.952756
vn 0.496063 -0.157480 -0.858268
vn 0.000000 -1.000000 0.000000
vn 0.000000 -1.000000 0.000000
vn -0.669291 -0.637795 0.385827
vn 0.000000 -1.000000 0.000000
vn 0.000000 -1.000000 0.000000
vn -0.543307 -0.637795 0.543307
vn 0.000000 -1.000000 0.000000
vn -0.669291 -0.637795 0.385827
vn -0.543307 -0.637795 0.543307
vn -0.740157 -0.637795 0.196850
vn 0.000000 -1.000000 0.000000
vn -0.763780 -0.637795 0.102362
vn 0.000000 -1.000000 0.000000
vn -0.740157 -0.637795 0.196850
vn -0.669291 -0.637795 0.385827
vn 0.000000 -1.000000 0.000000
vn 0.000000 -1.000000 0.000000
vn -0.385827 -0.637795 0.669291
vn 0.000000 -1.000000 0.000000
vn -0.543307 -0.637795 0.543307
vn -0.385827 -0.637795 0.669291
vn -0.204724 -0.637795 0.748031
vn 0.000000 -1.000000 0.000000
vn 0.000000 -1.000000 0.000000
vn -0.385827 -0.637795 0.669291
vn -0.204724 -0.637795 0.748031
vn 0.000000 -1.000000 0.000000
vn -0.740157 -0.637795 0.196850
vn -0.763780 -0.637795 0.102362
vn -0.976378 -0.157480 0.125984
vn 0.000000 -1.000000 0.000000
vn 0.000000 -1.000000 0.000000
vn 0.196850 -0.629921 -0.748031
vn -0.669291 -0.637795 0.385827
vn -0.740157 -0.637795 0.196850
vn -0.858268 -0.157480 0.496063
vn 0.196850 -0.629921 -0.748031
vn 0.055118 -0.629921 -0.771654
vn 0.259843 -0.149606 -0.952756
vn 0.000000 -1.000000 0.000000
vn 0.055118 -0.629921 -0.771654
vn 0.196850 -0.629921 -0.748031
vn 0.055118 -0.629921 -0.771654
vn 0.000000 -1.000000 0.000000
vn 0.000000 -1.000000 0.000000
vn 0.000000 -1.000000 0.000000
vn 0.000000 -1.000000 0.000000
vn 0.000000 -0.637795 0.771654
vn 0.000000 -0.629921 -0.771654
vn 0.055118 -0.629921 -0.771654
vn 0.000000 -1.000000 0.000000
vn -0.952756 -0.157480 0.251969
vn -0.740157 -0.637795 0.196850
vn -0.976378 -0.157480 0.125984
vn -0.740157 -0.637795 0.196850
vn -0.952756 -0.157480 0.251969
vn -0.858268 -0.157480 0.496063
vn -0.543307 -0.637795 0.543307
vn -0.669291 -0.637795 0.385827
vn -0.700787 -0.157480 0.700787
vn -0.669291 -0.637795 0.385827
vn -0.858268 -0.157480 0.496063
vn -0.700787 -0.157480 0.700787
vn -0.204724 -0.637795 0.748031
vn -0.055118 -0.637795 0.771654
vn 0.000000 -1.000000 0.000000
vn -0.055118 -0.637795 0.771654
vn 0.000000 -1.000000 0.000000
vn 0.000000 -1.000000 0.000000
vn 0.000000 -1.000000 0.000000
vn -0.055118 -0.637795 0.771654
vn 0.000000 -0.637795 0.771654
vn -0.385827 -0.637795 0.669291
vn -0.543307 -0.637795 0.543307
vn -0.496063 -0.157480 0.858268
vn -0.543307 -0.637795 0.543307
vn -0.700787 -0.157480 0.700787
vn -0.496063 -0.157480 0.858268
vn -0.259843 -0.157480 0.952756
vn -0.204724 -0.637795 0.748031
vn -0.385827 -0.637795 0.669291
vn -0.496063 -0.157480 0.858268
vn -0.259843 -0.157480 0.952756
vn -0.385827 -0.637795 0.669291
vn -0.259843 -0.157480 0.952756
vn -0.070866 -0.157480 0.984252
vn -0.204724 -0.637795 0.748031
vn -0.070866 -0.157480 0.984252
vn -0.055118 -0.637795 0.771654
vn -0.204724 -0.637795 0.748031
vn 0.055118 -0.629921 -0.771654
vn 0.062992 -0.149606 -0.984252
vn 0.259843 -0.149606 -0.952756
vn 0.062992 -0.149606 -0.984252
vn 0.055118 -0.629921 -0.771654
vn 0.000000 -0.629921 -0.771654
vn -0.055118 -0.637795 0.771654
vn -0.070866 -0.157480 0.984252
vn 0.000000 -0.157480 0.984252
vn 0.000000 -0.637795 0.771654
vn -0.055118 -0.637795 0.771654
vn 0.000000 -0.157480 0.984252
vn 0.000000 -0.149606 -0.992126
vn 0.062992 -0.149606 -0.984252
vn 0.000000 -0.629921 -0.771654
vn 0.000000 -1.000000 0.000000
vn -0.196850 -0.637795 -0.748031
vn 0.000000 -1.000000 0.000000
vn -0.196850 -0.637795 -0.748031
vn 0.000000 -1.000000 0.000000
vn 0.000000 -1.000000 0.000000
vn 0.000000 -1.000000 0.000000
vn 0.000000 -1.000000 0.000000
vn 0.385827 -0.637795 0.669291
vn 0.000000 -1.000000 0.000000
vn 0.385827 -0.637795 0.669291
vn 0.543307 -0.637795 0.543307
vn 0.543307 -0.637795 0.543307
vn 0.385827 -0.637795 0.669291
vn 0.700787 -0.157480 0.700787
vn 0.543307 -0.637795 0.543307
vn 0.700787 -0.157480 0.700787
vn 0.858268 -0.157480 0.496063
vn 0.669291 -0.637795 0.385827
vn 0.543307 -0.637795 0.543307
vn 0.858268 -0.157480 0.496063
vn 0.669291 -0.637795 0.385827
vn 0.858268 -0.157480 0.496063
vn 0.952756 -0.157480 0.251969
vn 0.740157 -0.637795 0.196850
vn 0.669291 -0.637795 0.385827
vn 0.952756 -0.157480 0.251969
vn 0.952756 -0.157480 0.251969
vn 0.976378 -0.157480 0.125984
vn 0.740157 -0.637795 0.196850
vn 0.976378 -0.157480 0.125984
vn 0.763780 -0.637795 0.102362
vn 0.740157 -0.637795 0.196850
vn 0.740157 -0.637795 0.196850
vn 0.763780 -0.637795 0.102362
vn 0.000000 -1.000000 0.000000
vn 0.763780 -0.637795 0.102362
vn 0.000000 -1.000000 0.000000
vn 0.000000 -1.000000 0.000000
vn 0.000000 -1.000000 0.000000
vn 0.000000 -1.000000 0.000000
vn -0.748031 -0.637795 -0.196850
vn 0.000000 -1.000000 0.000000
vn -0.771654 -0.629921 -0.102362
vn -0.748031 -0.637795 -0.196850
vn -0.748031 -0.637795 -0.196850
vn -0.771654 -0.629921 -0.102362
vn -0.952756 -0.157480 -0.251969
vn -0.771654 -0.629921 -0.102362
vn -0.976378 -0.149606 -0.125984
vn -0.952756 -0.157480 -0.251969
vn -0.952756 -0.157480 -0.251969
vn -0.858268 -0.157480 -0.496063
vn -0.748031 -0.637795 -0.196850
vn -0.748031 -0.637795 -0.196850
vn -0.669291 -0.637795 -0.385827
vn 0.000000 -1.000000 0.000000
vn -0.858268 -0.157480 -0.496063
vn -0.669291 -0.637795 -0.385827
vn -0.748031 -0.637795 -0.196850
vn 0.000000 -1.000000 0.000000
vn 0.000000 -1.000000 0.000000
vn 0.740157 -0.637795 0.196850
vn -0.669291 -0.637795 -0.385827
vn 0.000000 -1.000000 0.000000
vn 0.000000 -1.000000 0.000000
vn 0.000000 -1.000000 0.000000
vn 0.669291 -0.637795 0.385827
vn 0.740157 -0.637795 0.196850
vn -0.858268 -0.157480 -0.496063
vn -0.700787 -0.157480 -0.700787
vn -0.669291 -0.637795 -0.385827
vn -0.669291 -0.637795 -0.385827
vn -0.543307 -0.637795 -0.543307
vn 0.000000 -1.000000 0.000000
vn -0.700787 -0.157480 -0.700787
vn -0.543307 -0.637795 -0.543307
vn -0.669291 -0.637795 -0.385827
vn 0.000000 -1.000000 0.000000
vn 0.000000 -1.000000 0.000000
vn 0.669291 -0.637795 0.385827
vn 0.000000 -1.000000 0.000000
vn 0.543307 -0.637795 0.543307
vn 0.669291 -0.637795 0.385827
vn -0.543307 -0.637795 -0.543307
vn 0.000000 -1.000000 0.000000
vn 0.000000 -1.000000 0.000000
vn 0.000000 -1.000000 0.000000
vn 0.000000 -1.000000 0.000000
vn 0.543307 -0.637795 0.543307
vn 0.385827 -0.637795 0.669291
vn 0.496063 -0.157480 0.858268
vn 0.700787 -0.157480 0.700787
vn -0.700787 -0.157480 -0.700787
vn -0.496063 -0.157480 -0.858268
vn -0.543307 -0.637795 -0.543307
vn -0.543307 -0.637795 -0.543307
vn -0.385827 -0.637795 -0.669291
vn 0.000000 -1.000000 0.000000
vn -0.385827 -0.637795 -0.669291
vn 0.000000 -1.000000 0.000000
vn 0.000000 -1.000000 0.000000
vn -0.496063 -0.157480 -0.858268
vn -0.385827 -0.637795 -0.669291
vn -0.543307 -0.637795 -0.543307
vn -0.385827 -0.637795 -0.669291
vn -0.196850 -0.637795 -0.748031
vn 0.000000 -1.000000 0.000000
vn 0.385827 -0.637795 0.669291
vn 0.196850 -0.637795 0.740157
vn 0.496063 -0.157480 0.858268
vn 0.000000 -1.000000 0.000000
vn 0.196850 -0.637795 0.740157
vn 0.385827 -0.637795 0.669291
vn 0.196850 -0.637795 0.740157
vn 0.251969 -0.157480 0.952756
vn 0.496063 -0.157480 0.858268
vn 0.251969 -0.157480 0.952756
vn 0.196850 -0.637795 0.740157
vn 0.125984 -0.157480 0.976378
vn 0.196850 -0.637795 0.740157
vn 0.000000 -1.000000 0.000000
vn 0.102362 -0.637795 0.763780
vn 0.196850 -0.637795 0.740157
vn 0.102362 -0.637795 0.763780
vn 0.125984 -0.157480 0.976378
vn 0.000000 -1.000000 0.000000
vn 0.000000 -1.000000 0.000000
vn 0.102362 -0.637795 0.763780
vn -0.496063 -0.157480 -0.858268
vn 0.858268 0.133858 -0.496063
vn -0.385827 -0.637795 -0.669291
vn 0.858268 0.133858 -0.496063
vn -0.196850 -0.637795 -0.748031
vn -0.385827 -0.637795 -0.669291
vn -0.196850 -0.637795 -0.748031
vn 0.858268 0.133858 -0.496063
vn -0.102362 -0.629921 -0.771654
vn -0.196850 -0.637795 -0.748031
vn -0.102362 -0.629921 -0.771654
vn 0.000000 -1.000000 0.000000
vn 0.858268 0.133858 -0.496063
vn 0.858268 0.133858 -0.496063
vn -0.102362 -0.629921 -0.771654
vn 0.000000 -1.000000 0.000000
vn 0.771654 -0.637795 0.000000
vn 0.771654 -0.637795 0.000000
vn 0.771654 -0.637795 0.000000
vn 0.771654 -0.637795 0.000000
vn 0.984252 -0.157480 0.000000
vn 0.771654 -0.637795 0.000000
vn 0.984252 -0.157480 0.000000
vn 0.984252 -0.157480 0.000000
vn 0.000000 -1.000000 0.000000
vn 0.000000 -1.000000 0.000000
vn 0.771654 -0.637795 0.000000
vn -0.771654 -0.629921 0.000000
vn 0.000000 -1.000000 0.000000
vn 0.000000 -1.000000 0.000000
vn -0.771654 -0.629921 0.000000
vn -0.771654 -0.629921 0.000000
vn 0.000000 -1.000000 0.000000
vn -0.992126 -0.149606 0.000000
vn -0.771654 -0.629921 0.000000
vn -0.771654 -0.629921 0.000000
vn -0.992126 -0.149606 0.000000
vn -0.992126 -0.149606 0.000000
vn -0.771654 -0.629921 0.000000
vn 0.496063 0.133858 -0.858268
vn 0.496063 0.133858 -0.858268
vn 0.496063 0.133858 -0.858268
vn 0.496063 0.133858 -0.858268
vn 0.496063 0.133858 -0.858268
vn 0.496063 0.133858 -0.858268
vn 0.000000 0.133858 -0.992126
vn 0.000000 0.133858 -0.992126
vn 0.000000 0.133858 -0.992126
vn 0.000000 0.133858 -0.992126
vn 0.000000 0.133858 -0.992126
vn 0.000000 0.133858 -0.992126
vn -0.496063 0.133858 -0.858268
vn -0.496063 0.133858 -0.858268
vn -0.496063 0.133858 -0.858268
vn -0.496063 0.133858 -0.858268
vn -0.496063 0.133858 -0.858268
vn -0.496063 0.133858 -0.858268
vn -0.858268 0.133858 -0.496063
vn -0.858268 0.133858 -0.496063
vn -0.858268 0.133858 -0.496063
vn -0.858268 0.133858 -0.496063
vn -0.858268 0.133858 -0.496063
vn -0.858268 0.133858 -0.496063
vn -0.992126 0.133858 0.000000
vn -0.992126 0.133858 0.000000
vn -0.992126 0.133858 0.000000
vn -0.992126 0.133858 0.000000
vn -0.992126 0.133858 0.000000
vn -0.992126 0.133858 0.000000
vn -0.858268 0.133858 0.496063
vn -0.858268 0.133858 0.496063
vn -0.858268 0.133858 0.496063
vn -0.858268 0.133858 0.496063
vn -0.858268 0.133858 0.496063
vn -0.858268 0.133858 0.496063
vn -0.496063 0.133858 0.858268
vn -0.496063 0.133858 0.858268
vn -0.496063 0.133858 0.858268
vn -0.496063 0.133858 0.858268
vn -0.496063 0.133858 0.858268
vn -0.496063 0.133858 0.858268
vn 0.000000 0.133858 0.992126
vn 0.000000 0.133858 0.992126
vn 0.000000 0.133858 0.992126
vn 0.000000 0.133858 0.992126
vn 0.000000 0.133858 0.992126
vn 0.000000 0.133858 0.992126
vn 0.496063 0.133858 0.858268
vn 0.496063 0.133858 0.858268
vn 0.496063 0.133858 0.858268
vn 0.496063 0.133858 0.858268
vn 0.496063 0.133858 0.858268
vn 0.496063 0.133858 0.858268
vn 0.858268 0.133858 0.496063
vn 0.858268 0.133858 0.496063
vn 0.858268 0.133858 0.496063
vn 0.858268 0.133858 0.496063
vn 0.858268 0.133858 0.496063
vn 0.858268 0.133858 0.496063
vn 0.992126 0.133858 0.000000
vn 0.992126 0.133858 0.000000
vn 0.992126 0.133858 0.000000
vn 0.992126 0.133858 0.000000
vn 0.992126 0.133858 0.000000
vn 0.992126 0.133858 0.000000
vn 0.858268 0.133858 -0.496063
vn 0.000000 1.000000 0.000000
vn 0.858268 0.133858 -0.496063
vn 0.000000 1.000000 0.000000
vn 0.000000 1.000000 0.000000
vn 0.858268 0.133858 -0.496063
vn 0.000000 1.000000 0.000000
vn 0.000000 1.000000 0.000000
vn 0.000000 1.000000 0.000000
vn 0.000000 1.000000 0.000000
vn 0.000000 1.000000 0.000000
vn 0.000000 1.000000 0.000000
vn 0.000000 1.000000 0.000000
vn 0.000000 1.000000 0.000000
vn 0.000000 1.000000 0.000000
vn 0.000000 1.000000 0.000000
vn 0.000000 1.000000 0.000000
vn 0.000000 1.000000 0.000000
vn 0.000000 1.000000 0.000000
vn 0.000000 1.000000 0.000000
vn 0.000000 1.000000 0.000000
vn 0.000000 1.000000 0.000000
vn 0.000000 1.000000 0.000000
vn 0.000000 1.000000 0.000000
vn 0.000000 1.000000 0.000000
vn 0.000000 1.000000 0.000000
vn 0.000000 1.000000 0.000000
vn 0.000000 1.000000 0.000000
vn 0.000000 1.000000 0.000000
vn 0.000000 1.000000 0.000000
vn 0.000000 1.000000 0.000000
vn 0.000000 1.000000 0.000000
vn 0.000000 1.000000 0.000000
vn 0.000000 1.000000 0.000000
vn 0.000000 1.000000 0.000000
vn 0.000000 1.000000 0.000000
vn 0.000000 1.000000 0.000000
vn 0.000000 1.000000 0.000000
vn 0.000000 1.000000 0.000000
vn 0.000000 1.000000 0.000000
vn 0.000000 1.000000 0.000000
vn 0.000000 1.000000 0.000000
vn -0.834646 0.440945 0.330709
vn -0.692913 0.669291 0.283465
vn -0.283465 0.685039 0.669291
vn -0.330709 0.472441 0.818898
vn -0.834646 0.440945 0.330709
vn -0.283465 0.685039 0.669291
vn -0.283465 0.685039 0.669291
vn 0.283465 0.685039 0.669291
vn -0.330709 0.472441 0.818898
vn 0.283465 0.685039 0.669291
vn 0.330709 0.472441 0.818898
vn -0.330709 0.472441 0.818898
vn 0.267717 0.929134 0.251969
vn 0.283465 0.685039 0.669291
vn -0.283465 0.685039 0.669291
vn 0.330709 0.472441 0.818898
vn 0.283465 0.685039 0.669291
vn 0.834646 0.440945 0.330709
vn 0.283465 0.685039 0.669291
vn 0.692913 0.669291 0.283465
vn 0.834646 0.440945 0.330709
vn 0.267717 0.929134 0.251969
vn 0.692913 0.669291 0.283465
vn 0.283465 0.685039 0.669291
vn -0.267717 0.929134 0.251969
vn 0.267717 0.929134 0.251969
vn -0.283465 0.685039 0.669291
vn 0.692913 0.669291 0.283465
vn 0.267717 0.929134 0.251969
vn 0.716535 0.629921 -0.307087
vn 0.716535 0.629921 -0.307087
vn 0.850394 0.393701 -0.346457
vn 0.692913 0.669291 0.283465
vn 0.267717 0.929134 0.251969
vn 0.283465 0.913386 -0.299213
vn 0.716535 0.629921 -0.307087
vn 0.267717 0.929134 0.251969
vn -0.267717 0.929134 0.251969
vn 0.283465 0.913386 -0.299213
vn 0.850394 0.393701 -0.346457
vn 0.834646 0.440945 0.330709
vn 0.692913 0.669291 0.283465
vn -0.267717 0.929134 0.251969
vn -0.283465 0.685039 0.669291
vn -0.692913 0.669291 0.283465
vn 0.850394 0.393701 -0.346457
vn 0.716535 0.629921 -0.307087
vn 0.858268 0.133858 -0.496063
vn 0.283465 0.913386 -0.299213
vn 0.858268 0.133858 -0.496063
vn 0.716535 0.629921 -0.307087
vn 0.716535 0.629921 -0.307087
vn 0.858268 0.133858 -0.496063
vn 0.858268 0.133858 -0.496063
vn -0.267717 0.929134 0.251969
vn -0.283465 0.913386 -0.299213
vn 0.283465 0.913386 -0.299213
vn 0.858268 0.133858 -0.496063
vn 0.283465 0.913386 -0.299213
vn -0.283465 0.913386 -0.299213
vn -0.692913 0.669291 0.283465
vn -0.716535 0.629921 -0.307087
vn -0.267717 0.929134 0.251969
vn -0.716535 0.629921 -0.307087
vn -0.283465 0.913386 -0.299213
vn -0.267717 0.929134 0.251969
vn -0.307087 0.590551 -0.748031
vn 0.858268 0.133858 -0.496063
vn -0.283465 0.913386 -0.299213
vn -0.283465 0.913386 -0.299213
vn -0.716535 0.629921 -0.307087
vn -0.307087 0.590551 -0.748031
vn -0.826772 0.448819 0.330709
vn -0.708661 0.637795 0.307087
vn -0.307087 0.653543 0.692913
vn -0.330709 0.472441 0.818898
vn -0.826772 0.448819 0.330709
vn -0.307087 0.653543 0.692913
vn -0.307087 0.653543 0.692913
vn 0.307087 0.653543 0.692913
vn -0.330709 0.472441 0.818898
vn 0.307087 0.653543 0.692913
vn 0.330709 0.472441 0.818898
vn -0.330709 0.472441 0.818898
vn 0.330709 0.472441 0.818898
vn 0.307087 0.653543 0.692913
vn 0.826772 0.448819 0.330709
vn 0.307087 0.653543 0.692913
vn 0.708661 0.637795 0.307087
vn 0.826772 0.448819 0.330709
vn -0.897638 -0.251969 -0.370079
vn -0.685039 -0.251969 -0.685039
vn -0.897638 -0.251969 -0.370079
vn -0.685039 -0.251969 -0.685039
vn -0.685039 -0.251969 -0.685039
vn -0.897638 -0.251969 -0.370079
vn -0.685039 -0.251969 -0.685039
vn -0.370079 -0.251969 -0.897638
vn -0.685039 -0.251969 -0.685039
vn -0.370079 -0.251969 -0.897638
vn -0.370079 -0.251969 -0.897638
vn -0.685039 -0.251969 -0.685039
vn -0.370079 -0.251969 -0.897638
vn 0.000000 -0.251969 -0.968504
vn -0.370079 -0.251969 -0.897638
vn 0.000000 -0.251969 -0.968504
vn 0.000000 -0.251969 -0.968504
vn -0.370079 -0.251969 -0.897638
vn 0.000000 -0.251969 -0.968504
vn 0.370079 -0.251969 -0.897638
vn 0.000000 -0.251969 -0.968504
vn 0.370079 -0.251969 -0.897638
vn 0.370079 -0.251969 -0.897638
vn 0.000000 -0.251969 -0.968504
vn 0.370079 -0.251969 -0.897638
vn 0.685039 -0.251969 -0.685039
vn 0.370079 -0.251969 -0.897638
vn 0.685039 -0.251969 -0.685039
vn 0.685039 -0.251969 -0.685039
vn 0.370079 -0.251969 -0.897638
vn 0.685039 -0.251969 -0.685039
vn 0.897638 -0.251969 -0.370079
vn 0.685039 -0.251969 -0.685039
vn 0.897638 -0.251969 -0.370079
vn 0.897638 -0.251969 -0.370079
vn 0.685039 -0.251969 -0.685039
vn 0.897638 -0.251969 -0.370079
vn 0.968504 -0.251969 0.000000
vn 0.897638 -0.251969 -0.370079
vn 0.968504 -0.251969 0.000000
vn 0.968504 -0.251969 0.000000
vn 0.897638 -0.251969 -0.370079
vn 0.968504 -0.251969 0.000000
vn 0.897638 -0.251969 0.370079
vn 0.968504 -0.251969 0.000000
vn 0.897638 -0.251969 0.370079
vn 0.897638 -0.251969 0.370079
vn 0.968504 -0.251969 0.000000
vn 0.897638 -0.251969 0.370079
vn 0.685039 -0.251969 0.685039
vn 0.897638 -0.251969 0.370079
vn 0.685039 -0.251969 0.685039
vn 0.685039 -0.251969 0.685039
vn 0.897638 -0.251969 0.370079
vn 0.685039 -0.251969 0.685039
vn 0.370079 -0.251969 0.897638
vn 0.685039 -0.251969 0.685039
vn 0.370079 -0.251969 0.897638
vn 0.370079 -0.251969 0.897638
vn 0.685039 -0.251969 0.685039
vn 0.370079 -0.251969 0.897638
vn 0.000000 -0.251969 0.968504
vn 0.370079 -0.251969 0.897638
vn 0.000000 -0.251969 0.968504
vn 0.000000 -0.251969 0.968504
vn 0.370079 -0.251969 0.897638
vn 0.000000 -0.251969 0.968504
vn -0.370079 -0.251969 0.897638
vn 0.000000 -0.251969 0.968504
vn -0.370079 -0.251969 0.897638
vn -0.370079 -0.251969 0.897638
vn 0.000000 -0.251969 0.968504
vn -0.370079 -0.251969 0.897638
vn -0.685039 -0.251969 0.685039
vn -0.370079 -0.251969 0.897638
vn -0.685039 -0.251969 0.685039
vn -0.685039 -0.251969 0.685039
vn -0.370079 -0.251969 0.897638
vn -0.685039 -0.251969 0.685039
vn -0.897638 -0.251969 0.370079
vn -0.685039 -0.251969 0.685039
vn -0.897638 -0.251969 0.370079
vn -0.897638 -0.251969 0.370079
vn -0.685039 -0.251969 0.685039
vn -0.897638 -0.251969 0.370079
vn -0.968504 -0.251969 0.000000
vn -0.897638 -0.251969 0.370079
vn -0.968504 -0.251969 0.000000
vn -0.968504 -0.251969 0.000000
vn -0.897638 -0.251969 0.370079
vn -0.968504 -0.251969 0.000000
vn -0.897638 -0.251969 -0.370079
vn -0.968504 -0.251969 0.000000
vn -0.897638 -0.251969 -0.370079
vn -0.897638 -0.251969 -0.370079
vn -0.968504 -0.251969 0.000000
vn 0.000000 -0.244094 -0.968504
vn 0.000000 -0.244094 -0.968504
vn 0.062992 -0.251969 -0.968504
vn 0.062992 -0.251969 -0.968504
vn 0.000000 -0.244094 -0.968504
vn 0.062992 -0.251969 -0.968504
vn 0.062992 -0.251969 -0.968504
vn 0.062992 -0.251969 -0.968504
vn 0.244094 -0.283465 -0.929134
vn 0.244094 -0.283465 -0.929134
vn 0.062992 -0.251969 -0.968504
vn 0.244094 -0.283465 -0.929134
vn 0.244094 -0.283465 -0.929134
vn 0.244094 -0.283465 -0.929134
vn 0.472441 -0.307087 -0.826772
vn 0.472441 -0.307087 -0.826772
vn 0.244094 -0.283465 -0.929134
vn 0.472441 -0.307087 -0.826772
vn 0.472441 -0.307087 -0.826772
vn 0.472441 -0.307087 -0.826772
vn 0.669291 -0.322835 -0.669291
vn 0.669291 -0.322835 -0.669291
vn 0.472441 -0.307087 -0.826772
vn 0.669291 -0.322835 -0.669291
vn 0.669291 -0.322835 -0.669291
vn 0.669291 -0.322835 -0.669291
vn 0.818898 -0.322835 -0.472441
vn 0.818898 -0.322835 -0.472441
vn 0.669291 -0.322835 -0.669291
vn 0.818898 -0.322835 -0.472441
vn 0.921260 -0.314961 -0.244094
vn 0.818898 -0.322835 -0.472441
vn 0.818898 -0.322835 -0.472441
vn 0.921260 -0.314961 -0.244094
vn 0.921260 -0.314961 -0.244094
vn 0.818898 -0.322835 -0.472441
vn 0.952756 -0.291339 -0.062992
vn 0.921260 -0.314961 -0.244094
vn 0.921260 -0.314961 -0.244094
vn 0.952756 -0.291339 -0.062992
vn 0.952756 -0.291339 -0.062992
vn 0.921260 -0.314961 -0.244094
vn 0.952756 -0.291339 -0.062992
vn 0.952756 -0.291339 -0.062992
vn 0.952756 -0.291339 0.062992
vn 0.952756 -0.291339 0.062992
vn 0.952756 -0.291339 -0.062992
vn 0.952756 -0.291339 0.062992
vn 0.952756 -0.291339 0.062992
vn 0.952756 -0.291339 0.062992
vn 0.921260 -0.314961 0.244094
vn 0.921260 -0.314961 0.244094
vn 0.952756 -0.291339 0.062992
vn 0.921260 -0.314961 0.244094
vn 0.921260 -0.314961 0.244094
vn 0.921260 -0.314961 0.244094
vn 0.818898 -0.322835 0.472441
vn 0.818898 -0.322835 0.472441
vn 0.921260 -0.314961 0.244094
vn 0.818898 -0.322835 0.472441
vn 0.669291 -0.322835 0.669291
vn 0.818898 -0.322835 0.472441
vn 0.818898 -0.322835 0.472441
vn 0.669291 -0.322835 0.669291
vn 0.669291 -0.322835 0.669291
vn 0.818898 -0.322835 0.472441
vn 0.472441 -0.307087 0.826772
vn 0.669291 -0.322835 0.669291
vn 0.669291 -0.322835 0.669291
vn 0.472441 -0.307087 0.826772
vn 0.472441 -0.307087 0.826772
vn 0.669291 -0.322835 0.669291
vn 0.244094 -0.283465 0.929134
vn 0.472441 -0.307087 0.826772
vn 0.472441 -0.307087 0.826772
vn 0.244094 -0.283465 0.929134
vn 0.244094 -0.283465 0.929134
vn 0.472441 -0.307087 0.826772
vn 0.125984 -0.267717 0.952756
vn 0.244094 -0.283465 0.929134
vn 0.244094 -0.283465 0.929134
vn 0.125984 -0.267717 0.952756
vn 0.125984 -0.267717 0.952756
vn 0.244094 -0.283465 0.929134
vn 0.000000 -1.000000 0.000000
vn 0.000000 -1.000000 0.000000
vn 0.000000 -1.000000 0.000000
vn 0.000000 -1.000000 0.000000
vn 0.000000 -1.000000 0.000000
vn 0.000000 -1.000000 0.000000
vn 0.000000 -1.000000 0.000000
vn 0.000000 -1.000000 0.000000
vn 0.000000 -1.000000 0.000000
vn 0.000000 -1.000000 0.000000
vn 0.000000 -1.000000 0.000000
vn 0.000000 -1.000000 0.000000
vn 0.000000 -1.000000 0.000000
vn 0.000000 -1.000000 0.000000
vn 0.000000 -1.000000 0.000000
vn 0.000000 -1.000000 0.000000
vn 0.000000 -1.000000 0.000000
vn 0.000000 -1.000000 0.000000
vn 0.000000 -1.000000 0.000000
vn 0.000000 -1.000000 0.000000
vn 0.000000 -1.000000 0.000000
vn 0.000000 -1.000000 0.000000
vn 0.000000 -1.000000 0.000000
vn 0.000000 -1.000000 0.000000
vn 0.000000 -1.000000 0.000000
vn 0.000000 -1.000000 0.000000
vn 0.000000 -1.000000 0.000000
vn 0.000000 -1.000000 0.000000
vn 0.000000 -1.000000 0.000000
vn 0.000000 -1.000000 0.000000
vn -0.897638 -0.251969 -0.370079
vn -0.685039 -0.251969 -0.685039
vn -0.897638 -0.251969 -0.370079
vn -0.685039 -0.251969 -0.685039
vn -0.685039 -0.251969 -0.685039
vn -0.897638 -0.251969 -0.370079
vn -0.685039 -0.251969 -0.685039
vn -0.370079 -0.251969 -0.897638
vn -0.685039 -0.251969 -0.685039
vn -0.370079 -0.251969 -0.897638
vn -0.370079 -0.251969 -0.897638
vn -0.685039 -0.251969 -0.685039
vn -0.370079 -0.251969 -0.897638
vn 0.000000 -0.251969 -0.968504
vn -0.370079 -0.251969 -0.897638
vn 0.000000 -0.251969 -0.968504
vn 0.000000 -0.251969 -0.968504
vn -0.370079 -0.251969 -0.897638
vn 0.000000 -0.251969 -0.968504
vn 0.370079 -0.251969 -0.897638
vn 0.000000 -0.251969 -0.968504
vn 0.370079 -0.251969 -0.897638
vn 0.370079 -0.251969 -0.897638
vn 0.000000 -0.251969 -0.968504
vn 0.370079 -0.251969 -0.897638
vn 0.685039 -0.251969 -0.685039
vn 0.370079 -0.251969 -0.897638
vn 0.685039 -0.251969 -0.685039
vn 0.685039 -0.251969 -0.685039
vn 0.370079 -0.251969 -0.897638
vn 0.685039 -0.251969 -0.685039
vn 0.897638 -0.251969 -0.370079
vn 0.685039 -0.251969 -0.685039
vn 0.897638 -0.251969 -0.370079
vn 0.897638 -0.251969 -0.370079
vn 0.685039 -0.251969 -0.685039
vn 0.897638 -0.251969 -0.370079
vn 0.968504 -0.251969 0.000000
vn 0.897638 -0.251969 -0.370079
vn 0.968504 -0.251969 0.000000
vn 0.968504 -0.251969 0.000000
vn 0.897638 -0.251969 -0.370079
vn 0.968504 -0.251969 0.000000
vn 0.897638 -0.251969 0.370079
vn 0.968504 -0.251969 0.000000
vn 0.897638 -0.251969 0.370079
vn 0.897638 -0.251969 0.370079
vn 0.968504 -0.251969 0.000000
vn 0.897638 -0.251969 0.370079
vn 0.685039 -0.251969 0.685039
vn 0.897638 -0.251969 0.370079
vn 0.685039 -0.251969 0.685039
vn 0.685039 -0.251969 0.685039
vn 0.897638 -0.251969 0.370079
vn 0.685039 -0.251969 0.685039
vn 0.370079 -0.251969 0.897638
vn 0.685039 -0.251969 0.685039
vn 0.370079 -0.251969 0.897638
vn 0.370079 -0.251969 0.897638
vn 0.685039 -0.251969 0.685039
vn 0.370079 -0.251969 0.897638
vn 0.000000 -0.251969 0.968504
vn 0.370079 -0.251969 0.897638
vn 0.000000 -0.251969 0.968504
vn 0.000000 -0.251969 0.968504
vn 0.370079 -0.251969 0.897638
vn 0.000000 -0.251969 0.968504
vn -0.370079 -0.251969 0.897638
vn 0.000000 -0.251969 0.968504
vn -0.370079 -0.251969 0.897638
vn -0.370079 -0.251969 0.897638
vn 0.000000 -0.251969 0.968504
vn -0.370079 -0.251969 0.897638
vn -0.685039 -0.251969 0.685039
vn -0.370079 -0.251969 0.897638
vn -0.685039 -0.251969 0.685039
vn -0.685039 -0.251969 0.685039
vn -0.370079 -0.251969 0.897638
vn -0.685039 -0.251969 0.685039
vn -0.897638 -0.251969 0.370079
vn -0.685039 -0.251969 0.685039
vn -0.897638 -0.251969 0.370079
vn -0.897638 -0.251969 0.370079
vn -0.685039 -0.251969 0.685039
vn -0.897638 -0.251969 0.370079
vn -0.968504 -0.251969 0.000000
vn -0.897638 -0.251969 0.370079
vn -0.968504 -0.251969 0.000000
vn -0.968504 -0.251969 0.000000
vn -0.897638 -0.251969 0.370079
vn -0.968504 -0.251969 0.000000
vn -0.897638 -0.251969 -0.370079
vn -0.968504 -0.251969 0.000000
vn -0.897638 -0.251969 -0.370079
vn -0.897638 -0.251969 -0.370079
vn -0.968504 -0.251969 0.000000
vn 0.000000 -0.236220 0.968504
vn 0.000000 -0.236220 0.968504
vn 0.000000 -0.236220 0.968504
vn 0.000000 -0.236220 0.968504
vn 0.000000 -0.236220 0.968504
vn 0.000000 -0.236220 0.968504
vn 0.000000 -0.236220 -0.968504
vn 0.000000 -0.236220 -0.968504
vn 0.000000 -0.236220 -0.968504
vn 0.000000 -0.236220 -0.968504
vn 0.000000 -0.236220 -0.968504
vn 0.000000 -0.236220 -0.968504
vn -0.984252 -0.125984 0.149606
vn -0.984252 -0.125984 0.149606
vn -0.992126 -0.133858 0.031496
vn -0.984252 -0.125984 0.149606
vn -0.992126 -0.133858 0.031496
vn -0.992126 -0.133858 0.031496
vn -0.992126 -0.133858 0.031496
vn -0.984252 -0.133858 -0.086614
vn -0.992126 -0.133858 0.031496
vn -0.984252 -0.133858 -0.086614
vn -0.984252 -0.133858 -0.086614
vn -0.992126 -0.133858 0.031496
vn 0.984252 -0.133858 -0.086614
vn 0.984252 -0.133858 -0.086614
vn 0.992126 -0.133858 0.031496
vn 0.984252 -0.133858 -0.086614
vn 0.992126 -0.133858 0.031496
vn 0.992126 -0.133858 0.031496
vn 0.992126 -0.133858 0.031496
vn 0.984252 -0.125984 0.149606
vn 0.992126 -0.133858 0.031496
vn 0.984252 -0.125984 0.149606
vn 0.984252 -0.125984 0.149606
vn 0.992126 -0.133858 0.031496
vn 0.000000 -0.992126 -0.133858
vn 0.000000 -0.992126 -0.133858
vn 0.000000 -1.000000 0.015748
vn 0.000000 -1.000000 0.015748
vn 0.000000 -0.992126 -0.133858
vn 0.000000 -1.000000 0.015748
vn 0.000000 -1.000000 0.015748
vn 0.000000 -0.984252 0.157480
vn 0.000000 -1.000000 0.015748
vn 0.000000 -0.984252 0.157480
vn 0.000000 -0.984252 0.157480
vn 0.000000 -1.000000 0.015748
vn 0.000000 -0.811024 0.582677
vn 0.000000 -0.811024 0.582677
vn 0.000000 -0.811024 0.582677
vn 0.000000 -0.811024 0.582677
vn 0.000000 -0.811024 0.582677
vn 0.000000 -0.811024 0.582677
vn 0.000000 -0.818898 -0.574803
vn 0.000000 -0.818898 -0.574803
vn 0.000000 -0.818898 -0.574803
vn 0.000000 -0.818898 -0.574803
vn 0.000000 -0.818898 -0.574803
vn 0.000000 -0.818898 -0.574803
vn 0.000000 -1.000000 0.000000
vn 0.000000 -1.000000 0.000000
vn 0.000000 -1.000000 0.000000
vn 0.000000 -1.000000 0.000000
vn 0.000000 -1.000000 0.000000
vn 0.000000 -1.000000 0.000000
vn 0.000000 -1.000000 0.000000
vn 0.000000 -1.000000 0.000000
vn 0.000000 -1.000000 0.000000
vn 0.000000 -1.000000 0.000000
vn 0.000000 -1.000000 0.000000
vn 0.000000 -1.000000 0.000000
vn 0.000000 -1.000000 0.000000
vn 0.000000 -1.000000 0.000000
vn 0.000000 -1.000000 0.000000
vn 0.000000 -1.000000 0.000000
vn 0.000000 -1.000000 0.000000
vn 0.000000 -1.000000 0.000000
vn 0.000000 -1.000000 0.000000
vn 0.000000 -1.000000 0.000000
vn 0.000000 -1.000000 0.000000
vn 0.000000 -1.000000 0.000000
vn 0.000000 -1.000000 0.000000
vn 0.000000 -1.000000 0.000000
vn 0.000000 -1.000000 0.000000
vn 0.000000 -1.000000 0.000000
vn 0.000000 -1.000000 0.000000
vn 0.000000 -1.000000 0.000000
vn 0.000000 -1.000000 0.000000
vn 0.000000 -1.000000 0.000000
vn -0.653543 -0.393701 -0.653543
vn -0.653543 -0.393701 -0.653543
vn -0.173228 -0.425197 -0.889764
vn -0.173228 -0.425197 -0.889764
vn -0.653543 -0.393701 -0.653543
vn -0.173228 -0.425197 -0.889764
vn -0.173228 -0.425197 -0.889764
vn 0.173228 -0.425197 -0.889764
vn -0.173228 -0.425197 -0.889764
vn 0.173228 -0.425197 -0.889764
vn 0.173228 -0.425197 -0.889764
vn -0.173228 -0.425197 -0.889764
vn 0.173228 -0.425197 -0.889764
vn 0.173228 -0.425197 -0.889764
vn 0.653543 -0.393701 -0.653543
vn 0.173228 -0.425197 -0.889764
vn 0.653543 -0.393701 -0.653543
vn 0.653543 -0.393701 -0.653543
vn 0.653543 -0.393701 -0.653543
vn 0.653543 -0.393701 -0.653543
vn 0.952756 -0.244094 -0.188976
vn 0.653543 -0.393701 -0.653543
vn 0.952756 -0.244094 -0.188976
vn 0.952756 -0.244094 -0.188976
vn 0.952756 -0.244094 -0.188976
vn 0.952756 -0.244094 0.188976
vn 0.952756 -0.244094 -0.188976
vn 0.952756 -0.244094 0.188976
vn 0.952756 -0.244094 0.188976
vn 0.952756 -0.244094 -0.188976
vn 0.952756 -0.244094 0.188976
vn 0.952756 -0.244094 0.188976
vn 0.653543 -0.393701 0.653543
vn 0.653543 -0.393701 0.653543
vn 0.952756 -0.244094 0.188976
vn 0.653543 -0.393701 0.653543
vn 0.653543 -0.393701 0.653543
vn 0.653543 -0.393701 0.653543
vn 0.173228 -0.425197 0.889764
vn 0.173228 -0.425197 0.889764
vn 0.653543 -0.393701 0.653543
vn 0.173228 -0.425197 0.889764
vn 0.173228 -0.425197 0.889764
vn -0.173228 -0.425197 0.889764
vn 0.173228 -0.425197 0.889764
vn -0.173228 -0.425197 0.889764
vn -0.173228 -0.425197 0.889764
vn 0.173228 -0.425197 0.889764
vn -0.173228 -0.425197 0.889764
vn -0.173228 -0.425197 0.889764
vn -0.653543 -0.393701 0.653543
vn -0.173228 -0.425197 0.889764
vn -0.653543 -0.393701 0.653543
vn -0.653543 -0.393701 0.653543
vn -0.653543 -0.393701 -0.653543
vn -0.952756 -0.244094 -0.188976
vn -0.653543 -0.393701 -0.653543
vn -0.952756 -0.244094 -0.188976
vn -0.952756 -0.244094 -0.188976
vn -0.653543 -0.393701 -0.653543
vn -0.952756 -0.244094 -0.188976
vn -0.952756 -0.244094 -0.188976
vn -0.952756 -0.244094 0.188976
vn -0.952756 -0.244094 0.188976
vn -0.952756 -0.244094 -0.188976
vn -0.952756 -0.244094 0.188976
vn -0.653543 -0.393701 0.653543
vn -0.952756 -0.244094 0.188976
vn -0.952756 -0.244094 0.188976
vn -0.653543 -0.393701 0.653543
vn -0.653543 -0.393701 0.653543
vn -0.952756 -0.244094 0.188976
vn 1.000000 0.000000 0.000000
vn 1.000000 0.000000 0.000000
vn 1.000000 0.000000 0.000000
vn 1.000000 0.000000 0.000000
vn 1.000000 0.000000 0.000000
vn 1.000000 0.000000 0.000000
vn -0.275591 0.307087 -0.913386
vn -0.204724 -0.393701 -0.897638
vn 0.000000 0.440945 -0.897638
vn -0.204724 -0.393701 -0.897638
vn 0.000000 -0.370079 -0.929134
vn 0.000000 0.440945 -0.897638
vn 0.708661 0.000000 -0.708661
vn 0.708661 0.000000 -0.708661
vn 0.708661 0.000000 -0.708661
vn 0.708661 0.000000 -0.708661
vn 0.708661 0.000000 -0.708661
vn 0.708661 0.000000 -0.708661
vn 0.708661 0.000000 0.708661
vn 0.708661 0.000000 0.708661
vn 0.708661 0.000000 0.708661
vn 0.708661 0.000000 0.708661
vn 0.708661 0.000000 0.708661
vn 0.708661 0.000000 0.708661
vn 0.000000 -0.370079 0.929134
vn -0.212598 -0.393701 0.897638
vn 0.000000 0.440945 0.897638
vn -0.212598 -0.393701 0.897638
vn -0.275591 0.307087 0.913386
vn 0.000000 0.440945 0.897638
vn -0.614173 0.787402 0.000000
vn -0.259843 0.905512 -0.338583
vn -0.614173 0.787402 0.000000
vn -0.259843 0.905512 -0.338583
vn -0.251969 0.929134 0.267717
vn -0.614173 0.787402 0.000000
vn -0.251969 0.929134 0.267717
vn -0.259843 0.905512 -0.338583
vn -0.165354 0.968504 0.188976
vn -0.251969 0.929134 0.267717
vn -0.165354 0.968504 0.188976
vn 0.251969 0.929134 0.267717
vn -0.259843 0.905512 -0.338583
vn -0.173228 0.921260 -0.338583
vn -0.165354 0.968504 0.188976
vn -0.251969 0.929134 0.267717
vn 0.251969 0.929134 0.267717
vn -0.275591 0.307087 0.913386
vn 0.251969 0.929134 0.267717
vn 0.000000 0.440945 0.897638
vn -0.275591 0.307087 0.913386
vn 0.173228 0.921260 -0.338583
vn -0.173228 0.921260 -0.338583
vn -0.259843 0.905512 -0.338583
vn 0.259843 0.905512 -0.338583
vn 0.173228 0.921260 -0.338583
vn -0.259843 0.905512 -0.338583
vn -0.165354 0.968504 0.188976
vn 0.165354 0.968504 0.188976
vn 0.251969 0.929134 0.267717
vn 0.251969 0.929134 0.267717
vn 0.165354 0.968504 0.188976
vn 0.259843 0.905512 -0.338583
vn 0.165354 0.968504 0.188976
vn 0.173228 0.921260 -0.338583
vn 0.259843 0.905512 -0.338583
vn 0.000000 0.440945 -0.897638
vn 0.259843 0.905512 -0.338583
vn -0.259843 0.905512 -0.338583
vn -0.275591 0.307087 -0.913386
vn 0.000000 0.440945 -0.897638
vn -0.259843 0.905512 -0.338583
vn 0.614173 0.787402 0.000000
vn 0.251969 0.929134 0.267717
vn 0.259843 0.905512 -0.338583
vn 0.614173 0.787402 0.000000
vn 0.614173 0.787402 0.000000
vn 0.259843 0.905512 -0.338583
vn 0.000000 -1.000000 0.000000
vn 0.000000 -1.000000 0.000000
vn 0.000000 -1.000000 0.000000
vn 0.000000 -1.000000 0.000000
vn 0.000000 -1.000000 0.000000
vn 0.000000 -1.000000 0.000000
vn 0.000000 -1.000000 0.000000
vn 0.000000 -1.000000 0.000000
vn 0.000000 -1.000000 0.000000
vn 0.000000 -1.000000 0.000000
vn 0.000000 -1.000000 0.000000
vn 0.000000 -1.000000 0.000000
vn 0.000000 -1.000000 0.000000
vn 0.000000 -1.000000 0.000000
vn 0.000000 -1.000000 0.000000
vn 0.000000 -1.000000 0.000000
vn 0.000000 -1.000000 0.000000
vn 0.000000 -1.000000 0.000000
vn 0.000000 -1.000000 0.000000
vn 0.000000 -1.000000 0.000000
vn 0.000000 -1.000000 0.000000
vn 0.000000 -1.000000 0.000000
vn 0.000000 -1.000000 0.000000
vn 0.000000 -1.000000 0.000000
vn 0.000000 -1.000000 0.000000
vn 0.000000 -1.000000 0.000000
vn 0.000000 -1.000000 0.000000
vn 0.000000 -1.000000 0.000000
vn 0.000000 -1.000000 0.000000
vn 0.000000 -1.000000 0.000000
vn 0.000000 -1.000000 0.000000
vn 0.000000 -1.000000 0.000000
vn 0.000000 -1.000000 0.000000
vn 0.000000 -1.000000 0.000000
vn 0.000000 -1.000000 0.000000
vn 0.000000 -1.000000 0.000000
vn 0.000000 -1.000000 0.000000
vn 0.000000 -1.000000 0.000000
vn 0.000000 -1.000000 0.000000
vn 0.000000 -1.000000 0.000000
vn 0.000000 -1.000000 0.000000
vn 0.000000 -1.000000 0.000000
vn 0.000000 -1.000000 0.000000
vn 0.000000 -1.000000 0.000000
vn 0.000000 -1.000000 0.000000
vn 0.000000 -1.000000 0.000000
vn 0.000000 -1.000000 0.000000
vn 0.000000 -1.000000 0.000000
vn -0.472441 -0.787402 -0.385827
vn -0.472441 -0.787402 -0.385827
vn -0.590551 -0.787402 -0.173228
vn -0.472441 -0.787402 -0.385827
vn -0.472441 -0.787402 -0.385827
vn -0.291339 -0.787402 -0.535433
vn -0.472441 -0.787402 -0.385827
vn -0.291339 -0.787402 -0.535433
vn -0.291339 -0.787402 -0.535433
vn -0.062992 -0.787402 -0.606299
vn -0.291339 -0.787402 -0.535433
vn -0.291339 -0.787402 -0.535433
vn -0.062992 -0.787402 -0.606299
vn -0.062992 -0.787402 -0.606299
vn -0.291339 -0.787402 -0.535433
vn 0.173228 -0.787402 -0.590551
vn -0.062992 -0.787402 -0.606299
vn -0.062992 -0.787402 -0.606299
vn 0.173228 -0.787402 -0.590551
vn 0.173228 -0.787402 -0.590551
vn -0.062992 -0.787402 -0.606299
vn 0.385827 -0.787402 -0.472441
vn 0.173228 -0.787402 -0.590551
vn 0.173228 -0.787402 -0.590551
vn 0.385827 -0.787402 -0.472441
vn 0.385827 -0.787402 -0.472441
vn 0.173228 -0.787402 -0.590551
vn 0.535433 -0.787402 -0.291339
vn 0.385827 -0.787402 -0.472441
vn 0.385827 -0.787402 -0.472441
vn 0.535433 -0.787402 -0.291339
vn 0.535433 -0.787402 -0.291339
vn 0.385827 -0.787402 -0.472441
vn -0.472441 -0.787402 -0.385827
vn -0.590551 -0.787402 -0.173228
vn -0.590551 -0.787402 -0.173228
vn 0.606299 -0.787402 -0.062992
vn 0.535433 -0.787402 -0.291339
vn 0.535433 -0.787402 -0.291339
vn 0.606299 -0.787402 -0.062992
vn 0.606299 -0.787402 -0.062992
vn 0.535433 -0.787402 -0.291339
vn 0.590551 -0.787402 0.173228
vn 0.606299 -0.787402 -0.062992
vn 0.606299 -0.787402 -0.062992
vn 0.590551 -0.787402 0.173228
vn 0.590551 -0.787402 0.173228
vn 0.606299 -0.787402 -0.062992
vn 0.472441 -0.787402 0.385827
vn 0.590551 -0.787402 0.173228
vn 0.590551 -0.787402 0.173228
vn 0.472441 -0.787402 0.385827
vn 0.472441 -0.787402 0.385827
vn 0.590551 -0.787402 0.173228
vn 0.291339 -0.787402 0.535433
vn 0.472441 -0.787402 0.385827
vn 0.472441 -0.787402 0.385827
vn 0.291339 -0.787402 0.535433
vn 0.291339 -0.787402 0.535433
vn 0.472441 -0.787402 0.385827
vn 0.062992 -0.787402 0.606299
vn 0.291339 -0.787402 0.535433
vn 0.291339 -0.787402 0.535433
vn -0.590551 -0.787402 -0.173228
vn -0.590551 -0.787402 -0.173228
vn -0.606299 -0.787402 0.062992
vn 0.062992 -0.787402 0.606299
vn 0.062992 -0.787402 0.606299
vn 0.291339 -0.787402 0.535433
vn -0.173228 -0.787402 0.590551
vn 0.062992 -0.787402 0.606299
vn 0.062992 -0.787402 0.606299
vn -0.173228 -0.787402 0.590551
vn -0.173228 -0.787402 0.590551
vn 0.062992 -0.787402 0.606299
vn -0.385827 -0.787402 0.472441
vn -0.173228 -0.787402 0.590551
vn -0.173228 -0.787402 0.590551
vn -0.385827 -0.787402 0.472441
vn -0.385827 -0.787402 0.472441
vn -0.173228 -0.787402 0.590551
vn -0.535433 -0.787402 0.291339
vn -0.385827 -0.787402 0.472441
vn -0.385827 -0.787402 0.472441
vn -0.535433 -0.787402 0.291339
vn -0.535433 -0.787402 0.291339
vn -0.385827 -0.787402 0.472441
vn -0.606299 -0.787402 0.062992
vn -0.535433 -0.787402 0.291339
vn -0.535433 -0.787402 0.291339
vn -0.606299 -0.787402 0.062992
vn -0.606299 -0.787402 0.062992
vn -0.535433 -0.787402 0.291339
vn -0.590551 -0.787402 -0.173228
vn -0.606299 -0.787402 0.062992
vn -0.606299 -0.787402 0.062992
vn 0.000000 -1.000000 0.000000
vn 0.000000 -1.000000 0.000000
vn 0.000000 -1.000000 0.000000
vn 0.000000 -1.000000 0.000000
vn 0.000000 -1.000000 0.000000
vn 0.000000 -1.000000 0.000000
vn 0.000000 -1.000000 0.000000
vn 0.000000 -1.000000 0.000000
vn 0.000000 -1.000000 0.000000
vn 0.000000 -1.000000 0.000000
vn 0.000000 -1.000000 0.000000
vn 0.000000 -1.000000 0.000000
vn 0.000000 -1.000000 0.000000
vn 0.000000 -1.000000 0.000000
vn 0.000000 -1.000000 0.000000
vn 0.000000 -1.000000 0.000000
vn 0.000000 -1.000000 0.000000
vn 0.000000 -1.000000 0.000000
vn 0.000000 -1.000000 0.000000
vn 0.000000 -1.000000 0.000000
vn 0.000000 -1.000000 0.000000
vn 0.000000 -1.000000 0.000000
vn 0.000000 -1.000000 0.000000
vn 0.000000 -1.000000 0.000000
vn 0.000000 -1.000000 0.000000
vn 0.000000 -1.000000 0.000000
vn 0.000000 -1.000000 0.000000
vn 0.000000 -1.000000 0.000000
vn 0.000000 -1.000000 0.000000
vn 0.000000 -1.000000 0.000000
vn 0.000000 -1.000000 0.000000
vn 0.000000 -1.000000 0.000000
vn 0.000000 -1.000000 0.000000
vn 0.000000 -1.000000 0.000000
vn 0.000000 -1.000000 0.000000
vn 0.000000 -1.000000 0.000000
vn 0.000000 -1.000000 0.000000
vn 0.000000 -1.000000 0.000000
vn 0.000000 -1.000000 0.000000
vn 0.000000 -1.000000 0.000000
vn 0.000000 -1.000000 0.000000
vn 0.000000 -1.000000 0.000000
vn 0.000000 -1.000000 0.000000
vn 0.000000 -1.000000 0.000000
vn 0.000000 -1.000000 0.000000
vn 0.000000 -1.000000 0.000000
vn 0.000000 -1.000000 0.000000
vn 0.000000 -1.000000 0.000000
vn -0.543307 -0.787402 0.283465
vn -0.543307 -0.787402 0.283465
vn -0.385827 -0.787402 0.472441
vn -0.543307 -0.787402 0.283465
vn -0.543307 -0.787402 0.283465
vn -0.606299 -0.787402 0.055118
vn -0.543307 -0.787402 0.283465
vn -0.606299 -0.787402 0.055118
vn -0.606299 -0.787402 0.055118
vn -0.582677 -0.787402 -0.181102
vn -0.606299 -0.787402 0.055118
vn -0.606299 -0.787402 0.055118
vn -0.582677 -0.787402 -0.181102
vn -0.582677 -0.787402 -0.181102
vn -0.606299 -0.787402 0.055118
vn -0.472441 -0.787402 -0.385827
vn -0.582677 -0.787402 -0.181102
vn -0.582677 -0.787402 -0.181102
vn -0.472441 -0.787402 -0.385827
vn -0.472441 -0.787402 -0.385827
vn -0.582677 -0.787402 -0.181102
vn -0.283465 -0.787402 -0.543307
vn -0.472441 -0.787402 -0.385827
vn -0.472441 -0.787402 -0.385827
vn -0.283465 -0.787402 -0.543307
vn -0.283465 -0.787402 -0.543307
vn -0.472441 -0.787402 -0.385827
vn -0.055118 -0.787402 -0.606299
vn -0.283465 -0.787402 -0.543307
vn -0.283465 -0.787402 -0.543307
vn -0.055118 -0.787402 -0.606299
vn -0.055118 -0.787402 -0.606299
vn -0.283465 -0.787402 -0.543307
vn -0.543307 -0.787402 0.283465
vn -0.385827 -0.787402 0.472441
vn -0.385827 -0.787402 0.472441
vn 0.181102 -0.787402 -0.582677
vn -0.055118 -0.787402 -0.606299
vn -0.055118 -0.787402 -0.606299
vn 0.181102 -0.787402 -0.582677
vn 0.181102 -0.787402 -0.582677
vn -0.055118 -0.787402 -0.606299
vn 0.385827 -0.787402 -0.472441
vn 0.181102 -0.787402 -0.582677
vn 0.181102 -0.787402 -0.582677
vn 0.385827 -0.787402 -0.472441
vn 0.385827 -0.787402 -0.472441
vn 0.181102 -0.787402 -0.582677
vn 0.543307 -0.787402 -0.283465
vn 0.385827 -0.787402 -0.472441
vn 0.385827 -0.787402 -0.472441
vn 0.543307 -0.787402 -0.283465
vn 0.543307 -0.787402 -0.283465
vn 0.385827 -0.787402 -0.472441
vn 0.606299 -0.787402 -0.055118
vn 0.543307 -0.787402 -0.283465
vn 0.543307 -0.787402 -0.283465
vn 0.606299 -0.787402 -0.055118
vn 0.606299 -0.787402 -0.055118
vn 0.543307 -0.787402 -0.283465
vn 0.582677 -0.787402 0.181102
vn 0.606299 -0.787402 -0.055118
vn 0.606299 -0.787402 -0.055118
vn -0.385827 -0.787402 0.472441
vn -0.385827 -0.787402 0.472441
vn -0.181102 -0.787402 0.582677
vn 0.582677 -0.787402 0.181102
vn 0.582677 -0.787402 0.181102
vn 0.606299 -0.787402 -0.055118
vn 0.472441 -0.787402 0.385827
vn 0.582677 -0.787402 0.181102
vn 0.582677 -0.787402 0.181102
vn 0.472441 -0.787402 0.385827
vn 0.472441 -0.787402 0.385827
vn 0.582677 -0.787402 0.181102
vn 0.283465 -0.787402 0.543307
vn 0.472441 -0.787402 0.385827
vn 0.472441 -0.787402 0.385827
vn 0.283465 -0.787402 0.543307
vn 0.283465 -0.787402 0.543307
vn 0.472441 -0.787402 0.385827
vn 0.055118 -0.787402 0.606299
vn 0.283465 -0.787402 0.543307
vn 0.283465 -0.787402 0.543307
vn 0.055118 -0.787402 0.606299
vn 0.055118 -0.787402 0.606299
vn 0.283465 -0.787402 0.543307
vn -0.181102 -0.787402 0.582677
vn 0.055118 -0.787402 0.606299
vn 0.055118 -0.787402 0.606299
vn -0.181102 -0.787402 0.582677
vn -0.181102 -0.787402 0.582677
vn 0.055118 -0.787402 0.606299
vn -0.385827 -0.787402 0.472441
vn -0.181102 -0.787402 0.582677
vn -0.181102 -0.787402 0.582677
vn 0.000000 -1.000000 0.000000
vn 0.000000 -1.000000 0.000000
vn 0.000000 -1.000000 0.000000
vn 0.000000 -1.000000 0.000000
vn 0.000000 -1.000000 0.000000
vn 0.000000 -1.000000 0.000000
vn 0.000000 -1.000000 0.000000
vn 0.000000 -1.000000 0.000000
vn 0.000000 -1.000000 0.000000
vn 0.000000 -1.000000 0.000000
vn 0.000000 -1.000000 0.000000
vn 0.000000 -1.000000 0.000000
vn 0.000000 -1.000000 0.000000
vn 0.000000 -1.000000 0.000000
vn 0.000000 -1.000000 0.000000
vn 0.000000 -1.000000 0.000000
vn 0.000000 -1.000000 0.000000
vn 0.000000 -1.000000 0.000000
vn 0.000000 -1.000000 0.000000
vn 0.000000 -1.000000 0.000000
vn 0.000000 -1.000000 0.000000
vn 0.000000 -1.000000 0.000000
vn 0.000000 -1.000000 0.000000
vn 0.000000 -1.000000 0.000000
vn 0.000000 -1.000000 0.000000
vn 0.000000 -1.000000 0.000000
vn 0.000000 -1.000000 0.000000
vn 0.000000 -1.000000 0.000000
vn 0.000000 -1.000000 0.000000
vn 0.000000 -1.000000 0.000000
vn 0.000000 -1.000000 0.000000
vn 0.000000 -1.000000 0.000000
vn 0.000000 -1.000000 0.000000
vn 0.000000 -1.000000 0.000000
vn 0.000000 -1.000000 0.000000
vn 0.000000 -1.000000 0.000000
vn 0.000000 -1.000000 0.000000
vn 0.000000 -1.000000 0.000000
vn 0.000000 -1.000000 0.000000
vn 0.000000 -1.000000 0.000000
vn 0.000000 -1.000000 0.000000
vn 0.000000 -1.000000 0.000000
vn 0.000000 -1.000000 0.000000
vn 0.000000 -1.000000 0.000000
vn 0.000000 -1.000000 0.000000
vn 0.000000 -1.000000 0.000000
vn 0.000000 -1.000000 0.000000
vn 0.000000 -1.000000 0.000000
vn -0.456693 -0.787402 -0.409449
vn -0.456693 -0.787402 -0.409449
vn -0.574803 -0.787402 -0.204724
vn -0.456693 -0.787402 -0.409449
vn -0.456693 -0.787402 -0.409449
vn -0.259843 -0.787402 -0.551181
vn -0.456693 -0.787402 -0.409449
vn -0.259843 -0.787402 -0.551181
vn -0.259843 -0.787402 -0.551181
vn -0.031496 -0.787402 -0.614173
vn -0.259843 -0.787402 -0.551181
vn -0.259843 -0.787402 -0.551181
vn -0.031496 -0.787402 -0.614173
vn -0.031496 -0.787402 -0.614173
vn -0.259843 -0.787402 -0.551181
vn 0.204724 -0.787402 -0.574803
vn -0.031496 -0.787402 -0.614173
vn -0.031496 -0.787402 -0.614173
vn 0.204724 -0.787402 -0.574803
vn 0.204724 -0.787402 -0.574803
vn -0.031496 -0.787402 -0.614173
vn 0.409449 -0.787402 -0.456693
vn 0.204724 -0.787402 -0.574803
vn 0.204724 -0.787402 -0.574803
vn 0.409449 -0.787402 -0.456693
vn 0.409449 -0.787402 -0.456693
vn 0.204724 -0.787402 -0.574803
vn 0.551181 -0.787402 -0.259843
vn 0.409449 -0.787402 -0.456693
vn 0.409449 -0.787402 -0.456693
vn 0.551181 -0.787402 -0.259843
vn 0.551181 -0.787402 -0.259843
vn 0.409449 -0.787402 -0.456693
vn -0.456693 -0.787402 -0.409449
vn -0.574803 -0.787402 -0.204724
vn -0.574803 -0.787402 -0.204724
vn 0.614173 -0.787402 -0.031496
vn 0.551181 -0.787402 -0.259843
vn 0.551181 -0.787402 -0.259843
vn 0.614173 -0.787402 -0.031496
vn 0.614173 -0.787402 -0.031496
vn 0.551181 -0.787402 -0.259843
vn 0.574803 -0.787402 0.204724
vn 0.614173 -0.787402 -0.031496
vn 0.614173 -0.787402 -0.031496
vn 0.574803 -0.787402 0.204724
vn 0.574803 -0.787402 0.204724
vn 0.614173 -0.787402 -0.031496
vn 0.456693 -0.787402 0.409449
vn 0.574803 -0.787402 0.204724
vn 0.574803 -0.787402 0.204724
vn 0.456693 -0.787402 0.409449
vn 0.456693 -0.787402 0.409449
vn 0.574803 -0.787402 0.204724
vn 0.259843 -0.787402 0.551181
vn 0.456693 -0.787402 0.409449
vn 0.456693 -0.787402 0.409449
vn 0.259843 -0.787402 0.551181
vn 0.259843 -0.787402 0.551181
vn 0.456693 -0.787402 0.409449
vn 0.031496 -0.787402 0.614173
vn 0.259843 -0.787402 0.551181
vn 0.259843 -0.787402 0.551181
vn -0.574803 -0.787402 -0.204724
vn -0.574803 -0.787402 -0.204724
vn -0.614173 -0.787402 0.031496
vn 0.031496 -0.787402 0.614173
vn 0.031496 -0.787402 0.614173
vn 0.259843 -0.787402 0.551181
vn -0.204724 -0.787402 0.574803
vn 0.031496 -0.787402 0.614173
vn 0.031496 -0.787402 0.614173
vn -0.204724 -0.787402 0.574803
vn -0.204724 -0.787402 0.574803
vn 0.031496 -0.787402 0.614173
vn -0.409449 -0.787402 0.456693
vn -0.204724 -0.787402 0.574803
vn -0.204724 -0.787402 0.574803
vn -0.409449 -0.787402 0.456693
vn -0.409449 -0.787402 0.456693
vn -0.204724 -0.787402 0.574803
vn -0.551181 -0.787402 0.259843
vn -0.409449 -0.787402 0.456693
vn -0.409449 -0.787402 0.456693
vn -0.551181 -0.787402 0.259843
vn -0.551181 -0.787402 0.259843
vn -0.409449 -0.787402 0.456693
vn -0.614173 -0.787402 0.031496
vn -0.551181 -0.787402 0.259843
vn -0.551181 -0.787402 0.259843
vn -0.614173 -0.787402 0.031496
vn -0.614173 -0.787402 0.031496
vn -0.551181 -0.787402 0.259843
vn -0.574803 -0.787402 -0.204724
vn -0.614173 -0.787402 0.031496
vn -0.614173 -0.787402 0.031496
vn 0.000000 -1.000000 0.000000
vn 0.000000 -1.000000 0.000000
vn 0.000000 -1.000000 0.000000
vn 0.000000 -1.000000 0.000000
vn 0.000000 -1.000000 0.000000
vn 0.000000 -1.000000 0.000000
vn 0.000000 -1.000000 0.000000
vn 0.000000 -1.000000 0.000000
vn 0.000000 -1.000000 0.000000
vn 0.000000 -1.000000 0.000000
vn 0.000000 -1.000000 0.000000
vn 0.000000 -1.000000 0.000000
vn 0.000000 -1.000000 0.000000
vn 0.000000 -1.000000 0.000000
vn 0.000000 -1.000000 0.000000
vn 0.000000 -1.000000 0.000000
vn 0.000000 -1.000000 0.000000
vn 0.000000 -1.000000 0.000000
vn 0.000000 -1.000000 0.000000
vn 0.000000 -1.000000 0.000000
vn 0.000000 -1.000000 0.000000
vn 0.000000 -1.000000 0.000000
vn 0.000000 -1.000000 0.000000
vn 0.000000 -1.000000 0.000000
vn 0.000000 -1.000000 0.000000
vn 0.000000 -1.000000 0.000000
vn 0.000000 -1.000000 0.000000
vn 0.000000 -1.000000 0.000000
vn 0.000000 -1.000000 0.000000
vn 0.000000 -1.000000 0.000000
vn 0.000000 -1.000000 0.000000
vn 0.000000 -1.000000 0.000000
vn 0.000000 -1.000000 0.000000
vn 0.000000 -1.000000 0.000000
vn 0.000000 -1.000000 0.000000
vn 0.000000 -1.000000 0.000000
vn 0.000000 -1.000000 0.000000
vn 0.000000 -1.000000 0.000000
vn 0.000000 -1.000000 0.000000
vn 0.000000 -1.000000 0.000000
vn 0.000000 -1.000000 0.000000
vn 0.000000 -1.000000 0.000000
vn 0.000000 -1.000000 0.000000
vn 0.000000 -1.000000 0.000000
vn 0.000000 -1.000000 0.000000
vn 0.000000 -1.000000 0.000000
vn 0.000000 -1.000000 0.000000
vn 0.000000 -1.000000 0.000000
vn 0.527559 -0.787402 -0.307087
vn 0.527559 -0.787402 -0.307087
vn 0.370079 -0.787402 -0.488189
vn 0.527559 -0.787402 -0.307087
vn 0.527559 -0.787402 -0.307087
vn 0.606299 -0.787402 -0.078740
vn 0.527559 -0.787402 -0.307087
vn 0.606299 -0.787402 -0.078740
vn 0.606299 -0.787402 -0.078740
vn 0.590551 -0.787402 0.157480
vn 0.606299 -0.787402 -0.078740
vn 0.606299 -0.787402 -0.078740
vn 0.590551 -0.787402 0.157480
vn 0.590551 -0.787402 0.157480
vn 0.606299 -0.787402 -0.078740
vn 0.488189 -0.787402 0.370079
vn 0.590551 -0.787402 0.157480
vn 0.590551 -0.787402 0.157480
vn 0.488189 -0.787402 0.370079
vn 0.488189 -0.787402 0.370079
vn 0.590551 -0.787402 0.157480
vn 0.307087 -0.787402 0.527559
vn 0.488189 -0.787402 0.370079
vn 0.488189 -0.787402 0.370079
vn 0.307087 -0.787402 0.527559
vn 0.307087 -0.787402 0.527559
vn 0.488189 -0.787402 0.370079
vn 0.078740 -0.787402 0.606299
vn 0.307087 -0.787402 0.527559
vn 0.307087 -0.787402 0.527559
vn 0.078740 -0.787402 0.606299
vn 0.078740 -0.787402 0.606299
vn 0.307087 -0.787402 0.527559
vn 0.527559 -0.787402 -0.307087
vn 0.370079 -0.787402 -0.488189
vn 0.370079 -0.787402 -0.488189
vn -0.157480 -0.787402 0.590551
vn 0.078740 -0.787402 0.606299
vn 0.078740 -0.787402 0.606299
vn -0.157480 -0.787402 0.590551
vn -0.157480 -0.787402 0.590551
vn 0.078740 -0.787402 0.606299
vn -0.370079 -0.787402 0.488189
vn -0.157480 -0.787402 0.590551
vn -0.157480 -0.787402 0.590551
vn -0.370079 -0.787402 0.488189
vn -0.370079 -0.787402 0.488189
vn -0.157480 -0.787402 0.590551
vn -0.527559 -0.787402 0.307087
vn -0.370079 -0.787402 0.488189
vn -0.370079 -0.787402 0.488189
vn -0.527559 -0.787402 0.307087
vn -0.527559 -0.787402 0.307087
vn -0.370079 -0.787402 0.488189
vn -0.606299 -0.787402 0.078740
vn -0.527559 -0.787402 0.307087
vn -0.527559 -0.787402 0.307087
vn -0.606299 -0.787402 0.078740
vn -0.606299 -0.787402 0.078740
vn -0.527559 -0.787402 0.307087
vn -0.590551 -0.787402 -0.157480
vn -0.606299 -0.787402 0.078740
vn -0.606299 -0.787402 0.078740
vn 0.370079 -0.787402 -0.488189
vn 0.370079 -0.787402 -0.488189
vn 0.157480 -0.787402 -0.590551
vn -0.590551 -0.787402 -0.157480
vn -0.590551 -0.787402 -0.157480
vn -0.606299 -0.787402 0.078740
vn -0.488189 -0.787402 -0.370079
vn -0.590551 -0.787402 -0.157480
vn -0.590551 -0.787402 -0.157480
vn -0.488189 -0.787402 -0.370079
vn -0.488189 -0.787402 -0.370079
vn -0.590551 -0.787402 -0.157480
vn -0.307087 -0.787402 -0.527559
vn -0.488189 -0.787402 -0.370079
vn -0.488189 -0.787402 -0.370079
vn -0.307087 -0.787402 -0.527559
vn -0.307087 -0.787402 -0.527559
vn -0.488189 -0.787402 -0.370079
vn -0.078740 -0.787402 -0.606299
vn -0.307087 -0.787402 -0.527559
vn -0.307087 -0.787402 -0.527559
vn -0.078740 -0.787402 -0.606299
vn -0.078740 -0.787402 -0.606299
vn -0.307087 -0.787402 -0.527559
vn 0.157480 -0.787402 -0.590551
vn -0.078740 -0.787402 -0.606299
vn -0.078740 -0.787402 -0.606299
vn 0.157480 -0.787402 -0.590551
vn 0.157480 -0.787402 -0.590551
vn -0.078740 -0.787402 -0.606299
vn 0.370079 -0.787402 -0.488189
vn 0.157480 -0.787402 -0.590551
vn 0.157480 -0.787402 -0.590551
vn 0.000000 -1.000000 0.000000
vn 0.000000 -1.000000 0.000000
vn 0.000000 -1.000000 0.000000
vn 0.000000 -1.000000 0.000000
vn 0.000000 -1.000000 0.000000
vn 0.000000 -1.000000 0.000000
vn 0.000000 -1.000000 0.000000
vn 0.000000 -1.000000 0.000000
vn 0.000000 -1.000000 0.000000
vn 0.000000 -1.000000 0.000000
vn 0.000000 -1.000000 0.000000
vn 0.000000 -1.000000 0.000000
vn 0.000000 -1.000000 0.000000
vn 0.000000 -1.000000 0.000000
vn 0.000000 -1.000000 0.000000
vn 0.000000 -1.000000 0.000000
vn 0.000000 -1.000000 0.000000
vn 0.000000 -1.000000 0.000000
vn 0.000000 -1.000000 0.000000
vn 0.000000 -1.000000 0.000000
vn 0.000000 -1.000000 0.000000
vn 0.000000 -1.000000 0.000000
vn 0.000000 -1.000000 0.000000
vn 0.000000 -1.000000 0.000000
vn 0.000000 -1.000000 0.000000
vn 0.000000 -1.000000 0.000000
vn 0.000000 -1.000000 0.000000
vn 0.000000 -1.000000 0.000000
vn 0.000000 -1.000000 0.000000
vn 0.000000 -1.000000 0.000000
vn 0.000000 -1.000000 0.000000
vn 0.000000 -1.000000 0.000000
vn 0.000000 -1.000000 0.000000
vn 0.000000 -1.000000 0.000000
vn 0.000000 -1.000000 0.000000
vn 0.000000 -1.000000 0.000000
vn 0.000000 -1.000000 0.000000
vn 0.000000 -1.000000 0.000000
vn 0.000000 -1.000000 0.000000
vn 0.000000 -1.000000 0.000000
vn 0.000000 -1.000000 0.000000
vn 0.000000 -1.000000 0.000000
vn 0.000000 -1.000000 0.000000
vn 0.000000 -1.000000 0.000000
vn 0.000000 -1.000000 0.000000
vn 0.000000 -1.000000 0.000000
vn 0.000000 -1.000000 0.000000
vn 0.000000 -1.000000 0.000000
vn -0.377953 -0.787402 0.480315
vn -0.377953 -0.787402 0.480315
vn -0.165354 -0.787402 0.590551
vn -0.377953 -0.787402 0.480315
vn -0.377953 -0.787402 0.480315
vn -0.535433 -0.787402 0.299213
vn -0.377953 -0.787402 0.480315
vn -0.535433 -0.787402 0.299213
vn -0.535433 -0.787402 0.299213
vn -0.606299 -0.787402 0.070866
vn -0.535433 -0.787402 0.299213
vn -0.535433 -0.787402 0.299213
vn -0.606299 -0.787402 0.070866
vn -0.606299 -0.787402 0.070866
vn -0.535433 -0.787402 0.299213
vn -0.590551 -0.787402 -0.165354
vn -0.606299 -0.787402 0.070866
vn -0.606299 -0.787402 0.070866
vn -0.590551 -0.787402 -0.165354
vn -0.590551 -0.787402 -0.165354
vn -0.606299 -0.787402 0.070866
vn -0.480315 -0.787402 -0.377953
vn -0.590551 -0.787402 -0.165354
vn -0.590551 -0.787402 -0.165354
vn -0.480315 -0.787402 -0.377953
vn -0.480315 -0.787402 -0.377953
vn -0.590551 -0.787402 -0.165354
vn -0.299213 -0.787402 -0.535433
vn -0.480315 -0.787402 -0.377953
vn -0.480315 -0.787402 -0.377953
vn -0.299213 -0.787402 -0.535433
vn -0.299213 -0.787402 -0.535433
vn -0.480315 -0.787402 -0.377953
vn -0.377953 -0.787402 0.480315
vn -0.165354 -0.787402 0.590551
vn -0.165354 -0.787402 0.590551
vn -0.070866 -0.787402 -0.606299
vn -0.299213 -0.787402 -0.535433
vn -0.299213 -0.787402 -0.535433
vn -0.070866 -0.787402 -0.606299
vn -0.070866 -0.787402 -0.606299
vn -0.299213 -0.787402 -0.535433
vn 0.165354 -0.787402 -0.590551
vn -0.070866 -0.787402 -0.606299
vn -0.070866 -0.787402 -0.606299
vn 0.165354 -0.787402 -0.590551
vn 0.165354 -0.787402 -0.590551
vn -0.070866 -0.787402 -0.606299
vn 0.377953 -0.787402 -0.480315
vn 0.165354 -0.787402 -0.590551
vn 0.165354 -0.787402 -0.590551
vn 0.377953 -0.787402 -0.480315
vn 0.377953 -0.787402 -0.480315
vn 0.165354 -0.787402 -0.590551
vn 0.535433 -0.787402 -0.299213
vn 0.377953 -0.787402 -0.480315
vn 0.377953 -0.787402 -0.480315
vn 0.535433 -0.787402 -0.299213
vn 0.535433 -0.787402 -0.299213
vn 0.377953 -0.787402 -0.480315
vn 0.606299 -0.787402 -0.070866
vn 0.535433 -0.787402 -0.299213
vn 0.535433 -0.787402 -0.299213
vn -0.165354 -0.787402 0.590551
vn -0.165354 -0.787402 0.590551
vn 0.070866 -0.787402 0.606299
vn 0.606299 -0.787402 -0.070866
vn 0.606299 -0.787402 -0.070866
vn 0.535433 -0.787402 -0.299213
vn 0.590551 -0.787402 0.165354
vn 0.606299 -0.787402 -0.070866
vn 0.606299 -0.787402 -0.070866
vn 0.590551 -0.787402 0.165354
vn 0.590551 -0.787402 0.165354
vn 0.606299 -0.787402 -0.070866
vn 0.480315 -0.787402 0.377953
vn 0.590551 -0.787402 0.165354
vn 0.590551 -0.787402 0.165354
vn 0.480315 -0.787402 0.377953
vn 0.480315 -0.787402 0.377953
vn 0.590551 -0.787402 0.165354
vn 0.299213 -0.787402 0.535433
vn 0.480315 -0.787402 0.377953
vn 0.480315 -0.787402 0.377953
vn 0.299213 -0.787402 0.535433
vn 0.299213 -0.787402 0.535433
vn 0.480315 -0.787402 0.377953
vn 0.070866 -0.787402 0.606299
vn 0.299213 -0.787402 0.535433
vn 0.299213 -0.787402 0.535433
vn 0.070866 -0.787402 0.606299
vn 0.070866 -0.787402 0.606299
vn 0.299213 -0.787402 0.535433
vn -0.165354 -0.787402 0.590551
vn 0.070866 -0.787402 0.606299
vn 0.070866 -0.787402 0.606299
vn 0.708661 0.637795 0.307087
vn 0.291339 0.913386 0.283465
vn 0.732283 0.598425 -0.330709
vn 0.291339 0.913386 0.283465
vn 0.708661 0.637795 0.307087
vn 0.307087 0.653543 0.692913
vn 0.291339 0.913386 0.283465
vn 0.307087 0.653543 0.692913
vn -0.307087 0.653543 0.692913
vn -0.291339 0.913386 0.283465
vn 0.291339 0.913386 0.283465
vn -0.307087 0.653543 0.692913
vn 0.291339 0.913386 0.283465
vn 0.307087 0.897638 -0.322835
vn 0.732283 0.598425 -0.330709
vn -0.291339 0.913386 0.283465
vn -0.307087 0.897638 -0.322835
vn 0.291339 0.913386 0.283465
vn -0.307087 0.897638 -0.322835
vn 0.307087 0.897638 -0.322835
vn 0.291339 0.913386 0.283465
vn 0.307087 0.897638 -0.322835
vn 0.330709 0.559055 -0.755906
vn 0.732283 0.598425 -0.330709
vn 0.330709 0.559055 -0.755906
vn 0.307087 0.897638 -0.322835
vn -0.307087 0.897638 -0.322835
vn -0.291339 0.913386 0.283465
vn -0.307087 0.653543 0.692913
vn -0.708661 0.637795 0.307087
vn -0.307087 0.897638 -0.322835
vn -0.291339 0.913386 0.283465
vn -0.732283 0.598425 -0.330709
vn -0.291339 0.913386 0.283465
vn -0.708661 0.637795 0.307087
vn -0.732283 0.598425 -0.330709
vn -0.330709 0.559055 -0.755906
vn 0.330709 0.559055 -0.755906
vn -0.307087 0.897638 -0.322835
vn -0.307087 0.897638 -0.322835
vn -0.732283 0.598425 -0.330709
vn -0.330709 0.559055 -0.755906
vn -0.141732 -0.984252 0.062992
vn 0.000000 -1.000000 0.000000
vn -0.165354 -0.984252 0.000000
vn 0.000000 -1.000000 0.000000
vn -0.141732 -0.984252 0.062992
vn -0.118110 -0.984252 0.118110
vn -0.062992 -0.984252 0.141732
vn 0.000000 -1.000000 0.000000
vn -0.118110 -0.984252 0.118110
vn 0.000000 -1.000000 0.000000
vn -0.062992 -0.984252 0.141732
vn 0.000000 -0.984252 0.165354
vn 0.062992 -0.984252 0.141732
vn 0.000000 -1.000000 0.000000
vn 0.000000 -0.984252 0.165354
vn 0.000000 -1.000000 0.000000
vn 0.062992 -0.984252 0.141732
vn 0.118110 -0.984252 0.118110
vn 0.141732 -0.984252 0.062992
vn 0.000000 -1.000000 0.000000
vn 0.118110 -0.984252 0.118110
vn 0.000000 -1.000000 0.000000
vn 0.141732 -0.984252 0.062992
vn 0.165354 -0.984252 0.000000
vn 0.000000 -1.000000 0.000000
vn -0.141732 -0.984252 -0.062992
vn -0.165354 -0.984252 0.000000
vn 0.141732 -0.984252 -0.062992
vn 0.000000 -1.000000 0.000000
vn 0.165354 -0.984252 0.000000
vn 0.000000 -1.000000 0.000000
vn 0.141732 -0.984252 -0.062992
vn 0.118110 -0.984252 -0.118110
vn 0.062992 -0.984252 -0.141732
vn 0.000000 -1.000000 0.000000
vn 0.118110 -0.984252 -0.118110
vn 0.000000 -1.000000 0.000000
vn 0.062992 -0.984252 -0.141732
vn 0.000000 -0.984252 -0.165354
vn -0.062992 -0.984252 -0.141732
vn 0.000000 -1.000000 0.000000
vn 0.000000 -0.984252 -0.165354
vn 0.000000 -1.000000 0.000000
vn -0.062992 -0.984252 -0.141732
vn -0.118110 -0.984252 -0.118110
vn -0.141732 -0.984252 -0.062992
vn 0.000000 -1.000000 0.000000
vn -0.118110 -0.984252 -0.118110
vn -0.614173 -0.787402 0.000000
vn -0.614173 -0.787402 0.000000
vn -0.566929 -0.787402 0.236220
vn -0.614173 -0.787402 0.000000
vn -0.614173 -0.787402 0.000000
vn -0.566929 -0.787402 -0.236220
vn -0.614173 -0.787402 0.000000
vn -0.566929 -0.787402 -0.236220
vn -0.566929 -0.787402 -0.236220
vn -0.433071 -0.787402 -0.433071
vn -0.566929 -0.787402 -0.236220
vn -0.566929 -0.787402 -0.236220
vn -0.433071 -0.787402 -0.433071
vn -0.433071 -0.787402 -0.433071
vn -0.566929 -0.787402 -0.236220
vn -0.236220 -0.787402 -0.566929
vn -0.433071 -0.787402 -0.433071
vn -0.433071 -0.787402 -0.433071
vn -0.236220 -0.787402 -0.566929
vn -0.236220 -0.787402 -0.566929
vn -0.433071 -0.787402 -0.433071
vn 0.000000 -0.787402 -0.614173
vn -0.236220 -0.787402 -0.566929
vn -0.236220 -0.787402 -0.566929
vn 0.000000 -0.787402 -0.614173
vn 0.000000 -0.787402 -0.614173
vn -0.236220 -0.787402 -0.566929
vn 0.236220 -0.787402 -0.566929
vn 0.000000 -0.787402 -0.614173
vn 0.000000 -0.787402 -0.614173
vn 0.236220 -0.787402 -0.566929
vn 0.236220 -0.787402 -0.566929
vn 0.000000 -0.787402 -0.614173
vn -0.614173 -0.787402 0.000000
vn -0.566929 -0.787402 0.236220
vn -0.566929 -0.787402 0.236220
vn 0.433071 -0.787402 -0.433071
vn 0.236220 -0.787402 -0.566929
vn 0.236220 -0.787402 -0.566929
vn 0.433071 -0.787402 -0.433071
vn 0.433071 -0.787402 -0.433071
vn 0.236220 -0.787402 -0.566929
vn 0.566929 -0.787402 -0.236220
vn 0.433071 -0.787402 -0.433071
vn 0.433071 -0.787402 -0.433071
vn 0.566929 -0.787402 -0.236220
vn 0.566929 -0.787402 -0.236220
vn 0.433071 -0.787402 -0.433071
vn 0.614173 -0.787402 0.000000
vn 0.566929 -0.787402 -0.236220
vn 0.566929 -0.787402 -0.236220
vn 0.614173 -0.787402 0.000000
vn 0.614173 -0.787402 0.000000
vn 0.566929 -0.787402 -0.236220
vn 0.566929 -0.787402 0.236220
vn 0.614173 -0.787402 0.000000
vn 0.614173 -0.787402 0.000000
vn 0.566929 -0.787402 0.236220
vn 0.566929 -0.787402 0.236220
vn 0.614173 -0.787402 0.000000
vn 0.433071 -0.787402 0.433071
vn 0.566929 -0.787402 0.236220
vn 0.566929 -0.787402 0.236220
vn -0.566929 -0.787402 0.236220
vn -0.566929 -0.787402 0.236220
vn -0.433071 -0.787402 0.433071
vn 0.433071 -0.787402 0.433071
vn 0.433071 -0.787402 0.433071
vn 0.566929 -0.787402 0.236220
vn 0.236220 -0.787402 0.566929
vn 0.433071 -0.787402 0.433071
vn 0.433071 -0.787402 0.433071
vn 0.236220 -0.787402 0.566929
vn 0.236220 -0.787402 0.566929
vn 0.433071 -0.787402 0.433071
vn 0.000000 -0.787402 0.614173
vn 0.236220 -0.787402 0.566929
vn 0.236220 -0.787402 0.566929
vn 0.000000 -0.787402 0.614173
vn 0.000000 -0.787402 0.614173
vn 0.236220 -0.787402 0.566929
vn -0.236220 -0.787402 0.566929
vn 0.000000 -0.787402 0.614173
vn 0.000000 -0.787402 0.614173
vn -0.236220 -0.787402 0.566929
vn -0.236220 -0.787402 0.566929
vn 0.000000 -0.787402 0.614173
vn -0.433071 -0.787402 0.433071
vn -0.236220 -0.787402 0.566929
vn -0.236220 -0.787402 0.566929
vn -0.433071 -0.787402 0.433071
vn -0.433071 -0.787402 0.433071
vn -0.236220 -0.787402 0.566929
vn -0.566929 -0.787402 0.236220
vn -0.433071 -0.787402 0.433071
vn -0.433071 -0.787402 0.433071
vn -0.787402 -0.614173 0.000000
vn -0.787402 -0.614173 0.000000
vn -0.732283 -0.614173 -0.299213
vn -0.732283 -0.614173 0.299213
vn -0.787402 -0.614173 0.000000
vn -0.787402 -0.614173 0.000000
vn -0.732283 -0.614173 0.299213
vn -0.732283 -0.614173 0.299213
vn -0.787402 -0.614173 0.000000
vn -0.559055 -0.614173 0.559055
vn -0.732283 -0.614173 0.299213
vn -0.732283 -0.614173 0.299213
vn -0.559055 -0.614173 0.559055
vn -0.559055 -0.614173 0.559055
vn -0.732283 -0.614173 0.299213
vn -0.299213 -0.614173 0.732283
vn -0.559055 -0.614173 0.559055
vn -0.559055 -0.614173 0.559055
vn -0.299213 -0.614173 0.732283
vn -0.299213 -0.614173 0.732283
vn -0.559055 -0.614173 0.559055
vn 0.000000 -0.614173 0.787402
vn -0.299213 -0.614173 0.732283
vn -0.299213 -0.614173 0.732283
vn 0.000000 -0.614173 0.787402
vn 0.000000 -0.614173 0.787402
vn -0.299213 -0.614173 0.732283
vn 0.299213 -0.614173 0.732283
vn 0.000000 -0.614173 0.787402
vn 0.000000 -0.614173 0.787402
vn 0.299213 -0.614173 0.732283
vn 0.299213 -0.614173 0.732283
vn 0.000000 -0.614173 0.787402
vn -0.787402 -0.614173 0.000000
vn -0.732283 -0.614173 -0.299213
vn -0.732283 -0.614173 -0.299213
vn 0.559055 -0.614173 0.559055
vn 0.299213 -0.614173 0.732283
vn 0.299213 -0.614173 0.732283
vn 0.559055 -0.614173 0.559055
vn 0.559055 -0.614173 0.559055
vn 0.299213 -0.614173 0.732283
vn 0.732283 -0.614173 0.299213
vn 0.559055 -0.614173 0.559055
vn 0.559055 -0.614173 0.559055
vn 0.732283 -0.614173 0.299213
vn 0.732283 -0.614173 0.299213
vn 0.559055 -0.614173 0.559055
vn 0.787402 -0.614173 0.000000
vn 0.732283 -0.614173 0.299213
vn 0.732283 -0.614173 0.299213
vn 0.787402 -0.614173 0.000000
vn 0.787402 -0.614173 0.000000
vn 0.732283 -0.614173 0.299213
vn 0.732283 -0.614173 -0.299213
vn 0.787402 -0.614173 0.000000
vn 0.787402 -0.614173 0.000000
vn 0.732283 -0.614173 -0.299213
vn 0.732283 -0.614173 -0.299213
vn 0.787402 -0.614173 0.000000
vn 0.559055 -0.614173 -0.559055
vn 0.732283 -0.614173 -0.299213
vn 0.732283 -0.614173 -0.299213
vn -0.732283 -0.614173 -0.299213
vn -0.732283 -0.614173 -0.299213
vn -0.559055 -0.614173 -0.559055
vn 0.559055 -0.614173 -0.559055
vn 0.559055 -0.614173 -0.559055
vn 0.732283 -0.614173 -0.299213
vn 0.299213 -0.614173 -0.732283
vn 0.559055 -0.614173 -0.559055
vn 0.559055 -0.614173 -0.559055
vn 0.299213 -0.614173 -0.732283
vn 0.299213 -0.614173 -0.732283
vn 0.559055 -0.614173 -0.559055
vn 0.000000 -0.614173 -0.787402
vn 0.299213 -0.614173 -0.732283
vn 0.299213 -0.614173 -0.732283
vn 0.000000 -0.614173 -0.787402
vn 0.000000 -0.614173 -0.787402
vn 0.299213 -0.614173 -0.732283
vn -0.299213 -0.614173 -0.732283
vn 0.000000 -0.614173 -0.787402
vn 0.000000 -0.614173 -0.787402
vn -0.299213 -0.614173 -0.732283
vn -0.299213 -0.614173 -0.732283
vn 0.000000 -0.614173 -0.787402
vn -0.559055 -0.614173 -0.559055
vn -0.299213 -0.614173 -0.732283
vn -0.299213 -0.614173 -0.732283
vn -0.559055 -0.614173 -0.559055
vn -0.559055 -0.614173 -0.559055
vn -0.299213 -0.614173 -0.732283
vn -0.732283 -0.614173 -0.299213
vn -0.559055 -0.614173 -0.559055
vn -0.559055 -0.614173 -0.559055
vn 0.503937 -0.716535 -0.488189
vn 0.503937 -0.716535 -0.488189
vn 0.771654 -0.606299 -0.204724
vn 0.196850 -0.708661 -0.677165
vn 0.503937 -0.716535 -0.488189
vn 0.503937 -0.716535 -0.488189
vn 0.196850 -0.708661 -0.677165
vn 0.196850 -0.708661 -0.677165
vn 0.503937 -0.716535 -0.488189
vn 0.196850 -0.708661 -0.677165
vn 0.196850 -0.708661 -0.677165
vn -0.196850 -0.708661 -0.677165
vn 0.196850 -0.708661 -0.677165
vn -0.196850 -0.708661 -0.677165
vn -0.196850 -0.708661 -0.677165
vn -0.196850 -0.708661 -0.677165
vn -0.503937 -0.716535 -0.488189
vn -0.196850 -0.708661 -0.677165
vn -0.503937 -0.716535 -0.488189
vn -0.503937 -0.716535 -0.488189
vn -0.196850 -0.708661 -0.677165
vn -0.503937 -0.716535 -0.488189
vn -0.771654 -0.606299 -0.204724
vn -0.503937 -0.716535 -0.488189
vn 0.503937 -0.716535 -0.488189
vn 0.771654 -0.606299 -0.204724
vn 0.771654 -0.606299 -0.204724
vn -0.771654 -0.606299 -0.204724
vn -0.771654 -0.606299 -0.204724
vn -0.503937 -0.716535 -0.488189
vn -0.771654 -0.606299 -0.204724
vn -0.771654 -0.606299 -0.204724
vn -0.771654 -0.606299 0.204724
vn -0.771654 -0.606299 -0.204724
vn -0.771654 -0.606299 0.204724
vn -0.771654 -0.606299 0.204724
vn -0.503937 -0.716535 0.488189
vn -0.771654 -0.606299 0.204724
vn -0.771654 -0.606299 0.204724
vn -0.503937 -0.716535 0.488189
vn -0.503937 -0.716535 0.488189
vn -0.771654 -0.606299 0.204724
vn -0.196850 -0.708661 0.677165
vn -0.503937 -0.716535 0.488189
vn -0.503937 -0.716535 0.488189
vn -0.196850 -0.708661 0.677165
vn -0.196850 -0.708661 0.677165
vn -0.503937 -0.716535 0.488189
vn 0.771654 -0.606299 0.204724
vn 0.771654 -0.606299 -0.204724
vn 0.771654 -0.606299 -0.204724
vn -0.196850 -0.708661 0.677165
vn -0.196850 -0.708661 0.677165
vn 0.196850 -0.708661 0.677165
vn -0.196850 -0.708661 0.677165
vn 0.196850 -0.708661 0.677165
vn 0.196850 -0.708661 0.677165
vn 0.196850 -0.708661 0.677165
vn 0.503937 -0.716535 0.488189
vn 0.196850 -0.708661 0.677165
vn 0.503937 -0.716535 0.488189
vn 0.503937 -0.716535 0.488189
vn 0.196850 -0.708661 0.677165
vn 0.503937 -0.716535 0.488189
vn 0.771654 -0.606299 0.204724
vn 0.503937 -0.716535 0.488189
vn 0.771654 -0.606299 0.204724
vn 0.771654 -0.606299 0.204724
vn 0.503937 -0.716535 0.488189
vn 0.771654 -0.606299 0.204724
vn 0.771654 -0.606299 0.204724
vn 0.771654 -0.606299 -0.204724
vn 0.000000 -1.000000 0.000000
vn 0.000000 -1.000000 0.000000
vn 0.000000 -1.000000 0.000000
vn 0.000000 -1.000000 0.000000
vn 0.000000 -1.000000 0.000000
vn 0.000000 -1.000000 0.000000
vn 0.000000 -1.000000 0.000000
vn 0.000000 -1.000000 0.000000
vn 0.000000 -1.000000 0.000000
vn 0.000000 -1.000000 0.000000
vn 0.000000 -1.000000 0.000000
vn 0.000000 -1.000000 0.000000
vn 0.000000 -1.000000 0.000000
vn 0.000000 -1.000000 0.000000
vn 0.000000 -1.000000 0.000000
vn 0.000000 -1.000000 0.000000
vn 0.000000 -1.000000 0.000000
vn 0.000000 -1.000000 0.000000
vn 0.000000 -1.000000 0.000000
vn 0.000000 -1.000000 0.000000
vn 0.000000 -1.000000 0.000000
vn 0.000000 -1.000000 0.000000
vn 0.000000 -1.000000 0.000000
vn 0.000000 -1.000000 0.000000
vn 0.000000 -1.000000 0.000000
vn 0.000000 -1.000000 0.000000
vn 0.000000 -1.000000 0.000000
vn 0.000000 -1.000000 0.000000
vn 0.000000 -1.000000 0.000000
vn 0.000000 -1.000000 0.000000
vn 0.000000 -1.000000 0.000000
vn 0.000000 -1.000000 0.000000
vn 0.000000 -1.000000 0.000000
vn 0.000000 -1.000000 0.000000
vn 0.000000 -1.000000 0.000000
vn 0.000000 -1.000000 0.000000
vn 0.000000 -1.000000 0.000000
vn 0.000000 -1.000000 0.000000
vn 0.000000 -1.000000 0.000000
vn 0.000000 -1.000000 0.000000
vn 0.000000 -1.000000 0.000000
vn 0.000000 -1.000000 0.000000
vn 0.000000 -1.000000 0.000000
vn 0.000000 -1.000000 0.000000
vn 0.000000 -1.000000 0.000000
vn 0.000000 -1.000000 0.000000
vn 0.000000 -1.000000 0.000000
vn 0.000000 -1.000000 0.000000
vn 0.000000 -1.000000 0.000000
vn 0.000000 -1.000000 0.000000
vn 0.000000 -1.000000 0.000000
vn 0.000000 -1.000000 0.000000
vn 0.000000 -1.000000 0.000000
vn 0.000000 -1.000000 0.000000
vn 0.000000 -1.000000 0.000000
vn 0.000000 -1.000000 0.000000
vn 0.000000 -1.000000 0.000000
vn 0.000000 -1.000000 0.000000
vn 0.000000 -1.000000 0.000000
vn 0.000000 -1.000000 0.000000
vn 0.000000 -1.000000 0.000000
vn 0.000000 -1.000000 0.000000
vn 0.000000 -1.000000 0.000000
vn 0.000000 -1.000000 0.000000
vn 0.000000 -1.000000 0.000000
vn 0.000000 -1.000000 0.000000
vn 0.000000 -1.000000 0.000000
vn 0.000000 -1.000000 0.000000
vn 0.000000 -1.000000 0.000000
vn 0.000000 -1.000000 0.000000
vn 0.000000 -1.000000 0.000000
vn 0.000000 -1.000000 0.000000
vn 0.000000 -1.000000 0.000000
vn 0.000000 -1.000000 0.000000
vn 0.000000 -1.000000 0.000000
vn 0.000000 -1.000000 0.000000
vn 0.000000 -1.000000 0.000000
vn 0.000000 -1.000000 0.000000
vn 0.000000 -1.000000 0.000000
vn 0.000000 -1.000000 0.000000
vn 0.000000 -1.000000 0.000000
vn 0.000000 -1.000000 0.000000
vn 0.000000 -1.000000 0.000000
vn 0.000000 -1.000000 0.000000
vn 0.000000 -1.000000 0.000000
vn 0.000000 -1.000000 0.000000
vn 0.000000 -1.000000 0.000000
vn 0.000000 -1.000000 0.000000
vn 0.000000 -1.000000 0.000000
vn 0.000000 -1.000000 0.000000
vn 0.000000 -1.000000 0.000000
vn 0.000000 -1.000000 0.000000
vn 0.000000 -1.000000 0.000000
vn 0.000000 -1.000000 0.000000
vn 0.000000 -1.000000 0.000000
vn 0.000000 -1.000000 0.000000
vn 0.000000 -1.000000 0.000000
vn 0.000000 -1.000000 0.000000
vn 0.000000 -1.000000 0.000000
vn 0.000000 -1.000000 0.000000
vn 0.000000 -1.000000 0.000000
vn 0.000000 -1.000000 0.000000
vn 0.000000 -1.000000 0.000000
vn 0.000000 -1.000000 0.000000
vn 0.000000 -1.000000 0.000000
vn 0.000000 -1.000000 0.000000
vn 0.000000 -1.000000 0.000000
vn 0.000000 -1.000000 0.000000
vn 0.000000 -1.000000 0.000000
vn 0.000000 -1.000000 0.000000
vn 0.000000 -1.000000 0.000000
vn 0.000000 -1.000000 0.000000
vn 0.000000 -1.000000 0.000000
vn 0.000000 -1.000000 0.000000
vn 0.000000 -1.000000 0.000000
vn 0.000000 -1.000000 0.000000
vn 0.000000 -1.000000 0.000000
vn 0.000000 -1.000000 0.000000
vn 0.000000 -1.000000 0.000000
vn 0.000000 -1.000000 0.000000
vn -0.614173 -0.787402 0.000000
vn -0.614173 -0.787402 0.000000
vn -0.566929 -0.787402 0.236220
vn -0.614173 -0.787402 0.000000
vn -0.614173 -0.787402 0.000000
vn -0.566929 -0.787402 -0.236220
vn -0.614173 -0.787402 0.000000
vn -0.566929 -0.787402 -0.236220
vn -0.566929 -0.787402 -0.236220
vn -0.433071 -0.787402 -0.433071
vn -0.566929 -0.787402 -0.236220
vn -0.566929 -0.787402 -0.236220
vn -0.433071 -0.787402 -0.433071
vn -0.433071 -0.787402 -0.433071
vn -0.566929 -0.787402 -0.236220
vn -0.236220 -0.787402 -0.566929
vn -0.433071 -0.787402 -0.433071
vn -0.433071 -0.787402 -0.433071
vn -0.236220 -0.787402 -0.566929
vn -0.236220 -0.787402 -0.566929
vn -0.433071 -0.787402 -0.433071
vn 0.000000 -0.787402 -0.614173
vn -0.236220 -0.787402 -0.566929
vn -0.236220 -0.787402 -0.566929
vn 0.000000 -0.787402 -0.614173
vn 0.000000 -0.787402 -0.614173
vn -0.236220 -0.787402 -0.566929
vn 0.236220 -0.787402 -0.566929
vn 0.000000 -0.787402 -0.614173
vn 0.000000 -0.787402 -0.614173
vn 0.236220 -0.787402 -0.566929
vn 0.236220 -0.787402 -0.566929
vn 0.000000 -0.787402 -0.614173
vn -0.614173 -0.787402 0.000000
vn -0.566929 -0.787402 0.236220
vn -0.566929 -0.787402 0.236220
vn 0.433071 -0.787402 -0.433071
vn 0.236220 -0.787402 -0.566929
vn 0.236220 -0.787402 -0.566929
vn 0.433071 -0.787402 -0.433071
vn 0.433071 -0.787402 -0.433071
vn 0.236220 -0.787402 -0.566929
vn 0.566929 -0.787402 -0.236220
vn 0.433071 -0.787402 -0.433071
vn 0.433071 -0.787402 -0.433071
vn 0.566929 -0.787402 -0.236220
vn 0.566929 -0.787402 -0.236220
vn 0.433071 -0.787402 -0.433071
vn 0.614173 -0.787402 0.000000
vn 0.566929 -0.787402 -0.236220
vn 0.566929 -0.787402 -0.236220
vn 0.614173 -0.787402 0.000000
vn 0.614173 -0.787402 0.000000
vn 0.566929 -0.787402 -0.236220
vn 0.566929 -0.787402 0.236220
vn 0.614173 -0.787402 0.000000
vn 0.614173 -0.787402 0.000000
vn 0.566929 -0.787402 0.236220
vn 0.566929 -0.787402 0.236220
vn 0.614173 -0.787402 0.000000
vn 0.433071 -0.787402 0.433071
vn 0.566929 -0.787402 0.236220
vn 0.566929 -0.787402 0.236220
vn -0.566929 -0.787402 0.236220
vn -0.566929 -0.787402 0.236220
vn -0.433071 -0.787402 0.433071
vn 0.433071 -0.787402 0.433071
vn 0.433071 -0.787402 0.433071
vn 0.566929 -0.787402 0.236220
vn 0.236220 -0.787402 0.566929
vn 0.433071 -0.787402 0.433071
vn 0.433071 -0.787402 0.433071
vn 0.236220 -0.787402 0.566929
vn 0.236220 -0.787402 0.566929
vn 0.433071 -0.787402 0.433071
vn 0.000000 -0.787402 0.614173
vn 0.236220 -0.787402 0.566929
vn 0.236220 -0.787402 0.566929
vn 0.000000 -0.787402 0.614173
vn 0.000000 -0.787402 0.614173
vn 0.236220 -0.787402 0.566929
vn -0.236220 -0.787402 0.566929
vn 0.000000 -0.787402 0.614173
vn 0.000000 -0.787402 0.614173
vn -0.236220 -0.787402 0.566929
vn -0.236220 -0.787402 0.566929
vn 0.000000 -0.787402 0.614173
vn -0.433071 -0.787402 0.433071
vn -0.236220 -0.787402 0.566929
vn -0.236220 -0.787402 0.566929
vn -0.433071 -0.787402 0.433071
vn -0.433071 -0.787402 0.433071
vn -0.236220 -0.787402 0.566929
vn -0.566929 -0.787402 0.236220
vn -0.433071 -0.787402 0.433071
vn -0.433071 -0.787402 0.433071
vn 0.503937 -0.716535 -0.488189
vn 0.503937 -0.716535 -0.488189
vn 0.771654 -0.606299 -0.204724
vn 0.196850 -0.708661 -0.677165
vn 0.503937 -0.716535 -0.488189
vn 0.503937 -0.716535 -0.488189
vn 0.196850 -0.708661 -0.677165
vn 0.196850 -0.708661 -0.677165
vn 0.503937 -0.716535 -0.488189
vn 0.196850 -0.708661 -0.677165
vn 0.196850 -0.708661 -0.677165
vn -0.196850 -0.708661 -0.677165
vn 0.196850 -0.708661 -0.677165
vn -0.196850 -0.708661 -0.677165
vn -0.196850 -0.708661 -0.677165
vn -0.196850 -0.708661 -0.677165
vn -0.503937 -0.716535 -0.488189
vn -0.196850 -0.708661 -0.677165
vn -0.503937 -0.716535 -0.488189
vn -0.503937 -0.716535 -0.488189
vn -0.196850 -0.708661 -0.677165
vn -0.503937 -0.716535 -0.488189
vn -0.771654 -0.606299 -0.204724
vn -0.503937 -0.716535 -0.488189
vn 0.503937 -0.716535 -0.488189
vn 0.771654 -0.606299 -0.204724
vn 0.771654 -0.606299 -0.204724
vn -0.771654 -0.606299 -0.204724
vn -0.771654 -0.606299 -0.204724
vn -0.503937 -0.716535 -0.488189
vn -0.771654 -0.606299 -0.204724
vn -0.771654 -0.606299 -0.204724
vn -0.771654 -0.606299 0.204724
vn -0.771654 -0.606299 -0.204724
vn -0.771654 -0.606299 0.204724
vn -0.771654 -0.606299 0.204724
vn -0.503937 -0.716535 0.488189
vn -0.771654 -0.606299 0.204724
vn -0.771654 -0.606299 0.204724
vn -0.503937 -0.716535 0.488189
vn -0.503937 -0.716535 0.488189
vn -0.771654 -0.606299 0.204724
vn -0.196850 -0.708661 0.677165
vn -0.503937 -0.716535 0.488189
vn -0.503937 -0.716535 0.488189
vn -0.196850 -0.708661 0.677165
vn -0.196850 -0.708661 0.677165
vn -0.503937 -0.716535 0.488189
vn 0.771654 -0.606299 0.204724
vn 0.771654 -0.606299 -0.204724
vn 0.771654 -0.606299 -0.204724
vn -0.196850 -0.708661 0.677165
vn -0.196850 -0.708661 0.677165
vn 0.196850 -0.708661 0.677165
vn -0.196850 -0.708661 0.677165
vn 0.196850 -0.708661 0.677165
vn 0.196850 -0.708661 0.677165
vn 0.196850 -0.708661 0.677165
vn 0.503937 -0.716535 0.488189
vn 0.196850 -0.708661 0.677165
vn 0.503937 -0.716535 0.488189
vn 0.503937 -0.716535 0.488189
vn 0.196850 -0.708661 0.677165
vn 0.503937 -0.716535 0.488189
vn 0.771654 -0.606299 0.204724
vn 0.503937 -0.716535 0.488189
vn 0.771654 -0.606299 0.204724
vn 0.771654 -0.606299 0.204724
vn 0.503937 -0.716535 0.488189
vn 0.771654 -0.606299 0.204724
vn 0.771654 -0.606299 0.204724
vn 0.771654 -0.606299 -0.204724
vn 0.000000 -1.000000 0.000000
vn 0.000000 -1.000000 0.000000
vn 0.000000 -1.000000 0.000000
vn 0.000000 -1.000000 0.000000
vn 0.000000 -1.000000 0.000000
vn 0.000000 -1.000000 0.000000
vn 0.000000 -1.000000 0.000000
vn 0.000000 -1.000000 0.000000
vn 0.000000 -1.000000 0.000000
vn 0.000000 -1.000000 0.000000
vn 0.000000 -1.000000 0.000000
vn 0.000000 -1.000000 0.000000
vn 0.000000 -1.000000 0.000000
vn 0.000000 -1.000000 0.000000
vn 0.000000 -1.000000 0.000000
vn 0.000000 -1.000000 0.000000
vn 0.000000 -1.000000 0.000000
vn 0.000000 -1.000000 0.000000
vn 0.000000 -1.000000 0.000000
vn 0.000000 -1.000000 0.000000
vn 0.000000 -1.000000 0.000000
vn 0.000000 -1.000000 0.000000
vn 0.000000 -1.000000 0.000000
vn 0.000000 -1.000000 0.000000
vn 0.000000 -1.000000 0.000000
vn 0.000000 -1.000000 0.000000
vn 0.000000 -1.000000 0.000000
vn 0.000000 -1.000000 0.000000
vn 0.000000 -1.000000 0.000000
vn 0.000000 -1.000000 0.000000
vn 0.000000 -1.000000 0.000000
vn 0.000000 -1.000000 0.000000
vn 0.000000 -1.000000 0.000000
vn 0.000000 -1.000000 0.000000
vn 0.000000 -1.000000 0.000000
vn 0.000000 -1.000000 0.000000
vn 0.000000 -1.000000 0.000000
vn 0.000000 -1.000000 0.000000
vn 0.000000 -1.000000 0.000000
vn 0.000000 -1.000000 0.000000
vn 0.000000 -1.000000 0.000000
vn 0.000000 -1.000000 0.000000
vn 0.000000 -1.000000 0.000000
vn 0.000000 -1.000000 0.000000
vn 0.000000 -1.000000 0.000000
vn 0.000000 -1.000000 0.000000
vn 0.000000 -1.000000 0.000000
vn 0.000000 -1.000000 0.000000
vn 0.000000 -1.000000 0.000000
vn 0.000000 -1.000000 0.000000
vn 0.000000 -1.000000 0.000000
vn 0.000000 -1.000000 0.000000
vn 0.000000 -1.000000 0.000000
vn 0.000000 -1.000000 0.000000
vn 0.000000 -1.000000 0.000000
vn 0.000000 -1.000000 0.000000
vn 0.000000 -1.000000 0.000000
vn 0.000000 -1.000000 0.000000
vn 0.000000 -1.000000 0.000000
vn 0.000000 -1.000000 0.000000
vn 0.000000 -1.000000 0.000000
vn 0.000000 -1.000000 0.000000
vn 0.000000 -1.000000 0.000000
vn 0.000000 -1.000000 0.000000
vn 0.000000 -1.000000 0.000000
vn 0.000000 -1.000000 0.000000
vn 0.000000 -1.000000 0.000000
vn 0.000000 -1.000000 0.000000
vn 0.000000 -1.000000 0.000000
vn 0.000000 -1.000000 0.000000
vn 0.000000 -1.000000 0.000000
vn 0.000000 -1.000000 0.000000
vn -0.078740 -0.960630 0.259843
vn -0.062992 -0.944882 0.322835
vn -0.070866 -0.968504 0.220472
vn 0.070866 -0.968504 0.220472
vn -0.070866 -0.968504 0.220472
vn -0.062992 -0.944882 0.322835
vn -0.157480 -0.976378 0.165354
vn -0.078740 -0.960630 0.259843
vn -0.070866 -0.968504 0.220472
vn -0.070866 -0.968504 0.220472
vn 0.070866 -0.968504 0.220472
vn 0.070866 -0.992126 0.062992
vn -0.070866 -0.992126 0.062992
vn -0.070866 -0.968504 0.220472
vn 0.070866 -0.992126 0.062992
vn -0.070866 -0.968504 0.220472
vn -0.070866 -0.992126 0.062992
vn -0.157480 -0.976378 0.165354
vn -0.078740 -0.960630 0.259843
vn -0.157480 -0.976378 0.165354
vn -0.070866 -0.976378 0.212598
vn 0.062992 -0.944882 0.322835
vn 0.070866 -0.968504 0.220472
vn -0.062992 -0.944882 0.322835
vn 0.070866 -0.992126 0.062992
vn 0.070866 -0.968504 0.220472
vn 0.157480 -0.976378 0.165354
vn -0.118110 -0.976378 0.196850
vn -0.070866 -0.976378 0.212598
vn -0.157480 -0.976378 0.165354
vn -0.149606 -0.976378 0.173228
vn -0.118110 -0.976378 0.196850
vn -0.157480 -0.976378 0.165354
vn 0.062992 -0.944882 0.322835
vn 0.078740 -0.960630 0.259843
vn 0.070866 -0.968504 0.220472
vn 0.078740 -0.960630 0.259843
vn 0.157480 -0.976378 0.165354
vn 0.070866 -0.968504 0.220472
vn -0.070866 -0.992126 0.062992
vn 0.070866 -0.992126 0.062992
vn 0.070866 -0.992126 -0.062992
vn -0.070866 -0.992126 0.062992
vn -0.212598 -0.976378 0.062992
vn -0.157480 -0.976378 0.165354
vn 0.212598 -0.976378 0.062992
vn 0.070866 -0.992126 0.062992
vn 0.157480 -0.976378 0.165354
vn 0.070866 -0.992126 0.062992
vn 0.212598 -0.976378 0.062992
vn 0.212598 -0.976378 -0.062992
vn 0.070866 -0.992126 -0.062992
vn 0.070866 -0.992126 0.062992
vn 0.212598 -0.976378 -0.062992
vn -0.070866 -0.992126 -0.062992
vn -0.070866 -0.992126 0.062992
vn 0.070866 -0.992126 -0.062992
vn -0.212598 -0.976378 0.062992
vn -0.070866 -0.992126 0.062992
vn -0.070866 -0.992126 -0.062992
vn 0.078740 -0.960630 0.259843
vn 0.070866 -0.976378 0.212598
vn 0.157480 -0.976378 0.165354
vn 0.157480 -0.976378 0.165354
vn 0.236220 -0.968504 0.086614
vn 0.212598 -0.976378 0.062992
vn 0.157480 -0.976378 0.165354
vn 0.070866 -0.976378 0.212598
vn 0.118110 -0.976378 0.196850
vn 0.149606 -0.976378 0.173228
vn 0.157480 -0.976378 0.165354
vn 0.118110 -0.976378 0.196850
vn 0.212598 -0.976378 -0.062992
vn 0.212598 -0.976378 0.062992
vn 0.291339 -0.952756 -0.055118
vn 0.196850 -0.976378 0.102362
vn 0.157480 -0.976378 0.165354
vn 0.149606 -0.976378 0.173228
vn 0.157480 -0.976378 0.165354
vn 0.196850 -0.976378 0.102362
vn 0.212598 -0.976378 0.055118
vn 0.236220 -0.968504 0.086614
vn 0.157480 -0.976378 0.165354
vn 0.212598 -0.976378 0.055118
vn 0.212598 -0.976378 -0.062992
vn 0.157480 -0.976378 -0.165354
vn 0.070866 -0.992126 -0.062992
vn -0.070866 -0.992126 -0.062992
vn 0.070866 -0.992126 -0.062992
vn 0.070866 -0.968504 -0.220472
vn 0.157480 -0.976378 -0.165354
vn 0.070866 -0.968504 -0.220472
vn 0.070866 -0.992126 -0.062992
vn 0.236220 -0.968504 0.086614
vn 0.291339 -0.952756 0.055118
vn 0.212598 -0.976378 0.062992
vn 0.212598 -0.976378 0.062992
vn 0.291339 -0.952756 0.055118
vn 0.291339 -0.952756 -0.055118
vn -0.157480 -0.976378 0.165354
vn -0.212598 -0.976378 0.062992
vn -0.236220 -0.968504 0.086614
vn 0.291339 -0.952756 -0.055118
vn 0.236220 -0.968504 -0.086614
vn 0.212598 -0.976378 -0.062992
vn 0.236220 -0.968504 -0.086614
vn 0.157480 -0.976378 -0.165354
vn 0.212598 -0.976378 -0.062992
vn -0.196850 -0.976378 0.102362
vn -0.149606 -0.976378 0.173228
vn -0.157480 -0.976378 0.165354
vn -0.212598 -0.976378 -0.062992
vn -0.212598 -0.976378 0.062992
vn -0.070866 -0.992126 -0.062992
vn -0.070866 -0.968504 -0.220472
vn -0.070866 -0.992126 -0.062992
vn 0.070866 -0.968504 -0.220472
vn 0.236220 -0.968504 -0.086614
vn 0.212598 -0.976378 -0.055118
vn 0.157480 -0.976378 -0.165354
vn 0.212598 -0.976378 -0.055118
vn 0.196850 -0.976378 -0.102362
vn 0.157480 -0.976378 -0.165354
vn 0.196850 -0.976378 -0.102362
vn 0.149606 -0.976378 -0.173228
vn 0.157480 -0.976378 -0.165354
vn -0.070866 -0.968504 -0.220472
vn -0.157480 -0.976378 -0.165354
vn -0.070866 -0.992126 -0.062992
vn -0.157480 -0.976378 -0.165354
vn -0.212598 -0.976378 -0.062992
vn -0.070866 -0.992126 -0.062992
vn 0.157480 -0.976378 -0.165354
vn 0.078740 -0.960630 -0.259843
vn 0.070866 -0.968504 -0.220472
vn 0.149606 -0.976378 -0.173228
vn 0.118110 -0.976378 -0.196850
vn 0.157480 -0.976378 -0.165354
vn 0.118110 -0.976378 -0.196850
vn 0.070866 -0.976378 -0.212598
vn 0.157480 -0.976378 -0.165354
vn 0.078740 -0.960630 -0.259843
vn 0.157480 -0.976378 -0.165354
vn 0.070866 -0.976378 -0.212598
vn -0.291339 -0.952756 0.055118
vn -0.212598 -0.976378 0.062992
vn -0.212598 -0.976378 -0.062992
vn -0.212598 -0.976378 0.062992
vn -0.291339 -0.952756 0.055118
vn -0.236220 -0.968504 0.086614
vn -0.236220 -0.968504 0.086614
vn -0.212598 -0.976378 0.055118
vn -0.157480 -0.976378 0.165354
vn -0.212598 -0.976378 0.055118
vn -0.196850 -0.976378 0.102362
vn -0.157480 -0.976378 0.165354
vn 0.078740 -0.960630 -0.259843
vn 0.062992 -0.944882 -0.322835
vn 0.070866 -0.968504 -0.220472
vn -0.070866 -0.968504 -0.220472
vn 0.070866 -0.968504 -0.220472
vn 0.062992 -0.944882 -0.322835
vn -0.062992 -0.944882 -0.322835
vn -0.070866 -0.968504 -0.220472
vn 0.062992 -0.944882 -0.322835
vn -0.078740 -0.960630 -0.259843
vn -0.157480 -0.976378 -0.165354
vn -0.070866 -0.968504 -0.220472
vn -0.062992 -0.944882 -0.322835
vn -0.078740 -0.960630 -0.259843
vn -0.070866 -0.968504 -0.220472
vn -0.078740 -0.960630 -0.259843
vn -0.070866 -0.976378 -0.212598
vn -0.157480 -0.976378 -0.165354
vn -0.157480 -0.976378 -0.165354
vn -0.236220 -0.968504 -0.086614
vn -0.212598 -0.976378 -0.062992
vn -0.157480 -0.976378 -0.165354
vn -0.070866 -0.976378 -0.212598
vn -0.118110 -0.976378 -0.196850
vn -0.291339 -0.952756 -0.055118
vn -0.291339 -0.952756 0.055118
vn -0.212598 -0.976378 -0.062992
vn -0.236220 -0.968504 -0.086614
vn -0.291339 -0.952756 -0.055118
vn -0.212598 -0.976378 -0.062992
vn -0.149606 -0.976378 -0.173228
vn -0.157480 -0.976378 -0.165354
vn -0.118110 -0.976378 -0.196850
vn -0.196850 -0.976378 -0.102362
vn -0.157480 -0.976378 -0.165354
vn -0.149606 -0.976378 -0.173228
vn -0.157480 -0.976378 -0.165354
vn -0.196850 -0.976378 -0.102362
vn -0.212598 -0.976378 -0.055118
vn -0.236220 -0.968504 -0.086614
vn -0.157480 -0.976378 -0.165354
vn -0.212598 -0.976378 -0.055118
mtllib mtl_p_int_monitor_c.mtl
g mtl_p_int_monitor_c
usemtl mtl_p_int_monitor_c
f 3/3/3 2/2/2 1/1/1
f 6/6/6 5/5/5 4/4/4
f 9/9/9 8/8/8 7/7/7
f 12/12/12 11/11/11 10/10/10
f 15/15/15 14/14/14 13/13/13
f 18/18/18 17/17/17 16/16/16
f 21/21/21 20/20/20 19/19/19
f 24/24/24 23/23/23 22/22/22
f 27/27/27 26/26/26 25/25/25
f 30/30/30 29/29/29 28/28/28
f 33/33/33 32/32/32 31/31/31
f 36/36/36 35/35/35 34/34/34
f 39/39/39 38/38/38 37/37/37
f 42/42/42 41/41/41 40/40/40
f 45/45/45 44/44/44 43/43/43
f 48/48/48 47/47/47 46/46/46
f 51/51/51 50/50/50 49/49/49
f 54/54/54 53/53/53 52/52/52
f 57/57/57 56/56/56 55/55/55
f 60/60/60 59/59/59 58/58/58
f 63/63/63 62/62/62 61/61/61
f 66/66/66 65/65/65 64/64/64
f 69/69/69 68/68/68 67/67/67
f 72/72/72 71/71/71 70/70/70
f 75/75/75 74/74/74 73/73/73
f 78/78/78 77/77/77 76/76/76
f 81/81/81 80/80/80 79/79/79
f 84/84/84 83/83/83 82/82/82
f 87/87/87 86/86/86 85/85/85
f 90/90/90 89/89/89 88/88/88
f 93/93/93 92/92/92 91/91/91
f 96/96/96 95/95/95 94/94/94
f 99/99/99 98/98/98 97/97/97
f 102/102/102 101/101/101 100/100/100
f 105/105/105 104/104/104 103/103/103
f 108/108/108 107/107/107 106/106/106
f 111/111/111 110/110/110 109/109/109
f 114/114/114 113/113/113 112/112/112
f 117/117/117 116/116/116 115/115/115
f 120/120/120 119/119/119 118/118/118
f 123/123/123 122/122/122 121/121/121
f 126/126/126 125/125/125 124/124/124
f 129/129/129 128/128/128 127/127/127
f 132/132/132 131/131/131 130/130/130
f 135/135/135 134/134/134 133/133/133
f 138/138/138 137/137/137 136/136/136
f 141/141/141 140/140/140 139/139/139
f 144/144/144 143/143/143 142/142/142
f 147/147/147 146/146/146 145/145/145
f 150/150/150 149/149/149 148/148/148
f 153/153/153 152/152/152 151/151/151
f 156/156/156 155/155/155 154/154/154
f 159/159/159 158/158/158 157/157/157
f 162/162/162 161/161/161 160/160/160
f 165/165/165 164/164/164 163/163/163
f 168/168/168 167/167/167 166/166/166
f 171/171/171 170/170/170 169/169/169
f 174/174/174 173/173/173 172/172/172
f 177/177/177 176/176/176 175/175/175
f 180/180/180 179/179/179 178/178/178
f 183/183/183 182/182/182 181/181/181
f 186/186/186 185/185/185 184/184/184
f 189/189/189 188/188/188 187/187/187
f 192/192/192 191/191/191 190/190/190
f 195/195/195 194/194/194 193/193/193
f 198/198/198 197/197/197 196/196/196
f 201/201/201 200/200/200 199/199/199
f 204/204/204 203/203/203 202/202/202
f 207/207/207 206/206/206 205/205/205
f 210/210/210 209/209/209 208/208/208
f 213/213/213 212/212/212 211/211/211
f 216/216/216 215/215/215 214/214/214
f 219/219/219 218/218/218 217/217/217
f 222/222/222 221/221/221 220/220/220
f 225/225/225 224/224/224 223/223/223
f 228/228/228 227/227/227 226/226/226
f 231/231/231 230/230/230 229/229/229
f 234/234/234 233/233/233 232/232/232
f 237/237/237 236/236/236 235/235/235
f 240/240/240 239/239/239 238/238/238
f 243/243/243 242/242/242 241/241/241
f 246/246/246 245/245/245 244/244/244
f 249/249/249 248/248/248 247/247/247
f 252/252/252 251/251/251 250/250/250
f 255/255/255 254/254/254 253/253/253
f 258/258/258 257/257/257 256/256/256
f 261/261/261 260/260/260 259/259/259
f 264/264/264 263/263/263 262/262/262
f 267/267/267 266/266/266 265/265/265
f 270/270/270 269/269/269 268/268/268
f 273/273/273 272/272/272 271/271/271
f 276/276/276 275/275/275 274/274/274
f 279/279/279 278/278/278 277/277/277
f 282/282/282 281/281/281 280/280/280
f 285/285/285 284/284/284 283/283/283
f 288/288/288 287/287/287 286/286/286
f 291/291/291 290/290/290 289/289/289
f 294/294/294 293/293/293 292/292/292
f 297/297/297 296/296/296 295/295/295
f 300/300/300 299/299/299 298/298/298
f 303/303/303 302/302/302 301/301/301
f 306/306/306 305/305/305 304/304/304
f 309/309/309 308/308/308 307/307/307
f 312/312/312 311/311/311 310/310/310
f 315/315/315 314/314/314 313/313/313
f 318/318/318 317/317/317 316/316/316
f 321/321/321 320/320/320 319/319/319
f 324/324/324 323/323/323 322/322/322
f 327/327/327 326/326/326 325/325/325
f 330/330/330 329/329/329 328/328/328
f 333/333/333 332/332/332 331/331/331
f 336/336/336 335/335/335 334/334/334
f 339/339/339 338/338/338 337/337/337
f 342/342/342 341/341/341 340/340/340
f 345/345/345 344/344/344 343/343/343
f 348/348/348 347/347/347 346/346/346
f 351/351/351 350/350/350 349/349/349
f 354/354/354 353/353/353 352/352/352
f 357/357/357 356/356/356 355/355/355
f 360/360/360 359/359/359 358/358/358
f 363/363/363 362/362/362 361/361/361
f 366/366/366 365/365/365 364/364/364
f 369/369/369 368/368/368 367/367/367
f 372/372/372 371/371/371 370/370/370
f 375/375/375 374/374/374 373/373/373
f 378/378/378 377/377/377 376/376/376
f 381/381/381 380/380/380 379/379/379
f 384/384/384 383/383/383 382/382/382
f 387/387/387 386/386/386 385/385/385
f 390/390/390 389/389/389 388/388/388
f 393/393/393 392/392/392 391/391/391
f 396/396/396 395/395/395 394/394/394
f 399/399/399 398/398/398 397/397/397
f 402/402/402 401/401/401 400/400/400
f 405/405/405 404/404/404 403/403/403
f 408/408/408 407/407/407 406/406/406
f 411/411/411 410/410/410 409/409/409
f 414/414/414 413/413/413 412/412/412
f 417/417/417 416/416/416 415/415/415
f 420/420/420 419/419/419 418/418/418
f 423/423/423 422/422/422 421/421/421
f 426/426/426 425/425/425 424/424/424
f 429/429/429 428/428/428 427/427/427
f 432/432/432 431/431/431 430/430/430
f 435/435/435 434/434/434 433/433/433
f 438/438/438 437/437/437 436/436/436
f 441/441/441 440/440/440 439/439/439
f 444/444/444 443/443/443 442/442/442
f 447/447/447 446/446/446 445/445/445
f 450/450/450 449/449/449 448/448/448
f 453/453/453 452/452/452 451/451/451
f 456/456/456 455/455/455 454/454/454
f 459/459/459 458/458/458 457/457/457
f 462/462/462 461/461/461 460/460/460
f 465/465/465 464/464/464 463/463/463
f 468/468/468 467/467/467 466/466/466
f 471/471/471 470/470/470 469/469/469
f 474/474/474 473/473/473 472/472/472
f 477/477/477 476/476/476 475/475/475
f 480/480/480 479/479/479 478/478/478
f 483/483/483 482/482/482 481/481/481
f 486/486/486 485/485/485 484/484/484
f 489/489/489 488/488/488 487/487/487
f 492/492/492 491/491/491 490/490/490
f 495/495/495 494/494/494 493/493/493
f 498/498/498 497/497/497 496/496/496
f 501/501/501 500/500/500 499/499/499
f 504/504/504 503/503/503 502/502/502
f 507/507/507 506/506/506 505/505/505
f 510/510/510 509/509/509 508/508/508
f 513/513/513 512/512/512 511/511/511
f 516/516/516 515/515/515 514/514/514
f 519/519/519 518/518/518 517/517/517
f 522/522/522 521/521/521 520/520/520
f 525/525/525 524/524/524 523/523/523
f 528/528/528 527/527/527 526/526/526
f 531/531/531 530/530/530 529/529/529
f 534/534/534 533/533/533 532/532/532
f 537/537/537 536/536/536 535/535/535
f 540/540/540 539/539/539 538/538/538
f 543/543/543 542/542/542 541/541/541
f 546/546/546 545/545/545 544/544/544
f 549/549/549 548/548/548 547/547/547
f 552/552/552 551/551/551 550/550/550
f 555/555/555 554/554/554 553/553/553
f 558/558/558 557/557/557 556/556/556
f 561/561/561 560/560/560 559/559/559
f 564/564/564 563/563/563 562/562/562
f 567/567/567 566/566/566 565/565/565
f 570/570/570 569/569/569 568/568/568
f 573/573/573 572/572/572 571/571/571
f 576/576/576 575/575/575 574/574/574
f 579/579/579 578/578/578 577/577/577
f 582/582/582 581/581/581 580/580/580
f 585/585/585 584/584/584 583/583/583
f 588/588/588 587/587/587 586/586/586
f 591/591/591 590/590/590 589/589/589
f 594/594/594 593/593/593 592/592/592
f 597/597/597 596/596/596 595/595/595
f 600/600/600 599/599/599 598/598/598
f 603/603/603 602/602/602 601/601/601
f 606/606/606 605/605/605 604/604/604
f 609/609/609 608/608/608 607/607/607
f 612/612/612 611/611/611 610/610/610
f 615/615/615 614/614/614 613/613/613
f 618/618/618 617/617/617 616/616/616
f 621/621/621 620/620/620 619/619/619
f 624/624/624 623/623/623 622/622/622
f 627/627/627 626/626/626 625/625/625
f 630/630/630 629/629/629 628/628/628
f 633/633/633 632/632/632 631/631/631
f 636/636/636 635/635/635 634/634/634
f 639/639/639 638/638/638 637/637/637
f 642/642/642 641/641/641 640/640/640
f 645/645/645 644/644/644 643/643/643
f 648/648/648 647/647/647 646/646/646
f 651/651/651 650/650/650 649/649/649
f 654/654/654 653/653/653 652/652/652
f 657/657/657 656/656/656 655/655/655
f 660/660/660 659/659/659 658/658/658
f 663/663/663 662/662/662 661/661/661
f 666/666/666 665/665/665 664/664/664
f 669/669/669 668/668/668 667/667/667
f 672/672/672 671/671/671 670/670/670
f 675/675/675 674/674/674 673/673/673
f 678/678/678 677/677/677 676/676/676
f 681/681/681 680/680/680 679/679/679
f 684/684/684 683/683/683 682/682/682
f 687/687/687 686/686/686 685/685/685
f 690/690/690 689/689/689 688/688/688
f 693/693/693 692/692/692 691/691/691
f 696/696/696 695/695/695 694/694/694
f 699/699/699 698/698/698 697/697/697
f 702/702/702 701/701/701 700/700/700
f 705/705/705 704/704/704 703/703/703
f 708/708/708 707/707/707 706/706/706
f 711/711/711 710/710/710 709/709/709
f 714/714/714 713/713/713 712/712/712
f 717/717/717 716/716/716 715/715/715
f 720/720/720 719/719/719 718/718/718
f 723/723/723 722/722/722 721/721/721
f 726/726/726 725/725/725 724/724/724
f 729/729/729 728/728/728 727/727/727
f 732/732/732 731/731/731 730/730/730
f 735/735/735 734/734/734 733/733/733
f 738/738/738 737/737/737 736/736/736
f 741/741/741 740/740/740 739/739/739
f 744/744/744 743/743/743 742/742/742
f 747/747/747 746/746/746 745/745/745
f 750/750/750 749/749/749 748/748/748
f 753/753/753 752/752/752 751/751/751
f 756/756/756 755/755/755 754/754/754
f 759/759/759 758/758/758 757/757/757
f 762/762/762 761/761/761 760/760/760
f 765/765/765 764/764/764 763/763/763
f 768/768/768 767/767/767 766/766/766
f 771/771/771 770/770/770 769/769/769
f 774/774/774 773/773/773 772/772/772
f 777/777/777 776/776/776 775/775/775
f 780/780/780 779/779/779 778/778/778
f 783/783/783 782/782/782 781/781/781
f 786/786/786 785/785/785 784/784/784
f 789/789/789 788/788/788 787/787/787
f 792/792/792 791/791/791 790/790/790
f 795/795/795 794/794/794 793/793/793
f 798/798/798 797/797/797 796/796/796
f 801/801/801 800/800/800 799/799/799
f 804/804/804 803/803/803 802/802/802
f 807/807/807 806/806/806 805/805/805
f 810/810/810 809/809/809 808/808/808
f 813/813/813 812/812/812 811/811/811
f 816/816/816 815/815/815 814/814/814
f 819/819/819 818/818/818 817/817/817
f 822/822/822 821/821/821 820/820/820
f 825/825/825 824/824/824 823/823/823
f 828/828/828 827/827/827 826/826/826
f 831/831/831 830/830/830 829/829/829
f 834/834/834 833/833/833 832/832/832
f 837/837/837 836/836/836 835/835/835
f 840/840/840 839/839/839 838/838/838
f 843/843/843 842/842/842 841/841/841
f 846/846/846 845/845/845 844/844/844
f 849/849/849 848/848/848 847/847/847
f 852/852/852 851/851/851 850/850/850
f 855/855/855 854/854/854 853/853/853
f 858/858/858 857/857/857 856/856/856
f 861/861/861 860/860/860 859/859/859
f 864/864/864 863/863/863 862/862/862
f 867/867/867 866/866/866 865/865/865
f 870/870/870 869/869/869 868/868/868
f 873/873/873 872/872/872 871/871/871
f 876/876/876 875/875/875 874/874/874
f 879/879/879 878/878/878 877/877/877
f 882/882/882 881/881/881 880/880/880
f 885/885/885 884/884/884 883/883/883
f 888/888/888 887/887/887 886/886/886
f 891/891/891 890/890/890 889/889/889
f 894/894/894 893/893/893 892/892/892
f 897/897/897 896/896/896 895/895/895
f 900/900/900 899/899/899 898/898/898
f 903/903/903 902/902/902 901/901/901
f 906/906/906 905/905/905 904/904/904
f 909/909/909 908/908/908 907/907/907
f 912/912/912 911/911/911 910/910/910
f 915/915/915 914/914/914 913/913/913
f 918/918/918 917/917/917 916/916/916
f 921/921/921 920/920/920 919/919/919
f 924/924/924 923/923/923 922/922/922
f 927/927/927 926/926/926 925/925/925
f 930/930/930 929/929/929 928/928/928
f 933/933/933 932/932/932 931/931/931
f 936/936/936 935/935/935 934/934/934
f 939/939/939 938/938/938 937/937/937
f 942/942/942 941/941/941 940/940/940
f 945/945/945 944/944/944 943/943/943
f 948/948/948 947/947/947 946/946/946
f 951/951/951 950/950/950 949/949/949
f 954/954/954 953/953/953 952/952/952
f 957/957/957 956/956/956 955/955/955
f 960/960/960 959/959/959 958/958/958
f 963/963/963 962/962/962 961/961/961
f 966/966/966 965/965/965 964/964/964
f 969/969/969 968/968/968 967/967/967
f 972/972/972 971/971/971 970/970/970
f 975/975/975 974/974/974 973/973/973
f 978/978/978 977/977/977 976/976/976
f 981/981/981 980/980/980 979/979/979
f 984/984/984 983/983/983 982/982/982
f 987/987/987 986/986/986 985/985/985
f 990/990/990 989/989/989 988/988/988
f 993/993/993 992/992/992 991/991/991
f 996/996/996 995/995/995 994/994/994
f 999/999/999 998/998/998 997/997/997
f 1002/1002/1002 1001/1001/1001 1000/1000/1000
f 1005/1005/1005 1004/1004/1004 1003/1003/1003
f 1008/1008/1008 1007/1007/1007 1006/1006/1006
f 1011/1011/1011 1010/1010/1010 1009/1009/1009
f 1014/1014/1014 1013/1013/1013 1012/1012/1012
f 1017/1017/1017 1016/1016/1016 1015/1015/1015
f 1020/1020/1020 1019/1019/1019 1018/1018/1018
f 1023/1023/1023 1022/1022/1022 1021/1021/1021
f 1026/1026/1026 1025/1025/1025 1024/1024/1024
f 1029/1029/1029 1028/1028/1028 1027/1027/1027
f 1032/1032/1032 1031/1031/1031 1030/1030/1030
f 1035/1035/1035 1034/1034/1034 1033/1033/1033
f 1038/1038/1038 1037/1037/1037 1036/1036/1036
f 1041/1041/1041 1040/1040/1040 1039/1039/1039
f 1044/1044/1044 1043/1043/1043 1042/1042/1042
f 1047/1047/1047 1046/1046/1046 1045/1045/1045
f 1050/1050/1050 1049/1049/1049 1048/1048/1048
f 1053/1053/1053 1052/1052/1052 1051/1051/1051
f 1056/1056/1056 1055/1055/1055 1054/1054/1054
f 1059/1059/1059 1058/1058/1058 1057/1057/1057
f 1062/1062/1062 1061/1061/1061 1060/1060/1060
f 1065/1065/1065 1064/1064/1064 1063/1063/1063
f 1068/1068/1068 1067/1067/1067 1066/1066/1066
f 1071/1071/1071 1070/1070/1070 1069/1069/1069
f 1074/1074/1074 1073/1073/1073 1072/1072/1072
f 1077/1077/1077 1076/1076/1076 1075/1075/1075
f 1080/1080/1080 1079/1079/1079 1078/1078/1078
f 1083/1083/1083 1082/1082/1082 1081/1081/1081
f 1086/1086/1086 1085/1085/1085 1084/1084/1084
f 1089/1089/1089 1088/1088/1088 1087/1087/1087
f 1092/1092/1092 1091/1091/1091 1090/1090/1090
f 1095/1095/1095 1094/1094/1094 1093/1093/1093
f 1098/1098/1098 1097/1097/1097 1096/1096/1096
f 1101/1101/1101 1100/1100/1100 1099/1099/1099
f 1104/1104/1104 1103/1103/1103 1102/1102/1102
f 1107/1107/1107 1106/1106/1106 1105/1105/1105
f 1110/1110/1110 1109/1109/1109 1108/1108/1108
f 1113/1113/1113 1112/1112/1112 1111/1111/1111
f 1116/1116/1116 1115/1115/1115 1114/1114/1114
f 1119/1119/1119 1118/1118/1118 1117/1117/1117
f 1122/1122/1122 1121/1121/1121 1120/1120/1120
f 1125/1125/1125 1124/1124/1124 1123/1123/1123
f 1128/1128/1128 1127/1127/1127 1126/1126/1126
f 1131/1131/1131 1130/1130/1130 1129/1129/1129
f 1134/1134/1134 1133/1133/1133 1132/1132/1132
f 1137/1137/1137 1136/1136/1136 1135/1135/1135
f 1140/1140/1140 1139/1139/1139 1138/1138/1138
f 1143/1143/1143 1142/1142/1142 1141/1141/1141
f 1146/1146/1146 1145/1145/1145 1144/1144/1144
f 1149/1149/1149 1148/1148/1148 1147/1147/1147
f 1152/1152/1152 1151/1151/1151 1150/1150/1150
f 1155/1155/1155 1154/1154/1154 1153/1153/1153
f 1158/1158/1158 1157/1157/1157 1156/1156/1156
f 1161/1161/1161 1160/1160/1160 1159/1159/1159
f 1164/1164/1164 1163/1163/1163 1162/1162/1162
f 1167/1167/1167 1166/1166/1166 1165/1165/1165
f 1170/1170/1170 1169/1169/1169 1168/1168/1168
f 1173/1173/1173 1172/1172/1172 1171/1171/1171
f 1176/1176/1176 1175/1175/1175 1174/1174/1174
f 1179/1179/1179 1178/1178/1178 1177/1177/1177
f 1182/1182/1182 1181/1181/1181 1180/1180/1180
f 1185/1185/1185 1184/1184/1184 1183/1183/1183
f 1188/1188/1188 1187/1187/1187 1186/1186/1186
f 1191/1191/1191 1190/1190/1190 1189/1189/1189
f 1194/1194/1194 1193/1193/1193 1192/1192/1192
f 1197/1197/1197 1196/1196/1196 1195/1195/1195
f 1200/1200/1200 1199/1199/1199 1198/1198/1198
f 1203/1203/1203 1202/1202/1202 1201/1201/1201
f 1206/1206/1206 1205/1205/1205 1204/1204/1204
f 1209/1209/1209 1208/1208/1208 1207/1207/1207
f 1212/1212/1212 1211/1211/1211 1210/1210/1210
f 1215/1215/1215 1214/1214/1214 1213/1213/1213
f 1218/1218/1218 1217/1217/1217 1216/1216/1216
f 1221/1221/1221 1220/1220/1220 1219/1219/1219
f 1224/1224/1224 1223/1223/1223 1222/1222/1222
f 1227/1227/1227 1226/1226/1226 1225/1225/1225
f 1230/1230/1230 1229/1229/1229 1228/1228/1228
f 1233/1233/1233 1232/1232/1232 1231/1231/1231
f 1236/1236/1236 1235/1235/1235 1234/1234/1234
f 1239/1239/1239 1238/1238/1238 1237/1237/1237
f 1242/1242/1242 1241/1241/1241 1240/1240/1240
f 1245/1245/1245 1244/1244/1244 1243/1243/1243
f 1248/1248/1248 1247/1247/1247 1246/1246/1246
f 1251/1251/1251 1250/1250/1250 1249/1249/1249
f 1254/1254/1254 1253/1253/1253 1252/1252/1252
f 1257/1257/1257 1256/1256/1256 1255/1255/1255
f 1260/1260/1260 1259/1259/1259 1258/1258/1258
f 1263/1263/1263 1262/1262/1262 1261/1261/1261
f 1266/1266/1266 1265/1265/1265 1264/1264/1264
f 1269/1269/1269 1268/1268/1268 1267/1267/1267
f 1272/1272/1272 1271/1271/1271 1270/1270/1270
f 1275/1275/1275 1274/1274/1274 1273/1273/1273
f 1278/1278/1278 1277/1277/1277 1276/1276/1276
f 1281/1281/1281 1280/1280/1280 1279/1279/1279
f 1284/1284/1284 1283/1283/1283 1282/1282/1282
f 1287/1287/1287 1286/1286/1286 1285/1285/1285
f 1290/1290/1290 1289/1289/1289 1288/1288/1288
f 1293/1293/1293 1292/1292/1292 1291/1291/1291
f 1296/1296/1296 1295/1295/1295 1294/1294/1294
f 1299/1299/1299 1298/1298/1298 1297/1297/1297
f 1302/1302/1302 1301/1301/1301 1300/1300/1300
f 1305/1305/1305 1304/1304/1304 1303/1303/1303
f 1308/1308/1308 1307/1307/1307 1306/1306/1306
f 1311/1311/1311 1310/1310/1310 1309/1309/1309
f 1314/1314/1314 1313/1313/1313 1312/1312/1312
f 1317/1317/1317 1316/1316/1316 1315/1315/1315
f 1320/1320/1320 1319/1319/1319 1318/1318/1318
f 1323/1323/1323 1322/1322/1322 1321/1321/1321
f 1326/1326/1326 1325/1325/1325 1324/1324/1324
f 1329/1329/1329 1328/1328/1328 1327/1327/1327
f 1332/1332/1332 1331/1331/1331 1330/1330/1330
f 1335/1335/1335 1334/1334/1334 1333/1333/1333
f 1338/1338/1338 1337/1337/1337 1336/1336/1336
f 1341/1341/1341 1340/1340/1340 1339/1339/1339
f 1344/1344/1344 1343/1343/1343 1342/1342/1342
f 1347/1347/1347 1346/1346/1346 1345/1345/1345
f 1350/1350/1350 1349/1349/1349 1348/1348/1348
f 1353/1353/1353 1352/1352/1352 1351/1351/1351
f 1356/1356/1356 1355/1355/1355 1354/1354/1354
f 1359/1359/1359 1358/1358/1358 1357/1357/1357
f 1362/1362/1362 1361/1361/1361 1360/1360/1360
f 1365/1365/1365 1364/1364/1364 1363/1363/1363
f 1368/1368/1368 1367/1367/1367 1366/1366/1366
f 1371/1371/1371 1370/1370/1370 1369/1369/1369
f 1374/1374/1374 1373/1373/1373 1372/1372/1372
f 1377/1377/1377 1376/1376/1376 1375/1375/1375
f 1380/1380/1380 1379/1379/1379 1378/1378/1378
f 1383/1383/1383 1382/1382/1382 1381/1381/1381
f 1386/1386/1386 1385/1385/1385 1384/1384/1384
f 1389/1389/1389 1388/1388/1388 1387/1387/1387
f 1392/1392/1392 1391/1391/1391 1390/1390/1390
f 1395/1395/1395 1394/1394/1394 1393/1393/1393
f 1398/1398/1398 1397/1397/1397 1396/1396/1396
f 1401/1401/1401 1400/1400/1400 1399/1399/1399
f 1404/1404/1404 1403/1403/1403 1402/1402/1402
f 1407/1407/1407 1406/1406/1406 1405/1405/1405
f 1410/1410/1410 1409/1409/1409 1408/1408/1408
f 1413/1413/1413 1412/1412/1412 1411/1411/1411
f 1416/1416/1416 1415/1415/1415 1414/1414/1414
f 1419/1419/1419 1418/1418/1418 1417/1417/1417
f 1422/1422/1422 1421/1421/1421 1420/1420/1420
f 1425/1425/1425 1424/1424/1424 1423/1423/1423
f 1428/1428/1428 1427/1427/1427 1426/1426/1426
f 1431/1431/1431 1430/1430/1430 1429/1429/1429
f 1434/1434/1434 1433/1433/1433 1432/1432/1432
f 1437/1437/1437 1436/1436/1436 1435/1435/1435
f 1440/1440/1440 1439/1439/1439 1438/1438/1438
f 1443/1443/1443 1442/1442/1442 1441/1441/1441
f 1446/1446/1446 1445/1445/1445 1444/1444/1444
f 1449/1449/1449 1448/1448/1448 1447/1447/1447
f 1452/1452/1452 1451/1451/1451 1450/1450/1450
f 1455/1455/1455 1454/1454/1454 1453/1453/1453
f 1458/1458/1458 1457/1457/1457 1456/1456/1456
f 1461/1461/1461 1460/1460/1460 1459/1459/1459
f 1464/1464/1464 1463/1463/1463 1462/1462/1462
f 1467/1467/1467 1466/1466/1466 1465/1465/1465
f 1470/1470/1470 1469/1469/1469 1468/1468/1468
f 1473/1473/1473 1472/1472/1472 1471/1471/1471
f 1476/1476/1476 1475/1475/1475 1474/1474/1474
f 1479/1479/1479 1478/1478/1478 1477/1477/1477
f 1482/1482/1482 1481/1481/1481 1480/1480/1480
f 1485/1485/1485 1484/1484/1484 1483/1483/1483
f 1488/1488/1488 1487/1487/1487 1486/1486/1486
f 1491/1491/1491 1490/1490/1490 1489/1489/1489
f 1494/1494/1494 1493/1493/1493 1492/1492/1492
f 1497/1497/1497 1496/1496/1496 1495/1495/1495
f 1500/1500/1500 1499/1499/1499 1498/1498/1498
f 1503/1503/1503 1502/1502/1502 1501/1501/1501
f 1506/1506/1506 1505/1505/1505 1504/1504/1504
f 1509/1509/1509 1508/1508/1508 1507/1507/1507
f 1512/1512/1512 1511/1511/1511 1510/1510/1510
f 1515/1515/1515 1514/1514/1514 1513/1513/1513
f 1518/1518/1518 1517/1517/1517 1516/1516/1516
f 1521/1521/1521 1520/1520/1520 1519/1519/1519
f 1524/1524/1524 1523/1523/1523 1522/1522/1522
f 1527/1527/1527 1526/1526/1526 1525/1525/1525
f 1530/1530/1530 1529/1529/1529 1528/1528/1528
f 1533/1533/1533 1532/1532/1532 1531/1531/1531
f 1536/1536/1536 1535/1535/1535 1534/1534/1534
f 1539/1539/1539 1538/1538/1538 1537/1537/1537
f 1542/1542/1542 1541/1541/1541 1540/1540/1540
f 1545/1545/1545 1544/1544/1544 1543/1543/1543
f 1548/1548/1548 1547/1547/1547 1546/1546/1546
f 1551/1551/1551 1550/1550/1550 1549/1549/1549
f 1554/1554/1554 1553/1553/1553 1552/1552/1552
f 1557/1557/1557 1556/1556/1556 1555/1555/1555
f 1560/1560/1560 1559/1559/1559 1558/1558/1558
f 1563/1563/1563 1562/1562/1562 1561/1561/1561
f 1566/1566/1566 1565/1565/1565 1564/1564/1564
f 1569/1569/1569 1568/1568/1568 1567/1567/1567
f 1572/1572/1572 1571/1571/1571 1570/1570/1570
f 1575/1575/1575 1574/1574/1574 1573/1573/1573
f 1578/1578/1578 1577/1577/1577 1576/1576/1576
f 1581/1581/1581 1580/1580/1580 1579/1579/1579
f 1584/1584/1584 1583/1583/1583 1582/1582/1582
f 1587/1587/1587 1586/1586/1586 1585/1585/1585
f 1590/1590/1590 1589/1589/1589 1588/1588/1588
f 1593/1593/1593 1592/1592/1592 1591/1591/1591
f 1596/1596/1596 1595/1595/1595 1594/1594/1594
f 1599/1599/1599 1598/1598/1598 1597/1597/1597
f 1602/1602/1602 1601/1601/1601 1600/1600/1600
f 1605/1605/1605 1604/1604/1604 1603/1603/1603
f 1608/1608/1608 1607/1607/1607 1606/1606/1606
f 1611/1611/1611 1610/1610/1610 1609/1609/1609
f 1614/1614/1614 1613/1613/1613 1612/1612/1612
f 1617/1617/1617 1616/1616/1616 1615/1615/1615
f 1620/1620/1620 1619/1619/1619 1618/1618/1618
f 1623/1623/1623 1622/1622/1622 1621/1621/1621
f 1626/1626/1626 1625/1625/1625 1624/1624/1624
f 1629/1629/1629 1628/1628/1628 1627/1627/1627
f 1632/1632/1632 1631/1631/1631 1630/1630/1630
f 1635/1635/1635 1634/1634/1634 1633/1633/1633
f 1638/1638/1638 1637/1637/1637 1636/1636/1636
f 1641/1641/1641 1640/1640/1640 1639/1639/1639
f 1644/1644/1644 1643/1643/1643 1642/1642/1642
f 1647/1647/1647 1646/1646/1646 1645/1645/1645
f 1650/1650/1650 1649/1649/1649 1648/1648/1648
f 1653/1653/1653 1652/1652/1652 1651/1651/1651
f 1656/1656/1656 1655/1655/1655 1654/1654/1654
f 1659/1659/1659 1658/1658/1658 1657/1657/1657
f 1662/1662/1662 1661/1661/1661 1660/1660/1660
f 1665/1665/1665 1664/1664/1664 1663/1663/1663
f 1668/1668/1668 1667/1667/1667 1666/1666/1666
f 1671/1671/1671 1670/1670/1670 1669/1669/1669
f 1674/1674/1674 1673/1673/1673 1672/1672/1672
f 1677/1677/1677 1676/1676/1676 1675/1675/1675
f 1680/1680/1680 1679/1679/1679 1678/1678/1678
f 1683/1683/1683 1682/1682/1682 1681/1681/1681
f 1686/1686/1686 1685/1685/1685 1684/1684/1684
f 1689/1689/1689 1688/1688/1688 1687/1687/1687
f 1692/1692/1692 1691/1691/1691 1690/1690/1690
f 1695/1695/1695 1694/1694/1694 1693/1693/1693
f 1698/1698/1698 1697/1697/1697 1696/1696/1696
f 1701/1701/1701 1700/1700/1700 1699/1699/1699
f 1704/1704/1704 1703/1703/1703 1702/1702/1702
f 1707/1707/1707 1706/1706/1706 1705/1705/1705
f 1710/1710/1710 1709/1709/1709 1708/1708/1708
f 1713/1713/1713 1712/1712/1712 1711/1711/1711
f 1716/1716/1716 1715/1715/1715 1714/1714/1714
f 1719/1719/1719 1718/1718/1718 1717/1717/1717
f 1722/1722/1722 1721/1721/1721 1720/1720/1720
f 1725/1725/1725 1724/1724/1724 1723/1723/1723
f 1728/1728/1728 1727/1727/1727 1726/1726/1726
f 1731/1731/1731 1730/1730/1730 1729/1729/1729
f 1734/1734/1734 1733/1733/1733 1732/1732/1732
f 1737/1737/1737 1736/1736/1736 1735/1735/1735
f 1740/1740/1740 1739/1739/1739 1738/1738/1738
f 1743/1743/1743 1742/1742/1742 1741/1741/1741
f 1746/1746/1746 1745/1745/1745 1744/1744/1744
f 1749/1749/1749 1748/1748/1748 1747/1747/1747
f 1752/1752/1752 1751/1751/1751 1750/1750/1750
f 1755/1755/1755 1754/1754/1754 1753/1753/1753
f 1758/1758/1758 1757/1757/1757 1756/1756/1756
f 1761/1761/1761 1760/1760/1760 1759/1759/1759
f 1764/1764/1764 1763/1763/1763 1762/1762/1762
f 1767/1767/1767 1766/1766/1766 1765/1765/1765
f 1770/1770/1770 1769/1769/1769 1768/1768/1768
f 1773/1773/1773 1772/1772/1772 1771/1771/1771
f 1776/1776/1776 1775/1775/1775 1774/1774/1774
f 1779/1779/1779 1778/1778/1778 1777/1777/1777
f 1782/1782/1782 1781/1781/1781 1780/1780/1780
f 1785/1785/1785 1784/1784/1784 1783/1783/1783
f 1788/1788/1788 1787/1787/1787 1786/1786/1786
f 1791/1791/1791 1790/1790/1790 1789/1789/1789
f 1794/1794/1794 1793/1793/1793 1792/1792/1792
f 1797/1797/1797 1796/1796/1796 1795/1795/1795
f 1800/1800/1800 1799/1799/1799 1798/1798/1798
f 1803/1803/1803 1802/1802/1802 1801/1801/1801
f 1806/1806/1806 1805/1805/1805 1804/1804/1804
f 1809/1809/1809 1808/1808/1808 1807/1807/1807
f 1812/1812/1812 1811/1811/1811 1810/1810/1810
f 1815/1815/1815 1814/1814/1814 1813/1813/1813
f 1818/1818/1818 1817/1817/1817 1816/1816/1816
f 1821/1821/1821 1820/1820/1820 1819/1819/1819
f 1824/1824/1824 1823/1823/1823 1822/1822/1822
f 1827/1827/1827 1826/1826/1826 1825/1825/1825
f 1830/1830/1830 1829/1829/1829 1828/1828/1828
f 1833/1833/1833 1832/1832/1832 1831/1831/1831
f 1836/1836/1836 1835/1835/1835 1834/1834/1834
f 1839/1839/1839 1838/1838/1838 1837/1837/1837
f 1842/1842/1842 1841/1841/1841 1840/1840/1840
f 1845/1845/1845 1844/1844/1844 1843/1843/1843
f 1848/1848/1848 1847/1847/1847 1846/1846/1846
f 1851/1851/1851 1850/1850/1850 1849/1849/1849
f 1854/1854/1854 1853/1853/1853 1852/1852/1852
f 1857/1857/1857 1856/1856/1856 1855/1855/1855
f 1860/1860/1860 1859/1859/1859 1858/1858/1858
f 1863/1863/1863 1862/1862/1862 1861/1861/1861
f 1866/1866/1866 1865/1865/1865 1864/1864/1864
f 1869/1869/1869 1868/1868/1868 1867/1867/1867
f 1872/1872/1872 1871/1871/1871 1870/1870/1870
f 1875/1875/1875 1874/1874/1874 1873/1873/1873
f 1878/1878/1878 1877/1877/1877 1876/1876/1876
f 1881/1881/1881 1880/1880/1880 1879/1879/1879
f 1884/1884/1884 1883/1883/1883 1882/1882/1882
f 1887/1887/1887 1886/1886/1886 1885/1885/1885
f 1890/1890/1890 1889/1889/1889 1888/1888/1888
f 1893/1893/1893 1892/1892/1892 1891/1891/1891
f 1896/1896/1896 1895/1895/1895 1894/1894/1894
f 1899/1899/1899 1898/1898/1898 1897/1897/1897
f 1902/1902/1902 1901/1901/1901 1900/1900/1900
f 1905/1905/1905 1904/1904/1904 1903/1903/1903
f 1908/1908/1908 1907/1907/1907 1906/1906/1906
f 1911/1911/1911 1910/1910/1910 1909/1909/1909
f 1914/1914/1914 1913/1913/1913 1912/1912/1912
f 1917/1917/1917 1916/1916/1916 1915/1915/1915
f 1920/1920/1920 1919/1919/1919 1918/1918/1918
f 1923/1923/1923 1922/1922/1922 1921/1921/1921
f 1926/1926/1926 1925/1925/1925 1924/1924/1924
f 1929/1929/1929 1928/1928/1928 1927/1927/1927
f 1932/1932/1932 1931/1931/1931 1930/1930/1930
f 1935/1935/1935 1934/1934/1934 1933/1933/1933
f 1938/1938/1938 1937/1937/1937 1936/1936/1936
f 1941/1941/1941 1940/1940/1940 1939/1939/1939
f 1944/1944/1944 1943/1943/1943 1942/1942/1942
f 1947/1947/1947 1946/1946/1946 1945/1945/1945
f 1950/1950/1950 1949/1949/1949 1948/1948/1948
f 1953/1953/1953 1952/1952/1952 1951/1951/1951
f 1956/1956/1956 1955/1955/1955 1954/1954/1954
f 1959/1959/1959 1958/1958/1958 1957/1957/1957
f 1962/1962/1962 1961/1961/1961 1960/1960/1960
f 1965/1965/1965 1964/1964/1964 1963/1963/1963
f 1968/1968/1968 1967/1967/1967 1966/1966/1966
f 1971/1971/1971 1970/1970/1970 1969/1969/1969
f 1974/1974/1974 1973/1973/1973 1972/1972/1972
f 1977/1977/1977 1976/1976/1976 1975/1975/1975
f 1980/1980/1980 1979/1979/1979 1978/1978/1978
f 1983/1983/1983 1982/1982/1982 1981/1981/1981
f 1986/1986/1986 1985/1985/1985 1984/1984/1984
f 1989/1989/1989 1988/1988/1988 1987/1987/1987
f 1992/1992/1992 1991/1991/1991 1990/1990/1990
f 1995/1995/1995 1994/1994/1994 1993/1993/1993
f 1998/1998/1998 1997/1997/1997 1996/1996/1996
f 2001/2001/2001 2000/2000/2000 1999/1999/1999
f 2004/2004/2004 2003/2003/2003 2002/2002/2002
f 2007/2007/2007 2006/2006/2006 2005/2005/2005
f 2010/2010/2010 2009/2009/2009 2008/2008/2008
f 2013/2013/2013 2012/2012/2012 2011/2011/2011
f 2016/2016/2016 2015/2015/2015 2014/2014/2014
f 2019/2019/2019 2018/2018/2018 2017/2017/2017
f 2022/2022/2022 2021/2021/2021 2020/2020/2020
f 2025/2025/2025 2024/2024/2024 2023/2023/2023
f 2028/2028/2028 2027/2027/2027 2026/2026/2026
f 2031/2031/2031 2030/2030/2030 2029/2029/2029
f 2034/2034/2034 2033/2033/2033 2032/2032/2032
f 2037/2037/2037 2036/2036/2036 2035/2035/2035
f 2040/2040/2040 2039/2039/2039 2038/2038/2038
f 2043/2043/2043 2042/2042/2042 2041/2041/2041
f 2046/2046/2046 2045/2045/2045 2044/2044/2044
f 2049/2049/2049 2048/2048/2048 2047/2047/2047
f 2052/2052/2052 2051/2051/2051 2050/2050/2050
f 2055/2055/2055 2054/2054/2054 2053/2053/2053
f 2058/2058/2058 2057/2057/2057 2056/2056/2056
f 2061/2061/2061 2060/2060/2060 2059/2059/2059
f 2064/2064/2064 2063/2063/2063 2062/2062/2062
f 2067/2067/2067 2066/2066/2066 2065/2065/2065
f 2070/2070/2070 2069/2069/2069 2068/2068/2068
f 2073/2073/2073 2072/2072/2072 2071/2071/2071
f 2076/2076/2076 2075/2075/2075 2074/2074/2074
f 2079/2079/2079 2078/2078/2078 2077/2077/2077
f 2082/2082/2082 2081/2081/2081 2080/2080/2080
f 2085/2085/2085 2084/2084/2084 2083/2083/2083
f 2088/2088/2088 2087/2087/2087 2086/2086/2086
f 2091/2091/2091 2090/2090/2090 2089/2089/2089
f 2094/2094/2094 2093/2093/2093 2092/2092/2092
f 2097/2097/2097 2096/2096/2096 2095/2095/2095
f 2100/2100/2100 2099/2099/2099 2098/2098/2098
f 2103/2103/2103 2102/2102/2102 2101/2101/2101
f 2106/2106/2106 2105/2105/2105 2104/2104/2104
f 2109/2109/2109 2108/2108/2108 2107/2107/2107
f 2112/2112/2112 2111/2111/2111 2110/2110/2110
f 2115/2115/2115 2114/2114/2114 2113/2113/2113
f 2118/2118/2118 2117/2117/2117 2116/2116/2116
f 2121/2121/2121 2120/2120/2120 2119/2119/2119
f 2124/2124/2124 2123/2123/2123 2122/2122/2122
f 2127/2127/2127 2126/2126/2126 2125/2125/2125
f 2130/2130/2130 2129/2129/2129 2128/2128/2128
f 2133/2133/2133 2132/2132/2132 2131/2131/2131
f 2136/2136/2136 2135/2135/2135 2134/2134/2134
f 2139/2139/2139 2138/2138/2138 2137/2137/2137
f 2142/2142/2142 2141/2141/2141 2140/2140/2140
f 2145/2145/2145 2144/2144/2144 2143/2143/2143
f 2148/2148/2148 2147/2147/2147 2146/2146/2146
f 2151/2151/2151 2150/2150/2150 2149/2149/2149
f 2154/2154/2154 2153/2153/2153 2152/2152/2152
f 2157/2157/2157 2156/2156/2156 2155/2155/2155
f 2160/2160/2160 2159/2159/2159 2158/2158/2158
f 2163/2163/2163 2162/2162/2162 2161/2161/2161
f 2166/2166/2166 2165/2165/2165 2164/2164/2164
f 2169/2169/2169 2168/2168/2168 2167/2167/2167
f 2172/2172/2172 2171/2171/2171 2170/2170/2170
f 2175/2175/2175 2174/2174/2174 2173/2173/2173
f 2178/2178/2178 2177/2177/2177 2176/2176/2176
f 2181/2181/2181 2180/2180/2180 2179/2179/2179
f 2184/2184/2184 2183/2183/2183 2182/2182/2182
f 2187/2187/2187 2186/2186/2186 2185/2185/2185
f 2190/2190/2190 2189/2189/2189 2188/2188/2188
f 2193/2193/2193 2192/2192/2192 2191/2191/2191
f 2196/2196/2196 2195/2195/2195 2194/2194/2194
f 2199/2199/2199 2198/2198/2198 2197/2197/2197
f 2202/2202/2202 2201/2201/2201 2200/2200/2200
f 2205/2205/2205 2204/2204/2204 2203/2203/2203
f 2208/2208/2208 2207/2207/2207 2206/2206/2206
f 2211/2211/2211 2210/2210/2210 2209/2209/2209
f 2214/2214/2214 2213/2213/2213 2212/2212/2212
f 2217/2217/2217 2216/2216/2216 2215/2215/2215
f 2220/2220/2220 2219/2219/2219 2218/2218/2218
f 2223/2223/2223 2222/2222/2222 2221/2221/2221
f 2226/2226/2226 2225/2225/2225 2224/2224/2224
f 2229/2229/2229 2228/2228/2228 2227/2227/2227
f 2232/2232/2232 2231/2231/2231 2230/2230/2230
f 2235/2235/2235 2234/2234/2234 2233/2233/2233
f 2238/2238/2238 2237/2237/2237 2236/2236/2236
f 2241/2241/2241 2240/2240/2240 2239/2239/2239
f 2244/2244/2244 2243/2243/2243 2242/2242/2242
f 2247/2247/2247 2246/2246/2246 2245/2245/2245
f 2250/2250/2250 2249/2249/2249 2248/2248/2248
f 2253/2253/2253 2252/2252/2252 2251/2251/2251
f 2256/2256/2256 2255/2255/2255 2254/2254/2254
f 2259/2259/2259 2258/2258/2258 2257/2257/2257
f 2262/2262/2262 2261/2261/2261 2260/2260/2260
f 2265/2265/2265 2264/2264/2264 2263/2263/2263
f 2268/2268/2268 2267/2267/2267 2266/2266/2266
f 2271/2271/2271 2270/2270/2270 2269/2269/2269
f 2274/2274/2274 2273/2273/2273 2272/2272/2272
f 2277/2277/2277 2276/2276/2276 2275/2275/2275
f 2280/2280/2280 2279/2279/2279 2278/2278/2278
f 2283/2283/2283 2282/2282/2282 2281/2281/2281
f 2286/2286/2286 2285/2285/2285 2284/2284/2284
f 2289/2289/2289 2288/2288/2288 2287/2287/2287
f 2292/2292/2292 2291/2291/2291 2290/2290/2290
f 2295/2295/2295 2294/2294/2294 2293/2293/2293
f 2298/2298/2298 2297/2297/2297 2296/2296/2296
f 2301/2301/2301 2300/2300/2300 2299/2299/2299
f 2304/2304/2304 2303/2303/2303 2302/2302/2302
f 2307/2307/2307 2306/2306/2306 2305/2305/2305
f 2310/2310/2310 2309/2309/2309 2308/2308/2308
f 2313/2313/2313 2312/2312/2312 2311/2311/2311
f 2316/2316/2316 2315/2315/2315 2314/2314/2314
f 2319/2319/2319 2318/2318/2318 2317/2317/2317
f 2322/2322/2322 2321/2321/2321 2320/2320/2320
f 2325/2325/2325 2324/2324/2324 2323/2323/2323
f 2328/2328/2328 2327/2327/2327 2326/2326/2326
f 2331/2331/2331 2330/2330/2330 2329/2329/2329
f 2334/2334/2334 2333/2333/2333 2332/2332/2332
f 2337/2337/2337 2336/2336/2336 2335/2335/2335
f 2340/2340/2340 2339/2339/2339 2338/2338/2338
f 2343/2343/2343 2342/2342/2342 2341/2341/2341
f 2346/2346/2346 2345/2345/2345 2344/2344/2344
f 2349/2349/2349 2348/2348/2348 2347/2347/2347
f 2352/2352/2352 2351/2351/2351 2350/2350/2350
f 2355/2355/2355 2354/2354/2354 2353/2353/2353
f 2358/2358/2358 2357/2357/2357 2356/2356/2356
f 2361/2361/2361 2360/2360/2360 2359/2359/2359
f 2364/2364/2364 2363/2363/2363 2362/2362/2362
f 2367/2367/2367 2366/2366/2366 2365/2365/2365
f 2370/2370/2370 2369/2369/2369 2368/2368/2368
f 2373/2373/2373 2372/2372/2372 2371/2371/2371
f 2376/2376/2376 2375/2375/2375 2374/2374/2374
f 2379/2379/2379 2378/2378/2378 2377/2377/2377
f 2382/2382/2382 2381/2381/2381 2380/2380/2380
f 2385/2385/2385 2384/2384/2384 2383/2383/2383
f 2388/2388/2388 2387/2387/2387 2386/2386/2386
f 2391/2391/2391 2390/2390/2390 2389/2389/2389
f 2394/2394/2394 2393/2393/2393 2392/2392/2392
f 2397/2397/2397 2396/2396/2396 2395/2395/2395
f 2400/2400/2400 2399/2399/2399 2398/2398/2398
f 2403/2403/2403 2402/2402/2402 2401/2401/2401
f 2406/2406/2406 2405/2405/2405 2404/2404/2404
f 2409/2409/2409 2408/2408/2408 2407/2407/2407
f 2412/2412/2412 2411/2411/2411 2410/2410/2410
f 2415/2415/2415 2414/2414/2414 2413/2413/2413
f 2418/2418/2418 2417/2417/2417 2416/2416/2416
f 2421/2421/2421 2420/2420/2420 2419/2419/2419
f 2424/2424/2424 2423/2423/2423 2422/2422/2422
f 2427/2427/2427 2426/2426/2426 2425/2425/2425
f 2430/2430/2430 2429/2429/2429 2428/2428/2428
f 2433/2433/2433 2432/2432/2432 2431/2431/2431
f 2436/2436/2436 2435/2435/2435 2434/2434/2434
f 2439/2439/2439 2438/2438/2438 2437/2437/2437
f 2442/2442/2442 2441/2441/2441 2440/2440/2440
f 2445/2445/2445 2444/2444/2444 2443/2443/2443
f 2448/2448/2448 2447/2447/2447 2446/2446/2446
f 2451/2451/2451 2450/2450/2450 2449/2449/2449
f 2454/2454/2454 2453/2453/2453 2452/2452/2452
f 2457/2457/2457 2456/2456/2456 2455/2455/2455
f 2460/2460/2460 2459/2459/2459 2458/2458/2458
f 2463/2463/2463 2462/2462/2462 2461/2461/2461
f 2466/2466/2466 2465/2465/2465 2464/2464/2464
f 2469/2469/2469 2468/2468/2468 2467/2467/2467
f 2472/2472/2472 2471/2471/2471 2470/2470/2470
f 2475/2475/2475 2474/2474/2474 2473/2473/2473
f 2478/2478/2478 2477/2477/2477 2476/2476/2476
f 2481/2481/2481 2480/2480/2480 2479/2479/2479
f 2484/2484/2484 2483/2483/2483 2482/2482/2482
f 2487/2487/2487 2486/2486/2486 2485/2485/2485
f 2490/2490/2490 2489/2489/2489 2488/2488/2488
f 2493/2493/2493 2492/2492/2492 2491/2491/2491
f 2496/2496/2496 2495/2495/2495 2494/2494/2494
f 2499/2499/2499 2498/2498/2498 2497/2497/2497
f 2502/2502/2502 2501/2501/2501 2500/2500/2500
f 2505/2505/2505 2504/2504/2504 2503/2503/2503
f 2508/2508/2508 2507/2507/2507 2506/2506/2506
f 2511/2511/2511 2510/2510/2510 2509/2509/2509
f 2514/2514/2514 2513/2513/2513 2512/2512/2512
f 2517/2517/2517 2516/2516/2516 2515/2515/2515
f 2520/2520/2520 2519/2519/2519 2518/2518/2518
f 2523/2523/2523 2522/2522/2522 2521/2521/2521
f 2526/2526/2526 2525/2525/2525 2524/2524/2524
f 2529/2529/2529 2528/2528/2528 2527/2527/2527
f 2532/2532/2532 2531/2531/2531 2530/2530/2530
f 2535/2535/2535 2534/2534/2534 2533/2533/2533
f 2538/2538/2538 2537/2537/2537 2536/2536/2536
f 2541/2541/2541 2540/2540/2540 2539/2539/2539
f 2544/2544/2544 2543/2543/2543 2542/2542/2542
f 2547/2547/2547 2546/2546/2546 2545/2545/2545
f 2550/2550/2550 2549/2549/2549 2548/2548/2548
f 2553/2553/2553 2552/2552/2552 2551/2551/2551
f 2556/2556/2556 2555/2555/2555 2554/2554/2554
f 2559/2559/2559 2558/2558/2558 2557/2557/2557
f 2562/2562/2562 2561/2561/2561 2560/2560/2560
f 2565/2565/2565 2564/2564/2564 2563/2563/2563
f 2568/2568/2568 2567/2567/2567 2566/2566/2566
f 2571/2571/2571 2570/2570/2570 2569/2569/2569
f 2574/2574/2574 2573/2573/2573 2572/2572/2572
f 2577/2577/2577 2576/2576/2576 2575/2575/2575
f 2580/2580/2580 2579/2579/2579 2578/2578/2578
f 2583/2583/2583 2582/2582/2582 2581/2581/2581
f 2586/2586/2586 2585/2585/2585 2584/2584/2584
f 2589/2589/2589 2588/2588/2588 2587/2587/2587
f 2592/2592/2592 2591/2591/2591 2590/2590/2590
f 2595/2595/2595 2594/2594/2594 2593/2593/2593
f 2598/2598/2598 2597/2597/2597 2596/2596/2596
f 2601/2601/2601 2600/2600/2600 2599/2599/2599
f 2604/2604/2604 2603/2603/2603 2602/2602/2602
f 2607/2607/2607 2606/2606/2606 2605/2605/2605
f 2610/2610/2610 2609/2609/2609 2608/2608/2608
f 2613/2613/2613 2612/2612/2612 2611/2611/2611
f 2616/2616/2616 2615/2615/2615 2614/2614/2614
f 2619/2619/2619 2618/2618/2618 2617/2617/2617
f 2622/2622/2622 2621/2621/2621 2620/2620/2620
f 2625/2625/2625 2624/2624/2624 2623/2623/2623
f 2628/2628/2628 2627/2627/2627 2626/2626/2626
f 2631/2631/2631 2630/2630/2630 2629/2629/2629
f 2634/2634/2634 2633/2633/2633 2632/2632/2632
f 2637/2637/2637 2636/2636/2636 2635/2635/2635
f 2640/2640/2640 2639/2639/2639 2638/2638/2638
f 2643/2643/2643 2642/2642/2642 2641/2641/2641
f 2646/2646/2646 2645/2645/2645 2644/2644/2644
f 2649/2649/2649 2648/2648/2648 2647/2647/2647
f 2652/2652/2652 2651/2651/2651 2650/2650/2650
f 2655/2655/2655 2654/2654/2654 2653/2653/2653
f 2658/2658/2658 2657/2657/2657 2656/2656/2656
f 2661/2661/2661 2660/2660/2660 2659/2659/2659
f 2664/2664/2664 2663/2663/2663 2662/2662/2662
f 2667/2667/2667 2666/2666/2666 2665/2665/2665
f 2670/2670/2670 2669/2669/2669 2668/2668/2668
f 2673/2673/2673 2672/2672/2672 2671/2671/2671
f 2676/2676/2676 2675/2675/2675 2674/2674/2674
f 2679/2679/2679 2678/2678/2678 2677/2677/2677
f 2682/2682/2682 2681/2681/2681 2680/2680/2680
f 2685/2685/2685 2684/2684/2684 2683/2683/2683
f 2688/2688/2688 2687/2687/2687 2686/2686/2686
f 2691/2691/2691 2690/2690/2690 2689/2689/2689
f 2694/2694/2694 2693/2693/2693 2692/2692/2692
f 2697/2697/2697 2696/2696/2696 2695/2695/2695
f 2700/2700/2700 2699/2699/2699 2698/2698/2698
f 2703/2703/2703 2702/2702/2702 2701/2701/2701
f 2706/2706/2706 2705/2705/2705 2704/2704/2704
f 2709/2709/2709 2708/2708/2708 2707/2707/2707
f 2712/2712/2712 2711/2711/2711 2710/2710/2710
f 2715/2715/2715 2714/2714/2714 2713/2713/2713
f 2718/2718/2718 2717/2717/2717 2716/2716/2716
f 2721/2721/2721 2720/2720/2720 2719/2719/2719
f 2724/2724/2724 2723/2723/2723 2722/2722/2722
f 2727/2727/2727 2726/2726/2726 2725/2725/2725
f 2730/2730/2730 2729/2729/2729 2728/2728/2728
f 2733/2733/2733 2732/2732/2732 2731/2731/2731
f 2736/2736/2736 2735/2735/2735 2734/2734/2734
f 2739/2739/2739 2738/2738/2738 2737/2737/2737
f 2742/2742/2742 2741/2741/2741 2740/2740/2740
f 2745/2745/2745 2744/2744/2744 2743/2743/2743
f 2748/2748/2748 2747/2747/2747 2746/2746/2746
f 2751/2751/2751 2750/2750/2750 2749/2749/2749
f 2754/2754/2754 2753/2753/2753 2752/2752/2752
f 2757/2757/2757 2756/2756/2756 2755/2755/2755
f 2760/2760/2760 2759/2759/2759 2758/2758/2758
f 2763/2763/2763 2762/2762/2762 2761/2761/2761
f 2766/2766/2766 2765/2765/2765 2764/2764/2764
f 2769/2769/2769 2768/2768/2768 2767/2767/2767
f 2772/2772/2772 2771/2771/2771 2770/2770/2770
f 2775/2775/2775 2774/2774/2774 2773/2773/2773
f 2778/2778/2778 2777/2777/2777 2776/2776/2776
f 2781/2781/2781 2780/2780/2780 2779/2779/2779
f 2784/2784/2784 2783/2783/2783 2782/2782/2782
f 2787/2787/2787 2786/2786/2786 2785/2785/2785
f 2790/2790/2790 2789/2789/2789 2788/2788/2788
f 2793/2793/2793 2792/2792/2792 2791/2791/2791
f 2796/2796/2796 2795/2795/2795 2794/2794/2794
f 2799/2799/2799 2798/2798/2798 2797/2797/2797
f 2802/2802/2802 2801/2801/2801 2800/2800/2800
f 2805/2805/2805 2804/2804/2804 2803/2803/2803
f 2808/2808/2808 2807/2807/2807 2806/2806/2806
f 2811/2811/2811 2810/2810/2810 2809/2809/2809
f 2814/2814/2814 2813/2813/2813 2812/2812/2812
f 2817/2817/2817 2816/2816/2816 2815/2815/2815
f 2820/2820/2820 2819/2819/2819 2818/2818/2818
f 2823/2823/2823 2822/2822/2822 2821/2821/2821
f 2826/2826/2826 2825/2825/2825 2824/2824/2824
f 2829/2829/2829 2828/2828/2828 2827/2827/2827
f 2832/2832/2832 2831/2831/2831 2830/2830/2830
f 2835/2835/2835 2834/2834/2834 2833/2833/2833
f 2838/2838/2838 2837/2837/2837 2836/2836/2836
f 2841/2841/2841 2840/2840/2840 2839/2839/2839
f 2844/2844/2844 2843/2843/2843 2842/2842/2842
f 2847/2847/2847 2846/2846/2846 2845/2845/2845
f 2850/2850/2850 2849/2849/2849 2848/2848/2848
f 2853/2853/2853 2852/2852/2852 2851/2851/2851
f 2856/2856/2856 2855/2855/2855 2854/2854/2854
f 2859/2859/2859 2858/2858/2858 2857/2857/2857
f 2862/2862/2862 2861/2861/2861 2860/2860/2860
f 2865/2865/2865 2864/2864/2864 2863/2863/2863
f 2868/2868/2868 2867/2867/2867 2866/2866/2866
f 2871/2871/2871 2870/2870/2870 2869/2869/2869
f 2874/2874/2874 2873/2873/2873 2872/2872/2872
f 2877/2877/2877 2876/2876/2876 2875/2875/2875
f 2880/2880/2880 2879/2879/2879 2878/2878/2878
f 2883/2883/2883 2882/2882/2882 2881/2881/2881
f 2886/2886/2886 2885/2885/2885 2884/2884/2884
f 2889/2889/2889 2888/2888/2888 2887/2887/2887
f 2892/2892/2892 2891/2891/2891 2890/2890/2890
f 2895/2895/2895 2894/2894/2894 2893/2893/2893
f 2898/2898/2898 2897/2897/2897 2896/2896/2896
f 2901/2901/2901 2900/2900/2900 2899/2899/2899
f 2904/2904/2904 2903/2903/2903 2902/2902/2902
f 2907/2907/2907 2906/2906/2906 2905/2905/2905
f 2910/2910/2910 2909/2909/2909 2908/2908/2908
f 2913/2913/2913 2912/2912/2912 2911/2911/2911
f 2916/2916/2916 2915/2915/2915 2914/2914/2914
f 2919/2919/2919 2918/2918/2918 2917/2917/2917
f 2922/2922/2922 2921/2921/2921 2920/2920/2920
f 2925/2925/2925 2924/2924/2924 2923/2923/2923
f 2928/2928/2928 2927/2927/2927 2926/2926/2926
f 2931/2931/2931 2930/2930/2930 2929/2929/2929
f 2934/2934/2934 2933/2933/2933 2932/2932/2932
f 2937/2937/2937 2936/2936/2936 2935/2935/2935
f 2940/2940/2940 2939/2939/2939 2938/2938/2938
f 2943/2943/2943 2942/2942/2942 2941/2941/2941
f 2946/2946/2946 2945/2945/2945 2944/2944/2944
f 2949/2949/2949 2948/2948/2948 2947/2947/2947
f 2952/2952/2952 2951/2951/2951 2950/2950/2950
f 2955/2955/2955 2954/2954/2954 2953/2953/2953
f 2958/2958/2958 2957/2957/2957 2956/2956/2956
f 2961/2961/2961 2960/2960/2960 2959/2959/2959
f 2964/2964/2964 2963/2963/2963 2962/2962/2962
f 2967/2967/2967 2966/2966/2966 2965/2965/2965
f 2970/2970/2970 2969/2969/2969 2968/2968/2968
f 2973/2973/2973 2972/2972/2972 2971/2971/2971
f 2976/2976/2976 2975/2975/2975 2974/2974/2974
f 2979/2979/2979 2978/2978/2978 2977/2977/2977
f 2982/2982/2982 2981/2981/2981 2980/2980/2980
f 2985/2985/2985 2984/2984/2984 2983/2983/2983
f 2988/2988/2988 2987/2987/2987 2986/2986/2986
f 2991/2991/2991 2990/2990/2990 2989/2989/2989
f 2994/2994/2994 2993/2993/2993 2992/2992/2992
f 2997/2997/2997 2996/2996/2996 2995/2995/2995
f 3000/3000/3000 2999/2999/2999 2998/2998/2998
f 3003/3003/3003 3002/3002/3002 3001/3001/3001
f 3006/3006/3006 3005/3005/3005 3004/3004/3004
f 3009/3009/3009 3008/3008/3008 3007/3007/3007
f 3012/3012/3012 3011/3011/3011 3010/3010/3010
f 3015/3015/3015 3014/3014/3014 3013/3013/3013
f 3018/3018/3018 3017/3017/3017 3016/3016/3016
f 3021/3021/3021 3020/3020/3020 3019/3019/3019
f 3024/3024/3024 3023/3023/3023 3022/3022/3022
f 3027/3027/3027 3026/3026/3026 3025/3025/3025
f 3030/3030/3030 3029/3029/3029 3028/3028/3028
f 3033/3033/3033 3032/3032/3032 3031/3031/3031
f 3036/3036/3036 3035/3035/3035 3034/3034/3034
f 3039/3039/3039 3038/3038/3038 3037/3037/3037
f 3042/3042/3042 3041/3041/3041 3040/3040/3040
f 3045/3045/3045 3044/3044/3044 3043/3043/3043
f 3048/3048/3048 3047/3047/3047 3046/3046/3046
f 3051/3051/3051 3050/3050/3050 3049/3049/3049
f 3054/3054/3054 3053/3053/3053 3052/3052/3052
f 3057/3057/3057 3056/3056/3056 3055/3055/3055
f 3060/3060/3060 3059/3059/3059 3058/3058/3058
f 3063/3063/3063 3062/3062/3062 3061/3061/3061
f 3066/3066/3066 3065/3065/3065 3064/3064/3064
f 3069/3069/3069 3068/3068/3068 3067/3067/3067
f 3072/3072/3072 3071/3071/3071 3070/3070/3070
f 3075/3075/3075 3074/3074/3074 3073/3073/3073
f 3078/3078/3078 3077/3077/3077 3076/3076/3076
f 3081/3081/3081 3080/3080/3080 3079/3079/3079
f 3084/3084/3084 3083/3083/3083 3082/3082/3082
f 3087/3087/3087 3086/3086/3086 3085/3085/3085
f 3090/3090/3090 3089/3089/3089 3088/3088/3088
f 3093/3093/3093 3092/3092/3092 3091/3091/3091
f 3096/3096/3096 3095/3095/3095 3094/3094/3094
f 3099/3099/3099 3098/3098/3098 3097/3097/3097
f 3102/3102/3102 3101/3101/3101 3100/3100/3100
f 3105/3105/3105 3104/3104/3104 3103/3103/3103
f 3108/3108/3108 3107/3107/3107 3106/3106/3106
f 3111/3111/3111 3110/3110/3110 3109/3109/3109
f 3114/3114/3114 3113/3113/3113 3112/3112/3112
f 3117/3117/3117 3116/3116/3116 3115/3115/3115
f 3120/3120/3120 3119/3119/3119 3118/3118/3118
f 3123/3123/3123 3122/3122/3122 3121/3121/3121
f 3126/3126/3126 3125/3125/3125 3124/3124/3124
f 3129/3129/3129 3128/3128/3128 3127/3127/3127
f 3132/3132/3132 3131/3131/3131 3130/3130/3130
f 3135/3135/3135 3134/3134/3134 3133/3133/3133
f 3138/3138/3138 3137/3137/3137 3136/3136/3136
f 3141/3141/3141 3140/3140/3140 3139/3139/3139
f 3144/3144/3144 3143/3143/3143 3142/3142/3142
f 3147/3147/3147 3146/3146/3146 3145/3145/3145
f 3150/3150/3150 3149/3149/3149 3148/3148/3148
f 3153/3153/3153 3152/3152/3152 3151/3151/3151
f 3156/3156/3156 3155/3155/3155 3154/3154/3154
f 3159/3159/3159 3158/3158/3158 3157/3157/3157
f 3162/3162/3162 3161/3161/3161 3160/3160/3160
f 3165/3165/3165 3164/3164/3164 3163/3163/3163
f 3168/3168/3168 3167/3167/3167 3166/3166/3166
f 3171/3171/3171 3170/3170/3170 3169/3169/3169
f 3174/3174/3174 3173/3173/3173 3172/3172/3172
f 3177/3177/3177 3176/3176/3176 3175/3175/3175
f 3180/3180/3180 3179/3179/3179 3178/3178/3178
f 3183/3183/3183 3182/3182/3182 3181/3181/3181
f 3186/3186/3186 3185/3185/3185 3184/3184/3184
f 3189/3189/3189 3188/3188/3188 3187/3187/3187
f 3192/3192/3192 3191/3191/3191 3190/3190/3190
f 3195/3195/3195 3194/3194/3194 3193/3193/3193
f 3198/3198/3198 3197/3197/3197 3196/3196/3196
f 3201/3201/3201 3200/3200/3200 3199/3199/3199
f 3204/3204/3204 3203/3203/3203 3202/3202/3202
f 3207/3207/3207 3206/3206/3206 3205/3205/3205
f 3210/3210/3210 3209/3209/3209 3208/3208/3208
f 3213/3213/3213 3212/3212/3212 3211/3211/3211
f 3216/3216/3216 3215/3215/3215 3214/3214/3214
f 3219/3219/3219 3218/3218/3218 3217/3217/3217
f 3222/3222/3222 3221/3221/3221 3220/3220/3220
f 3225/3225/3225 3224/3224/3224 3223/3223/3223
f 3228/3228/3228 3227/3227/3227 3226/3226/3226
f 3231/3231/3231 3230/3230/3230 3229/3229/3229
f 3234/3234/3234 3233/3233/3233 3232/3232/3232
f 3237/3237/3237 3236/3236/3236 3235/3235/3235
f 3240/3240/3240 3239/3239/3239 3238/3238/3238
f 3243/3243/3243 3242/3242/3242 3241/3241/3241
f 3246/3246/3246 3245/3245/3245 3244/3244/3244
f 3249/3249/3249 3248/3248/3248 3247/3247/3247
f 3252/3252/3252 3251/3251/3251 3250/3250/3250
f 3255/3255/3255 3254/3254/3254 3253/3253/3253
f 3258/3258/3258 3257/3257/3257 3256/3256/3256
f 3261/3261/3261 3260/3260/3260 3259/3259/3259
f 3264/3264/3264 3263/3263/3263 3262/3262/3262
f 3267/3267/3267 3266/3266/3266 3265/3265/3265
f 3270/3270/3270 3269/3269/3269 3268/3268/3268
f 3273/3273/3273 3272/3272/3272 3271/3271/3271
f 3276/3276/3276 3275/3275/3275 3274/3274/3274
f 3279/3279/3279 3278/3278/3278 3277/3277/3277
f 3282/3282/3282 3281/3281/3281 3280/3280/3280
f 3285/3285/3285 3284/3284/3284 3283/3283/3283
f 3288/3288/3288 3287/3287/3287 3286/3286/3286
f 3291/3291/3291 3290/3290/3290 3289/3289/3289
f 3294/3294/3294 3293/3293/3293 3292/3292/3292
f 3297/3297/3297 3296/3296/3296 3295/3295/3295
f 3300/3300/3300 3299/3299/3299 3298/3298/3298
f 3303/3303/3303 3302/3302/3302 3301/3301/3301
f 3306/3306/3306 3305/3305/3305 3304/3304/3304
f 3309/3309/3309 3308/3308/3308 3307/3307/3307
f 3312/3312/3312 3311/3311/3311 3310/3310/3310
f 3315/3315/3315 3314/3314/3314 3313/3313/3313
f 3318/3318/3318 3317/3317/3317 3316/3316/3316
f 3321/3321/3321 3320/3320/3320 3319/3319/3319
f 3324/3324/3324 3323/3323/3323 3322/3322/3322
f 3327/3327/3327 3326/3326/3326 3325/3325/3325
f 3330/3330/3330 3329/3329/3329 3328/3328/3328
f 3333/3333/3333 3332/3332/3332 3331/3331/3331
f 3336/3336/3336 3335/3335/3335 3334/3334/3334
f 3339/3339/3339 3338/3338/3338 3337/3337/3337
f 3342/3342/3342 3341/3341/3341 3340/3340/3340
f 3345/3345/3345 3344/3344/3344 3343/3343/3343
f 3348/3348/3348 3347/3347/3347 3346/3346/3346
f 3351/3351/3351 3350/3350/3350 3349/3349/3349
f 3354/3354/3354 3353/3353/3353 3352/3352/3352
f 3357/3357/3357 3356/3356/3356 3355/3355/3355
f 3360/3360/3360 3359/3359/3359 3358/3358/3358
f 3363/3363/3363 3362/3362/3362 3361/3361/3361
f 3366/3366/3366 3365/3365/3365 3364/3364/3364
f 3369/3369/3369 3368/3368/3368 3367/3367/3367
f 3372/3372/3372 3371/3371/3371 3370/3370/3370
f 3375/3375/3375 3374/3374/3374 3373/3373/3373
f 3378/3378/3378 3377/3377/3377 3376/3376/3376
f 3381/3381/3381 3380/3380/3380 3379/3379/3379
f 3384/3384/3384 3383/3383/3383 3382/3382/3382
f 3387/3387/3387 3386/3386/3386 3385/3385/3385
f 3390/3390/3390 3389/3389/3389 3388/3388/3388
f 3393/3393/3393 3392/3392/3392 3391/3391/3391
f 3396/3396/3396 3395/3395/3395 3394/3394/3394
f 3399/3399/3399 3398/3398/3398 3397/3397/3397
f 3402/3402/3402 3401/3401/3401 3400/3400/3400
f 3405/3405/3405 3404/3404/3404 3403/3403/3403
f 3408/3408/3408 3407/3407/3407 3406/3406/3406
f 3411/3411/3411 3410/3410/3410 3409/3409/3409
f 3414/3414/3414 3413/3413/3413 3412/3412/3412
f 3417/3417/3417 3416/3416/3416 3415/3415/3415
f 3420/3420/3420 3419/3419/3419 3418/3418/3418
f 3423/3423/3423 3422/3422/3422 3421/3421/3421
f 3426/3426/3426 3425/3425/3425 3424/3424/3424
f 3429/3429/3429 3428/3428/3428 3427/3427/3427
f 3432/3432/3432 3431/3431/3431 3430/3430/3430
f 3435/3435/3435 3434/3434/3434 3433/3433/3433
f 3438/3438/3438 3437/3437/3437 3436/3436/3436
f 3441/3441/3441 3440/3440/3440 3439/3439/3439
f 3444/3444/3444 3443/3443/3443 3442/3442/3442
f 3447/3447/3447 3446/3446/3446 3445/3445/3445
f 3450/3450/3450 3449/3449/3449 3448/3448/3448
f 3453/3453/3453 3452/3452/3452 3451/3451/3451
f 3456/3456/3456 3455/3455/3455 3454/3454/3454
f 3459/3459/3459 3458/3458/3458 3457/3457/3457
f 3462/3462/3462 3461/3461/3461 3460/3460/3460
f 3465/3465/3465 3464/3464/3464 3463/3463/3463
f 3468/3468/3468 3467/3467/3467 3466/3466/3466
f 3471/3471/3471 3470/3470/3470 3469/3469/3469
f 3474/3474/3474 3473/3473/3473 3472/3472/3472
f 3477/3477/3477 3476/3476/3476 3475/3475/3475
f 3480/3480/3480 3479/3479/3479 3478/3478/3478
f 3483/3483/3483 3482/3482/3482 3481/3481/3481
f 3486/3486/3486 3485/3485/3485 3484/3484/3484
f 3489/3489/3489 3488/3488/3488 3487/3487/3487
f 3492/3492/3492 3491/3491/3491 3490/3490/3490
f 3495/3495/3495 3494/3494/3494 3493/3493/3493
f 3498/3498/3498 3497/3497/3497 3496/3496/3496
f 3501/3501/3501 3500/3500/3500 3499/3499/3499
f 3504/3504/3504 3503/3503/3503 3502/3502/3502
f 3507/3507/3507 3506/3506/3506 3505/3505/3505
f 3510/3510/3510 3509/3509/3509 3508/3508/3508
f 3513/3513/3513 3512/3512/3512 3511/3511/3511
f 3516/3516/3516 3515/3515/3515 3514/3514/3514
f 3519/3519/3519 3518/3518/3518 3517/3517/3517
f 3522/3522/3522 3521/3521/3521 3520/3520/3520
f 3525/3525/3525 3524/3524/3524 3523/3523/3523
f 3528/3528/3528 3527/3527/3527 3526/3526/3526
f 3531/3531/3531 3530/3530/3530 3529/3529/3529
f 3534/3534/3534 3533/3533/3533 3532/3532/3532
f 3537/3537/3537 3536/3536/3536 3535/3535/3535
f 3540/3540/3540 3539/3539/3539 3538/3538/3538
f 3543/3543/3543 3542/3542/3542 3541/3541/3541
f 3546/3546/3546 3545/3545/3545 3544/3544/3544
f 3549/3549/3549 3548/3548/3548 3547/3547/3547
f 3552/3552/3552 3551/3551/3551 3550/3550/3550
f 3555/3555/3555 3554/3554/3554 3553/3553/3553
f 3558/3558/3558 3557/3557/3557 3556/3556/3556
f 3561/3561/3561 3560/3560/3560 3559/3559/3559
f 3564/3564/3564 3563/3563/3563 3562/3562/3562
f 3567/3567/3567 3566/3566/3566 3565/3565/3565
f 3570/3570/3570 3569/3569/3569 3568/3568/3568
f 3573/3573/3573 3572/3572/3572 3571/3571/3571
f 3576/3576/3576 3575/3575/3575 3574/3574/3574
f 3579/3579/3579 3578/3578/3578 3577/3577/3577
f 3582/3582/3582 3581/3581/3581 3580/3580/3580
f 3585/3585/3585 3584/3584/3584 3583/3583/3583
f 3588/3588/3588 3587/3587/3587 3586/3586/3586
f 3591/3591/3591 3590/3590/3590 3589/3589/3589
f 3594/3594/3594 3593/3593/3593 3592/3592/3592
f 3597/3597/3597 3596/3596/3596 3595/3595/3595
f 3600/3600/3600 3599/3599/3599 3598/3598/3598
f 3603/3603/3603 3602/3602/3602 3601/3601/3601
f 3606/3606/3606 3605/3605/3605 3604/3604/3604
f 3609/3609/3609 3608/3608/3608 3607/3607/3607
f 3612/3612/3612 3611/3611/3611 3610/3610/3610
f 3615/3615/3615 3614/3614/3614 3613/3613/3613
f 3618/3618/3618 3617/3617/3617 3616/3616/3616
f 3621/3621/3621 3620/3620/3620 3619/3619/3619
f 3624/3624/3624 3623/3623/3623 3622/3622/3622
f 3627/3627/3627 3626/3626/3626 3625/3625/3625
f 3630/3630/3630 3629/3629/3629 3628/3628/3628
f 3633/3633/3633 3632/3632/3632 3631/3631/3631
f 3636/3636/3636 3635/3635/3635 3634/3634/3634
f 3639/3639/3639 3638/3638/3638 3637/3637/3637
f 3642/3642/3642 3641/3641/3641 3640/3640/3640
f 3645/3645/3645 3644/3644/3644 3643/3643/3643
f 3648/3648/3648 3647/3647/3647 3646/3646/3646
f 3651/3651/3651 3650/3650/3650 3649/3649/3649
f 3654/3654/3654 3653/3653/3653 3652/3652/3652
f 3657/3657/3657 3656/3656/3656 3655/3655/3655
f 3660/3660/3660 3659/3659/3659 3658/3658/3658
f 3663/3663/3663 3662/3662/3662 3661/3661/3661
f 3666/3666/3666 3665/3665/3665 3664/3664/3664
f 3669/3669/3669 3668/3668/3668 3667/3667/3667
f 3672/3672/3672 3671/3671/3671 3670/3670/3670
f 3675/3675/3675 3674/3674/3674 3673/3673/3673
f 3678/3678/3678 3677/3677/3677 3676/3676/3676
f 3681/3681/3681 3680/3680/3680 3679/3679/3679
f 3684/3684/3684 3683/3683/3683 3682/3682/3682
f 3687/3687/3687 3686/3686/3686 3685/3685/3685
f 3690/3690/3690 3689/3689/3689 3688/3688/3688
f 3693/3693/3693 3692/3692/3692 3691/3691/3691
f 3696/3696/3696 3695/3695/3695 3694/3694/3694
f 3699/3699/3699 3698/3698/3698 3697/3697/3697
f 3702/3702/3702 3701/3701/3701 3700/3700/3700
f 3705/3705/3705 3704/3704/3704 3703/3703/3703
f 3708/3708/3708 3707/3707/3707 3706/3706/3706
f 3711/3711/3711 3710/3710/3710 3709/3709/3709
f 3714/3714/3714 3713/3713/3713 3712/3712/3712
f 3717/3717/3717 3716/3716/3716 3715/3715/3715
f 3720/3720/3720 3719/3719/3719 3718/3718/3718
f 3723/3723/3723 3722/3722/3722 3721/3721/3721
f 3726/3726/3726 3725/3725/3725 3724/3724/3724
f 3729/3729/3729 3728/3728/3728 3727/3727/3727
f 3732/3732/3732 3731/3731/3731 3730/3730/3730
f 3735/3735/3735 3734/3734/3734 3733/3733/3733
f 3738/3738/3738 3737/3737/3737 3736/3736/3736
f 3741/3741/3741 3740/3740/3740 3739/3739/3739
f 3744/3744/3744 3743/3743/3743 3742/3742/3742
f 3747/3747/3747 3746/3746/3746 3745/3745/3745
f 3750/3750/3750 3749/3749/3749 3748/3748/3748
f 3753/3753/3753 3752/3752/3752 3751/3751/3751
f 3756/3756/3756 3755/3755/3755 3754/3754/3754
f 3759/3759/3759 3758/3758/3758 3757/3757/3757
f 3762/3762/3762 3761/3761/3761 3760/3760/3760
f 3765/3765/3765 3764/3764/3764 3763/3763/3763
f 3768/3768/3768 3767/3767/3767 3766/3766/3766
f 3771/3771/3771 3770/3770/3770 3769/3769/3769
f 3774/3774/3774 3773/3773/3773 3772/3772/3772
f 3777/3777/3777 3776/3776/3776 3775/3775/3775
f 3780/3780/3780 3779/3779/3779 3778/3778/3778
f 3783/3783/3783 3782/3782/3782 3781/3781/3781
f 3786/3786/3786 3785/3785/3785 3784/3784/3784
f 3789/3789/3789 3788/3788/3788 3787/3787/3787
f 3792/3792/3792 3791/3791/3791 3790/3790/3790
f 3795/3795/3795 3794/3794/3794 3793/3793/3793
f 3798/3798/3798 3797/3797/3797 3796/3796/3796
f 3801/3801/3801 3800/3800/3800 3799/3799/3799
f 3804/3804/3804 3803/3803/3803 3802/3802/3802
f 3807/3807/3807 3806/3806/3806 3805/3805/3805
f 3810/3810/3810 3809/3809/3809 3808/3808/3808
f 3813/3813/3813 3812/3812/3812 3811/3811/3811
f 3816/3816/3816 3815/3815/3815 3814/3814/3814
f 3819/3819/3819 3818/3818/3818 3817/3817/3817
f 3822/3822/3822 3821/3821/3821 3820/3820/3820
f 3825/3825/3825 3824/3824/3824 3823/3823/3823
f 3828/3828/3828 3827/3827/3827 3826/3826/3826
f 3831/3831/3831 3830/3830/3830 3829/3829/3829
f 3834/3834/3834 3833/3833/3833 3832/3832/3832
f 3837/3837/3837 3836/3836/3836 3835/3835/3835
f 3840/3840/3840 3839/3839/3839 3838/3838/3838
f 3843/3843/3843 3842/3842/3842 3841/3841/3841
f 3846/3846/3846 3845/3845/3845 3844/3844/3844
f 3849/3849/3849 3848/3848/3848 3847/3847/3847
f 3852/3852/3852 3851/3851/3851 3850/3850/3850
f 3855/3855/3855 3854/3854/3854 3853/3853/3853
f 3858/3858/3858 3857/3857/3857 3856/3856/3856
f 3861/3861/3861 3860/3860/3860 3859/3859/3859
f 3864/3864/3864 3863/3863/3863 3862/3862/3862
f 3867/3867/3867 3866/3866/3866 3865/3865/3865
f 3870/3870/3870 3869/3869/3869 3868/3868/3868
f 3873/3873/3873 3872/3872/3872 3871/3871/3871
f 3876/3876/3876 3875/3875/3875 3874/3874/3874
f 3879/3879/3879 3878/3878/3878 3877/3877/3877
f 3882/3882/3882 3881/3881/3881 3880/3880/3880
f 3885/3885/3885 3884/3884/3884 3883/3883/3883
f 3888/3888/3888 3887/3887/3887 3886/3886/3886
f 3891/3891/3891 3890/3890/3890 3889/3889/3889
f 3894/3894/3894 3893/3893/3893 3892/3892/3892
f 3897/3897/3897 3896/3896/3896 3895/3895/3895
f 3900/3900/3900 3899/3899/3899 3898/3898/3898
f 3903/3903/3903 3902/3902/3902 3901/3901/3901
f 3906/3906/3906 3905/3905/3905 3904/3904/3904
f 3909/3909/3909 3908/3908/3908 3907/3907/3907
f 3912/3912/3912 3911/3911/3911 3910/3910/3910
f 3915/3915/3915 3914/3914/3914 3913/3913/3913
f 3918/3918/3918 3917/3917/3917 3916/3916/3916
f 3921/3921/3921 3920/3920/3920 3919/3919/3919
f 3924/3924/3924 3923/3923/3923 3922/3922/3922
f 3927/3927/3927 3926/3926/3926 3925/3925/3925
f 3930/3930/3930 3929/3929/3929 3928/3928/3928
f 3933/3933/3933 3932/3932/3932 3931/3931/3931
f 3936/3936/3936 3935/3935/3935 3934/3934/3934
f 3939/3939/3939 3938/3938/3938 3937/3937/3937
f 3942/3942/3942 3941/3941/3941 3940/3940/3940
f 3945/3945/3945 3944/3944/3944 3943/3943/3943
f 3948/3948/3948 3947/3947/3947 3946/3946/3946
f 3951/3951/3951 3950/3950/3950 3949/3949/3949
f 3954/3954/3954 3953/3953/3953 3952/3952/3952
f 3957/3957/3957 3956/3956/3956 3955/3955/3955
f 3960/3960/3960 3959/3959/3959 3958/3958/3958
f 3963/3963/3963 3962/3962/3962 3961/3961/3961
f 3966/3966/3966 3965/3965/3965 3964/3964/3964
f 3969/3969/3969 3968/3968/3968 3967/3967/3967
f 3972/3972/3972 3971/3971/3971 3970/3970/3970
f 3975/3975/3975 3974/3974/3974 3973/3973/3973
f 3978/3978/3978 3977/3977/3977 3976/3976/3976
f 3981/3981/3981 3980/3980/3980 3979/3979/3979
f 3984/3984/3984 3983/3983/3983 3982/3982/3982
f 3987/3987/3987 3986/3986/3986 3985/3985/3985
f 3990/3990/3990 3989/3989/3989 3988/3988/3988
f 3993/3993/3993 3992/3992/3992 3991/3991/3991
f 3996/3996/3996 3995/3995/3995 3994/3994/3994
f 3999/3999/3999 3998/3998/3998 3997/3997/3997
f 4002/4002/4002 4001/4001/4001 4000/4000/4000
f 4005/4005/4005 4004/4004/4004 4003/4003/4003
f 4008/4008/4008 4007/4007/4007 4006/4006/4006
f 4011/4011/4011 4010/4010/4010 4009/4009/4009
f 4014/4014/4014 4013/4013/4013 4012/4012/4012
f 4017/4017/4017 4016/4016/4016 4015/4015/4015
f 4020/4020/4020 4019/4019/4019 4018/4018/4018
f 4023/4023/4023 4022/4022/4022 4021/4021/4021
f 4026/4026/4026 4025/4025/4025 4024/4024/4024
f 4029/4029/4029 4028/4028/4028 4027/4027/4027
f 4032/4032/4032 4031/4031/4031 4030/4030/4030
f 4035/4035/4035 4034/4034/4034 4033/4033/4033
f 4038/4038/4038 4037/4037/4037 4036/4036/4036
f 4041/4041/4041 4040/4040/4040 4039/4039/4039
f 4044/4044/4044 4043/4043/4043 4042/4042/4042
f 4047/4047/4047 4046/4046/4046 4045/4045/4045
f 4050/4050/4050 4049/4049/4049 4048/4048/4048
f 4053/4053/4053 4052/4052/4052 4051/4051/4051
f 4056/4056/4056 4055/4055/4055 4054/4054/4054
f 4059/4059/4059 4058/4058/4058 4057/4057/4057
f 4062/4062/4062 4061/4061/4061 4060/4060/4060
f 4065/4065/4065 4064/4064/4064 4063/4063/4063
f 4068/4068/4068 4067/4067/4067 4066/4066/4066
f 4071/4071/4071 4070/4070/4070 4069/4069/4069
f 4074/4074/4074 4073/4073/4073 4072/4072/4072
f 4077/4077/4077 4076/4076/4076 4075/4075/4075
f 4080/4080/4080 4079/4079/4079 4078/4078/4078
f 4083/4083/4083 4082/4082/4082 4081/4081/4081
f 4086/4086/4086 4085/4085/4085 4084/4084/4084
f 4089/4089/4089 4088/4088/4088 4087/4087/4087
f 4092/4092/4092 4091/4091/4091 4090/4090/4090
f 4095/4095/4095 4094/4094/4094 4093/4093/4093
f 4098/4098/4098 4097/4097/4097 4096/4096/4096
f 4101/4101/4101 4100/4100/4100 4099/4099/4099
f 4104/4104/4104 4103/4103/4103 4102/4102/4102
f 4107/4107/4107 4106/4106/4106 4105/4105/4105
f 4110/4110/4110 4109/4109/4109 4108/4108/4108
f 4113/4113/4113 4112/4112/4112 4111/4111/4111
f 4116/4116/4116 4115/4115/4115 4114/4114/4114
f 4119/4119/4119 4118/4118/4118 4117/4117/4117
f 4122/4122/4122 4121/4121/4121 4120/4120/4120
f 4125/4125/4125 4124/4124/4124 4123/4123/4123
f 4128/4128/4128 4127/4127/4127 4126/4126/4126
f 4131/4131/4131 4130/4130/4130 4129/4129/4129
f 4134/4134/4134 4133/4133/4133 4132/4132/4132
f 4137/4137/4137 4136/4136/4136 4135/4135/4135
f 4140/4140/4140 4139/4139/4139 4138/4138/4138
f 4143/4143/4143 4142/4142/4142 4141/4141/4141
f 4146/4146/4146 4145/4145/4145 4144/4144/4144
f 4149/4149/4149 4148/4148/4148 4147/4147/4147
f 4152/4152/4152 4151/4151/4151 4150/4150/4150
f 4155/4155/4155 4154/4154/4154 4153/4153/4153
f 4158/4158/4158 4157/4157/4157 4156/4156/4156
f 4161/4161/4161 4160/4160/4160 4159/4159/4159
f 4164/4164/4164 4163/4163/4163 4162/4162/4162
f 4167/4167/4167 4166/4166/4166 4165/4165/4165
f 4170/4170/4170 4169/4169/4169 4168/4168/4168
f 4173/4173/4173 4172/4172/4172 4171/4171/4171
f 4176/4176/4176 4175/4175/4175 4174/4174/4174
f 4179/4179/4179 4178/4178/4178 4177/4177/4177
f 4182/4182/4182 4181/4181/4181 4180/4180/4180
f 4185/4185/4185 4184/4184/4184 4183/4183/4183
f 4188/4188/4188 4187/4187/4187 4186/4186/4186
f 4191/4191/4191 4190/4190/4190 4189/4189/4189
f 4194/4194/4194 4193/4193/4193 4192/4192/4192
f 4197/4197/4197 4196/4196/4196 4195/4195/4195
f 4200/4200/4200 4199/4199/4199 4198/4198/4198
f 4203/4203/4203 4202/4202/4202 4201/4201/4201
f 4206/4206/4206 4205/4205/4205 4204/4204/4204
f 4209/4209/4209 4208/4208/4208 4207/4207/4207
f 4212/4212/4212 4211/4211/4211 4210/4210/4210
f 4215/4215/4215 4214/4214/4214 4213/4213/4213
f 4218/4218/4218 4217/4217/4217 4216/4216/4216
f 4221/4221/4221 4220/4220/4220 4219/4219/4219
f 4224/4224/4224 4223/4223/4223 4222/4222/4222
f 4227/4227/4227 4226/4226/4226 4225/4225/4225
f 4230/4230/4230 4229/4229/4229 4228/4228/4228
f 4233/4233/4233 4232/4232/4232 4231/4231/4231
f 4236/4236/4236 4235/4235/4235 4234/4234/4234
f 4239/4239/4239 4238/4238/4238 4237/4237/4237
f 4242/4242/4242 4241/4241/4241 4240/4240/4240
f 4245/4245/4245 4244/4244/4244 4243/4243/4243
f 4248/4248/4248 4247/4247/4247 4246/4246/4246
f 4251/4251/4251 4250/4250/4250 4249/4249/4249
f 4254/4254/4254 4253/4253/4253 4252/4252/4252
f 4257/4257/4257 4256/4256/4256 4255/4255/4255
f 4260/4260/4260 4259/4259/4259 4258/4258/4258
f 4263/4263/4263 4262/4262/4262 4261/4261/4261
f 4266/4266/4266 4265/4265/4265 4264/4264/4264
f 4269/4269/4269 4268/4268/4268 4267/4267/4267
f 4272/4272/4272 4271/4271/4271 4270/4270/4270
f 4275/4275/4275 4274/4274/4274 4273/4273/4273
f 4278/4278/4278 4277/4277/4277 4276/4276/4276
f 4281/4281/4281 4280/4280/4280 4279/4279/4279
f 4284/4284/4284 4283/4283/4283 4282/4282/4282
f 4287/4287/4287 4286/4286/4286 4285/4285/4285
f 4290/4290/4290 4289/4289/4289 4288/4288/4288
f 4293/4293/4293 4292/4292/4292 4291/4291/4291
f 4296/4296/4296 4295/4295/4295 4294/4294/4294
f 4299/4299/4299 4298/4298/4298 4297/4297/4297
f 4302/4302/4302 4301/4301/4301 4300/4300/4300
f 4305/4305/4305 4304/4304/4304 4303/4303/4303
f 4308/4308/4308 4307/4307/4307 4306/4306/4306
f 4311/4311/4311 4310/4310/4310 4309/4309/4309
f 4314/4314/4314 4313/4313/4313 4312/4312/4312
f 4317/4317/4317 4316/4316/4316 4315/4315/4315
f 4320/4320/4320 4319/4319/4319 4318/4318/4318
f 4323/4323/4323 4322/4322/4322 4321/4321/4321
f 4326/4326/4326 4325/4325/4325 4324/4324/4324
f 4329/4329/4329 4328/4328/4328 4327/4327/4327
f 4332/4332/4332 4331/4331/4331 4330/4330/4330
f 4335/4335/4335 4334/4334/4334 4333/4333/4333
f 4338/4338/4338 4337/4337/4337 4336/4336/4336
f 4341/4341/4341 4340/4340/4340 4339/4339/4339
f 4344/4344/4344 4343/4343/4343 4342/4342/4342
f 4347/4347/4347 4346/4346/4346 4345/4345/4345
f 4350/4350/4350 4349/4349/4349 4348/4348/4348
f 4353/4353/4353 4352/4352/4352 4351/4351/4351
f 4356/4356/4356 4355/4355/4355 4354/4354/4354
f 4359/4359/4359 4358/4358/4358 4357/4357/4357
f 4362/4362/4362 4361/4361/4361 4360/4360/4360
f 4365/4365/4365 4364/4364/4364 4363/4363/4363
f 4368/4368/4368 4367/4367/4367 4366/4366/4366
f 4371/4371/4371 4370/4370/4370 4369/4369/4369
f 4374/4374/4374 4373/4373/4373 4372/4372/4372
f 4377/4377/4377 4376/4376/4376 4375/4375/4375
f 4380/4380/4380 4379/4379/4379 4378/4378/4378
f 4383/4383/4383 4382/4382/4382 4381/4381/4381
f 4386/4386/4386 4385/4385/4385 4384/4384/4384
f 4389/4389/4389 4388/4388/4388 4387/4387/4387
f 4392/4392/4392 4391/4391/4391 4390/4390/4390
f 4395/4395/4395 4394/4394/4394 4393/4393/4393
f 4398/4398/4398 4397/4397/4397 4396/4396/4396
f 4401/4401/4401 4400/4400/4400 4399/4399/4399
f 4404/4404/4404 4403/4403/4403 4402/4402/4402
f 4407/4407/4407 4406/4406/4406 4405/4405/4405
f 4410/4410/4410 4409/4409/4409 4408/4408/4408
f 4413/4413/4413 4412/4412/4412 4411/4411/4411
f 4416/4416/4416 4415/4415/4415 4414/4414/4414
f 4419/4419/4419 4418/4418/4418 4417/4417/4417
f 4422/4422/4422 4421/4421/4421 4420/4420/4420
f 4425/4425/4425 4424/4424/4424 4423/4423/4423
f 4428/4428/4428 4427/4427/4427 4426/4426/4426
f 4431/4431/4431 4430/4430/4430 4429/4429/4429
f 4434/4434/4434 4433/4433/4433 4432/4432/4432
f 4437/4437/4437 4436/4436/4436 4435/4435/4435
f 4440/4440/4440 4439/4439/4439 4438/4438/4438
f 4443/4443/4443 4442/4442/4442 4441/4441/4441
f 4446/4446/4446 4445/4445/4445 4444/4444/4444
f 4449/4449/4449 4448/4448/4448 4447/4447/4447
f 4452/4452/4452 4451/4451/4451 4450/4450/4450
f 4455/4455/4455 4454/4454/4454 4453/4453/4453
f 4458/4458/4458 4457/4457/4457 4456/4456/4456
f 4461/4461/4461 4460/4460/4460 4459/4459/4459
f 4464/4464/4464 4463/4463/4463 4462/4462/4462
f 4467/4467/4467 4466/4466/4466 4465/4465/4465
f 4470/4470/4470 4469/4469/4469 4468/4468/4468
f 4473/4473/4473 4472/4472/4472 4471/4471/4471
f 4476/4476/4476 4475/4475/4475 4474/4474/4474
f 4479/4479/4479 4478/4478/4478 4477/4477/4477
f 4482/4482/4482 4481/4481/4481 4480/4480/4480
f 4485/4485/4485 4484/4484/4484 4483/4483/4483
f 4488/4488/4488 4487/4487/4487 4486/4486/4486
f 4491/4491/4491 4490/4490/4490 4489/4489/4489
f 4494/4494/4494 4493/4493/4493 4492/4492/4492
f 4497/4497/4497 4496/4496/4496 4495/4495/4495
f 4500/4500/4500 4499/4499/4499 4498/4498/4498
f 4503/4503/4503 4502/4502/4502 4501/4501/4501
f 4506/4506/4506 4505/4505/4505 4504/4504/4504
f 4509/4509/4509 4508/4508/4508 4507/4507/4507
f 4512/4512/4512 4511/4511/4511 4510/4510/4510
f 4515/4515/4515 4514/4514/4514 4513/4513/4513
f 4518/4518/4518 4517/4517/4517 4516/4516/4516
f 4521/4521/4521 4520/4520/4520 4519/4519/4519
f 4524/4524/4524 4523/4523/4523 4522/4522/4522
f 4527/4527/4527 4526/4526/4526 4525/4525/4525
f 4530/4530/4530 4529/4529/4529 4528/4528/4528
f 4533/4533/4533 4532/4532/4532 4531/4531/4531
f 4536/4536/4536 4535/4535/4535 4534/4534/4534
f 4539/4539/4539 4538/4538/4538 4537/4537/4537
f 4542/4542/4542 4541/4541/4541 4540/4540/4540
f 4545/4545/4545 4544/4544/4544 4543/4543/4543
f 4548/4548/4548 4547/4547/4547 4546/4546/4546
f 4551/4551/4551 4550/4550/4550 4549/4549/4549
f 4554/4554/4554 4553/4553/4553 4552/4552/4552
f 4557/4557/4557 4556/4556/4556 4555/4555/4555
f 4560/4560/4560 4559/4559/4559 4558/4558/4558
f 4563/4563/4563 4562/4562/4562 4561/4561/4561
f 4566/4566/4566 4565/4565/4565 4564/4564/4564
f 4569/4569/4569 4568/4568/4568 4567/4567/4567
f 4572/4572/4572 4571/4571/4571 4570/4570/4570
f 4575/4575/4575 4574/4574/4574 4573/4573/4573
f 4578/4578/4578 4577/4577/4577 4576/4576/4576
f 4581/4581/4581 4580/4580/4580 4579/4579/4579
f 4584/4584/4584 4583/4583/4583 4582/4582/4582
f 4587/4587/4587 4586/4586/4586 4585/4585/4585
f 4590/4590/4590 4589/4589/4589 4588/4588/4588
f 4593/4593/4593 4592/4592/4592 4591/4591/4591
f 4596/4596/4596 4595/4595/4595 4594/4594/4594
f 4599/4599/4599 4598/4598/4598 4597/4597/4597
f 4602/4602/4602 4601/4601/4601 4600/4600/4600
f 4605/4605/4605 4604/4604/4604 4603/4603/4603
f 4608/4608/4608 4607/4607/4607 4606/4606/4606
f 4611/4611/4611 4610/4610/4610 4609/4609/4609
f 4614/4614/4614 4613/4613/4613 4612/4612/4612
f 4617/4617/4617 4616/4616/4616 4615/4615/4615
f 4620/4620/4620 4619/4619/4619 4618/4618/4618
f 4623/4623/4623 4622/4622/4622 4621/4621/4621
f 4626/4626/4626 4625/4625/4625 4624/4624/4624
f 4629/4629/4629 4628/4628/4628 4627/4627/4627
f 4632/4632/4632 4631/4631/4631 4630/4630/4630
f 4635/4635/4635 4634/4634/4634 4633/4633/4633
f 4638/4638/4638 4637/4637/4637 4636/4636/4636
f 4641/4641/4641 4640/4640/4640 4639/4639/4639
f 4644/4644/4644 4643/4643/4643 4642/4642/4642
f 4647/4647/4647 4646/4646/4646 4645/4645/4645
f 4650/4650/4650 4649/4649/4649 4648/4648/4648
f 4653/4653/4653 4652/4652/4652 4651/4651/4651
f 4656/4656/4656 4655/4655/4655 4654/4654/4654
f 4659/4659/4659 4658/4658/4658 4657/4657/4657
f 4662/4662/4662 4661/4661/4661 4660/4660/4660
f 4665/4665/4665 4664/4664/4664 4663/4663/4663
f 4668/4668/4668 4667/4667/4667 4666/4666/4666
f 4671/4671/4671 4670/4670/4670 4669/4669/4669
f 4674/4674/4674 4673/4673/4673 4672/4672/4672
f 4677/4677/4677 4676/4676/4676 4675/4675/4675
f 4680/4680/4680 4679/4679/4679 4678/4678/4678
f 4683/4683/4683 4682/4682/4682 4681/4681/4681
f 4686/4686/4686 4685/4685/4685 4684/4684/4684
f 4689/4689/4689 4688/4688/4688 4687/4687/4687
f 4692/4692/4692 4691/4691/4691 4690/4690/4690
f 4695/4695/4695 4694/4694/4694 4693/4693/4693
f 4698/4698/4698 4697/4697/4697 4696/4696/4696
f 4701/4701/4701 4700/4700/4700 4699/4699/4699
f 4704/4704/4704 4703/4703/4703 4702/4702/4702
f 4707/4707/4707 4706/4706/4706 4705/4705/4705
f 4710/4710/4710 4709/4709/4709 4708/4708/4708
f 4713/4713/4713 4712/4712/4712 4711/4711/4711
f 4716/4716/4716 4715/4715/4715 4714/4714/4714
f 4719/4719/4719 4718/4718/4718 4717/4717/4717
f 4722/4722/4722 4721/4721/4721 4720/4720/4720
f 4725/4725/4725 4724/4724/4724 4723/4723/4723
f 4728/4728/4728 4727/4727/4727 4726/4726/4726
f 4731/4731/4731 4730/4730/4730 4729/4729/4729
f 4734/4734/4734 4733/4733/4733 4732/4732/4732
f 4737/4737/4737 4736/4736/4736 4735/4735/4735
f 4740/4740/4740 4739/4739/4739 4738/4738/4738
f 4743/4743/4743 4742/4742/4742 4741/4741/4741
f 4746/4746/4746 4745/4745/4745 4744/4744/4744
f 4749/4749/4749 4748/4748/4748 4747/4747/4747
f 4752/4752/4752 4751/4751/4751 4750/4750/4750
f 4755/4755/4755 4754/4754/4754 4753/4753/4753
f 4758/4758/4758 4757/4757/4757 4756/4756/4756
f 4761/4761/4761 4760/4760/4760 4759/4759/4759
f 4764/4764/4764 4763/4763/4763 4762/4762/4762
f 4767/4767/4767 4766/4766/4766 4765/4765/4765
f 4770/4770/4770 4769/4769/4769 4768/4768/4768
f 4773/4773/4773 4772/4772/4772 4771/4771/4771
f 4776/4776/4776 4775/4775/4775 4774/4774/4774
mtllib mtl_p_rus_security_monitor_extracam.mtl
g mtl_p_rus_security_monitor_extracam
usemtl mtl_p_rus_security_monitor_extracam
f 4779/4779/4779 4778/4778/4778 4777/4777/4777
f 4782/4782/4782 4781/4781/4781 4780/4780/4780
f 4785/4785/4785 4784/4784/4784 4783/4783/4783
f 4788/4788/4788 4787/4787/4787 4786/4786/4786
f 4791/4791/4791 4790/4790/4790 4789/4789/4789
f 4794/4794/4794 4793/4793/4793 4792/4792/4792
f 4797/4797/4797 4796/4796/4796 4795/4795/4795
f 4800/4800/4800 4799/4799/4799 4798/4798/4798
f 4803/4803/4803 4802/4802/4802 4801/4801/4801
f 4806/4806/4806 4805/4805/4805 4804/4804/4804
f 4809/4809/4809 4808/4808/4808 4807/4807/4807
f 4812/4812/4812 4811/4811/4811 4810/4810/4810
f 4815/4815/4815 4814/4814/4814 4813/4813/4813
f 4818/4818/4818 4817/4817/4817 4816/4816/4816
f 4821/4821/4821 4820/4820/4820 4819/4819/4819
f 4824/4824/4824 4823/4823/4823 4822/4822/4822
f 4827/4827/4827 4826/4826/4826 4825/4825/4825
f 4830/4830/4830 4829/4829/4829 4828/4828/4828
f 4833/4833/4833 4832/4832/4832 4831/4831/4831
f 4836/4836/4836 4835/4835/4835 4834/4834/4834
f 4839/4839/4839 4838/4838/4838 4837/4837/4837
f 4842/4842/4842 4841/4841/4841 4840/4840/4840
f 4845/4845/4845 4844/4844/4844 4843/4843/4843
f 4848/4848/4848 4847/4847/4847 4846/4846/4846
f 4851/4851/4851 4850/4850/4850 4849/4849/4849
f 4854/4854/4854 4853/4853/4853 4852/4852/4852
f 4857/4857/4857 4856/4856/4856 4855/4855/4855
f 4860/4860/4860 4859/4859/4859 4858/4858/4858
f 4863/4863/4863 4862/4862/4862 4861/4861/4861
f 4866/4866/4866 4865/4865/4865 4864/4864/4864
f 4869/4869/4869 4868/4868/4868 4867/4867/4867
f 4872/4872/4872 4871/4871/4871 4870/4870/4870
f 4875/4875/4875 4874/4874/4874 4873/4873/4873
f 4878/4878/4878 4877/4877/4877 4876/4876/4876
f 4881/4881/4881 4880/4880/4880 4879/4879/4879
f 4884/4884/4884 4883/4883/4883 4882/4882/4882
f 4887/4887/4887 4886/4886/4886 4885/4885/4885
f 4890/4890/4890 4889/4889/4889 4888/4888/4888
f 4893/4893/4893 4892/4892/4892 4891/4891/4891
f 4896/4896/4896 4895/4895/4895 4894/4894/4894
f 4899/4899/4899 4898/4898/4898 4897/4897/4897
f 4902/4902/4902 4901/4901/4901 4900/4900/4900
f 4905/4905/4905 4904/4904/4904 4903/4903/4903
f 4908/4908/4908 4907/4907/4907 4906/4906/4906
f 4911/4911/4911 4910/4910/4910 4909/4909/4909
f 4914/4914/4914 4913/4913/4913 4912/4912/4912
f 4917/4917/4917 4916/4916/4916 4915/4915/4915
f 4920/4920/4920 4919/4919/4919 4918/4918/4918
f 4923/4923/4923 4922/4922/4922 4921/4921/4921
f 4926/4926/4926 4925/4925/4925 4924/4924/4924
f 4929/4929/4929 4928/4928/4928 4927/4927/4927
f 4932/4932/4932 4931/4931/4931 4930/4930/4930
f 4935/4935/4935 4934/4934/4934 4933/4933/4933
f 4938/4938/4938 4937/4937/4937 4936/4936/4936
f 4941/4941/4941 4940/4940/4940 4939/4939/4939
f 4944/4944/4944 4943/4943/4943 4942/4942/4942
f 4947/4947/4947 4946/4946/4946 4945/4945/4945
f 4950/4950/4950 4949/4949/4949 4948/4948/4948
f 4953/4953/4953 4952/4952/4952 4951/4951/4951
f 4956/4956/4956 4955/4955/4955 4954/4954/4954
f 4959/4959/4959 4958/4958/4958 4957/4957/4957
f 4962/4962/4962 4961/4961/4961 4960/4960/4960
f 4965/4965/4965 4964/4964/4964 4963/4963/4963
f 4968/4968/4968 4967/4967/4967 4966/4966/4966
f 4971/4971/4971 4970/4970/4970 4969/4969/4969
f 4974/4974/4974 4973/4973/4973 4972/4972/4972
