# Generated by Wraith - Game extraction tools
# Please credit DTZxPorter for using it!

v -19.543713 -21.144321 8.014028
v -20.212784 -21.144321 9.099583
v -20.717493 -21.144321 10.273319
v -21.188587 -21.425869 12.364255
v -19.543713 -21.144321 8.014028
v -20.717493 -21.144321 10.273319
v -14.132067 -23.828222 19.732117
v -19.543713 -21.144321 8.014028
v -21.188587 -21.425869 12.364255
v -2.126526 -24.368465 12.211553
v -19.543713 -21.144321 8.014028
v -14.132067 -23.828222 19.732117
v -2.126526 -24.368465 12.211553
v -6.358037 -21.425543 4.221267
v -19.543713 -21.144321 8.014028
v -6.358037 -21.425543 4.221267
v -13.509163 -21.179754 4.862002
v -19.543713 -21.144321 8.014028
v -13.509163 -21.179754 4.862002
v -15.344056 -21.144321 5.186444
v -19.543713 -21.144321 8.014028
v -15.344056 -21.144321 5.186444
v -16.562937 -21.144321 5.646752
v -19.543713 -21.144321 8.014028
v -16.562937 -21.144321 5.646752
v -17.726608 -21.144321 6.276835
v -19.543713 -21.144321 8.014028
v -21.601994 -21.630859 19.732105
v -14.132067 -23.828222 19.732117
v -21.188587 -21.425869 12.364255
v -17.726608 -21.144321 6.276835
v -18.738918 -21.144321 7.083085
v -19.543713 -21.144321 8.014028
v -2.131886 -25.045103 19.745350
v -2.126526 -24.368465 12.211553
v -14.132067 -23.828222 19.732117
v -21.601994 -21.630859 19.732105
v -21.188587 -21.425869 27.099964
v -14.132067 -23.828222 19.732117
v -21.188587 -21.425869 27.099964
v -14.132067 -23.118593 27.487524
v -14.132067 -23.828222 19.732117
v -14.132067 -23.118593 27.487524
v -2.126470 -24.368885 27.316538
v -14.132067 -23.828222 19.732117
v -2.126470 -24.368885 27.316538
v -2.131886 -25.045103 19.745350
v -14.132067 -23.828222 19.732117
v -2.126526 -24.368465 12.211553
v 2.176259 -21.425543 4.221267
v -6.358037 -21.425543 4.221267
v -20.717493 -21.144321 29.190889
v -14.132067 -23.118593 27.487524
v -21.188587 -21.425869 27.099964
v -2.126526 -24.368465 12.211553
v -2.131886 -25.045103 19.745350
v 10.102342 -23.828222 19.732111
v -2.131886 -25.045103 19.745350
v -2.126470 -24.368885 27.316538
v 10.102342 -23.828222 19.732111
v -20.717493 -21.144321 29.190889
v -20.212784 -21.144321 30.364639
v -14.132067 -23.118593 27.487524
v -20.212784 -21.144321 30.364639
v -19.543713 -21.144321 31.450197
v -14.132067 -23.118593 27.487524
v -14.132067 -23.118593 27.487524
v -19.543713 -21.144321 31.450197
v -18.738918 -21.144321 32.381134
v -6.358037 -21.425545 35.242939
v -2.126470 -24.368885 27.316538
v -14.132067 -23.118593 27.487524
v -14.132067 -23.118593 27.487524
v -18.738918 -21.144321 32.381134
v -17.726608 -21.144321 33.187389
v -16.562937 -21.144321 33.817463
v -14.132067 -23.118593 27.487524
v -17.726608 -21.144321 33.187389
v -14.132067 -23.118593 27.487524
v -16.562937 -21.144321 33.817463
v -15.344056 -21.144321 34.277775
v -13.509163 -21.179754 34.602222
v -14.132067 -23.118593 27.487524
v -15.344056 -21.144321 34.277775
v -13.509163 -21.179754 34.602222
v -6.358037 -21.425545 35.242939
v -14.132067 -23.118593 27.487524
v 10.102337 -23.118593 11.976688
v -2.126526 -24.368465 12.211553
v 10.102342 -23.828222 19.732111
v 2.176259 -21.425543 4.221267
v -2.126526 -24.368465 12.211553
v 10.102337 -23.118593 11.976688
v -2.126470 -24.368885 27.316538
v -6.358037 -21.425545 35.242939
v 2.176259 -21.425545 35.242939
v -2.126470 -24.368885 27.316538
v 2.176259 -21.425545 35.242939
v 10.102342 -23.118593 27.487524
v -2.126470 -24.368885 27.316538
v 10.102342 -23.118593 27.487524
v 10.102342 -23.828222 19.732111
v 2.176259 -21.425545 35.242939
v 9.291612 -21.179754 34.602222
v 10.102342 -23.118593 27.487524
v 9.291612 -21.179754 34.602222
v 11.126508 -21.144321 34.277775
v 10.102342 -23.118593 27.487524
v 11.126508 -21.144321 34.277775
v 12.345385 -21.144321 33.817463
v 10.102342 -23.118593 27.487524
v 12.345385 -21.144321 33.817463
v 13.509059 -21.144321 33.187389
v 10.102342 -23.118593 27.487524
v 10.102342 -23.828222 19.732111
v 10.102342 -23.118593 27.487524
v 16.971037 -21.425869 27.099964
v 13.509059 -21.144321 33.187389
v 14.521365 -21.144321 32.381134
v 10.102342 -23.118593 27.487524
v 14.521365 -21.144321 32.381134
v 15.326162 -21.144321 31.450197
v 10.102342 -23.118593 27.487524
v 16.971037 -21.425869 12.364255
v 10.102337 -23.118593 11.976688
v 10.102342 -23.828222 19.732111
v 10.102342 -23.118593 27.487524
v 15.326162 -21.144321 31.450197
v 15.995235 -21.144321 30.364639
v 16.499941 -21.144321 29.190889
v 10.102342 -23.118593 27.487524
v 15.995235 -21.144321 30.364639
v 16.971037 -21.425869 27.099964
v 10.102342 -23.118593 27.487524
v 16.499941 -21.144321 29.190889
v 17.308563 -21.630859 19.732105
v 10.102342 -23.828222 19.732111
v 16.971037 -21.425869 27.099964
v 17.308563 -21.630859 19.732105
v 16.971037 -21.425869 12.364255
v 10.102342 -23.828222 19.732111
v 9.291612 -21.179754 4.862002
v 2.176259 -21.425543 4.221267
v 10.102337 -23.118593 11.976688
v 16.499941 -21.144321 10.273319
v 10.102337 -23.118593 11.976688
v 16.971037 -21.425869 12.364255
v 16.499941 -21.144321 10.273319
v 15.995235 -21.144321 9.099583
v 10.102337 -23.118593 11.976688
v 15.995235 -21.144321 9.099583
v 15.326162 -21.144321 8.014028
v 10.102337 -23.118593 11.976688
v 15.326162 -21.144321 8.014028
v 14.521365 -21.144321 7.083085
v 10.102337 -23.118593 11.976688
v 10.102337 -23.118593 11.976688
v 14.521365 -21.144321 7.083085
v 13.509059 -21.144321 6.276835
v 12.345385 -21.144321 5.646752
v 10.102337 -23.118593 11.976688
v 13.509059 -21.144321 6.276835
v 10.102337 -23.118593 11.976688
v 12.345385 -21.144321 5.646752
v 11.126508 -21.144321 5.186444
v 9.291612 -21.179754 4.862002
v 10.102337 -23.118593 11.976688
v 11.126508 -21.144321 5.186444
v 18.033028 -23.526381 12.346111
v 23.753050 -23.530069 5.287404
v 17.516235 -23.497263 10.006693
v -13.498609 -23.526758 3.894257
v -23.680998 -23.528612 0.669729
v -15.636660 -23.497257 4.252310
v -22.269585 -23.526373 12.346111
v -21.752789 -23.497257 10.006688
v -23.681004 -23.520945 5.287404
v -19.510986 -23.497255 6.385476
v -18.276178 -23.497257 5.425871
v -23.680998 -23.528612 0.669729
v -20.486458 -23.497255 7.516488
v -19.510986 -23.497255 6.385476
v -23.681004 -23.520945 5.287404
v -19.510986 -23.497255 6.385476
v -23.680998 -23.528612 0.669729
v -23.681004 -23.520945 5.287404
v -18.276178 -23.497257 5.425871
v -16.984735 -23.497255 4.754603
v -23.680998 -23.528612 0.669729
v -20.486458 -23.497255 7.516488
v -23.681004 -23.520945 5.287404
v -21.198174 -23.497257 8.708934
v -23.681004 -23.520945 5.287404
v -21.752789 -23.497257 10.006688
v -21.198174 -23.497257 8.708934
v -23.680998 -23.528612 0.669729
v -16.984735 -23.497255 4.754603
v -15.636660 -23.497257 4.252310
v 2.159203 -23.526373 3.894257
v 23.753050 -23.529778 0.669729
v -23.680998 -23.528612 0.669729
v -6.360053 -23.526373 3.894257
v 2.159203 -23.526373 3.894257
v -23.680998 -23.528612 0.669729
v -6.360053 -23.526373 3.894257
v -23.680998 -23.528612 0.669729
v -13.498609 -23.526758 3.894257
v 23.753050 -23.529778 0.669729
v 2.159203 -23.526373 3.894257
v 9.262076 -23.526758 3.894254
v 11.400132 -23.497257 4.252310
v 12.748177 -23.497257 4.754603
v 23.753050 -23.529778 0.669729
v 12.748177 -23.497257 4.754603
v 14.039626 -23.497257 5.425871
v 23.753050 -23.529778 0.669729
v 15.274445 -23.497255 6.385476
v 23.753050 -23.529778 0.669729
v 14.039626 -23.497257 5.425871
v 15.274445 -23.497255 6.385476
v 16.249908 -23.497255 7.516488
v 23.753050 -23.529778 0.669729
v 16.961624 -23.497257 8.708934
v 23.753050 -23.529778 0.669729
v 16.249908 -23.497255 7.516488
v 23.753050 -23.530069 5.287404
v 23.753050 -23.529778 0.669729
v 16.961624 -23.497257 8.708934
v 17.516235 -23.497263 10.006693
v 23.753050 -23.530069 5.287404
v 16.961624 -23.497257 8.708934
v 25.892382 -23.534784 5.287404
v 23.753050 -23.530069 5.287404
v 25.892382 -23.534777 19.701698
v 23.753050 -23.530069 5.287404
v 18.033028 -23.526381 12.346111
v 25.892382 -23.534777 19.701698
v 18.033028 -23.526381 12.346111
v 18.033028 -23.525373 19.701698
v 25.892382 -23.534777 19.701698
v 23.753050 -23.529778 0.669729
v 9.262076 -23.526758 3.894254
v 11.400132 -23.497257 4.252310
v 25.892426 -23.534784 38.979099
v 25.892651 -23.534777 34.706722
v 25.892906 -22.842556 38.970619
v 25.892651 -23.534777 34.706722
v 25.891876 -22.835255 34.708160
v 25.892906 -22.842556 38.970619
v -6.360053 -23.526373 35.509140
v -13.498611 -23.526758 35.509140
v -25.865063 -23.534784 38.974861
v -25.865063 -23.534777 19.701698
v -25.865063 -23.534784 38.974861
v -22.269588 -23.526373 27.057287
v -22.269588 -23.526371 19.701698
v -25.865063 -23.534777 19.701698
v -22.269588 -23.526373 27.057287
v -21.198185 -23.497257 30.694466
v -21.752792 -23.497257 29.396706
v -25.865063 -23.534784 38.974861
v -20.486460 -23.497257 31.886908
v -21.198185 -23.497257 30.694466
v -25.865063 -23.534784 38.974861
v -19.510988 -23.497255 33.017918
v -20.486460 -23.497257 31.886908
v -25.865063 -23.534784 38.974861
v -25.865063 -23.534784 38.974861
v -18.276178 -23.497255 33.977524
v -19.510988 -23.497255 33.017918
v -16.984726 -23.497255 34.648792
v -18.276178 -23.497255 33.977524
v -25.865063 -23.534784 38.974861
v -25.865063 -23.534784 38.974861
v -15.636662 -23.497257 35.151089
v -16.984726 -23.497255 34.648792
v -25.865063 -23.534784 38.974861
v 15.205543 -23.534786 38.976318
v -6.360053 -23.526373 35.509140
v -6.360053 -23.526373 35.509140
v 15.205543 -23.534786 38.976318
v 2.159203 -23.526373 35.509140
v 2.159203 -23.526373 35.509140
v 15.205543 -23.534786 38.976318
v 9.262053 -23.526756 35.509140
v 9.262053 -23.526756 35.509140
v 15.205543 -23.534786 38.976318
v 11.400086 -23.497257 35.151089
v 15.205543 -23.534786 38.976318
v 15.202942 -23.549828 37.107533
v 11.400086 -23.497257 35.151089
v 11.400086 -23.497257 35.151089
v 15.202942 -23.549828 37.107533
v 12.748177 -23.497257 34.648792
v 15.202942 -23.549828 37.107533
v 15.386001 -23.548101 36.187176
v 12.748177 -23.497257 34.648792
v 12.748177 -23.497257 34.648792
v 15.386001 -23.548101 36.187176
v 14.039626 -23.497257 33.977524
v 15.386001 -23.548101 36.187176
v 15.907334 -23.547169 35.406933
v 14.039626 -23.497257 33.977524
v 14.039626 -23.497257 33.977524
v 15.907334 -23.547169 35.406933
v 15.274445 -23.497257 33.017910
v 15.907334 -23.547169 35.406933
v 16.687584 -23.547066 34.885609
v 15.274445 -23.497257 33.017910
v 15.274445 -23.497257 33.017910
v 16.687584 -23.547066 34.885609
v 16.249908 -23.497257 31.886900
v 16.687584 -23.547066 34.885609
v 17.607918 -23.548052 34.702538
v 16.249908 -23.497257 31.886900
v 25.892651 -23.534777 34.706722
v 16.249908 -23.497257 31.886900
v 17.607918 -23.548052 34.702538
v 16.961624 -23.497257 30.694456
v 16.249908 -23.497257 31.886900
v 25.892651 -23.534777 34.706722
v 17.516235 -23.497257 29.396696
v 16.961624 -23.497257 30.694456
v 25.892651 -23.534777 34.706722
v 18.033028 -23.526381 27.057285
v 17.516235 -23.497257 29.396696
v 25.892651 -23.534777 34.706722
v 25.892382 -23.534777 19.701698
v 18.033028 -23.526381 27.057285
v 25.892651 -23.534777 34.706722
v 18.033028 -23.525373 19.701698
v 18.033028 -23.526381 27.057285
v 25.892382 -23.534777 19.701698
v -13.498611 -23.526758 35.509140
v -15.636662 -23.497257 35.151089
v -25.865063 -23.534784 38.974861
v -22.269588 -23.526373 27.057287
v -25.865063 -23.534784 38.974861
v -21.752792 -23.497257 29.396706
v 26.542545 36.575996 4.884321
v 26.537689 36.576092 39.605824
v 25.911411 36.636723 5.552305
v -26.549219 36.576092 39.604179
v -25.840515 36.636818 38.955292
v 26.537689 36.576092 39.605824
v -25.840515 36.636818 38.955292
v 25.873495 36.636818 38.955639
v 26.537689 36.576092 39.605824
v 26.537689 36.576092 39.605824
v 25.873495 36.636818 38.955639
v 25.911411 36.636723 5.552305
v -25.951046 36.642818 5.562885
v -25.840515 36.636818 38.955292
v -26.549219 36.576092 39.604179
v 20.698700 35.544670 35.612885
v 20.698662 35.041454 35.612835
v 20.729034 35.544598 8.890234
v 20.698662 35.041454 35.612835
v 20.728996 35.041382 8.890185
v 20.729034 35.544598 8.890234
v 20.729034 35.544598 8.890234
v 20.728996 35.041382 8.890185
v -20.760925 35.549473 8.898687
v 20.728996 35.041382 8.890185
v -20.760956 35.046265 8.898643
v -20.760925 35.549473 8.898687
v -20.760925 35.549473 8.898687
v -20.760956 35.046265 8.898643
v -20.672501 35.544662 35.612606
v -20.760956 35.046265 8.898643
v -20.672520 35.041454 35.612560
v -20.672501 35.544662 35.612606
v -20.672501 35.544662 35.612606
v -20.672520 35.041454 35.612560
v 20.698700 35.544670 35.612885
v -20.672520 35.041454 35.612560
v 20.698662 35.041454 35.612835
v 20.698700 35.544670 35.612885
v 22.107128 -23.726089 27.842159
v 22.092436 -26.465542 28.105576
v 23.209061 -23.726089 28.372290
v 22.092436 -26.465542 28.105576
v 23.012407 -26.465542 28.548164
v 23.209061 -23.726089 28.372290
v 23.209061 -23.726089 28.372290
v 23.012407 -26.465542 28.548164
v 23.613388 -23.726089 29.526329
v 23.012407 -26.465542 28.548164
v 23.349970 -26.465542 29.511642
v 23.613388 -23.726089 29.526329
v 23.613388 -23.726089 29.526329
v 23.349970 -26.465542 29.511642
v 23.083256 -23.726089 30.628271
v 23.349970 -26.465542 29.511642
v 22.907381 -26.465542 30.431622
v 23.083256 -23.726089 30.628271
v 23.083256 -23.726089 30.628271
v 22.907381 -26.465542 30.431622
v 21.929211 -23.726089 31.032595
v 22.907381 -26.465542 30.431622
v 21.943903 -26.465542 30.769178
v 21.929211 -23.726089 31.032595
v 21.929211 -23.726089 31.032595
v 21.943903 -26.465542 30.769178
v 20.827274 -23.726089 30.502464
v 21.943903 -26.465542 30.769178
v 21.023928 -26.465542 30.326586
v 20.827274 -23.726089 30.502464
v 20.827274 -23.726089 30.502464
v 21.023928 -26.465542 30.326586
v 20.422951 -23.726089 29.348421
v 21.023928 -26.465542 30.326586
v 20.686367 -26.465542 29.363108
v 20.422951 -23.726089 29.348421
v 20.422951 -23.726089 29.348421
v 20.686367 -26.465542 29.363108
v 20.953081 -23.726089 28.246483
v 20.686367 -26.465542 29.363108
v 21.128958 -26.465542 28.443134
v 20.953081 -23.726089 28.246483
v 20.953081 -23.726089 28.246483
v 21.128958 -26.465542 28.443134
v 22.107128 -23.726089 27.842159
v 21.128958 -26.465542 28.443134
v 22.092436 -26.465542 28.105576
v 22.107128 -23.726089 27.842159
v 22.107128 -23.726089 20.067057
v 22.092436 -26.465542 20.330471
v 23.209061 -23.726089 20.597185
v 22.092436 -26.465542 20.330471
v 23.012407 -26.465542 20.773060
v 23.209061 -23.726089 20.597185
v 23.209061 -23.726089 20.597185
v 23.012407 -26.465542 20.773060
v 23.613388 -23.726089 21.751225
v 23.012407 -26.465542 20.773060
v 23.349970 -26.465542 21.736538
v 23.613388 -23.726089 21.751225
v 23.613388 -23.726089 21.751225
v 23.349970 -26.465542 21.736538
v 23.083256 -23.726089 22.853167
v 23.349970 -26.465542 21.736538
v 22.907381 -26.465542 22.656513
v 23.083256 -23.726089 22.853167
v 23.083256 -23.726089 22.853167
v 22.907381 -26.465542 22.656513
v 21.929211 -23.726089 23.257490
v 22.907381 -26.465542 22.656513
v 21.943903 -26.465542 22.994074
v 21.929211 -23.726089 23.257490
v 21.929211 -23.726089 23.257490
v 21.943903 -26.465542 22.994074
v 20.827274 -23.726089 22.727360
v 21.943903 -26.465542 22.994074
v 21.023928 -26.465542 22.551479
v 20.827274 -23.726089 22.727360
v 20.827274 -23.726089 22.727360
v 21.023928 -26.465542 22.551479
v 20.422951 -23.726089 21.573315
v 21.023928 -26.465542 22.551479
v 20.686367 -26.465542 21.588001
v 20.422951 -23.726089 21.573315
v 20.422951 -23.726089 21.573315
v 20.686367 -26.465542 21.588001
v 20.953081 -23.726089 20.471378
v 20.686367 -26.465542 21.588001
v 21.128958 -26.465542 20.668032
v 20.953081 -23.726089 20.471378
v 20.953081 -23.726089 20.471378
v 21.128958 -26.465542 20.668032
v 22.107128 -23.726089 20.067057
v 21.128958 -26.465542 20.668032
v 22.092436 -26.465542 20.330471
v 22.107128 -23.726089 20.067057
v 22.107128 -23.726089 12.291952
v 22.092436 -26.465542 12.555367
v 23.209061 -23.726089 12.822080
v 22.092436 -26.465542 12.555367
v 23.012407 -26.465542 12.997957
v 23.209061 -23.726089 12.822080
v 23.209061 -23.726089 12.822080
v 23.012407 -26.465542 12.997957
v 23.613388 -23.726089 13.976121
v 23.012407 -26.465542 12.997957
v 23.349970 -26.465542 13.961434
v 23.613388 -23.726089 13.976121
v 23.613388 -23.726089 13.976121
v 23.349970 -26.465542 13.961434
v 23.083256 -23.726089 15.078059
v 23.349970 -26.465542 13.961434
v 22.907381 -26.465542 14.881410
v 23.083256 -23.726089 15.078059
v 23.083256 -23.726089 15.078059
v 22.907381 -26.465542 14.881410
v 21.929211 -23.726089 15.482385
v 22.907381 -26.465542 14.881410
v 21.943903 -26.465542 15.218969
v 21.929211 -23.726089 15.482385
v 21.929211 -23.726089 15.482385
v 21.943903 -26.465542 15.218969
v 20.827274 -23.726089 14.952255
v 21.943903 -26.465542 15.218969
v 21.023928 -26.465542 14.776376
v 20.827274 -23.726089 14.952255
v 20.827274 -23.726089 14.952255
v 21.023928 -26.465542 14.776376
v 20.422951 -23.726089 13.798212
v 21.023928 -26.465542 14.776376
v 20.686367 -26.465542 13.812899
v 20.422951 -23.726089 13.798212
v 20.422951 -23.726089 13.798212
v 20.686367 -26.465542 13.812899
v 20.953081 -23.726089 12.696277
v 20.686367 -26.465542 13.812899
v 21.128958 -26.465542 12.892925
v 20.953081 -23.726089 12.696277
v 20.953081 -23.726089 12.696277
v 21.128958 -26.465542 12.892925
v 22.107128 -23.726089 12.291952
v 21.128958 -26.465542 12.892925
v 22.092436 -26.465542 12.555367
v 22.107128 -23.726089 12.291952
v 22.107128 -23.726089 6.353033
v 22.092436 -26.465542 6.616448
v 23.209061 -23.726089 6.883162
v 22.092436 -26.465542 6.616448
v 23.012407 -26.465542 7.059039
v 23.209061 -23.726089 6.883162
v 23.209061 -23.726089 6.883162
v 23.012407 -26.465542 7.059039
v 23.613388 -23.726089 8.037203
v 23.012407 -26.465542 7.059039
v 23.349970 -26.465542 8.022516
v 23.613388 -23.726089 8.037203
v 23.613388 -23.726089 8.037203
v 23.349970 -26.465542 8.022516
v 23.083256 -23.726089 9.139143
v 23.349970 -26.465542 8.022516
v 22.907381 -26.465542 8.942492
v 23.083256 -23.726089 9.139143
v 23.083256 -23.726089 9.139143
v 22.907381 -26.465542 8.942492
v 21.929211 -23.726089 9.543466
v 22.907381 -26.465542 8.942492
v 21.943903 -26.465542 9.280050
v 21.929211 -23.726089 9.543466
v 21.929211 -23.726089 9.543466
v 21.943903 -26.465542 9.280050
v 20.827274 -23.726089 9.013337
v 21.943903 -26.465542 9.280050
v 21.023928 -26.465542 8.837458
v 20.827274 -23.726089 9.013337
v 20.827274 -23.726089 9.013337
v 21.023928 -26.465542 8.837458
v 20.422951 -23.726089 7.859293
v 21.023928 -26.465542 8.837458
v 20.686367 -26.465542 7.873980
v 20.422951 -23.726089 7.859293
v 20.422951 -23.726089 7.859293
v 20.686367 -26.465542 7.873980
v 20.953081 -23.726089 6.757358
v 20.686367 -26.465542 7.873980
v 21.128958 -26.465542 6.954007
v 20.953081 -23.726089 6.757358
v 20.953081 -23.726089 6.757358
v 21.128958 -26.465542 6.954007
v 22.107128 -23.726089 6.353033
v 21.128958 -26.465542 6.954007
v 22.092436 -26.465542 6.616448
v 22.107128 -23.726089 6.353033
v -4.252379 35.059811 23.708792
v -3.616805 35.059811 22.491924
v -3.785743 36.661465 23.856697
v -3.616805 35.059811 22.491924
v -3.219864 36.661465 22.773268
v -3.785743 36.661465 23.856697
v -3.616805 35.059811 22.491924
v -2.626878 35.059811 21.526224
v -3.219864 36.661465 22.773268
v -2.626878 35.059811 21.526224
v -2.338479 36.661465 21.913454
v -3.219864 36.661465 22.773268
v -2.626878 35.059811 21.526224
v -1.379487 35.059811 20.906202
v -2.338479 36.661465 21.913454
v -1.379487 35.059811 20.906202
v -1.227874 36.661465 21.361418
v -2.338479 36.661465 21.913454
v -1.379487 35.059811 20.906202
v 0.003244 35.059811 20.692556
v -1.227874 36.661465 21.361418
v 0.003244 35.059811 20.692556
v 0.003244 36.661465 21.171207
v -1.227874 36.661465 21.361418
v 0.003244 36.661465 21.171207
v 0.003244 35.059811 20.692556
v 1.234351 36.661465 21.361418
v 0.003244 35.059811 20.692556
v 1.385964 35.059811 20.906202
v 1.234351 36.661465 21.361418
v 1.234351 36.661465 21.361418
v 1.385964 35.059811 20.906202
v 2.344956 36.661465 21.913454
v 1.385964 35.059811 20.906202
v 2.633355 35.059811 21.526224
v 2.344956 36.661465 21.913454
v 2.344956 36.661465 21.913454
v 2.633355 35.059811 21.526224
v 3.226333 36.661465 22.773268
v 2.633355 35.059811 21.526224
v 3.623282 35.059811 22.491928
v 3.226333 36.661465 22.773268
v 3.226333 36.661465 22.773268
v 3.623282 35.059811 22.491928
v 3.792220 36.661465 23.856697
v 3.623282 35.059811 22.491928
v 4.258851 35.059811 23.708792
v 3.792220 36.661465 23.856697
v 3.792220 36.661465 23.856697
v 4.258851 35.059811 23.708792
v 3.987206 36.661465 25.057690
v 4.258851 35.059811 23.708792
v 4.477852 35.059811 25.057690
v 3.987206 36.661465 25.057690
v 4.477852 35.059811 25.057690
v 4.258851 35.059811 26.406580
v 3.987206 36.661465 25.057690
v 4.258851 35.059811 26.406580
v 3.792220 36.661465 26.258673
v 3.987206 36.661465 25.057690
v 4.258851 35.059811 26.406580
v 3.623274 35.059811 27.623442
v 3.792220 36.661465 26.258673
v 3.623274 35.059811 27.623442
v 3.226333 36.661465 27.342100
v 3.792220 36.661465 26.258673
v 3.623274 35.059811 27.623442
v 2.633355 35.059811 28.589136
v 3.226333 36.661465 27.342100
v 2.633355 35.059811 28.589136
v 2.344956 36.661465 28.201914
v 3.226333 36.661465 27.342100
v 2.633355 35.059811 28.589136
v 1.385964 35.059811 29.209173
v 2.344956 36.661465 28.201914
v 1.385964 35.059811 29.209173
v 1.234351 36.661465 28.753952
v 2.344956 36.661465 28.201914
v 1.385964 35.059811 29.209173
v 0.003244 35.059811 29.422813
v 1.234351 36.661465 28.753952
v 0.003244 35.059811 29.422813
v 0.003244 36.661465 28.944170
v 1.234351 36.661465 28.753952
v 0.003244 36.661465 28.944170
v 0.003244 35.059811 29.422813
v -1.227874 36.661465 28.753952
v 0.003244 35.059811 29.422813
v -1.379487 35.059811 29.209173
v -1.227874 36.661465 28.753952
v -1.227874 36.661465 28.753952
v -1.379487 35.059811 29.209173
v -2.338479 36.661465 28.201914
v -1.379487 35.059811 29.209173
v -2.626878 35.059811 28.589136
v -2.338479 36.661465 28.201914
v -2.338479 36.661465 28.201914
v -2.626878 35.059811 28.589136
v -3.219849 36.661465 27.342100
v -2.626878 35.059811 28.589136
v -3.616797 35.059811 27.623442
v -3.219849 36.661465 27.342100
v -3.219849 36.661465 27.342100
v -3.616797 35.059811 27.623442
v -3.785743 36.661465 26.258673
v -3.616797 35.059811 27.623442
v -4.252379 35.059811 26.406580
v -3.785743 36.661465 26.258673
v -3.785743 36.661465 26.258673
v -4.252379 35.059811 26.406580
v -3.980729 36.661465 25.057690
v -4.252379 35.059811 26.406580
v -4.471375 35.059811 25.057690
v -3.980729 36.661465 25.057690
v -4.471375 35.059811 25.057690
v -4.252379 35.059811 23.708792
v -3.980729 36.661465 25.057690
v -4.252379 35.059811 23.708792
v -3.785743 36.661465 23.856697
v -3.980729 36.661465 25.057690
v -26.547928 -24.194496 4.883376
v -26.551605 36.582249 4.884981
v -26.548960 -24.194506 39.600483
v -26.551605 36.582249 4.884981
v -26.549219 36.576092 39.604179
v -26.548960 -24.194506 39.600483
v 26.536596 -24.194506 39.600132
v 26.537689 36.576092 39.605824
v 26.536238 -24.194504 4.883505
v 26.537689 36.576092 39.605824
v 26.542545 36.575996 4.884321
v 26.536238 -24.194504 4.883505
v 24.324760 -24.189638 4.883493
v 26.536238 -24.194504 4.883505
v 24.368965 33.792023 4.884323
v 26.536238 -24.194504 4.883505
v 26.542545 36.575996 4.884321
v 24.368965 33.792023 4.884323
v -24.251278 -24.180220 4.883648
v -24.336355 33.800518 4.884880
v -26.547928 -24.194496 4.883376
v -24.336355 33.800518 4.884880
v -26.551605 36.582249 4.884981
v -26.547928 -24.194496 4.883376
v 24.325119 -24.189339 0.047203
v 24.328827 33.792416 0.046952
v -24.252304 -24.188133 0.047480
v 24.328827 33.792416 0.046952
v -24.219282 33.793568 0.015497
v -24.252304 -24.188133 0.047480
v -24.252304 -24.188133 0.047480
v -24.219282 33.793568 0.015497
v -24.251278 -24.180220 4.883648
v -24.219282 33.793568 0.015497
v -24.336355 33.800518 4.884880
v -24.251278 -24.180220 4.883648
v 24.324760 -24.189638 4.883493
v 24.368965 33.792023 4.884323
v 24.325119 -24.189339 0.047203
v 24.368965 33.792023 4.884323
v 24.328827 33.792416 0.046952
v 24.325119 -24.189339 0.047203
v -22.269585 -23.526373 12.346111
v -22.269588 -23.526371 19.701698
v -21.164524 -21.457691 19.701698
v -21.164513 -21.253082 12.346111
v -22.269585 -23.526373 12.346111
v -21.164524 -21.457691 19.701698
v -21.752789 -23.497257 10.006688
v -22.269585 -23.526373 12.346111
v -21.164513 -21.253082 12.346111
v -20.694244 -20.972029 10.258857
v -21.752789 -23.497257 10.006688
v -21.164513 -21.253082 12.346111
v -21.198174 -23.497257 8.708934
v -21.752789 -23.497257 10.006688
v -20.694244 -20.972029 10.258857
v -20.190426 -20.972029 9.087180
v -21.198174 -23.497257 8.708934
v -20.694244 -20.972029 10.258857
v -20.486458 -23.497255 7.516488
v -21.198174 -23.497257 8.708934
v -20.190426 -20.972029 9.087180
v -19.522520 -20.972029 8.003537
v -20.486458 -23.497255 7.516488
v -20.190426 -20.972029 9.087180
v -19.510986 -23.497255 6.385476
v -20.486458 -23.497255 7.516488
v -19.522520 -20.972029 8.003537
v -18.719162 -20.972029 7.074233
v -19.510986 -23.497255 6.385476
v -19.522520 -20.972029 8.003537
v -18.276178 -23.497257 5.425871
v -19.510986 -23.497255 6.385476
v -18.719162 -20.972029 7.074233
v -17.708626 -20.972031 6.269398
v -18.276178 -23.497257 5.425871
v -18.719162 -20.972029 7.074233
v -18.276178 -23.497257 5.425871
v -17.708626 -20.972031 6.269398
v -16.984735 -23.497255 4.754603
v -17.708626 -20.972031 6.269398
v -16.547005 -20.972029 5.640428
v -16.984735 -23.497255 4.754603
v -16.984735 -23.497255 4.754603
v -16.547005 -20.972029 5.640428
v -15.636660 -23.497257 4.252310
v -16.547005 -20.972029 5.640428
v -15.330260 -20.972031 5.180932
v -15.636660 -23.497257 4.252310
v -15.330260 -20.972031 5.180932
v -13.498609 -21.007401 4.857061
v -15.636660 -23.497257 4.252310
v -13.498609 -21.007401 4.857061
v -13.498609 -23.526758 3.894257
v -15.636660 -23.497257 4.252310
v -13.498609 -23.526758 3.894257
v -13.498609 -21.007401 4.857061
v -6.360053 -21.252756 4.857061
v -6.360053 -23.526373 3.894257
v -13.498609 -23.526758 3.894257
v -6.360053 -21.252756 4.857061
v -6.360053 -21.252756 4.857061
v 2.159234 -21.252756 4.857061
v -6.360053 -23.526373 3.894257
v 2.159234 -21.252756 4.857061
v 2.159203 -23.526373 3.894257
v -6.360053 -23.526373 3.894257
v 9.262076 -23.526758 3.894254
v 2.159203 -23.526373 3.894257
v 2.159234 -21.252756 4.857061
v 9.262076 -21.007401 4.857059
v 9.262076 -23.526758 3.894254
v 2.159234 -21.252756 4.857061
v 9.262076 -23.526758 3.894254
v 9.262076 -21.007401 4.857059
v 11.400132 -23.497257 4.252310
v 9.262076 -21.007401 4.857059
v 11.093734 -20.972031 5.180930
v 11.400132 -23.497257 4.252310
v 11.400132 -23.497257 4.252310
v 11.093734 -20.972031 5.180930
v 12.310448 -20.972031 5.640428
v 12.748177 -23.497257 4.754603
v 11.400132 -23.497257 4.252310
v 12.310448 -20.972031 5.640428
v 12.748177 -23.497257 4.754603
v 12.310448 -20.972031 5.640428
v 13.472069 -20.972029 6.269398
v 14.039626 -23.497257 5.425871
v 12.748177 -23.497257 4.754603
v 13.472069 -20.972029 6.269398
v 13.472069 -20.972029 6.269398
v 14.482574 -20.972023 7.074230
v 14.039626 -23.497257 5.425871
v 14.482574 -20.972023 7.074230
v 15.274445 -23.497255 6.385476
v 14.039626 -23.497257 5.425871
v 14.482574 -20.972023 7.074230
v 15.285982 -20.972029 8.003535
v 15.274445 -23.497255 6.385476
v 15.285982 -20.972029 8.003535
v 16.249908 -23.497255 7.516488
v 15.274445 -23.497255 6.385476
v 15.285982 -20.972029 8.003535
v 15.953872 -20.972031 9.087185
v 16.249908 -23.497255 7.516488
v 15.953872 -20.972031 9.087185
v 16.961624 -23.497257 8.708934
v 16.249908 -23.497255 7.516488
v 15.953872 -20.972031 9.087185
v 16.457716 -20.972031 10.258859
v 16.961624 -23.497257 8.708934
v 16.457716 -20.972031 10.258859
v 17.516235 -23.497263 10.006693
v 16.961624 -23.497257 8.708934
v 16.457716 -20.972031 10.258859
v 16.927954 -21.253084 12.346111
v 17.516235 -23.497263 10.006693
v 16.927954 -21.253084 12.346111
v 18.033028 -23.526381 12.346111
v 17.516235 -23.497263 10.006693
v 18.033028 -23.526381 12.346111
v 16.927954 -21.253084 12.346111
v 16.927946 -21.457701 19.701698
v 18.033028 -23.525373 19.701698
v 18.033028 -23.526381 12.346111
v 16.927946 -21.457701 19.701698
v -22.269588 -23.526371 19.701698
v -22.269585 -23.526373 12.346111
v -25.865063 -23.534777 19.701698
v -25.865063 -23.534777 19.701698
v -22.269585 -23.526373 12.346111
v -23.681004 -23.520945 5.287404
v -25.865063 -23.534786 5.287404
v -25.865063 -23.534777 19.701698
v -23.681004 -23.520945 5.287404
v 25.892426 -23.534784 38.979099
v 25.892906 -22.842556 38.970619
v 15.205543 -23.534786 38.976318
v 25.892906 -22.842556 38.970619
v 15.206512 -22.835262 38.973404
v 15.205543 -23.534786 38.976318
v -22.269588 -23.526371 19.701698
v -22.269588 -23.526373 27.057287
v -21.164524 -21.457691 19.701698
v -22.269588 -23.526373 27.057287
v -21.164524 -21.253082 27.057287
v -21.164524 -21.457691 19.701698
v -22.269588 -23.526373 27.057287
v -21.752792 -23.497257 29.396706
v -21.164524 -21.253082 27.057287
v -21.752792 -23.497257 29.396706
v -20.694258 -20.972029 29.144543
v -21.164524 -21.253082 27.057287
v -21.752792 -23.497257 29.396706
v -21.198185 -23.497257 30.694466
v -20.694258 -20.972029 29.144543
v -21.198185 -23.497257 30.694466
v -20.190430 -20.972029 30.316214
v -20.694258 -20.972029 29.144543
v -21.198185 -23.497257 30.694466
v -20.486460 -23.497257 31.886908
v -20.190430 -20.972029 30.316214
v -20.486460 -23.497257 31.886908
v -19.522526 -20.972029 31.399858
v -20.190430 -20.972029 30.316214
v -20.486460 -23.497257 31.886908
v -19.510988 -23.497255 33.017918
v -19.522526 -20.972029 31.399858
v -19.510988 -23.497255 33.017918
v -18.719164 -20.972029 32.329151
v -19.522526 -20.972029 31.399858
v -19.510988 -23.497255 33.017918
v -18.276178 -23.497255 33.977524
v -18.719164 -20.972029 32.329151
v -18.276178 -23.497255 33.977524
v -17.708628 -20.972023 33.133991
v -18.719164 -20.972029 32.329151
v -18.276178 -23.497255 33.977524
v -16.984726 -23.497255 34.648792
v -17.708628 -20.972023 33.133991
v -16.984726 -23.497255 34.648792
v -16.547005 -20.972029 33.762966
v -17.708628 -20.972023 33.133991
v -16.984726 -23.497255 34.648792
v -15.636662 -23.497257 35.151089
v -16.547005 -20.972029 33.762966
v -15.636662 -23.497257 35.151089
v -15.330263 -20.972029 34.222466
v -16.547005 -20.972029 33.762966
v -13.498611 -21.007397 34.546333
v -15.330263 -20.972029 34.222466
v -15.636662 -23.497257 35.151089
v -13.498611 -23.526758 35.509140
v -13.498611 -21.007397 34.546333
v -15.636662 -23.497257 35.151089
v -13.498611 -21.007397 34.546333
v -13.498611 -23.526758 35.509140
v -6.360053 -21.252756 34.546333
v -13.498611 -23.526758 35.509140
v -6.360053 -23.526373 35.509140
v -6.360053 -21.252756 34.546333
v -6.360053 -21.252756 34.546333
v -6.360053 -23.526373 35.509140
v 2.159234 -21.252756 34.546333
v -6.360053 -23.526373 35.509140
v 2.159203 -23.526373 35.509140
v 2.159234 -21.252756 34.546333
v 2.159203 -23.526373 35.509140
v 9.262053 -23.526756 35.509140
v 2.159234 -21.252756 34.546333
v 9.262053 -23.526756 35.509140
v 9.262053 -21.007389 34.546333
v 2.159234 -21.252756 34.546333
v 9.262053 -21.007389 34.546333
v 9.262053 -23.526756 35.509140
v 11.400086 -23.497257 35.151089
v 11.093711 -20.972029 34.222466
v 9.262053 -21.007389 34.546333
v 11.400086 -23.497257 35.151089
v 12.310440 -20.972029 33.762966
v 11.093711 -20.972029 34.222466
v 11.400086 -23.497257 35.151089
v 12.748177 -23.497257 34.648792
v 12.310440 -20.972029 33.762966
v 11.400086 -23.497257 35.151089
v 13.472069 -20.972031 33.133995
v 12.310440 -20.972029 33.762966
v 12.748177 -23.497257 34.648792
v 14.039626 -23.497257 33.977524
v 13.472069 -20.972031 33.133995
v 12.748177 -23.497257 34.648792
v 14.482574 -20.972029 32.329163
v 13.472069 -20.972031 33.133995
v 14.039626 -23.497257 33.977524
v 15.274445 -23.497257 33.017910
v 14.482574 -20.972029 32.329163
v 14.039626 -23.497257 33.977524
v 15.285982 -20.972029 31.399857
v 14.482574 -20.972029 32.329163
v 15.274445 -23.497257 33.017910
v 16.249908 -23.497257 31.886900
v 15.285982 -20.972029 31.399857
v 15.274445 -23.497257 33.017910
v 15.953872 -20.972029 30.316202
v 15.285982 -20.972029 31.399857
v 16.249908 -23.497257 31.886900
v 16.961624 -23.497257 30.694456
v 15.953872 -20.972029 30.316202
v 16.249908 -23.497257 31.886900
v 16.457712 -20.972029 29.144539
v 15.953872 -20.972029 30.316202
v 16.961624 -23.497257 30.694456
v 17.516235 -23.497257 29.396696
v 16.457712 -20.972029 29.144539
v 16.961624 -23.497257 30.694456
v 16.927954 -21.253082 27.057287
v 16.457712 -20.972029 29.144539
v 17.516235 -23.497257 29.396696
v 18.033028 -23.526381 27.057285
v 16.927954 -21.253082 27.057287
v 17.516235 -23.497257 29.396696
v 16.927954 -21.253082 27.057287
v 18.033028 -23.526381 27.057285
v 16.927946 -21.457701 19.701698
v 18.033028 -23.526381 27.057285
v 18.033028 -23.525373 19.701698
v 16.927946 -21.457701 19.701698
v 15.202942 -23.549828 37.107533
v 15.205543 -23.534786 38.976318
v 15.204880 -22.842539 37.105705
v 15.205543 -23.534786 38.976318
v 15.206512 -22.835262 38.973404
v 15.204880 -22.842539 37.105705
v 15.202942 -23.549828 37.107533
v 15.204880 -22.842539 37.105705
v 15.386001 -23.548101 36.187176
v 15.204880 -22.842539 37.105705
v 15.388062 -22.840799 36.189545
v 15.386001 -23.548101 36.187176
v 15.386001 -23.548101 36.187176
v 15.388062 -22.840799 36.189545
v 15.907334 -23.547169 35.406933
v 15.388062 -22.840799 36.189545
v 15.909309 -22.839870 35.409676
v 15.907334 -23.547169 35.406933
v 15.907334 -23.547169 35.406933
v 15.909309 -22.839870 35.409676
v 16.687584 -23.547066 34.885609
v 15.909309 -22.839870 35.409676
v 16.689293 -22.839775 34.888542
v 16.687584 -23.547066 34.885609
v 16.687584 -23.547066 34.885609
v 16.689293 -22.839775 34.888542
v 17.607956 -22.840759 34.705444
v 17.607918 -23.548052 34.702538
v 16.687584 -23.547066 34.885609
v 17.607956 -22.840759 34.705444
v 17.607918 -23.548052 34.702538
v 17.607956 -22.840759 34.705444
v 25.892651 -23.534777 34.706722
v 17.607956 -22.840759 34.705444
v 25.891876 -22.835255 34.708160
v 25.892651 -23.534777 34.706722
v 20.698662 35.041454 35.612835
v -20.672520 35.041454 35.612560
v 20.728996 35.041382 8.890185
v -20.672520 35.041454 35.612560
v -20.760956 35.046265 8.898643
v 20.728996 35.041382 8.890185
v -24.336355 33.800518 4.884880
v -24.219282 33.793568 0.015497
v 24.368965 33.792023 4.884323
v -24.219282 33.793568 0.015497
v 24.328827 33.792416 0.046952
v 24.368965 33.792023 4.884323
v 24.368965 33.792023 4.884323
v 26.542545 36.575996 4.884321
v -24.336355 33.800518 4.884880
v 26.542545 36.575996 4.884321
v -26.551605 36.582249 4.884981
v -24.336355 33.800518 4.884880
v 5.761870 -8.058746 38.779896
v -5.108176 -8.058742 38.779888
v 5.761878 27.044331 35.817402
v -5.108176 -8.058742 38.779888
v -5.108169 27.044334 35.817402
v 5.761878 27.044331 35.817402
v -26.548960 -24.194506 39.600483
v -26.549219 36.576092 39.604179
v -6.772453 -8.711125 39.600193
v -26.549219 36.576092 39.604179
v -6.836761 27.867273 38.532833
v -6.772453 -8.711125 39.600193
v -26.549219 36.576092 39.604179
v 26.537689 36.576092 39.605824
v -6.836761 27.867273 38.532833
v 26.537689 36.576092 39.605824
v 7.490455 27.867273 38.532837
v -6.836761 27.867273 38.532833
v 26.536596 -24.194506 39.600132
v 7.426155 -8.711125 39.600189
v 26.537689 36.576092 39.605824
v 7.426155 -8.711125 39.600189
v 7.490455 27.867273 38.532837
v 26.537689 36.576092 39.605824
v -26.548960 -24.194506 39.600483
v -6.772453 -8.711125 39.600193
v 26.536596 -24.194506 39.600132
v -6.772453 -8.711125 39.600193
v 7.426155 -8.711125 39.600189
v 26.536596 -24.194506 39.600132
v 5.761878 27.044331 35.817402
v -5.108169 27.044334 35.817402
v 6.852280 27.671131 38.161842
v -5.108169 27.044334 35.817402
v -6.198593 27.671137 38.161842
v 6.852280 27.671131 38.161842
v -6.001931 -8.389574 39.241608
v -6.198593 27.671137 38.161842
v -5.108176 -8.058742 38.779888
v -6.198593 27.671137 38.161842
v -5.108169 27.044334 35.817402
v -5.108176 -8.058742 38.779888
v -5.108176 -8.058742 38.779888
v 5.761870 -8.058746 38.779896
v -6.001931 -8.389574 39.241608
v 5.761870 -8.058746 38.779896
v 6.655641 -8.389569 39.241611
v -6.001931 -8.389574 39.241608
v 6.655641 -8.389569 39.241611
v 5.761870 -8.058746 38.779896
v 6.852280 27.671131 38.161842
v 5.761870 -8.058746 38.779896
v 5.761878 27.044331 35.817402
v 6.852280 27.671131 38.161842
v 7.490455 27.867273 38.532837
v 6.852280 27.671131 38.161842
v -6.836761 27.867273 38.532833
v 6.852280 27.671131 38.161842
v -6.198593 27.671137 38.161842
v -6.836761 27.867273 38.532833
v -6.198593 27.671137 38.161842
v -6.001931 -8.389574 39.241608
v -6.836761 27.867273 38.532833
v -6.001931 -8.389574 39.241608
v -6.772453 -8.711125 39.600193
v -6.836761 27.867273 38.532833
v 6.852280 27.671131 38.161842
v 7.490455 27.867273 38.532837
v 6.655641 -8.389569 39.241611
v 7.490455 27.867273 38.532837
v 7.426155 -8.711125 39.600189
v 6.655641 -8.389569 39.241611
v 6.655641 -8.389569 39.241611
v 7.426155 -8.711125 39.600189
v -6.001931 -8.389574 39.241608
v 7.426155 -8.711125 39.600189
v -6.772453 -8.711125 39.600193
v -6.001931 -8.389574 39.241608
v 26.542545 36.575996 4.884321
v 25.911411 36.636723 5.552305
v -26.551605 36.582249 4.884981
v 25.911411 36.636723 5.552305
v -25.951046 36.642818 5.562885
v -26.551605 36.582249 4.884981
v -26.551605 36.582249 4.884981
v -25.951046 36.642818 5.562885
v -26.549219 36.576092 39.604179
v 25.873495 36.636818 38.955639
v 25.873413 35.544373 38.955620
v 25.911411 36.636723 5.552305
v 25.873413 35.544373 38.955620
v 25.911329 35.544281 5.552300
v 25.911411 36.636723 5.552305
v 25.911411 36.636723 5.552305
v 25.911329 35.544281 5.552300
v -25.951046 36.642818 5.562885
v 25.911329 35.544281 5.552300
v -25.951126 35.550377 5.562872
v -25.951046 36.642818 5.562885
v -25.951046 36.642818 5.562885
v -25.951126 35.550377 5.562872
v -25.840515 36.636818 38.955292
v -25.951126 35.550377 5.562872
v -25.840590 35.544369 38.955273
v -25.840515 36.636818 38.955292
v -25.840515 36.636818 38.955292
v -25.840590 35.544369 38.955273
v 25.873495 36.636818 38.955639
v -25.840590 35.544369 38.955273
v 25.873413 35.544373 38.955620
v 25.873495 36.636818 38.955639
v -25.865063 -23.534786 5.287404
v -25.862892 -24.190807 5.284193
v -25.865063 -23.534777 19.701698
v -25.862892 -24.190807 5.284193
v -25.864857 -24.190823 19.701698
v -25.865063 -23.534777 19.701698
v -25.865063 -23.534777 19.701698
v -25.864857 -24.190823 19.701698
v -25.865063 -23.534784 38.974861
v -25.864857 -24.190823 19.701698
v -25.864952 -24.190825 38.974747
v -25.865063 -23.534784 38.974861
v 23.753050 -23.530069 5.287404
v 25.892382 -23.534784 5.287404
v 23.752281 -24.186104 5.286410
v 25.892382 -23.534784 5.287404
v 25.891539 -24.190825 5.286430
v 23.752281 -24.186104 5.286410
v -23.681004 -23.520945 5.287404
v -23.679489 -24.176966 5.284731
v -25.865063 -23.534786 5.287404
v -23.679489 -24.176966 5.284731
v -25.862892 -24.190807 5.284193
v -25.865063 -23.534786 5.287404
v 23.753050 -23.529778 0.669729
v 23.752983 -24.185827 0.669729
v -23.680998 -23.528612 0.669729
v 23.752983 -24.185827 0.669729
v -23.681555 -24.184658 0.670291
v -23.680998 -23.528612 0.669729
v -23.681004 -23.520945 5.287404
v -23.680998 -23.528612 0.669729
v -23.679489 -24.176966 5.284731
v -23.680998 -23.528612 0.669729
v -23.681555 -24.184658 0.670291
v -23.679489 -24.176966 5.284731
v 23.753050 -23.530069 5.287404
v 23.752281 -24.186104 5.286410
v 23.753050 -23.529778 0.669729
v 23.752281 -24.186104 5.286410
v 23.752983 -24.185827 0.669729
v 23.753050 -23.529778 0.669729
v -25.865063 -23.534784 38.974861
v -25.864952 -24.190825 38.974747
v 15.205543 -23.534786 38.976318
v -25.864952 -24.190825 38.974747
v 15.205543 -24.190825 38.976078
v 15.205543 -23.534786 38.976318
v 15.205543 -23.534786 38.976318
v 15.205543 -24.190825 38.976078
v 25.892426 -23.534784 38.979099
v 15.205543 -24.190825 38.976078
v 25.892319 -24.190825 38.978981
v 25.892426 -23.534784 38.979099
v 25.892426 -23.534784 38.979099
v 25.892319 -24.190825 38.978981
v 25.892651 -23.534777 34.706722
v 25.892319 -24.190825 38.978981
v 25.892426 -24.190815 34.706722
v 25.892651 -23.534777 34.706722
v 25.892651 -23.534777 34.706722
v 25.892426 -24.190815 34.706722
v 25.892382 -23.534777 19.701698
v 25.892426 -24.190815 34.706722
v 25.892149 -24.190823 19.701698
v 25.892382 -23.534777 19.701698
v 25.892382 -23.534777 19.701698
v 25.892149 -24.190823 19.701698
v 25.892382 -23.534784 5.287404
v 25.892149 -24.190823 19.701698
v 25.891539 -24.190825 5.286430
v 25.892382 -23.534784 5.287404
v -22.659742 -17.976416 39.627216
v -22.478218 -17.609903 40.038197
v -16.700886 -17.976416 39.627197
v -22.478218 -17.609903 40.038197
v -16.882393 -17.609903 40.038181
v -16.700886 -17.976416 39.627197
v -22.659742 -17.976416 39.627216
v -22.659742 22.827831 39.627216
v -22.478218 -17.609903 40.038197
v -22.659742 22.827831 39.627216
v -22.478218 22.581236 40.038197
v -22.478218 -17.609903 40.038197
v -16.700886 22.827831 39.627197
v -16.882393 22.581236 40.038181
v -22.659742 22.827831 39.627216
v -16.882393 22.581236 40.038181
v -22.478218 22.581236 40.038197
v -22.659742 22.827831 39.627216
v -16.700886 -17.976416 39.627197
v -16.882393 -17.609903 40.038181
v -16.700886 22.827831 39.627197
v -16.882393 -17.609903 40.038181
v -16.882393 22.581236 40.038181
v -16.700886 22.827831 39.627197
v -22.478218 -17.609903 40.038197
v -22.478218 22.581236 40.038197
v -16.882393 -17.609903 40.038181
v -22.478218 22.581236 40.038197
v -16.882393 22.581236 40.038181
v -16.882393 -17.609903 40.038181
v 16.677177 -17.976416 39.627216
v 16.858688 -17.609903 40.038197
v 22.636030 -17.976416 39.627197
v 16.858688 -17.609903 40.038197
v 22.454521 -17.609903 40.038181
v 22.636030 -17.976416 39.627197
v 16.677177 -17.976416 39.627216
v 16.677177 22.827831 39.627216
v 16.858688 -17.609903 40.038197
v 16.677177 22.827831 39.627216
v 16.858688 22.581236 40.038197
v 16.858688 -17.609903 40.038197
v 22.636030 22.827831 39.627197
v 22.454521 22.581236 40.038181
v 16.677177 22.827831 39.627216
v 22.454521 22.581236 40.038181
v 16.858688 22.581236 40.038197
v 16.677177 22.827831 39.627216
v 22.636030 -17.976416 39.627197
v 22.454521 -17.609903 40.038181
v 22.636030 22.827831 39.627197
v 22.454521 -17.609903 40.038181
v 22.454521 22.581236 40.038181
v 22.636030 22.827831 39.627197
v 16.858688 -17.609903 40.038197
v 16.858688 22.581236 40.038197
v 22.454521 -17.609903 40.038181
v 16.858688 22.581236 40.038197
v 22.454521 22.581236 40.038181
v 22.454521 -17.609903 40.038181
v -22.623959 -23.436563 35.244820
v -22.755325 -23.844448 35.376186
v -22.294437 -23.436563 36.040359
v -23.419502 -23.844448 35.101078
v -22.755325 -23.844448 35.376186
v -22.623959 -23.436563 35.244820
v -23.419502 -23.844448 35.101078
v -23.419502 -23.844448 36.040359
v -22.755325 -23.844448 35.376186
v -22.755325 -23.844448 35.376186
v -22.480221 -23.844448 36.040359
v -22.294437 -23.436563 36.040359
v -22.755325 -23.844448 35.376186
v -23.419502 -23.844448 36.040359
v -22.480221 -23.844448 36.040359
v -23.419502 -23.436563 34.915295
v -23.419502 -23.844448 35.101078
v -22.623959 -23.436563 35.244820
v -22.294437 -23.436563 36.040359
v -22.480221 -23.844448 36.040359
v -22.623959 -23.436563 36.835896
v -22.480221 -23.844448 36.040359
v -23.419502 -23.844448 36.040359
v -22.755325 -23.844448 36.704529
v -22.480221 -23.844448 36.040359
v -22.755325 -23.844448 36.704529
v -22.623959 -23.436563 36.835896
v -24.083668 -23.844448 35.376186
v -23.419502 -23.844448 36.040359
v -23.419502 -23.844448 35.101078
v -24.083668 -23.844448 35.376186
v -23.419502 -23.844448 35.101078
v -23.419502 -23.436563 34.915295
v -22.623959 -23.436563 36.835896
v -22.755325 -23.844448 36.704529
v -23.419502 -23.436563 37.165421
v -22.755325 -23.844448 36.704529
v -23.419502 -23.844448 36.040359
v -23.419502 -23.844448 36.979637
v -22.755325 -23.844448 36.704529
v -23.419502 -23.844448 36.979637
v -23.419502 -23.436563 37.165421
v -24.358784 -23.844448 36.040359
v -23.419502 -23.844448 36.040359
v -24.083668 -23.844448 35.376186
v -24.083668 -23.844448 36.704529
v -23.419502 -23.844448 36.040359
v -24.358784 -23.844448 36.040359
v -23.419502 -23.844448 36.979637
v -23.419502 -23.844448 36.040359
v -24.083668 -23.844448 36.704529
v -24.215033 -23.436563 35.244820
v -24.083668 -23.844448 35.376186
v -23.419502 -23.436563 34.915295
v -24.358784 -23.844448 36.040359
v -24.083668 -23.844448 35.376186
v -24.215033 -23.436563 35.244820
v -23.419502 -23.436563 37.165421
v -23.419502 -23.844448 36.979637
v -24.215033 -23.436563 36.835896
v -23.419502 -23.844448 36.979637
v -24.083668 -23.844448 36.704529
v -24.215033 -23.436563 36.835896
v -24.083668 -23.844448 36.704529
v -24.358784 -23.844448 36.040359
v -24.544563 -23.436563 36.040359
v -24.544563 -23.436563 36.040359
v -24.358784 -23.844448 36.040359
v -24.215033 -23.436563 35.244820
v -24.215033 -23.436563 36.835896
v -24.083668 -23.844448 36.704529
v -24.544563 -23.436563 36.040359
v -0.712170 -23.436563 37.198677
v -0.897804 -23.844448 37.206017
v -1.010000 -23.436563 38.006615
v -1.198949 -23.844448 36.553234
v -0.897804 -23.844448 37.206017
v -0.712170 -23.436563 37.198677
v -1.198949 -23.844448 36.553234
v -1.836357 -23.844448 37.243130
v -0.897804 -23.844448 37.206017
v -0.897804 -23.844448 37.206017
v -1.146457 -23.844448 37.880543
v -1.010000 -23.436563 38.006615
v -0.897804 -23.844448 37.206017
v -1.836357 -23.844448 37.243130
v -1.146457 -23.844448 37.880543
v -1.072873 -23.436563 36.416775
v -1.198949 -23.844448 36.553234
v -0.712170 -23.436563 37.198677
v -1.010000 -23.436563 38.006615
v -1.146457 -23.844448 37.880543
v -1.791896 -23.436563 38.367317
v -1.146457 -23.844448 37.880543
v -1.836357 -23.844448 37.243130
v -1.799234 -23.844448 38.181679
v -1.146457 -23.844448 37.880543
v -1.799234 -23.844448 38.181679
v -1.791896 -23.436563 38.367317
v -1.873466 -23.844448 36.304588
v -1.836357 -23.844448 37.243130
v -1.198949 -23.844448 36.553234
v -1.873466 -23.844448 36.304588
v -1.198949 -23.844448 36.553234
v -1.072873 -23.436563 36.416775
v -1.791896 -23.436563 38.367317
v -1.799234 -23.844448 38.181679
v -2.599837 -23.436563 38.069485
v -1.799234 -23.844448 38.181679
v -1.836357 -23.844448 37.243130
v -2.473764 -23.844448 37.933029
v -1.799234 -23.844448 38.181679
v -2.473764 -23.844448 37.933029
v -2.599837 -23.436563 38.069485
v -2.526256 -23.844448 36.605721
v -1.836357 -23.844448 37.243130
v -1.873466 -23.844448 36.304588
v -2.774897 -23.844448 37.280251
v -1.836357 -23.844448 37.243130
v -2.526256 -23.844448 36.605721
v -2.473764 -23.844448 37.933029
v -1.836357 -23.844448 37.243130
v -2.774897 -23.844448 37.280251
v -1.880806 -23.436563 36.118954
v -1.873466 -23.844448 36.304588
v -1.072873 -23.436563 36.416775
v -2.526256 -23.844448 36.605721
v -1.873466 -23.844448 36.304588
v -1.880806 -23.436563 36.118954
v -2.599837 -23.436563 38.069485
v -2.473764 -23.844448 37.933029
v -2.960535 -23.436563 37.287594
v -2.473764 -23.844448 37.933029
v -2.774897 -23.844448 37.280251
v -2.960535 -23.436563 37.287594
v -2.774897 -23.844448 37.280251
v -2.526256 -23.844448 36.605721
v -2.662710 -23.436563 36.479649
v -2.662710 -23.436563 36.479649
v -2.526256 -23.844448 36.605721
v -1.880806 -23.436563 36.118954
v -2.960535 -23.436563 37.287594
v -2.774897 -23.844448 37.280251
v -2.662710 -23.436563 36.479649
v -21.393467 -23.436563 3.302762
v -21.563042 -23.844448 3.378652
v -21.369276 -23.436563 4.163509
v -22.085461 -23.844448 2.884797
v -21.563042 -23.844448 3.378652
v -21.393467 -23.436563 3.302762
v -22.085461 -23.844448 2.884797
v -22.420387 -23.844448 3.762337
v -21.563042 -23.844448 3.378652
v -21.563042 -23.844448 3.378652
v -21.542849 -23.844448 4.097264
v -21.369276 -23.436563 4.163509
v -21.563042 -23.844448 3.378652
v -22.420387 -23.844448 3.762337
v -21.542849 -23.844448 4.097264
v -22.019218 -23.436563 2.711226
v -22.085461 -23.844448 2.884797
v -21.393467 -23.436563 3.302762
v -21.369276 -23.436563 4.163509
v -21.542849 -23.844448 4.097264
v -21.960810 -23.436563 4.789254
v -21.542849 -23.844448 4.097264
v -22.420387 -23.844448 3.762337
v -22.036697 -23.844448 4.619678
v -21.542849 -23.844448 4.097264
v -22.036697 -23.844448 4.619678
v -21.960810 -23.436563 4.789254
v -22.804066 -23.844448 2.904995
v -22.420387 -23.844448 3.762337
v -22.085461 -23.844448 2.884797
v -22.804066 -23.844448 2.904995
v -22.085461 -23.844448 2.884797
v -22.019218 -23.436563 2.711226
v -21.960810 -23.436563 4.789254
v -22.036697 -23.844448 4.619678
v -22.821558 -23.436563 4.813440
v -22.036697 -23.844448 4.619678
v -22.420387 -23.844448 3.762337
v -22.755314 -23.844448 4.639874
v -22.036697 -23.844448 4.619678
v -22.755314 -23.844448 4.639874
v -22.821558 -23.436563 4.813440
v -23.297928 -23.844448 3.427410
v -22.420387 -23.844448 3.762337
v -22.804066 -23.844448 2.904995
v -23.277721 -23.844448 4.146022
v -22.420387 -23.844448 3.762337
v -23.297928 -23.844448 3.427410
v -22.755314 -23.844448 4.639874
v -22.420387 -23.844448 3.762337
v -23.277721 -23.844448 4.146022
v -22.879955 -23.436563 2.735423
v -22.804066 -23.844448 2.904995
v -22.019218 -23.436563 2.711226
v -23.297928 -23.844448 3.427410
v -22.804066 -23.844448 2.904995
v -22.879955 -23.436563 2.735423
v -22.821558 -23.436563 4.813440
v -22.755314 -23.844448 4.639874
v -23.447296 -23.436563 4.221912
v -22.755314 -23.844448 4.639874
v -23.277721 -23.844448 4.146022
v -23.447296 -23.436563 4.221912
v -23.277721 -23.844448 4.146022
v -23.297928 -23.844448 3.427410
v -23.471493 -23.436563 3.361167
v -23.471493 -23.436563 3.361167
v -23.297928 -23.844448 3.427410
v -22.879955 -23.436563 2.735423
v -23.447296 -23.436563 4.221912
v -23.277721 -23.844448 4.146022
v -23.471493 -23.436563 3.361167
v 16.357773 -23.436563 3.968009
v 16.427933 -23.844448 4.140030
v 17.218845 -23.436563 3.972697
v 15.916836 -23.844448 4.645597
v 16.427933 -23.844448 4.140030
v 16.357773 -23.436563 3.968009
v 15.916836 -23.844448 4.645597
v 16.782652 -23.844448 5.009764
v 16.427933 -23.844448 4.140030
v 16.427933 -23.844448 4.140030
v 17.146812 -23.844448 4.143946
v 17.218845 -23.436563 3.972697
v 16.427933 -23.844448 4.140030
v 16.782652 -23.844448 5.009764
v 17.146812 -23.844448 4.143946
v 15.745586 -23.436563 4.573567
v 15.916836 -23.844448 4.645597
v 16.357773 -23.436563 3.968009
v 17.218845 -23.436563 3.972697
v 17.146812 -23.844448 4.143946
v 17.824398 -23.436563 4.584878
v 17.146812 -23.844448 4.143946
v 16.782652 -23.844448 5.009764
v 17.652376 -23.844448 4.655038
v 17.146812 -23.844448 4.143946
v 17.652376 -23.844448 4.655038
v 17.824398 -23.436563 4.584878
v 15.912925 -23.844448 5.364475
v 16.782652 -23.844448 5.009764
v 15.916836 -23.844448 4.645597
v 15.912925 -23.844448 5.364475
v 15.916836 -23.844448 4.645597
v 15.745586 -23.436563 4.573567
v 17.824398 -23.436563 4.584878
v 17.652376 -23.844448 4.655038
v 17.819710 -23.436563 5.445956
v 17.652376 -23.844448 4.655038
v 16.782652 -23.844448 5.009764
v 17.648460 -23.844448 5.373929
v 17.652376 -23.844448 4.655038
v 17.648460 -23.844448 5.373929
v 17.819710 -23.436563 5.445956
v 16.418484 -23.844448 5.875579
v 16.782652 -23.844448 5.009764
v 15.912925 -23.844448 5.364475
v 17.137369 -23.844448 5.879480
v 16.782652 -23.844448 5.009764
v 16.418484 -23.844448 5.875579
v 17.648460 -23.844448 5.373929
v 16.782652 -23.844448 5.009764
v 17.137369 -23.844448 5.879480
v 15.740903 -23.436563 5.434635
v 15.912925 -23.844448 5.364475
v 15.745586 -23.436563 4.573567
v 16.418484 -23.844448 5.875579
v 15.912925 -23.844448 5.364475
v 15.740903 -23.436563 5.434635
v 17.819710 -23.436563 5.445956
v 17.648460 -23.844448 5.373929
v 17.207533 -23.436563 6.051504
v 17.648460 -23.844448 5.373929
v 17.137369 -23.844448 5.879480
v 17.207533 -23.436563 6.051504
v 17.137369 -23.844448 5.879480
v 16.418484 -23.844448 5.875579
v 16.346457 -23.436563 6.046823
v 16.346457 -23.436563 6.046823
v 16.418484 -23.844448 5.875579
v 15.740903 -23.436563 5.434635
v 17.207533 -23.436563 6.051504
v 17.137369 -23.844448 5.879480
v 16.346457 -23.436563 6.046823
v 22.092436 -26.465542 28.105576
v 22.018171 -26.465542 29.437382
v 23.012407 -26.465542 28.548164
v 21.128958 -26.465542 28.443134
v 22.018171 -26.465542 29.437382
v 22.092436 -26.465542 28.105576
v 20.686367 -26.465542 29.363108
v 22.018171 -26.465542 29.437382
v 21.128958 -26.465542 28.443134
v 21.023928 -26.465542 30.326586
v 22.018171 -26.465542 29.437382
v 20.686367 -26.465542 29.363108
v 23.012407 -26.465542 28.548164
v 22.018171 -26.465542 29.437382
v 23.349970 -26.465542 29.511642
v 21.943903 -26.465542 30.769178
v 22.018171 -26.465542 29.437382
v 21.023928 -26.465542 30.326586
v 22.907381 -26.465542 30.431622
v 22.018171 -26.465542 29.437382
v 21.943903 -26.465542 30.769178
v 23.349970 -26.465542 29.511642
v 22.018171 -26.465542 29.437382
v 22.907381 -26.465542 30.431622
v 22.092436 -26.465542 20.330471
v 22.018171 -26.465542 21.662275
v 23.012407 -26.465542 20.773060
v 21.128958 -26.465542 20.668032
v 22.018171 -26.465542 21.662275
v 22.092436 -26.465542 20.330471
v 20.686367 -26.465542 21.588001
v 22.018171 -26.465542 21.662275
v 21.128958 -26.465542 20.668032
v 21.023928 -26.465542 22.551479
v 22.018171 -26.465542 21.662275
v 20.686367 -26.465542 21.588001
v 23.012407 -26.465542 20.773060
v 22.018171 -26.465542 21.662275
v 23.349970 -26.465542 21.736538
v 21.943903 -26.465542 22.994074
v 22.018171 -26.465542 21.662275
v 21.023928 -26.465542 22.551479
v 22.907381 -26.465542 22.656513
v 22.018171 -26.465542 21.662275
v 21.943903 -26.465542 22.994074
v 23.349970 -26.465542 21.736538
v 22.018171 -26.465542 21.662275
v 22.907381 -26.465542 22.656513
v 22.092436 -26.465542 12.555367
v 22.018171 -26.465542 13.887171
v 23.012407 -26.465542 12.997957
v 21.128958 -26.465542 12.892925
v 22.018171 -26.465542 13.887171
v 22.092436 -26.465542 12.555367
v 20.686367 -26.465542 13.812899
v 22.018171 -26.465542 13.887171
v 21.128958 -26.465542 12.892925
v 21.023928 -26.465542 14.776376
v 22.018171 -26.465542 13.887171
v 20.686367 -26.465542 13.812899
v 23.012407 -26.465542 12.997957
v 22.018171 -26.465542 13.887171
v 23.349970 -26.465542 13.961434
v 21.943903 -26.465542 15.218969
v 22.018171 -26.465542 13.887171
v 21.023928 -26.465542 14.776376
v 22.907381 -26.465542 14.881410
v 22.018171 -26.465542 13.887171
v 21.943903 -26.465542 15.218969
v 23.349970 -26.465542 13.961434
v 22.018171 -26.465542 13.887171
v 22.907381 -26.465542 14.881410
v 22.092436 -26.465542 6.616448
v 22.018171 -26.465542 7.948251
v 23.012407 -26.465542 7.059039
v 21.128958 -26.465542 6.954007
v 22.018171 -26.465542 7.948251
v 22.092436 -26.465542 6.616448
v 20.686367 -26.465542 7.873980
v 22.018171 -26.465542 7.948251
v 21.128958 -26.465542 6.954007
v 21.023928 -26.465542 8.837458
v 22.018171 -26.465542 7.948251
v 20.686367 -26.465542 7.873980
v 23.012407 -26.465542 7.059039
v 22.018171 -26.465542 7.948251
v 23.349970 -26.465542 8.022516
v 21.943903 -26.465542 9.280050
v 22.018171 -26.465542 7.948251
v 21.023928 -26.465542 8.837458
v 22.907381 -26.465542 8.942492
v 22.018171 -26.465542 7.948251
v 21.943903 -26.465542 9.280050
v 23.349970 -26.465542 8.022516
v 22.018171 -26.465542 7.948251
v 22.907381 -26.465542 8.942492
v -3.980729 36.661465 25.057690
v 0.003244 36.661465 25.057690
v -3.785743 36.661465 26.258673
v -3.785743 36.661465 23.856697
v 0.003244 36.661465 25.057690
v -3.980729 36.661465 25.057690
v -3.219864 36.661465 22.773268
v 0.003244 36.661465 25.057690
v -3.785743 36.661465 23.856697
v -2.338479 36.661465 21.913454
v 0.003244 36.661465 25.057690
v -3.219864 36.661465 22.773268
v -1.227874 36.661465 21.361418
v 0.003244 36.661465 25.057690
v -2.338479 36.661465 21.913454
v 0.003244 36.661465 21.171207
v 0.003244 36.661465 25.057690
v -1.227874 36.661465 21.361418
v 1.234351 36.661465 21.361418
v 0.003244 36.661465 25.057690
v 0.003244 36.661465 21.171207
v 2.344956 36.661465 21.913454
v 0.003244 36.661465 25.057690
v 1.234351 36.661465 21.361418
v 3.226333 36.661465 22.773268
v 0.003244 36.661465 25.057690
v 2.344956 36.661465 21.913454
v 3.792220 36.661465 23.856697
v 0.003244 36.661465 25.057690
v 3.226333 36.661465 22.773268
v -3.785743 36.661465 26.258673
v 0.003244 36.661465 25.057690
v -3.219849 36.661465 27.342100
v 3.987206 36.661465 25.057690
v 0.003244 36.661465 25.057690
v 3.792220 36.661465 23.856697
v 3.792220 36.661465 26.258673
v 0.003244 36.661465 25.057690
v 3.987206 36.661465 25.057690
v 3.226333 36.661465 27.342100
v 0.003244 36.661465 25.057690
v 3.792220 36.661465 26.258673
v 2.344956 36.661465 28.201914
v 0.003244 36.661465 25.057690
v 3.226333 36.661465 27.342100
v 1.234351 36.661465 28.753952
v 0.003244 36.661465 25.057690
v 2.344956 36.661465 28.201914
v 0.003244 36.661465 28.944170
v 0.003244 36.661465 25.057690
v 1.234351 36.661465 28.753952
v -1.227874 36.661465 28.753952
v 0.003244 36.661465 25.057690
v 0.003244 36.661465 28.944170
v -2.338479 36.661465 28.201914
v 0.003244 36.661465 25.057690
v -1.227874 36.661465 28.753952
v -3.219849 36.661465 27.342100
v 0.003244 36.661465 25.057690
v -2.338479 36.661465 28.201914
v 25.891539 -24.190825 5.286430
v 26.536238 -24.194504 4.883505
v 24.324760 -24.189638 4.883493
v 25.892149 -24.190823 19.701698
v 26.536238 -24.194504 4.883505
v 25.891539 -24.190825 5.286430
v 25.892426 -24.190815 34.706722
v 26.536238 -24.194504 4.883505
v 25.892149 -24.190823 19.701698
v 25.892319 -24.190825 38.978981
v 26.536238 -24.194504 4.883505
v 25.892426 -24.190815 34.706722
v 23.752281 -24.186104 5.286410
v 25.891539 -24.190825 5.286430
v 24.324760 -24.189638 4.883493
v 26.536596 -24.194506 39.600132
v 26.536238 -24.194504 4.883505
v 25.892319 -24.190825 38.978981
v 26.536596 -24.194506 39.600132
v 25.892319 -24.190825 38.978981
v -26.548960 -24.194506 39.600483
v 23.752281 -24.186104 5.286410
v 24.324760 -24.189638 4.883493
v 23.752983 -24.185827 0.669729
v 24.324760 -24.189638 4.883493
v 24.325119 -24.189339 0.047203
v 23.752983 -24.185827 0.669729
v 23.752983 -24.185827 0.669729
v 24.325119 -24.189339 0.047203
v -23.681555 -24.184658 0.670291
v 25.892319 -24.190825 38.978981
v 15.205543 -24.190825 38.976078
v -26.548960 -24.194506 39.600483
v 24.325119 -24.189339 0.047203
v -24.252304 -24.188133 0.047480
v -23.681555 -24.184658 0.670291
v -23.681555 -24.184658 0.670291
v -24.252304 -24.188133 0.047480
v -24.251278 -24.180220 4.883648
v -23.679489 -24.176966 5.284731
v -23.681555 -24.184658 0.670291
v -24.251278 -24.180220 4.883648
v -23.679489 -24.176966 5.284731
v -24.251278 -24.180220 4.883648
v -25.862892 -24.190807 5.284193
v -26.548960 -24.194506 39.600483
v 15.205543 -24.190825 38.976078
v -25.864952 -24.190825 38.974747
v -26.548960 -24.194506 39.600483
v -25.864952 -24.190825 38.974747
v -26.547928 -24.194496 4.883376
v -24.251278 -24.180220 4.883648
v -26.547928 -24.194496 4.883376
v -25.862892 -24.190807 5.284193
v -26.547928 -24.194496 4.883376
v -25.864857 -24.190823 19.701698
v -25.862892 -24.190807 5.284193
v -25.864952 -24.190825 38.974747
v -25.864857 -24.190823 19.701698
v -26.547928 -24.194496 4.883376
v -25.840590 35.544369 38.955273
v -20.672501 35.544662 35.612606
v 25.873413 35.544373 38.955620
v -20.760925 35.549473 8.898687
v -20.672501 35.544662 35.612606
v -25.840590 35.544369 38.955273
v -25.951126 35.550377 5.562872
v -20.760925 35.549473 8.898687
v -25.840590 35.544369 38.955273
v -20.672501 35.544662 35.612606
v 20.698700 35.544670 35.612885
v 25.873413 35.544373 38.955620
v 20.729034 35.544598 8.890234
v -20.760925 35.549473 8.898687
v -25.951126 35.550377 5.562872
v 25.873413 35.544373 38.955620
v 20.698700 35.544670 35.612885
v 25.911329 35.544281 5.552300
v 25.911329 35.544281 5.552300
v 20.729034 35.544598 8.890234
v -25.951126 35.550377 5.562872
v 20.698700 35.544670 35.612885
v 20.729034 35.544598 8.890234
v 25.911329 35.544281 5.552300
v 18.355291 -23.750778 0.927085
v 23.452850 -23.750778 5.656473
v 23.452833 -23.704977 0.927085
v 18.355291 -23.750778 0.927085
v 18.355291 -23.750780 32.398132
v 23.452850 -23.750778 5.656473
v 18.355291 -23.750780 32.398132
v 25.515350 -23.750780 32.398132
v 23.452850 -23.750778 5.656473
v 25.515350 -23.750780 32.398132
v 25.515350 -23.750780 5.656473
v 23.452850 -23.750778 5.656473
v 15.206512 -22.835262 38.973404
v 25.892906 -22.842556 38.970619
v 15.204880 -22.842539 37.105705
v 15.204880 -22.842539 37.105705
v 25.892906 -22.842556 38.970619
v 15.388062 -22.840799 36.189545
v 15.388062 -22.840799 36.189545
v 25.892906 -22.842556 38.970619
v 15.909309 -22.839870 35.409676
v 15.909309 -22.839870 35.409676
v 25.892906 -22.842556 38.970619
v 16.689293 -22.839775 34.888542
v 16.689293 -22.839775 34.888542
v 25.892906 -22.842556 38.970619
v 17.607956 -22.840759 34.705444
v 17.607956 -22.840759 34.705444
v 25.892906 -22.842556 38.970619
v 25.891876 -22.835255 34.708160
v 20.993616 -23.724998 18.666897
v 21.171839 -24.262388 18.479561
v 20.993616 -23.725040 16.432480
v 21.171839 -24.262388 18.479561
v 21.171839 -24.262409 16.619835
v 20.993616 -23.725040 16.432480
v 21.171839 -24.262388 18.479561
v 22.940943 -24.262381 18.479565
v 21.171839 -24.262409 16.619835
v 22.940943 -24.262381 18.479565
v 22.940943 -24.262409 16.619825
v 21.171839 -24.262409 16.619835
v 22.940943 -24.262381 18.479565
v 23.119165 -23.725000 18.666899
v 22.940943 -24.262409 16.619825
v 23.119165 -23.725000 18.666899
v 23.119167 -23.725044 16.432482
v 22.940943 -24.262409 16.619825
v 20.993616 -23.725040 16.432480
v 21.171839 -24.262409 16.619835
v 23.119167 -23.725044 16.432482
v 21.171839 -24.262409 16.619835
v 22.940943 -24.262409 16.619825
v 23.119167 -23.725044 16.432482
v 23.119165 -23.725000 18.666899
v 22.940943 -24.262381 18.479565
v 20.993616 -23.724998 18.666897
v 22.940943 -24.262381 18.479565
v 21.171839 -24.262388 18.479561
v 20.993616 -23.724998 18.666897
v 22.398216 -23.725037 27.122807
v 22.318264 -24.262409 26.869488
v 21.445194 -23.725035 27.122807
v 22.318264 -24.262409 26.869488
v 21.525108 -24.262409 26.869488
v 21.445194 -23.725035 27.122807
v 22.318264 -24.262409 26.869488
v 22.318260 -24.262409 24.355030
v 21.525108 -24.262409 26.869488
v 22.318260 -24.262409 24.355030
v 21.525108 -24.262407 24.355030
v 21.525108 -24.262409 26.869488
v 22.318260 -24.262409 24.355030
v 22.398216 -23.725035 24.101711
v 21.525108 -24.262407 24.355030
v 22.398216 -23.725035 24.101711
v 21.445190 -23.725039 24.101711
v 21.525108 -24.262407 24.355030
v 21.445194 -23.725035 27.122807
v 21.525108 -24.262409 26.869488
v 21.445190 -23.725039 24.101711
v 21.525108 -24.262409 26.869488
v 21.525108 -24.262407 24.355030
v 21.445190 -23.725039 24.101711
v 22.398216 -23.725035 24.101711
v 22.318260 -24.262409 24.355030
v 22.398216 -23.725037 27.122807
v 22.318260 -24.262409 24.355030
v 22.318264 -24.262409 26.869488
v 22.398216 -23.725037 27.122807
v -21.560074 -21.067717 35.486702
v 18.488159 -21.067717 35.486702
v -21.560074 -21.067717 3.975785
v 18.488159 -21.067717 35.486702
v 18.488159 -21.067717 3.975785
v -21.560074 -21.067717 3.975785
vt 0.067505 0.134766
vt 0.050873 0.168945
vt 0.038330 0.205078
vt 0.026611 0.270508
vt 0.067505 0.134766
vt 0.038330 0.205078
vt 0.202026 0.500000
vt 0.067505 0.134766
vt 0.026611 0.270508
vt 0.500488 0.265625
vt 0.067505 0.134766
vt 0.202026 0.500000
vt 0.500488 0.265625
vt 0.395264 0.016602
vt 0.067505 0.134766
vt 0.395264 0.016602
vt 0.217529 0.036621
vt 0.067505 0.134766
vt 0.217529 0.036621
vt 0.171875 0.046875
vt 0.067505 0.134766
vt 0.171875 0.046875
vt 0.141602 0.061035
vt 0.067505 0.134766
vt 0.141602 0.061035
vt 0.112671 0.080566
vt 0.067505 0.134766
vt 0.016342 0.500000
vt 0.202026 0.500000
vt 0.026611 0.270508
vt 0.112671 0.080566
vt 0.087463 0.105957
vt 0.067505 0.134766
vt 0.500000 0.500488
vt 0.500488 0.265625
vt 0.202026 0.500000
vt 0.016342 0.500000
vt 0.026611 0.729980
vt 0.202026 0.500000
vt 0.026611 0.729980
vt 0.202026 0.741943
vt 0.202026 0.500000
vt 0.202026 0.741943
vt 0.500488 0.736572
vt 0.202026 0.500000
vt 0.500488 0.736572
vt 0.500000 0.500488
vt 0.202026 0.500000
vt 0.500488 0.265625
vt 0.607422 0.016602
vt 0.395264 0.016602
vt 0.038330 0.795044
vt 0.202026 0.741943
vt 0.026611 0.729980
vt 0.500488 0.265625
vt 0.500000 0.500488
vt 0.804199 0.500000
vt 0.500000 0.500488
vt 0.500488 0.736572
vt 0.804199 0.500000
vt 0.038330 0.795044
vt 0.050873 0.831543
vt 0.202026 0.741943
vt 0.050873 0.831543
vt 0.067505 0.865479
vt 0.202026 0.741943
vt 0.202026 0.741943
vt 0.067505 0.865479
vt 0.087463 0.894470
vt 0.395264 0.983658
vt 0.500488 0.736572
vt 0.202026 0.741943
vt 0.202026 0.741943
vt 0.087463 0.894470
vt 0.112671 0.919617
vt 0.141602 0.939209
vt 0.202026 0.741943
vt 0.112671 0.919617
vt 0.202026 0.741943
vt 0.141602 0.939209
vt 0.171875 0.953583
vt 0.217529 0.963684
vt 0.202026 0.741943
vt 0.171875 0.953583
vt 0.217529 0.963684
vt 0.395264 0.983658
vt 0.202026 0.741943
vt 0.804199 0.258301
vt 0.500488 0.265625
vt 0.804199 0.500000
vt 0.607422 0.016602
vt 0.500488 0.265625
vt 0.804199 0.258301
vt 0.500488 0.736572
vt 0.395264 0.983658
vt 0.607422 0.983658
vt 0.500488 0.736572
vt 0.607422 0.983658
vt 0.804199 0.741943
vt 0.500488 0.736572
vt 0.804199 0.741943
vt 0.804199 0.500000
vt 0.607422 0.983658
vt 0.784180 0.963684
vt 0.804199 0.741943
vt 0.784180 0.963684
vt 0.829590 0.953583
vt 0.804199 0.741943
vt 0.829590 0.953583
vt 0.859863 0.939209
vt 0.804199 0.741943
vt 0.859863 0.939209
vt 0.889160 0.919617
vt 0.804199 0.741943
vt 0.804199 0.500000
vt 0.804199 0.741943
vt 0.975098 0.729980
vt 0.889160 0.919617
vt 0.914062 0.894470
vt 0.804199 0.741943
vt 0.914062 0.894470
vt 0.934082 0.865479
vt 0.804199 0.741943
vt 0.975098 0.270508
vt 0.804199 0.258301
vt 0.804199 0.500000
vt 0.804199 0.741943
vt 0.934082 0.865479
vt 0.950684 0.831543
vt 0.963379 0.795044
vt 0.804199 0.741943
vt 0.950684 0.831543
vt 0.975098 0.729980
vt 0.804199 0.741943
vt 0.963379 0.795044
vt 0.983398 0.500000
vt 0.804199 0.500000
vt 0.975098 0.729980
vt 0.983398 0.500000
vt 0.975098 0.270508
vt 0.804199 0.500000
vt 0.784180 0.036621
vt 0.607422 0.016602
vt 0.804199 0.258301
vt 0.963379 0.205078
vt 0.804199 0.258301
vt 0.975098 0.270508
vt 0.963379 0.205078
vt 0.950684 0.168945
vt 0.804199 0.258301
vt 0.950684 0.168945
vt 0.934082 0.134766
vt 0.804199 0.258301
vt 0.934082 0.134766
vt 0.914062 0.105957
vt 0.804199 0.258301
vt 0.804199 0.258301
vt 0.914062 0.105957
vt 0.889160 0.080566
vt 0.859863 0.061035
vt 0.804199 0.258301
vt 0.889160 0.080566
vt 0.804199 0.258301
vt 0.859863 0.061035
vt 0.829590 0.046875
vt 0.784180 0.036621
vt 0.804199 0.258301
vt 0.829590 0.046875
vt 0.907227 0.849243
vt 0.928711 0.939911
vt 0.902832 0.879272
vt 0.529297 0.956940
vt 0.428955 0.991997
vt 0.507324 0.952423
vt 0.441406 0.849243
vt 0.446289 0.879028
vt 0.428955 0.939911
vt 0.468262 0.924927
vt 0.481201 0.937195
vt 0.428955 0.991997
vt 0.458740 0.910522
vt 0.468262 0.924927
vt 0.428955 0.939911
vt 0.468262 0.924927
vt 0.428955 0.991997
vt 0.428955 0.939911
vt 0.481201 0.937195
vt 0.493896 0.946106
vt 0.428955 0.991997
vt 0.458740 0.910522
vt 0.428955 0.939911
vt 0.450928 0.895081
vt 0.428955 0.939911
vt 0.446289 0.879028
vt 0.450928 0.895081
vt 0.428955 0.991997
vt 0.493896 0.946106
vt 0.507324 0.952423
vt 0.725586 0.965271
vt 0.928711 0.991997
vt 0.428955 0.991997
vt 0.637207 0.965607
vt 0.725586 0.965271
vt 0.428955 0.991997
vt 0.637207 0.965607
vt 0.428955 0.991997
vt 0.529297 0.956940
vt 0.928711 0.991997
vt 0.725586 0.965271
vt 0.820312 0.957794
vt 0.841797 0.952423
vt 0.855469 0.946289
vt 0.928711 0.991997
vt 0.855469 0.946289
vt 0.868652 0.937378
vt 0.928711 0.991997
vt 0.881348 0.924744
vt 0.928711 0.991997
vt 0.868652 0.937378
vt 0.881348 0.924744
vt 0.890625 0.910583
vt 0.928711 0.991997
vt 0.897949 0.894531
vt 0.928711 0.991997
vt 0.890625 0.910583
vt 0.928711 0.939911
vt 0.928711 0.991997
vt 0.897949 0.894531
vt 0.902832 0.879272
vt 0.928711 0.939911
vt 0.897949 0.894531
vt 0.950684 0.939911
vt 0.928711 0.939911
vt 0.950684 0.754761
vt 0.928711 0.939911
vt 0.907227 0.849243
vt 0.950684 0.754761
vt 0.907227 0.849243
vt 0.909180 0.754761
vt 0.950684 0.754761
vt 0.928711 0.991997
vt 0.820312 0.957794
vt 0.841797 0.952423
vt 0.947266 0.990807
vt 0.947266 0.938995
vt 0.947266 0.990700
vt 0.947266 0.938995
vt 0.947266 0.938995
vt 0.947266 0.990700
vt 0.610352 0.964386
vt 0.535156 0.958069
vt 0.404541 0.990753
vt 0.404541 0.768066
vt 0.404541 0.990753
vt 0.442383 0.857300
vt 0.437256 0.768066
vt 0.404541 0.768066
vt 0.442383 0.857300
vt 0.453613 0.901367
vt 0.447754 0.885620
vt 0.404541 0.990753
vt 0.461182 0.915833
vt 0.453613 0.901367
vt 0.404541 0.990753
vt 0.472412 0.928711
vt 0.461182 0.915833
vt 0.404541 0.990753
vt 0.404541 0.990753
vt 0.485840 0.940338
vt 0.472412 0.928711
vt 0.498779 0.948669
vt 0.485840 0.940338
vt 0.404541 0.990753
vt 0.404541 0.990753
vt 0.512695 0.954010
vt 0.498779 0.948669
vt 0.404541 0.990753
vt 0.876953 0.990768
vt 0.610352 0.964386
vt 0.610352 0.964386
vt 0.876953 0.990768
vt 0.739258 0.965271
vt 0.739258 0.965271
vt 0.876953 0.990768
vt 0.814453 0.958466
vt 0.814453 0.958466
vt 0.876953 0.990768
vt 0.836914 0.954681
vt 0.876953 0.990768
vt 0.876953 0.968109
vt 0.836914 0.954681
vt 0.836914 0.954681
vt 0.876953 0.968109
vt 0.850586 0.948914
vt 0.876953 0.968109
vt 0.878906 0.956940
vt 0.850586 0.948914
vt 0.850586 0.948914
vt 0.878906 0.956940
vt 0.863770 0.940765
vt 0.878906 0.956940
vt 0.884277 0.947479
vt 0.863770 0.940765
vt 0.863770 0.940765
vt 0.884277 0.947479
vt 0.877441 0.929565
vt 0.884277 0.947479
vt 0.892578 0.941162
vt 0.877441 0.929565
vt 0.877441 0.929565
vt 0.892578 0.941162
vt 0.887695 0.915833
vt 0.892578 0.941162
vt 0.902344 0.938934
vt 0.887695 0.915833
vt 0.947266 0.938995
vt 0.887695 0.915833
vt 0.902344 0.938934
vt 0.895508 0.901367
vt 0.887695 0.915833
vt 0.947266 0.938995
vt 0.901367 0.885620
vt 0.895508 0.901367
vt 0.947266 0.938995
vt 0.906738 0.857300
vt 0.901367 0.885620
vt 0.947266 0.938995
vt 0.947266 0.768066
vt 0.906738 0.857300
vt 0.947266 0.938995
vt 0.909668 0.768066
vt 0.906738 0.857300
vt 0.947266 0.768066
vt 0.535156 0.958069
vt 0.512695 0.954010
vt 0.404541 0.990753
vt 0.442383 0.857300
vt 0.404541 0.990753
vt 0.447754 0.885620
vt 0.426025 0.153320
vt 0.415771 0.487305
vt 0.426025 0.153320
vt 0.924805 0.487305
vt 0.924805 0.487305
vt 0.415771 0.487305
vt 0.924805 0.487305
vt 0.415771 0.487305
vt 0.415771 0.487305
vt 0.415771 0.487305
vt 0.415771 0.487305
vt 0.426025 0.153320
vt 0.915039 0.154297
vt 0.924805 0.487305
vt 0.924805 0.487305
vt 0.127441 0.436523
vt 0.142456 0.426270
vt 0.127319 0.305176
vt 0.142456 0.426270
vt 0.142334 0.315430
vt 0.127319 0.305176
vt 0.127319 0.305176
vt 0.142334 0.315430
vt 0.331055 0.305176
vt 0.142334 0.315430
vt 0.316162 0.315430
vt 0.331055 0.305176
vt 0.331055 0.305176
vt 0.316162 0.315430
vt 0.330566 0.436523
vt 0.316162 0.315430
vt 0.315918 0.426270
vt 0.330566 0.436523
vt 0.330566 0.436523
vt 0.315918 0.426270
vt 0.127441 0.436523
vt 0.315918 0.426270
vt 0.142456 0.426270
vt 0.127441 0.436523
vt 0.940430 0.401855
vt 0.944824 0.401855
vt 0.950195 0.421875
vt 0.944824 0.401855
vt 0.953613 0.418457
vt 0.950195 0.421875
vt 0.950195 0.421875
vt 0.953613 0.418457
vt 0.971680 0.429199
vt 0.953613 0.418457
vt 0.971191 0.424316
vt 0.971680 0.429199
vt 0.971680 0.429199
vt 0.971191 0.424316
vt 0.991699 0.418945
vt 0.971191 0.424316
vt 0.987793 0.416016
vt 0.991699 0.418945
vt 0.991699 0.418945
vt 0.987793 0.416016
vt 0.998535 0.397949
vt 0.987793 0.416016
vt 0.993652 0.397949
vt 0.998535 0.397949
vt 0.998535 0.397949
vt 0.993652 0.397949
vt 0.988770 0.377930
vt 0.993652 0.397949
vt 0.985352 0.381348
vt 0.988770 0.377930
vt 0.988770 0.377930
vt 0.985352 0.381348
vt 0.967285 0.370605
vt 0.985352 0.381348
vt 0.967773 0.375488
vt 0.967285 0.370605
vt 0.967285 0.370605
vt 0.967773 0.375488
vt 0.947266 0.380859
vt 0.967773 0.375488
vt 0.950684 0.383789
vt 0.947266 0.380859
vt 0.947266 0.380859
vt 0.950684 0.383789
vt 0.940430 0.401855
vt 0.950684 0.383789
vt 0.944824 0.401855
vt 0.940430 0.401855
vt 0.940430 0.401855
vt 0.944824 0.401855
vt 0.950195 0.421875
vt 0.944824 0.401855
vt 0.953613 0.418457
vt 0.950195 0.421875
vt 0.950195 0.421875
vt 0.953613 0.418457
vt 0.971680 0.429199
vt 0.953613 0.418457
vt 0.971191 0.424316
vt 0.971680 0.429199
vt 0.971680 0.429199
vt 0.971191 0.424316
vt 0.991699 0.418945
vt 0.971191 0.424316
vt 0.987793 0.416016
vt 0.991699 0.418945
vt 0.991699 0.418945
vt 0.987793 0.416016
vt 0.998535 0.397949
vt 0.987793 0.416016
vt 0.993652 0.397949
vt 0.998535 0.397949
vt 0.998535 0.397949
vt 0.993652 0.397949
vt 0.988770 0.377930
vt 0.993652 0.397949
vt 0.985352 0.381348
vt 0.988770 0.377930
vt 0.988770 0.377930
vt 0.985352 0.381348
vt 0.967285 0.370605
vt 0.985352 0.381348
vt 0.967773 0.375488
vt 0.967285 0.370605
vt 0.967285 0.370605
vt 0.967773 0.375488
vt 0.947266 0.380859
vt 0.967773 0.375488
vt 0.950684 0.383789
vt 0.947266 0.380859
vt 0.947266 0.380859
vt 0.950684 0.383789
vt 0.940430 0.401855
vt 0.950684 0.383789
vt 0.944824 0.401855
vt 0.940430 0.401855
vt 0.940430 0.401855
vt 0.944824 0.401855
vt 0.950195 0.421875
vt 0.944824 0.401855
vt 0.953613 0.418457
vt 0.950195 0.421875
vt 0.950195 0.421875
vt 0.953613 0.418457
vt 0.971680 0.429199
vt 0.953613 0.418457
vt 0.971191 0.424316
vt 0.971680 0.429199
vt 0.971680 0.429199
vt 0.971191 0.424316
vt 0.991699 0.418945
vt 0.971191 0.424316
vt 0.987793 0.416016
vt 0.991699 0.418945
vt 0.991699 0.418945
vt 0.987793 0.416016
vt 0.998535 0.397949
vt 0.987793 0.416016
vt 0.993652 0.397949
vt 0.998535 0.397949
vt 0.998535 0.397949
vt 0.993652 0.397949
vt 0.988770 0.377930
vt 0.993652 0.397949
vt 0.985352 0.381348
vt 0.988770 0.377930
vt 0.988770 0.377930
vt 0.985352 0.381348
vt 0.967285 0.370605
vt 0.985352 0.381348
vt 0.967773 0.375488
vt 0.967285 0.370605
vt 0.967285 0.370605
vt 0.967773 0.375488
vt 0.947266 0.380859
vt 0.967773 0.375488
vt 0.950684 0.383789
vt 0.947266 0.380859
vt 0.947266 0.380859
vt 0.950684 0.383789
vt 0.940430 0.401855
vt 0.950684 0.383789
vt 0.944824 0.401855
vt 0.940430 0.401855
vt 0.940430 0.401855
vt 0.944824 0.401855
vt 0.950195 0.421875
vt 0.944824 0.401855
vt 0.953613 0.418457
vt 0.950195 0.421875
vt 0.950195 0.421875
vt 0.953613 0.418457
vt 0.971680 0.429199
vt 0.953613 0.418457
vt 0.971191 0.424316
vt 0.971680 0.429199
vt 0.971680 0.429199
vt 0.971191 0.424316
vt 0.991699 0.418945
vt 0.971191 0.424316
vt 0.987793 0.416016
vt 0.991699 0.418945
vt 0.991699 0.418945
vt 0.987793 0.416016
vt 0.998535 0.397949
vt 0.987793 0.416016
vt 0.993652 0.397949
vt 0.998535 0.397949
vt 0.998535 0.397949
vt 0.993652 0.397949
vt 0.988770 0.377930
vt 0.993652 0.397949
vt 0.985352 0.381348
vt 0.988770 0.377930
vt 0.988770 0.377930
vt 0.985352 0.381348
vt 0.967285 0.370605
vt 0.985352 0.381348
vt 0.967773 0.375488
vt 0.967285 0.370605
vt 0.967285 0.370605
vt 0.967773 0.375488
vt 0.947266 0.380859
vt 0.967773 0.375488
vt 0.950684 0.383789
vt 0.947266 0.380859
vt 0.947266 0.380859
vt 0.950684 0.383789
vt 0.940430 0.401855
vt 0.950684 0.383789
vt 0.944824 0.401855
vt 0.940430 0.401855
vt 0.971680 0.526123
vt 0.971680 0.548096
vt 0.993652 0.526123
vt 0.971680 0.548096
vt 0.993652 0.548096
vt 0.993652 0.526123
vt 0.971680 0.548096
vt 0.971680 0.569824
vt 0.993652 0.548096
vt 0.971680 0.569824
vt 0.993652 0.569824
vt 0.993652 0.548096
vt 0.971680 0.569824
vt 0.971680 0.591797
vt 0.993652 0.569824
vt 0.971680 0.591797
vt 0.993652 0.591797
vt 0.993652 0.569824
vt 0.971680 0.591797
vt 0.971680 0.613770
vt 0.993652 0.591797
vt 0.971680 0.613770
vt 0.993652 0.613770
vt 0.993652 0.591797
vt 0.993652 0.613770
vt 0.971680 0.613770
vt 0.993652 0.635498
vt 0.971680 0.613770
vt 0.971680 0.635498
vt 0.993652 0.635498
vt 0.993652 0.635498
vt 0.971680 0.635498
vt 0.993652 0.657471
vt 0.971680 0.635498
vt 0.971680 0.657471
vt 0.993652 0.657471
vt 0.993652 0.657471
vt 0.971680 0.657471
vt 0.993652 0.679443
vt 0.971680 0.657471
vt 0.971680 0.679443
vt 0.993652 0.679443
vt 0.993652 0.679443
vt 0.971680 0.679443
vt 0.993652 0.701416
vt 0.971680 0.679443
vt 0.971680 0.701416
vt 0.993652 0.701416
vt 0.993652 0.701416
vt 0.971680 0.701416
vt 0.993652 0.723145
vt 0.971680 0.701416
vt 0.971680 0.723145
vt 0.993652 0.723145
vt 0.971680 0.504639
vt 0.971680 0.526611
vt 0.993652 0.504639
vt 0.971680 0.526611
vt 0.993652 0.526611
vt 0.993652 0.504639
vt 0.971680 0.526611
vt 0.971680 0.548584
vt 0.993652 0.526611
vt 0.971680 0.548584
vt 0.993652 0.548584
vt 0.993652 0.526611
vt 0.971680 0.548584
vt 0.971680 0.570557
vt 0.993652 0.548584
vt 0.971680 0.570557
vt 0.993652 0.570557
vt 0.993652 0.548584
vt 0.971680 0.570557
vt 0.971680 0.592285
vt 0.993652 0.570557
vt 0.971680 0.592285
vt 0.993652 0.592285
vt 0.993652 0.570557
vt 0.971680 0.592285
vt 0.971680 0.614258
vt 0.993652 0.592285
vt 0.971680 0.614258
vt 0.993652 0.614258
vt 0.993652 0.592285
vt 0.993652 0.614258
vt 0.971680 0.614258
vt 0.993652 0.636230
vt 0.971680 0.614258
vt 0.971680 0.636230
vt 0.993652 0.636230
vt 0.993652 0.636230
vt 0.971680 0.636230
vt 0.993652 0.657959
vt 0.971680 0.636230
vt 0.971680 0.657959
vt 0.993652 0.657959
vt 0.993652 0.657959
vt 0.971680 0.657959
vt 0.993652 0.679932
vt 0.971680 0.657959
vt 0.971680 0.679932
vt 0.993652 0.679932
vt 0.993652 0.679932
vt 0.971680 0.679932
vt 0.993652 0.701904
vt 0.971680 0.679932
vt 0.971680 0.701904
vt 0.993652 0.701904
vt 0.993652 0.701904
vt 0.971680 0.701904
vt 0.993652 0.723877
vt 0.971680 0.701904
vt 0.971680 0.723877
vt 0.993652 0.723877
vt 0.971680 0.504150
vt 0.971680 0.526123
vt 0.993652 0.504150
vt 0.971680 0.526123
vt 0.993652 0.526123
vt 0.993652 0.504150
vt 0.091492 0.152832
vt 0.408691 0.199219
vt 0.072205 0.486816
vt 0.408691 0.199219
vt 0.388184 0.486816
vt 0.072205 0.486816
vt 0.072205 0.486816
vt 0.388184 0.486816
vt 0.091492 0.152832
vt 0.388184 0.486816
vt 0.408691 0.199219
vt 0.091492 0.152832
vt 0.127441 0.042969
vt 0.127441 0.061523
vt 0.413818 0.042969
vt 0.127441 0.061523
vt 0.413818 0.061523
vt 0.413818 0.042969
vt 0.127441 0.042969
vt 0.413818 0.042969
vt 0.127441 0.061523
vt 0.413818 0.042969
vt 0.413818 0.061523
vt 0.127441 0.061523
vt 0.839844 0.023438
vt 0.843262 0.118164
vt 0.994141 0.018066
vt 0.843262 0.118164
vt 0.997559 0.115723
vt 0.994141 0.018066
vt 0.127441 0.001465
vt 0.413818 0.001465
vt 0.127441 0.042969
vt 0.413818 0.001465
vt 0.413818 0.042969
vt 0.127441 0.042969
vt 0.127441 0.042969
vt 0.413818 0.042969
vt 0.127441 0.001465
vt 0.413818 0.042969
vt 0.413818 0.001465
vt 0.127441 0.001465
vt 0.441406 0.849243
vt 0.438721 0.754761
vt 0.450195 0.754761
vt 0.449951 0.849243
vt 0.441406 0.849243
vt 0.450195 0.754761
vt 0.446289 0.879028
vt 0.441406 0.849243
vt 0.449951 0.849243
vt 0.454590 0.875732
vt 0.446289 0.879028
vt 0.449951 0.849243
vt 0.450928 0.895081
vt 0.446289 0.879028
vt 0.454590 0.875732
vt 0.458740 0.891052
vt 0.450928 0.895081
vt 0.454590 0.875732
vt 0.458740 0.910522
vt 0.450928 0.895081
vt 0.458740 0.891052
vt 0.465820 0.905212
vt 0.458740 0.910522
vt 0.458740 0.891052
vt 0.468262 0.924927
vt 0.458740 0.910522
vt 0.465820 0.905212
vt 0.474121 0.917358
vt 0.468262 0.924927
vt 0.465820 0.905212
vt 0.481201 0.937195
vt 0.468262 0.924927
vt 0.474121 0.917358
vt 0.484863 0.927856
vt 0.481201 0.937195
vt 0.474121 0.917358
vt 0.481201 0.937195
vt 0.484863 0.927856
vt 0.493896 0.946106
vt 0.484863 0.927856
vt 0.496826 0.936096
vt 0.493896 0.946106
vt 0.493896 0.946106
vt 0.496826 0.936096
vt 0.507324 0.952423
vt 0.496826 0.936096
vt 0.509766 0.942078
vt 0.507324 0.952423
vt 0.509766 0.942078
vt 0.528809 0.946320
vt 0.507324 0.952423
vt 0.528809 0.946320
vt 0.529297 0.956940
vt 0.507324 0.952423
vt 0.529297 0.956940
vt 0.528809 0.946320
vt 0.637695 0.954529
vt 0.637207 0.965607
vt 0.529297 0.956940
vt 0.637695 0.954529
vt 0.637695 0.954529
vt 0.725098 0.955658
vt 0.637207 0.965607
vt 0.725098 0.955658
vt 0.725586 0.965271
vt 0.637207 0.965607
vt 0.820312 0.957794
vt 0.725586 0.965271
vt 0.725098 0.955658
vt 0.818848 0.947327
vt 0.820312 0.957794
vt 0.725098 0.955658
vt 0.820312 0.957794
vt 0.818848 0.947327
vt 0.841797 0.952423
vt 0.818848 0.947327
vt 0.839844 0.941376
vt 0.841797 0.952423
vt 0.841797 0.952423
vt 0.839844 0.941376
vt 0.853027 0.935364
vt 0.855469 0.946289
vt 0.841797 0.952423
vt 0.853027 0.935364
vt 0.855469 0.946289
vt 0.853027 0.935364
vt 0.865234 0.927063
vt 0.868652 0.937378
vt 0.855469 0.946289
vt 0.865234 0.927063
vt 0.865234 0.927063
vt 0.875977 0.916504
vt 0.868652 0.937378
vt 0.875977 0.916504
vt 0.881348 0.924744
vt 0.868652 0.937378
vt 0.875977 0.916504
vt 0.884277 0.904297
vt 0.881348 0.924744
vt 0.884277 0.904297
vt 0.890625 0.910583
vt 0.881348 0.924744
vt 0.884277 0.904297
vt 0.891602 0.890015
vt 0.890625 0.910583
vt 0.891602 0.890015
vt 0.897949 0.894531
vt 0.890625 0.910583
vt 0.891602 0.890015
vt 0.894531 0.874878
vt 0.897949 0.894531
vt 0.894531 0.874878
vt 0.902832 0.879272
vt 0.897949 0.894531
vt 0.894531 0.874878
vt 0.895508 0.849243
vt 0.902832 0.879272
vt 0.895508 0.849243
vt 0.907227 0.849243
vt 0.902832 0.879272
vt 0.907227 0.849243
vt 0.895508 0.849243
vt 0.900391 0.754761
vt 0.909180 0.754761
vt 0.907227 0.849243
vt 0.900391 0.754761
vt 0.438721 0.754761
vt 0.441406 0.849243
vt 0.406494 0.754761
vt 0.406494 0.754761
vt 0.441406 0.849243
vt 0.428955 0.939911
vt 0.406494 0.939911
vt 0.406494 0.754761
vt 0.428955 0.939911
vt 0.947266 0.990807
vt 0.947266 0.990700
vt 0.876953 0.990768
vt 0.947266 0.990700
vt 0.876953 0.990738
vt 0.876953 0.990768
vt 0.437256 0.768066
vt 0.442383 0.857300
vt 0.447510 0.768066
vt 0.442383 0.857300
vt 0.452637 0.857300
vt 0.447510 0.768066
vt 0.442383 0.857300
vt 0.447754 0.885620
vt 0.452637 0.857300
vt 0.447754 0.885620
vt 0.457520 0.882385
vt 0.452637 0.857300
vt 0.447754 0.885620
vt 0.453613 0.901367
vt 0.457520 0.882385
vt 0.453613 0.901367
vt 0.462891 0.896851
vt 0.457520 0.882385
vt 0.453613 0.901367
vt 0.461182 0.915833
vt 0.462891 0.896851
vt 0.461182 0.915833
vt 0.469971 0.910217
vt 0.462891 0.896851
vt 0.461182 0.915833
vt 0.472412 0.928711
vt 0.469971 0.910217
vt 0.472412 0.928711
vt 0.478760 0.921692
vt 0.469971 0.910217
vt 0.472412 0.928711
vt 0.485840 0.940338
vt 0.478760 0.921692
vt 0.485840 0.940338
vt 0.489502 0.931641
vt 0.478760 0.921692
vt 0.485840 0.940338
vt 0.498779 0.948669
vt 0.489502 0.931641
vt 0.498779 0.948669
vt 0.501953 0.939362
vt 0.489502 0.931641
vt 0.498779 0.948669
vt 0.512695 0.954010
vt 0.501953 0.939362
vt 0.512695 0.954010
vt 0.515137 0.945038
vt 0.501953 0.939362
vt 0.534668 0.949036
vt 0.515137 0.945038
vt 0.512695 0.954010
vt 0.535156 0.958069
vt 0.534668 0.949036
vt 0.512695 0.954010
vt 0.534668 0.949036
vt 0.535156 0.958069
vt 0.610352 0.954010
vt 0.535156 0.958069
vt 0.610352 0.964386
vt 0.610352 0.954010
vt 0.610352 0.954010
vt 0.610352 0.964386
vt 0.739258 0.954590
vt 0.610352 0.964386
vt 0.739258 0.965271
vt 0.739258 0.954590
vt 0.739258 0.965271
vt 0.814453 0.958466
vt 0.739258 0.954590
vt 0.814453 0.958466
vt 0.813965 0.949371
vt 0.739258 0.954590
vt 0.813965 0.949371
vt 0.814453 0.958466
vt 0.836914 0.954681
vt 0.834473 0.944336
vt 0.813965 0.949371
vt 0.836914 0.954681
vt 0.847656 0.938629
vt 0.834473 0.944336
vt 0.836914 0.954681
vt 0.850586 0.948914
vt 0.847656 0.938629
vt 0.836914 0.954681
vt 0.860352 0.930847
vt 0.847656 0.938629
vt 0.850586 0.948914
vt 0.863770 0.940765
vt 0.860352 0.930847
vt 0.850586 0.948914
vt 0.871094 0.920837
vt 0.860352 0.930847
vt 0.863770 0.940765
vt 0.877441 0.929565
vt 0.871094 0.920837
vt 0.863770 0.940765
vt 0.879883 0.909302
vt 0.871094 0.920837
vt 0.877441 0.929565
vt 0.887695 0.915833
vt 0.879883 0.909302
vt 0.877441 0.929565
vt 0.886719 0.895874
vt 0.879883 0.909302
vt 0.887695 0.915833
vt 0.895508 0.901367
vt 0.886719 0.895874
vt 0.887695 0.915833
vt 0.893066 0.881104
vt 0.886719 0.895874
vt 0.895508 0.901367
vt 0.901367 0.885620
vt 0.893066 0.881104
vt 0.895508 0.901367
vt 0.895020 0.857300
vt 0.893066 0.881104
vt 0.901367 0.885620
vt 0.906738 0.857300
vt 0.895020 0.857300
vt 0.901367 0.885620
vt 0.895020 0.857300
vt 0.906738 0.857300
vt 0.900391 0.768066
vt 0.906738 0.857300
vt 0.909668 0.768066
vt 0.900391 0.768066
vt 0.876953 0.968109
vt 0.876953 0.990768
vt 0.876953 0.968079
vt 0.876953 0.990768
vt 0.876953 0.990738
vt 0.876953 0.968079
vt 0.876953 0.968109
vt 0.876953 0.968079
vt 0.878906 0.956940
vt 0.876953 0.968079
vt 0.878906 0.956970
vt 0.878906 0.956940
vt 0.878906 0.956940
vt 0.878906 0.956970
vt 0.884277 0.947479
vt 0.878906 0.956970
vt 0.884277 0.947510
vt 0.884277 0.947479
vt 0.884277 0.947479
vt 0.884277 0.947510
vt 0.892578 0.941162
vt 0.884277 0.947510
vt 0.892578 0.941193
vt 0.892578 0.941162
vt 0.892578 0.941162
vt 0.892578 0.941193
vt 0.902344 0.938965
vt 0.902344 0.938934
vt 0.892578 0.941162
vt 0.902344 0.938965
vt 0.902344 0.938934
vt 0.902344 0.938965
vt 0.947266 0.938995
vt 0.902344 0.938965
vt 0.947266 0.938995
vt 0.947266 0.938995
vt 0.886719 0.477051
vt 0.458984 0.477051
vt 0.886719 0.174316
vt 0.458984 0.477051
vt 0.458008 0.174316
vt 0.886719 0.174316
vt 0.394775 0.042969
vt 0.394775 0.001465
vt 0.145142 0.042969
vt 0.394775 0.001465
vt 0.145142 0.001465
vt 0.145142 0.042969
vt 0.145142 0.042969
vt 0.130615 0.061523
vt 0.394775 0.042969
vt 0.130615 0.061523
vt 0.410645 0.061523
vt 0.394775 0.042969
vt 0.161987 0.686279
vt 0.161987 0.801270
vt 0.339111 0.686279
vt 0.161987 0.801270
vt 0.339111 0.801270
vt 0.339111 0.686279
vt 0.071594 0.995571
vt 0.389160 0.995571
vt 0.154907 0.818848
vt 0.389160 0.995571
vt 0.357422 0.819580
vt 0.154907 0.818848
vt 0.389160 0.995571
vt 0.389648 0.488770
vt 0.357422 0.819580
vt 0.389648 0.488770
vt 0.357422 0.667969
vt 0.357422 0.819580
vt 0.071594 0.488770
vt 0.154907 0.668457
vt 0.389648 0.488770
vt 0.154907 0.668457
vt 0.357422 0.667969
vt 0.389648 0.488770
vt 0.071594 0.995571
vt 0.154907 0.818848
vt 0.071594 0.488770
vt 0.154907 0.818848
vt 0.154907 0.668457
vt 0.071594 0.488770
vt 0.339111 0.686279
vt 0.339111 0.801270
vt 0.353516 0.674561
vt 0.339111 0.801270
vt 0.353516 0.812744
vt 0.353516 0.674561
vt 0.158447 0.810669
vt 0.353516 0.812744
vt 0.161987 0.801270
vt 0.353516 0.812744
vt 0.339111 0.801270
vt 0.161987 0.801270
vt 0.161987 0.801270
vt 0.161987 0.686279
vt 0.158447 0.810669
vt 0.161987 0.686279
vt 0.158447 0.676758
vt 0.158447 0.810669
vt 0.158447 0.676758
vt 0.161987 0.686279
vt 0.353516 0.674561
vt 0.161987 0.686279
vt 0.339111 0.686279
vt 0.353516 0.674561
vt 0.357422 0.667969
vt 0.353516 0.674561
vt 0.357422 0.819580
vt 0.353516 0.674561
vt 0.353516 0.812744
vt 0.357422 0.819580
vt 0.353516 0.812744
vt 0.158447 0.810669
vt 0.357422 0.819580
vt 0.158447 0.810669
vt 0.154907 0.818848
vt 0.357422 0.819580
vt 0.353516 0.674561
vt 0.357422 0.667969
vt 0.158447 0.676758
vt 0.357422 0.667969
vt 0.154907 0.668457
vt 0.158447 0.676758
vt 0.158447 0.676758
vt 0.154907 0.668457
vt 0.158447 0.810669
vt 0.154907 0.668457
vt 0.154907 0.818848
vt 0.158447 0.810669
vt 0.426025 0.153320
vt 0.426025 0.153320
vt 0.915039 0.154297
vt 0.426025 0.153320
vt 0.915039 0.154297
vt 0.915039 0.154297
vt 0.915039 0.154297
vt 0.915039 0.154297
vt 0.924805 0.487305
vt 0.415771 0.487305
vt 0.415771 0.487305
vt 0.426025 0.153320
vt 0.415771 0.487305
vt 0.426025 0.153320
vt 0.426025 0.153320
vt 0.426025 0.153320
vt 0.426025 0.153320
vt 0.915039 0.154297
vt 0.426025 0.153320
vt 0.915039 0.154297
vt 0.915039 0.154297
vt 0.915039 0.154297
vt 0.915039 0.154297
vt 0.924805 0.487305
vt 0.915039 0.154297
vt 0.924805 0.487305
vt 0.924805 0.487305
vt 0.924805 0.487305
vt 0.924805 0.487305
vt 0.415771 0.487305
vt 0.924805 0.487305
vt 0.415771 0.487305
vt 0.415771 0.487305
vt 0.438477 0.187500
vt 0.438477 0.187500
vt 0.438477 0.317871
vt 0.438477 0.187500
vt 0.438477 0.317871
vt 0.438477 0.317871
vt 0.438477 0.317871
vt 0.438477 0.317871
vt 0.438477 0.492676
vt 0.438477 0.317871
vt 0.438477 0.492676
vt 0.438477 0.492676
vt 0.888184 0.187500
vt 0.907715 0.187500
vt 0.888184 0.187500
vt 0.907715 0.187500
vt 0.907715 0.187500
vt 0.888184 0.187500
vt 0.458252 0.187500
vt 0.458252 0.187500
vt 0.438477 0.187500
vt 0.458252 0.187500
vt 0.438477 0.187500
vt 0.438477 0.187500
vt 0.888184 0.145508
vt 0.888184 0.145508
vt 0.458252 0.145508
vt 0.888184 0.145508
vt 0.458252 0.145508
vt 0.458252 0.145508
vt 0.458252 0.187500
vt 0.458252 0.145508
vt 0.458252 0.187500
vt 0.458252 0.145508
vt 0.458252 0.145508
vt 0.458252 0.187500
vt 0.888184 0.187500
vt 0.888184 0.187500
vt 0.888184 0.145508
vt 0.888184 0.187500
vt 0.888184 0.145508
vt 0.888184 0.145508
vt 0.438477 0.492676
vt 0.438477 0.492676
vt 0.810547 0.492676
vt 0.438477 0.492676
vt 0.810547 0.492676
vt 0.810547 0.492676
vt 0.810547 0.492676
vt 0.810547 0.492676
vt 0.907715 0.492676
vt 0.810547 0.492676
vt 0.907715 0.492676
vt 0.907715 0.492676
vt 0.907715 0.492676
vt 0.907715 0.492676
vt 0.907715 0.454102
vt 0.907715 0.492676
vt 0.907715 0.454102
vt 0.907715 0.454102
vt 0.907715 0.454102
vt 0.907715 0.454102
vt 0.907715 0.317871
vt 0.907715 0.454102
vt 0.907715 0.317871
vt 0.907715 0.317871
vt 0.907715 0.317871
vt 0.907715 0.317871
vt 0.907715 0.187500
vt 0.907715 0.317871
vt 0.907715 0.187500
vt 0.907715 0.187500
vt 0.432373 0.068848
vt 0.438232 0.067383
vt 0.432373 0.009766
vt 0.438232 0.067383
vt 0.438232 0.011719
vt 0.432373 0.009766
vt 0.436768 0.073242
vt 0.645996 0.073242
vt 0.438232 0.067383
vt 0.645996 0.073242
vt 0.644531 0.067383
vt 0.438232 0.067383
vt 0.650391 0.009766
vt 0.644531 0.011719
vt 0.650391 0.068848
vt 0.644531 0.011719
vt 0.644531 0.067383
vt 0.650391 0.068848
vt 0.436768 0.005859
vt 0.438232 0.011719
vt 0.645996 0.005859
vt 0.438232 0.011719
vt 0.644531 0.011719
vt 0.645996 0.005859
vt 0.438232 0.067383
vt 0.644531 0.067383
vt 0.438232 0.011719
vt 0.644531 0.067383
vt 0.644531 0.011719
vt 0.438232 0.011719
vt 0.432373 0.068848
vt 0.438232 0.067383
vt 0.432373 0.009766
vt 0.438232 0.067383
vt 0.438232 0.011719
vt 0.432373 0.009766
vt 0.436768 0.073242
vt 0.645996 0.073242
vt 0.438232 0.067383
vt 0.645996 0.073242
vt 0.644531 0.067383
vt 0.438232 0.067383
vt 0.650391 0.009766
vt 0.644531 0.011719
vt 0.650391 0.068848
vt 0.644531 0.011719
vt 0.644531 0.067383
vt 0.650391 0.068848
vt 0.436768 0.005859
vt 0.438232 0.011719
vt 0.645996 0.005859
vt 0.438232 0.011719
vt 0.644531 0.011719
vt 0.645996 0.005859
vt 0.438232 0.067383
vt 0.644531 0.067383
vt 0.438232 0.011719
vt 0.644531 0.067383
vt 0.644531 0.011719
vt 0.438232 0.011719
vt 0.981934 0.480469
vt 0.979492 0.478027
vt 0.987793 0.465332
vt 0.966797 0.482910
vt 0.979492 0.478027
vt 0.981934 0.480469
vt 0.966797 0.482910
vt 0.966797 0.465332
vt 0.979492 0.478027
vt 0.979492 0.478027
vt 0.984375 0.465332
vt 0.987793 0.465332
vt 0.979492 0.478027
vt 0.966797 0.465332
vt 0.984375 0.465332
vt 0.966797 0.486328
vt 0.966797 0.482910
vt 0.981934 0.480469
vt 0.987793 0.465332
vt 0.984375 0.465332
vt 0.981934 0.450195
vt 0.984375 0.465332
vt 0.966797 0.465332
vt 0.979492 0.452637
vt 0.984375 0.465332
vt 0.979492 0.452637
vt 0.981934 0.450195
vt 0.954102 0.478027
vt 0.966797 0.465332
vt 0.966797 0.482910
vt 0.954102 0.478027
vt 0.966797 0.482910
vt 0.966797 0.486328
vt 0.981934 0.450195
vt 0.979492 0.452637
vt 0.966797 0.443848
vt 0.979492 0.452637
vt 0.966797 0.465332
vt 0.966797 0.447754
vt 0.979492 0.452637
vt 0.966797 0.447754
vt 0.966797 0.443848
vt 0.949219 0.465332
vt 0.966797 0.465332
vt 0.954102 0.478027
vt 0.954102 0.452637
vt 0.966797 0.465332
vt 0.949219 0.465332
vt 0.966797 0.447754
vt 0.966797 0.465332
vt 0.954102 0.452637
vt 0.951660 0.480469
vt 0.954102 0.478027
vt 0.966797 0.486328
vt 0.949219 0.465332
vt 0.954102 0.478027
vt 0.951660 0.480469
vt 0.966797 0.443848
vt 0.966797 0.447754
vt 0.951660 0.450195
vt 0.966797 0.447754
vt 0.954102 0.452637
vt 0.951660 0.450195
vt 0.954102 0.452637
vt 0.949219 0.465332
vt 0.945312 0.465332
vt 0.945312 0.465332
vt 0.949219 0.465332
vt 0.951660 0.480469
vt 0.951660 0.450195
vt 0.954102 0.452637
vt 0.945312 0.465332
vt 0.981934 0.480469
vt 0.979492 0.478027
vt 0.987793 0.465332
vt 0.966797 0.482910
vt 0.979492 0.478027
vt 0.981934 0.480469
vt 0.966797 0.482910
vt 0.966797 0.465332
vt 0.979492 0.478027
vt 0.979492 0.478027
vt 0.984375 0.465332
vt 0.987793 0.465332
vt 0.979492 0.478027
vt 0.966797 0.465332
vt 0.984375 0.465332
vt 0.966797 0.486328
vt 0.966797 0.482910
vt 0.981934 0.480469
vt 0.987793 0.465332
vt 0.984375 0.465332
vt 0.981934 0.450195
vt 0.984375 0.465332
vt 0.966797 0.465332
vt 0.979492 0.452637
vt 0.984375 0.465332
vt 0.979492 0.452637
vt 0.981934 0.450195
vt 0.954102 0.478027
vt 0.966797 0.465332
vt 0.966797 0.482910
vt 0.954102 0.478027
vt 0.966797 0.482910
vt 0.966797 0.486328
vt 0.981934 0.450195
vt 0.979492 0.452637
vt 0.966797 0.443848
vt 0.979492 0.452637
vt 0.966797 0.465332
vt 0.966797 0.447754
vt 0.979492 0.452637
vt 0.966797 0.447754
vt 0.966797 0.443848
vt 0.949219 0.465332
vt 0.966797 0.465332
vt 0.954102 0.478027
vt 0.954102 0.452637
vt 0.966797 0.465332
vt 0.949219 0.465332
vt 0.966797 0.447754
vt 0.966797 0.465332
vt 0.954102 0.452637
vt 0.951660 0.480469
vt 0.954102 0.478027
vt 0.966797 0.486328
vt 0.949219 0.465332
vt 0.954102 0.478027
vt 0.951660 0.480469
vt 0.966797 0.443848
vt 0.966797 0.447754
vt 0.951660 0.450195
vt 0.966797 0.447754
vt 0.954102 0.452637
vt 0.951660 0.450195
vt 0.954102 0.452637
vt 0.949219 0.465332
vt 0.945312 0.465332
vt 0.945312 0.465332
vt 0.949219 0.465332
vt 0.951660 0.480469
vt 0.951660 0.450195
vt 0.954102 0.452637
vt 0.945312 0.465332
vt 0.981934 0.480469
vt 0.979492 0.478027
vt 0.987793 0.465332
vt 0.966797 0.482910
vt 0.979492 0.478027
vt 0.981934 0.480469
vt 0.966797 0.482910
vt 0.966797 0.465332
vt 0.979492 0.478027
vt 0.979492 0.478027
vt 0.984375 0.465332
vt 0.987793 0.465332
vt 0.979492 0.478027
vt 0.966797 0.465332
vt 0.984375 0.465332
vt 0.966797 0.486328
vt 0.966797 0.482910
vt 0.981934 0.480469
vt 0.987793 0.465332
vt 0.984375 0.465332
vt 0.981934 0.450195
vt 0.984375 0.465332
vt 0.966797 0.465332
vt 0.979492 0.452637
vt 0.984375 0.465332
vt 0.979492 0.452637
vt 0.981934 0.450195
vt 0.954102 0.478027
vt 0.966797 0.465332
vt 0.966797 0.482910
vt 0.954102 0.478027
vt 0.966797 0.482910
vt 0.966797 0.486328
vt 0.981934 0.450195
vt 0.979492 0.452637
vt 0.966797 0.443848
vt 0.979492 0.452637
vt 0.966797 0.465332
vt 0.966797 0.447754
vt 0.979492 0.452637
vt 0.966797 0.447754
vt 0.966797 0.443848
vt 0.949219 0.465332
vt 0.966797 0.465332
vt 0.954102 0.478027
vt 0.954102 0.452637
vt 0.966797 0.465332
vt 0.949219 0.465332
vt 0.966797 0.447754
vt 0.966797 0.465332
vt 0.954102 0.452637
vt 0.951660 0.480469
vt 0.954102 0.478027
vt 0.966797 0.486328
vt 0.949219 0.465332
vt 0.954102 0.478027
vt 0.951660 0.480469
vt 0.966797 0.443848
vt 0.966797 0.447754
vt 0.951660 0.450195
vt 0.966797 0.447754
vt 0.954102 0.452637
vt 0.951660 0.450195
vt 0.954102 0.452637
vt 0.949219 0.465332
vt 0.945312 0.465332
vt 0.945312 0.465332
vt 0.949219 0.465332
vt 0.951660 0.480469
vt 0.951660 0.450195
vt 0.954102 0.452637
vt 0.945312 0.465332
vt 0.981934 0.480469
vt 0.979492 0.478027
vt 0.987793 0.465332
vt 0.966797 0.482910
vt 0.979492 0.478027
vt 0.981934 0.480469
vt 0.966797 0.482910
vt 0.966797 0.465332
vt 0.979492 0.478027
vt 0.979492 0.478027
vt 0.984375 0.465332
vt 0.987793 0.465332
vt 0.979492 0.478027
vt 0.966797 0.465332
vt 0.984375 0.465332
vt 0.966797 0.486328
vt 0.966797 0.482910
vt 0.981934 0.480469
vt 0.987793 0.465332
vt 0.984375 0.465332
vt 0.981934 0.450195
vt 0.984375 0.465332
vt 0.966797 0.465332
vt 0.979492 0.452637
vt 0.984375 0.465332
vt 0.979492 0.452637
vt 0.981934 0.450195
vt 0.954102 0.478027
vt 0.966797 0.465332
vt 0.966797 0.482910
vt 0.954102 0.478027
vt 0.966797 0.482910
vt 0.966797 0.486328
vt 0.981934 0.450195
vt 0.979492 0.452637
vt 0.966797 0.443848
vt 0.979492 0.452637
vt 0.966797 0.465332
vt 0.966797 0.447754
vt 0.979492 0.452637
vt 0.966797 0.447754
vt 0.966797 0.443848
vt 0.949219 0.465332
vt 0.966797 0.465332
vt 0.954102 0.478027
vt 0.954102 0.452637
vt 0.966797 0.465332
vt 0.949219 0.465332
vt 0.966797 0.447754
vt 0.966797 0.465332
vt 0.954102 0.452637
vt 0.951660 0.480469
vt 0.954102 0.478027
vt 0.966797 0.486328
vt 0.949219 0.465332
vt 0.954102 0.478027
vt 0.951660 0.480469
vt 0.966797 0.443848
vt 0.966797 0.447754
vt 0.951660 0.450195
vt 0.966797 0.447754
vt 0.954102 0.452637
vt 0.951660 0.450195
vt 0.954102 0.452637
vt 0.949219 0.465332
vt 0.945312 0.465332
vt 0.945312 0.465332
vt 0.949219 0.465332
vt 0.951660 0.480469
vt 0.951660 0.450195
vt 0.954102 0.452637
vt 0.945312 0.465332
vt 0.944824 0.401855
vt 0.969238 0.399902
vt 0.953613 0.418457
vt 0.950684 0.383789
vt 0.969238 0.399902
vt 0.944824 0.401855
vt 0.967773 0.375488
vt 0.969238 0.399902
vt 0.950684 0.383789
vt 0.985352 0.381348
vt 0.969238 0.399902
vt 0.967773 0.375488
vt 0.953613 0.418457
vt 0.969238 0.399902
vt 0.971191 0.424316
vt 0.993652 0.397949
vt 0.969238 0.399902
vt 0.985352 0.381348
vt 0.987793 0.416016
vt 0.969238 0.399902
vt 0.993652 0.397949
vt 0.971191 0.424316
vt 0.969238 0.399902
vt 0.987793 0.416016
vt 0.944824 0.401855
vt 0.969238 0.399902
vt 0.953613 0.418457
vt 0.950684 0.383789
vt 0.969238 0.399902
vt 0.944824 0.401855
vt 0.967773 0.375488
vt 0.969238 0.399902
vt 0.950684 0.383789
vt 0.985352 0.381348
vt 0.969238 0.399902
vt 0.967773 0.375488
vt 0.953613 0.418457
vt 0.969238 0.399902
vt 0.971191 0.424316
vt 0.993652 0.397949
vt 0.969238 0.399902
vt 0.985352 0.381348
vt 0.987793 0.416016
vt 0.969238 0.399902
vt 0.993652 0.397949
vt 0.971191 0.424316
vt 0.969238 0.399902
vt 0.987793 0.416016
vt 0.944824 0.401855
vt 0.969238 0.399902
vt 0.953613 0.418457
vt 0.950684 0.383789
vt 0.969238 0.399902
vt 0.944824 0.401855
vt 0.967773 0.375488
vt 0.969238 0.399902
vt 0.950684 0.383789
vt 0.985352 0.381348
vt 0.969238 0.399902
vt 0.967773 0.375488
vt 0.953613 0.418457
vt 0.969238 0.399902
vt 0.971191 0.424316
vt 0.993652 0.397949
vt 0.969238 0.399902
vt 0.985352 0.381348
vt 0.987793 0.416016
vt 0.969238 0.399902
vt 0.993652 0.397949
vt 0.971191 0.424316
vt 0.969238 0.399902
vt 0.987793 0.416016
vt 0.944824 0.401855
vt 0.969238 0.399902
vt 0.953613 0.418457
vt 0.950684 0.383789
vt 0.969238 0.399902
vt 0.944824 0.401855
vt 0.967773 0.375488
vt 0.969238 0.399902
vt 0.950684 0.383789
vt 0.985352 0.381348
vt 0.969238 0.399902
vt 0.967773 0.375488
vt 0.953613 0.418457
vt 0.969238 0.399902
vt 0.971191 0.424316
vt 0.993652 0.397949
vt 0.969238 0.399902
vt 0.985352 0.381348
vt 0.987793 0.416016
vt 0.969238 0.399902
vt 0.993652 0.397949
vt 0.971191 0.424316
vt 0.969238 0.399902
vt 0.987793 0.416016
vt 0.772949 0.068359
vt 0.717285 0.068359
vt 0.770508 0.085449
vt 0.770508 0.050781
vt 0.717285 0.068359
vt 0.772949 0.068359
vt 0.762695 0.035156
vt 0.717285 0.068359
vt 0.770508 0.050781
vt 0.750000 0.022949
vt 0.717285 0.068359
vt 0.762695 0.035156
vt 0.734375 0.015137
vt 0.717285 0.068359
vt 0.750000 0.022949
vt 0.717285 0.012207
vt 0.717285 0.068359
vt 0.734375 0.015137
vt 0.700195 0.015137
vt 0.717285 0.068359
vt 0.717285 0.012207
vt 0.684570 0.022949
vt 0.717285 0.068359
vt 0.700195 0.015137
vt 0.672363 0.035156
vt 0.717285 0.068359
vt 0.684570 0.022949
vt 0.664062 0.050781
vt 0.717285 0.068359
vt 0.672363 0.035156
vt 0.770508 0.085449
vt 0.717285 0.068359
vt 0.762695 0.101074
vt 0.661621 0.068359
vt 0.717285 0.068359
vt 0.664062 0.050781
vt 0.664062 0.085449
vt 0.717285 0.068359
vt 0.661621 0.068359
vt 0.672363 0.101074
vt 0.717285 0.068359
vt 0.664062 0.085449
vt 0.684570 0.113281
vt 0.717285 0.068359
vt 0.672363 0.101074
vt 0.700195 0.121094
vt 0.717285 0.068359
vt 0.684570 0.113281
vt 0.717285 0.124023
vt 0.717285 0.068359
vt 0.700195 0.121094
vt 0.734375 0.121094
vt 0.717285 0.068359
vt 0.717285 0.124023
vt 0.750000 0.113281
vt 0.717285 0.068359
vt 0.734375 0.121094
vt 0.762695 0.101074
vt 0.717285 0.068359
vt 0.750000 0.113281
vt 0.907715 0.187500
vt 0.913086 0.183105
vt 0.893555 0.183105
vt 0.907715 0.317871
vt 0.913086 0.183105
vt 0.907715 0.187500
vt 0.907715 0.454102
vt 0.913086 0.183105
vt 0.907715 0.317871
vt 0.907715 0.492676
vt 0.913086 0.183105
vt 0.907715 0.454102
vt 0.888184 0.187500
vt 0.907715 0.187500
vt 0.893555 0.183105
vt 0.913086 0.498535
vt 0.913086 0.183105
vt 0.907715 0.492676
vt 0.913086 0.498535
vt 0.907715 0.492676
vt 0.432861 0.498535
vt 0.888184 0.187500
vt 0.893555 0.183105
vt 0.888184 0.145508
vt 0.893555 0.183105
vt 0.893555 0.139648
vt 0.888184 0.145508
vt 0.888184 0.145508
vt 0.893555 0.139648
vt 0.458252 0.145508
vt 0.907715 0.492676
vt 0.810547 0.492676
vt 0.432861 0.498535
vt 0.893555 0.139648
vt 0.453125 0.139648
vt 0.458252 0.145508
vt 0.458252 0.145508
vt 0.453125 0.139648
vt 0.453125 0.183105
vt 0.458252 0.187500
vt 0.458252 0.145508
vt 0.453125 0.183105
vt 0.458252 0.187500
vt 0.453125 0.183105
vt 0.438477 0.187500
vt 0.432861 0.498535
vt 0.810547 0.492676
vt 0.438477 0.492676
vt 0.432861 0.498535
vt 0.438477 0.492676
vt 0.432861 0.183105
vt 0.453125 0.183105
vt 0.432861 0.183105
vt 0.438477 0.187500
vt 0.432861 0.183105
vt 0.438477 0.317871
vt 0.438477 0.187500
vt 0.438477 0.492676
vt 0.438477 0.317871
vt 0.432861 0.183105
vt 0.355957 0.452637
vt 0.330566 0.436523
vt 0.102051 0.452637
vt 0.331055 0.305176
vt 0.330566 0.436523
vt 0.355957 0.452637
vt 0.356445 0.288574
vt 0.331055 0.305176
vt 0.355957 0.452637
vt 0.330566 0.436523
vt 0.127441 0.436523
vt 0.102051 0.452637
vt 0.127319 0.305176
vt 0.331055 0.305176
vt 0.356445 0.288574
vt 0.102051 0.452637
vt 0.127441 0.436523
vt 0.101868 0.288574
vt 0.101868 0.288574
vt 0.127319 0.305176
vt 0.356445 0.288574
vt 0.127441 0.436523
vt 0.127319 0.305176
vt 0.101868 0.288574
vt 0.000000 0.000000
vt 0.354492 0.150391
vt 0.354492 0.000000
vt 0.000000 0.000000
vt 0.000000 1.000000
vt 0.354492 0.150391
vt 0.000000 1.000000
vt 0.498535 1.000000
vt 0.354492 0.150391
vt 0.498535 1.000000
vt 0.498535 0.150391
vt 0.354492 0.150391
vt 0.973145 0.990959
vt 0.973145 0.026367
vt 0.770508 0.991104
vt 0.770508 0.991104
vt 0.973145 0.026367
vt 0.668945 0.974579
vt 0.668945 0.974579
vt 0.973145 0.026367
vt 0.582031 0.927551
vt 0.582031 0.927551
vt 0.973145 0.026367
vt 0.524414 0.857178
vt 0.524414 0.857178
vt 0.973145 0.026367
vt 0.503906 0.774170
vt 0.503906 0.774170
vt 0.973145 0.026367
vt 0.504395 0.026367
vt 0.821289 0.075195
vt 0.818359 0.066895
vt 0.787598 0.075195
vt 0.818359 0.066895
vt 0.790527 0.066895
vt 0.787598 0.075195
vt 0.818359 0.066895
vt 0.818359 0.040527
vt 0.790527 0.066895
vt 0.818359 0.040527
vt 0.790527 0.040527
vt 0.790527 0.066895
vt 0.818359 0.040527
vt 0.821289 0.032715
vt 0.790527 0.040527
vt 0.821289 0.032715
vt 0.787598 0.032715
vt 0.790527 0.040527
vt 0.782715 0.069824
vt 0.790527 0.066895
vt 0.782715 0.038086
vt 0.790527 0.066895
vt 0.790527 0.040527
vt 0.782715 0.038086
vt 0.826660 0.038086
vt 0.818359 0.040527
vt 0.826660 0.069824
vt 0.818359 0.040527
vt 0.818359 0.066895
vt 0.826660 0.069824
vt 0.829590 0.128418
vt 0.828613 0.120117
vt 0.818848 0.128418
vt 0.828613 0.120117
vt 0.819336 0.120117
vt 0.818848 0.128418
vt 0.828613 0.120117
vt 0.828613 0.093750
vt 0.819336 0.120117
vt 0.828613 0.093750
vt 0.819336 0.093750
vt 0.819336 0.120117
vt 0.828613 0.093750
vt 0.829590 0.085938
vt 0.819336 0.093750
vt 0.829590 0.085938
vt 0.818848 0.085938
vt 0.819336 0.093750
vt 0.816895 0.123047
vt 0.819336 0.120117
vt 0.816895 0.091309
vt 0.819336 0.120117
vt 0.819336 0.093750
vt 0.816895 0.091309
vt 0.831543 0.091309
vt 0.828613 0.093750
vt 0.831543 0.123047
vt 0.828613 0.093750
vt 0.828613 0.120117
vt 0.831543 0.123047
vt 0.470703 0.061523
vt 0.514160 0.061523
vt 0.470703 0.018066
vt 0.514160 0.061523
vt 0.514160 0.018066
vt 0.470703 0.018066
vn -0.125984 -0.984252 -0.102362
vn 0.000000 -1.000000 0.000000
vn -0.212598 -0.968504 -0.110236
vn -0.322835 -0.937008 -0.149606
vn -0.125984 -0.984252 -0.102362
vn -0.212598 -0.968504 -0.110236
vn -0.181102 -0.984252 -0.015748
vn -0.125984 -0.984252 -0.102362
vn -0.322835 -0.937008 -0.149606
vn -0.007874 -0.976378 -0.228346
vn -0.125984 -0.984252 -0.102362
vn -0.181102 -0.984252 -0.015748
vn -0.007874 -0.976378 -0.228346
vn -0.047244 -0.952756 -0.307087
vn -0.125984 -0.984252 -0.102362
vn -0.047244 -0.952756 -0.307087
vn -0.055118 -0.984252 -0.149606
vn -0.125984 -0.984252 -0.102362
vn -0.055118 -0.984252 -0.149606
vn -0.015748 -1.000000 -0.031496
vn -0.125984 -0.984252 -0.102362
vn -0.015748 -1.000000 -0.031496
vn -0.007874 -1.000000 -0.015748
vn -0.125984 -0.984252 -0.102362
vn -0.007874 -1.000000 -0.015748
vn 0.000000 -1.000000 0.000000
vn -0.125984 -0.984252 -0.102362
vn -0.251969 -0.968504 -0.007874
vn -0.181102 -0.984252 -0.015748
vn -0.322835 -0.937008 -0.149606
vn 0.000000 -1.000000 0.000000
vn 0.000000 -1.000000 0.000000
vn -0.125984 -0.984252 -0.102362
vn -0.007874 -1.000000 -0.007874
vn -0.007874 -0.976378 -0.228346
vn -0.181102 -0.984252 -0.015748
vn -0.251969 -0.968504 -0.007874
vn -0.251969 -0.960630 0.125984
vn -0.181102 -0.984252 -0.015748
vn -0.251969 -0.960630 0.125984
vn -0.173228 -0.968504 0.181102
vn -0.181102 -0.984252 -0.015748
vn -0.173228 -0.968504 0.181102
vn 0.000000 -0.976378 0.220472
vn -0.181102 -0.984252 -0.015748
vn 0.000000 -0.976378 0.220472
vn -0.007874 -1.000000 -0.007874
vn -0.181102 -0.984252 -0.015748
vn -0.007874 -0.976378 -0.228346
vn 0.039370 -0.944882 -0.314961
vn -0.047244 -0.952756 -0.307087
vn -0.244094 -0.960630 0.157480
vn -0.173228 -0.968504 0.181102
vn -0.251969 -0.960630 0.125984
vn -0.007874 -0.976378 -0.228346
vn -0.007874 -1.000000 -0.007874
vn 0.181102 -0.984252 0.000000
vn -0.007874 -1.000000 -0.007874
vn 0.000000 -0.976378 0.220472
vn 0.181102 -0.984252 0.000000
vn -0.244094 -0.960630 0.157480
vn -0.251969 -0.960630 0.125984
vn -0.173228 -0.968504 0.181102
vn -0.251969 -0.960630 0.125984
vn -0.228346 -0.960630 0.157480
vn -0.173228 -0.968504 0.181102
vn -0.173228 -0.968504 0.181102
vn -0.228346 -0.960630 0.157480
vn -0.181102 -0.960630 0.212598
vn -0.039370 -0.944882 0.322835
vn 0.000000 -0.976378 0.220472
vn -0.173228 -0.968504 0.181102
vn -0.173228 -0.968504 0.181102
vn -0.181102 -0.960630 0.212598
vn -0.157480 -0.960630 0.236220
vn -0.118110 -0.960630 0.251969
vn -0.173228 -0.968504 0.181102
vn -0.157480 -0.960630 0.236220
vn -0.173228 -0.968504 0.181102
vn -0.118110 -0.960630 0.251969
vn -0.078740 -0.960630 0.267717
vn -0.078740 -0.960630 0.275591
vn -0.173228 -0.968504 0.181102
vn -0.078740 -0.960630 0.267717
vn -0.078740 -0.960630 0.275591
vn -0.039370 -0.944882 0.322835
vn -0.173228 -0.968504 0.181102
vn 0.173228 -0.968504 -0.181102
vn -0.007874 -0.976378 -0.228346
vn 0.181102 -0.984252 0.000000
vn 0.039370 -0.944882 -0.314961
vn -0.007874 -0.976378 -0.228346
vn 0.173228 -0.968504 -0.181102
vn 0.000000 -0.976378 0.220472
vn -0.039370 -0.944882 0.322835
vn 0.039370 -0.944882 0.322835
vn 0.000000 -0.976378 0.220472
vn 0.039370 -0.944882 0.322835
vn 0.173228 -0.968504 0.181102
vn 0.000000 -0.976378 0.220472
vn 0.173228 -0.968504 0.181102
vn 0.181102 -0.984252 0.000000
vn 0.039370 -0.944882 0.322835
vn 0.078740 -0.960630 0.275591
vn 0.173228 -0.968504 0.181102
vn 0.078740 -0.960630 0.275591
vn 0.078740 -0.960630 0.267717
vn 0.173228 -0.968504 0.181102
vn 0.078740 -0.960630 0.267717
vn 0.118110 -0.960630 0.251969
vn 0.173228 -0.968504 0.181102
vn 0.118110 -0.960630 0.251969
vn 0.157480 -0.960630 0.236220
vn 0.173228 -0.968504 0.181102
vn 0.181102 -0.984252 0.000000
vn 0.173228 -0.968504 0.181102
vn 0.259843 -0.960630 0.125984
vn 0.157480 -0.960630 0.236220
vn 0.188976 -0.960630 0.212598
vn 0.173228 -0.968504 0.181102
vn 0.188976 -0.960630 0.212598
vn 0.236220 -0.960630 0.157480
vn 0.173228 -0.968504 0.181102
vn 0.259843 -0.960630 -0.125984
vn 0.173228 -0.968504 -0.181102
vn 0.181102 -0.984252 0.000000
vn 0.173228 -0.968504 0.181102
vn 0.236220 -0.960630 0.157480
vn 0.251969 -0.960630 0.133858
vn 0.251969 -0.952756 0.157480
vn 0.173228 -0.968504 0.181102
vn 0.251969 -0.960630 0.133858
vn 0.259843 -0.960630 0.125984
vn 0.173228 -0.968504 0.181102
vn 0.251969 -0.952756 0.157480
vn 0.267717 -0.960630 0.000000
vn 0.181102 -0.984252 0.000000
vn 0.259843 -0.960630 0.125984
vn 0.267717 -0.960630 0.000000
vn 0.259843 -0.960630 -0.125984
vn 0.181102 -0.984252 0.000000
vn 0.078740 -0.960630 -0.275591
vn 0.039370 -0.944882 -0.314961
vn 0.173228 -0.968504 -0.181102
vn 0.251969 -0.952756 -0.157480
vn 0.173228 -0.968504 -0.181102
vn 0.259843 -0.960630 -0.125984
vn 0.251969 -0.952756 -0.157480
vn 0.251969 -0.960630 -0.133858
vn 0.173228 -0.968504 -0.181102
vn 0.251969 -0.960630 -0.133858
vn 0.236220 -0.960630 -0.157480
vn 0.173228 -0.968504 -0.181102
vn 0.236220 -0.960630 -0.157480
vn 0.188976 -0.960630 -0.212598
vn 0.173228 -0.968504 -0.181102
vn 0.173228 -0.968504 -0.181102
vn 0.188976 -0.960630 -0.212598
vn 0.157480 -0.960630 -0.236220
vn 0.118110 -0.960630 -0.251969
vn 0.173228 -0.968504 -0.181102
vn 0.157480 -0.960630 -0.236220
vn 0.173228 -0.968504 -0.181102
vn 0.118110 -0.960630 -0.251969
vn 0.078740 -0.960630 -0.267717
vn 0.078740 -0.960630 -0.275591
vn 0.173228 -0.968504 -0.181102
vn 0.078740 -0.960630 -0.267717
vn -0.015748 -1.000000 -0.007874
vn -0.015748 -1.000000 -0.007874
vn -0.015748 -1.000000 -0.007874
vn -0.007874 -1.000000 0.031496
vn -0.007874 -1.000000 0.031496
vn -0.007874 -1.000000 0.031496
vn 0.031496 -1.000000 -0.007874
vn 0.031496 -1.000000 -0.007874
vn 0.031496 -1.000000 -0.007874
vn 0.007874 -1.000000 0.000000
vn 0.000000 -1.000000 0.007874
vn 0.000000 -1.000000 0.000000
vn 0.007874 -1.000000 0.000000
vn 0.007874 -1.000000 0.000000
vn 0.007874 -1.000000 0.000000
vn 0.007874 -1.000000 0.000000
vn 0.000000 -1.000000 0.007874
vn 0.007874 -1.000000 0.000000
vn 0.000000 -1.000000 0.007874
vn 0.000000 -1.000000 0.007874
vn 0.000000 -1.000000 0.007874
vn 0.007874 -1.000000 0.000000
vn 0.007874 -1.000000 0.000000
vn 0.007874 -1.000000 0.000000
vn 0.007874 -1.000000 0.000000
vn 0.007874 -1.000000 0.000000
vn 0.007874 -1.000000 0.000000
vn 0.000000 -1.000000 0.007874
vn 0.000000 -1.000000 0.007874
vn 0.000000 -1.000000 0.007874
vn 0.000000 -1.000000 0.000000
vn 0.000000 -1.000000 0.000000
vn 0.000000 -1.000000 0.000000
vn 0.000000 -1.000000 0.000000
vn 0.000000 -1.000000 0.000000
vn 0.000000 -1.000000 0.000000
vn 0.000000 -1.000000 0.000000
vn 0.000000 -1.000000 0.000000
vn 0.000000 -1.000000 0.000000
vn 0.000000 -1.000000 0.000000
vn 0.000000 -1.000000 0.000000
vn 0.000000 -1.000000 0.000000
vn 0.000000 -1.000000 0.007874
vn 0.000000 -1.000000 0.007874
vn 0.000000 -1.000000 0.000000
vn 0.000000 -1.000000 0.007874
vn 0.000000 -1.000000 0.000000
vn 0.000000 -1.000000 0.000000
vn 0.000000 -1.000000 0.000000
vn 0.000000 -1.000000 0.000000
vn 0.000000 -1.000000 0.000000
vn 0.000000 -1.000000 0.000000
vn 0.000000 -1.000000 0.000000
vn 0.000000 -1.000000 0.000000
vn -0.007874 -1.000000 0.000000
vn 0.000000 -1.000000 0.000000
vn 0.000000 -1.000000 0.000000
vn -0.007874 -1.000000 0.000000
vn 0.000000 -1.000000 0.000000
vn -0.007874 -1.000000 0.000000
vn -0.007874 -1.000000 0.000000
vn -0.007874 -1.000000 0.000000
vn -0.007874 -1.000000 0.000000
vn 0.000000 -1.000000 0.000000
vn -0.007874 -1.000000 0.000000
vn 0.000000 -1.000000 0.000000
vn -0.007874 -1.000000 0.000000
vn 0.000000 -1.000000 0.000000
vn 0.000000 -1.000000 0.000000
vn 0.000000 -1.000000 0.000000
vn 0.000000 -1.000000 0.000000
vn 0.000000 -1.000000 0.000000
vn 0.007874 -1.000000 0.039370
vn 0.007874 -1.000000 0.039370
vn 0.007874 -1.000000 0.039370
vn -1.000000 0.000000 0.000000
vn -1.000000 0.000000 0.000000
vn -1.000000 0.000000 0.000000
vn -1.000000 0.000000 0.000000
vn -1.000000 0.000000 0.000000
vn -1.000000 0.000000 0.000000
vn 0.000000 -1.000000 0.000000
vn 0.000000 -1.000000 0.000000
vn 0.000000 -1.000000 0.000000
vn 0.000000 -1.000000 0.000000
vn 0.000000 -1.000000 0.000000
vn 0.000000 -1.000000 0.000000
vn 0.000000 -1.000000 0.000000
vn 0.000000 -1.000000 0.000000
vn 0.000000 -1.000000 0.000000
vn 0.007874 -1.000000 0.000000
vn 0.007874 -1.000000 0.000000
vn 0.000000 -1.000000 0.000000
vn 0.000000 -1.000000 0.000000
vn 0.007874 -1.000000 0.000000
vn 0.000000 -1.000000 0.000000
vn 0.000000 -1.000000 0.000000
vn 0.000000 -1.000000 0.000000
vn 0.000000 -1.000000 0.000000
vn 0.000000 -1.000000 0.000000
vn 0.000000 -1.000000 0.000000
vn 0.000000 -1.000000 0.000000
vn 0.000000 -1.000000 -0.007874
vn 0.000000 -1.000000 0.000000
vn 0.000000 -1.000000 0.000000
vn 0.000000 -1.000000 0.000000
vn 0.000000 -1.000000 -0.007874
vn 0.000000 -1.000000 -0.007874
vn 0.000000 -1.000000 0.000000
vn 0.000000 -1.000000 0.000000
vn 0.000000 -1.000000 0.000000
vn 0.000000 -1.000000 0.000000
vn 0.000000 -1.000000 0.000000
vn 0.000000 -1.000000 0.000000
vn 0.000000 -1.000000 0.000000
vn 0.000000 -1.000000 0.000000
vn 0.000000 -1.000000 0.000000
vn 0.000000 -1.000000 0.000000
vn 0.000000 -1.000000 0.000000
vn 0.000000 -1.000000 0.000000
vn 0.000000 -1.000000 0.000000
vn 0.000000 -1.000000 0.000000
vn 0.000000 -1.000000 0.000000
vn 0.000000 -1.000000 0.000000
vn 0.000000 -1.000000 0.000000
vn 0.000000 -1.000000 0.000000
vn 0.000000 -1.000000 0.000000
vn 0.000000 -1.000000 0.000000
vn 0.000000 -1.000000 0.000000
vn 0.000000 -1.000000 0.000000
vn 0.000000 -1.000000 0.000000
vn 0.000000 -1.000000 0.000000
vn 0.000000 -1.000000 0.000000
vn 0.000000 -1.000000 0.000000
vn 0.000000 -1.000000 0.000000
vn 0.000000 -1.000000 0.000000
vn 0.000000 -1.000000 0.000000
vn 0.000000 -1.000000 0.000000
vn 0.000000 -1.000000 0.000000
vn 0.000000 -1.000000 0.000000
vn 0.000000 -1.000000 0.000000
vn 0.000000 -1.000000 0.000000
vn 0.000000 -1.000000 0.000000
vn 0.000000 -1.000000 0.000000
vn 0.000000 -1.000000 0.000000
vn 0.000000 -1.000000 0.000000
vn 0.000000 -1.000000 0.000000
vn 0.000000 -1.000000 0.000000
vn 0.000000 -1.000000 0.000000
vn 0.000000 -1.000000 0.000000
vn 0.000000 -1.000000 0.000000
vn 0.000000 -1.000000 0.000000
vn 0.000000 -1.000000 0.000000
vn 0.000000 -1.000000 0.000000
vn 0.000000 -1.000000 0.000000
vn 0.000000 -1.000000 0.000000
vn 0.000000 -1.000000 0.000000
vn 0.000000 -1.000000 0.000000
vn 0.000000 -1.000000 0.000000
vn 0.000000 -1.000000 0.000000
vn 0.000000 -1.000000 0.000000
vn 0.000000 -1.000000 0.000000
vn 0.000000 -1.000000 0.000000
vn 0.000000 -1.000000 0.000000
vn 0.000000 -1.000000 0.000000
vn -0.007874 -1.000000 -0.031496
vn -0.007874 -1.000000 -0.031496
vn -0.007874 -1.000000 -0.031496
vn 0.023622 -1.000000 0.007874
vn 0.023622 -1.000000 0.007874
vn 0.023622 -1.000000 0.007874
vn 0.047244 1.000000 -0.047244
vn 0.047244 1.000000 0.047244
vn 0.047244 1.000000 -0.047244
vn -0.047244 1.000000 0.047244
vn -0.047244 1.000000 0.047244
vn 0.047244 1.000000 0.047244
vn -0.047244 1.000000 0.047244
vn 0.047244 1.000000 0.047244
vn 0.047244 1.000000 0.047244
vn 0.047244 1.000000 0.047244
vn 0.047244 1.000000 0.047244
vn 0.047244 1.000000 -0.047244
vn -0.047244 1.000000 -0.047244
vn -0.047244 1.000000 0.047244
vn -0.047244 1.000000 0.047244
vn -1.000000 0.000000 0.000000
vn -1.000000 0.000000 0.000000
vn -1.000000 0.000000 0.000000
vn -1.000000 0.000000 0.000000
vn -1.000000 0.000000 0.000000
vn -1.000000 0.000000 0.000000
vn 0.000000 0.000000 1.000000
vn 0.000000 0.000000 1.000000
vn 0.000000 0.000000 1.000000
vn 0.000000 0.000000 1.000000
vn 0.000000 0.000000 1.000000
vn 0.000000 0.000000 1.000000
vn 1.000000 0.000000 0.000000
vn 1.000000 0.000000 0.000000
vn 1.000000 0.000000 0.000000
vn 1.000000 0.000000 0.000000
vn 1.000000 0.000000 0.000000
vn 1.000000 0.000000 0.000000
vn 0.000000 0.000000 -1.000000
vn 0.000000 0.000000 -1.000000
vn 0.000000 0.000000 -1.000000
vn 0.000000 0.000000 -1.000000
vn 0.000000 0.000000 -1.000000
vn 0.000000 0.000000 -1.000000
vn 0.055118 -0.094488 -0.992126
vn 0.055118 -0.094488 -0.992126
vn 0.740157 -0.094488 -0.661417
vn 0.055118 -0.094488 -0.992126
vn 0.740157 -0.094488 -0.661417
vn 0.740157 -0.094488 -0.661417
vn 0.740157 -0.094488 -0.661417
vn 0.740157 -0.094488 -0.661417
vn 0.992126 -0.094488 0.055118
vn 0.740157 -0.094488 -0.661417
vn 0.992126 -0.094488 0.055118
vn 0.992126 -0.094488 0.055118
vn 0.992126 -0.094488 0.055118
vn 0.992126 -0.094488 0.055118
vn 0.661417 -0.094488 0.740157
vn 0.992126 -0.094488 0.055118
vn 0.661417 -0.094488 0.740157
vn 0.661417 -0.094488 0.740157
vn 0.661417 -0.094488 0.740157
vn 0.661417 -0.094488 0.740157
vn -0.055118 -0.094488 0.992126
vn 0.661417 -0.094488 0.740157
vn -0.055118 -0.094488 0.992126
vn -0.055118 -0.094488 0.992126
vn -0.055118 -0.094488 0.992126
vn -0.055118 -0.094488 0.992126
vn -0.740157 -0.094488 0.661417
vn -0.055118 -0.094488 0.992126
vn -0.740157 -0.094488 0.661417
vn -0.740157 -0.094488 0.661417
vn -0.740157 -0.094488 0.661417
vn -0.740157 -0.094488 0.661417
vn -0.992126 -0.094488 -0.055118
vn -0.740157 -0.094488 0.661417
vn -0.992126 -0.094488 -0.055118
vn -0.992126 -0.094488 -0.055118
vn -0.992126 -0.094488 -0.055118
vn -0.992126 -0.094488 -0.055118
vn -0.661417 -0.094488 -0.740157
vn -0.992126 -0.094488 -0.055118
vn -0.661417 -0.094488 -0.740157
vn -0.661417 -0.094488 -0.740157
vn -0.661417 -0.094488 -0.740157
vn -0.661417 -0.094488 -0.740157
vn 0.055118 -0.094488 -0.992126
vn -0.661417 -0.094488 -0.740157
vn 0.055118 -0.094488 -0.992126
vn 0.055118 -0.094488 -0.992126
vn 0.055118 -0.094488 -0.992126
vn 0.055118 -0.094488 -0.992126
vn 0.740157 -0.094488 -0.661417
vn 0.055118 -0.094488 -0.992126
vn 0.740157 -0.094488 -0.661417
vn 0.740157 -0.094488 -0.661417
vn 0.740157 -0.094488 -0.661417
vn 0.740157 -0.094488 -0.661417
vn 0.992126 -0.094488 0.055118
vn 0.740157 -0.094488 -0.661417
vn 0.992126 -0.094488 0.055118
vn 0.992126 -0.094488 0.055118
vn 0.992126 -0.094488 0.055118
vn 0.992126 -0.094488 0.055118
vn 0.661417 -0.094488 0.740157
vn 0.992126 -0.094488 0.055118
vn 0.661417 -0.094488 0.740157
vn 0.661417 -0.094488 0.740157
vn 0.661417 -0.094488 0.740157
vn 0.661417 -0.094488 0.740157
vn -0.055118 -0.094488 0.992126
vn 0.661417 -0.094488 0.740157
vn -0.055118 -0.094488 0.992126
vn -0.055118 -0.094488 0.992126
vn -0.055118 -0.094488 0.992126
vn -0.055118 -0.094488 0.992126
vn -0.740157 -0.094488 0.661417
vn -0.055118 -0.094488 0.992126
vn -0.740157 -0.094488 0.661417
vn -0.740157 -0.094488 0.661417
vn -0.740157 -0.094488 0.661417
vn -0.740157 -0.094488 0.661417
vn -0.992126 -0.094488 -0.055118
vn -0.740157 -0.094488 0.661417
vn -0.992126 -0.094488 -0.055118
vn -0.992126 -0.094488 -0.055118
vn -0.992126 -0.094488 -0.055118
vn -0.992126 -0.094488 -0.055118
vn -0.661417 -0.094488 -0.740157
vn -0.992126 -0.094488 -0.055118
vn -0.661417 -0.094488 -0.740157
vn -0.661417 -0.094488 -0.740157
vn -0.661417 -0.094488 -0.740157
vn -0.661417 -0.094488 -0.740157
vn 0.055118 -0.094488 -0.992126
vn -0.661417 -0.094488 -0.740157
vn 0.055118 -0.094488 -0.992126
vn 0.055118 -0.094488 -0.992126
vn 0.055118 -0.094488 -0.992126
vn 0.055118 -0.094488 -0.992126
vn 0.740157 -0.094488 -0.661417
vn 0.055118 -0.094488 -0.992126
vn 0.740157 -0.094488 -0.661417
vn 0.740157 -0.094488 -0.661417
vn 0.740157 -0.094488 -0.661417
vn 0.740157 -0.094488 -0.661417
vn 0.992126 -0.094488 0.055118
vn 0.740157 -0.094488 -0.661417
vn 0.992126 -0.094488 0.055118
vn 0.992126 -0.094488 0.055118
vn 0.992126 -0.094488 0.055118
vn 0.992126 -0.094488 0.055118
vn 0.661417 -0.094488 0.740157
vn 0.992126 -0.094488 0.055118
vn 0.661417 -0.094488 0.740157
vn 0.661417 -0.094488 0.740157
vn 0.661417 -0.094488 0.740157
vn 0.661417 -0.094488 0.740157
vn -0.055118 -0.094488 0.992126
vn 0.661417 -0.094488 0.740157
vn -0.055118 -0.094488 0.992126
vn -0.055118 -0.094488 0.992126
vn -0.055118 -0.094488 0.992126
vn -0.055118 -0.094488 0.992126
vn -0.740157 -0.094488 0.661417
vn -0.055118 -0.094488 0.992126
vn -0.740157 -0.094488 0.661417
vn -0.740157 -0.094488 0.661417
vn -0.740157 -0.094488 0.661417
vn -0.740157 -0.094488 0.661417
vn -0.992126 -0.094488 -0.055118
vn -0.740157 -0.094488 0.661417
vn -0.992126 -0.094488 -0.055118
vn -0.992126 -0.094488 -0.055118
vn -0.992126 -0.094488 -0.055118
vn -0.992126 -0.094488 -0.055118
vn -0.661417 -0.094488 -0.740157
vn -0.992126 -0.094488 -0.055118
vn -0.661417 -0.094488 -0.740157
vn -0.661417 -0.094488 -0.740157
vn -0.661417 -0.094488 -0.740157
vn -0.661417 -0.094488 -0.740157
vn 0.055118 -0.094488 -0.992126
vn -0.661417 -0.094488 -0.740157
vn 0.055118 -0.094488 -0.992126
vn 0.055118 -0.094488 -0.992126
vn 0.055118 -0.094488 -0.992126
vn 0.055118 -0.094488 -0.992126
vn 0.740157 -0.094488 -0.661417
vn 0.055118 -0.094488 -0.992126
vn 0.740157 -0.094488 -0.661417
vn 0.740157 -0.094488 -0.661417
vn 0.740157 -0.094488 -0.661417
vn 0.740157 -0.094488 -0.661417
vn 0.992126 -0.094488 0.055118
vn 0.740157 -0.094488 -0.661417
vn 0.992126 -0.094488 0.055118
vn 0.992126 -0.094488 0.055118
vn 0.992126 -0.094488 0.055118
vn 0.992126 -0.094488 0.055118
vn 0.661417 -0.094488 0.740157
vn 0.992126 -0.094488 0.055118
vn 0.661417 -0.094488 0.740157
vn 0.661417 -0.094488 0.740157
vn 0.661417 -0.094488 0.740157
vn 0.661417 -0.094488 0.740157
vn -0.055118 -0.094488 0.992126
vn 0.661417 -0.094488 0.740157
vn -0.055118 -0.094488 0.992126
vn -0.055118 -0.094488 0.992126
vn -0.055118 -0.094488 0.992126
vn -0.055118 -0.094488 0.992126
vn -0.740157 -0.094488 0.661417
vn -0.055118 -0.094488 0.992126
vn -0.740157 -0.094488 0.661417
vn -0.740157 -0.094488 0.661417
vn -0.740157 -0.094488 0.661417
vn -0.740157 -0.094488 0.661417
vn -0.992126 -0.094488 -0.055118
vn -0.740157 -0.094488 0.661417
vn -0.992126 -0.094488 -0.055118
vn -0.992126 -0.094488 -0.055118
vn -0.992126 -0.094488 -0.055118
vn -0.992126 -0.094488 -0.055118
vn -0.661417 -0.094488 -0.740157
vn -0.992126 -0.094488 -0.055118
vn -0.661417 -0.094488 -0.740157
vn -0.661417 -0.094488 -0.740157
vn -0.661417 -0.094488 -0.740157
vn -0.661417 -0.094488 -0.740157
vn 0.055118 -0.094488 -0.992126
vn -0.661417 -0.094488 -0.740157
vn 0.055118 -0.094488 -0.992126
vn 0.055118 -0.094488 -0.992126
vn -0.850394 0.291339 -0.440945
vn -0.850394 0.291339 -0.440945
vn -0.850394 0.291339 -0.440945
vn -0.850394 0.291339 -0.440945
vn -0.850394 0.291339 -0.440945
vn -0.850394 0.291339 -0.440945
vn -0.669291 0.283465 -0.685039
vn -0.669291 0.283465 -0.685039
vn -0.669291 0.283465 -0.685039
vn -0.669291 0.283465 -0.685039
vn -0.669291 0.283465 -0.685039
vn -0.669291 0.283465 -0.685039
vn -0.425197 0.283465 -0.858268
vn -0.425197 0.283465 -0.858268
vn -0.425197 0.283465 -0.858268
vn -0.425197 0.283465 -0.858268
vn -0.425197 0.283465 -0.858268
vn -0.425197 0.283465 -0.858268
vn -0.149606 0.283465 -0.944882
vn -0.149606 0.283465 -0.944882
vn -0.149606 0.283465 -0.944882
vn -0.149606 0.283465 -0.944882
vn -0.149606 0.283465 -0.944882
vn -0.149606 0.283465 -0.944882
vn 0.149606 0.283465 -0.944882
vn 0.149606 0.283465 -0.944882
vn 0.149606 0.283465 -0.944882
vn 0.149606 0.283465 -0.944882
vn 0.149606 0.283465 -0.944882
vn 0.149606 0.283465 -0.944882
vn 0.425197 0.283465 -0.858268
vn 0.425197 0.283465 -0.858268
vn 0.425197 0.283465 -0.858268
vn 0.425197 0.283465 -0.858268
vn 0.425197 0.283465 -0.858268
vn 0.425197 0.283465 -0.858268
vn 0.669291 0.283465 -0.685039
vn 0.669291 0.283465 -0.685039
vn 0.669291 0.283465 -0.685039
vn 0.669291 0.283465 -0.685039
vn 0.669291 0.283465 -0.685039
vn 0.669291 0.283465 -0.685039
vn 0.850394 0.291339 -0.440945
vn 0.850394 0.291339 -0.440945
vn 0.850394 0.291339 -0.440945
vn 0.850394 0.291339 -0.440945
vn 0.850394 0.291339 -0.440945
vn 0.850394 0.291339 -0.440945
vn 0.944882 0.291339 -0.149606
vn 0.944882 0.291339 -0.149606
vn 0.944882 0.291339 -0.149606
vn 0.944882 0.291339 -0.149606
vn 0.944882 0.291339 -0.149606
vn 0.944882 0.291339 -0.149606
vn 0.944882 0.291339 0.149606
vn 0.944882 0.291339 0.149606
vn 0.944882 0.291339 0.149606
vn 0.944882 0.291339 0.149606
vn 0.944882 0.291339 0.149606
vn 0.944882 0.291339 0.149606
vn 0.850394 0.291339 0.440945
vn 0.850394 0.291339 0.440945
vn 0.850394 0.291339 0.440945
vn 0.850394 0.291339 0.440945
vn 0.850394 0.291339 0.440945
vn 0.850394 0.291339 0.440945
vn 0.669291 0.283465 0.685039
vn 0.669291 0.283465 0.685039
vn 0.669291 0.283465 0.685039
vn 0.669291 0.283465 0.685039
vn 0.669291 0.283465 0.685039
vn 0.669291 0.283465 0.685039
vn 0.425197 0.283465 0.858268
vn 0.425197 0.283465 0.858268
vn 0.425197 0.283465 0.858268
vn 0.425197 0.283465 0.858268
vn 0.425197 0.283465 0.858268
vn 0.425197 0.283465 0.858268
vn 0.149606 0.283465 0.944882
vn 0.149606 0.283465 0.944882
vn 0.149606 0.283465 0.944882
vn 0.149606 0.283465 0.944882
vn 0.149606 0.283465 0.944882
vn 0.149606 0.283465 0.944882
vn -0.149606 0.283465 0.944882
vn -0.149606 0.283465 0.944882
vn -0.149606 0.283465 0.944882
vn -0.149606 0.283465 0.944882
vn -0.149606 0.283465 0.944882
vn -0.149606 0.283465 0.944882
vn -0.425197 0.283465 0.858268
vn -0.425197 0.283465 0.858268
vn -0.425197 0.283465 0.858268
vn -0.425197 0.283465 0.858268
vn -0.425197 0.283465 0.858268
vn -0.425197 0.283465 0.858268
vn -0.669291 0.283465 0.685039
vn -0.669291 0.283465 0.685039
vn -0.669291 0.283465 0.685039
vn -0.669291 0.283465 0.685039
vn -0.669291 0.283465 0.685039
vn -0.669291 0.283465 0.685039
vn -0.850394 0.291339 0.440945
vn -0.850394 0.291339 0.440945
vn -0.850394 0.291339 0.440945
vn -0.850394 0.291339 0.440945
vn -0.850394 0.291339 0.440945
vn -0.850394 0.291339 0.440945
vn -0.944882 0.291339 0.149606
vn -0.944882 0.291339 0.149606
vn -0.944882 0.291339 0.149606
vn -0.944882 0.291339 0.149606
vn -0.944882 0.291339 0.149606
vn -0.944882 0.291339 0.149606
vn -0.944882 0.291339 -0.149606
vn -0.944882 0.291339 -0.149606
vn -0.944882 0.291339 -0.149606
vn -0.944882 0.291339 -0.149606
vn -0.944882 0.291339 -0.149606
vn -0.944882 0.291339 -0.149606
vn -1.000000 0.000000 0.000000
vn -1.000000 0.000000 0.000000
vn -1.000000 0.000000 0.000000
vn -1.000000 0.000000 0.000000
vn -1.000000 0.000000 0.000000
vn -1.000000 0.000000 0.000000
vn 1.000000 0.000000 0.000000
vn 1.000000 0.000000 0.000000
vn 1.000000 0.000000 0.000000
vn 1.000000 0.000000 0.000000
vn 1.000000 0.000000 0.000000
vn 1.000000 0.000000 0.000000
vn 0.000000 0.000000 -1.000000
vn 0.000000 0.000000 -1.000000
vn 0.000000 0.000000 -1.000000
vn 0.000000 0.000000 -1.000000
vn 0.000000 0.000000 -1.000000
vn 0.000000 0.000000 -1.000000
vn 0.000000 0.000000 -1.000000
vn 0.000000 0.000000 -1.000000
vn 0.000000 0.000000 -1.000000
vn 0.000000 0.000000 -1.000000
vn 0.000000 0.000000 -1.000000
vn 0.000000 0.000000 -1.000000
vn 0.000000 0.000000 -1.000000
vn 0.000000 0.000000 -1.000000
vn 0.000000 0.000000 -1.000000
vn 0.000000 0.000000 -1.000000
vn 0.000000 0.000000 -1.000000
vn 0.000000 0.000000 -1.000000
vn -1.000000 0.000000 -0.015748
vn -1.000000 0.000000 -0.015748
vn -1.000000 0.000000 -0.015748
vn -1.000000 0.000000 -0.015748
vn -1.000000 0.000000 -0.015748
vn -1.000000 0.000000 -0.015748
vn 1.000000 0.000000 -0.007874
vn 1.000000 0.000000 -0.007874
vn 1.000000 0.000000 -0.007874
vn 1.000000 0.000000 -0.007874
vn 1.000000 0.000000 -0.007874
vn 1.000000 0.000000 -0.007874
vn 0.897638 -0.433071 0.078740
vn 0.889764 -0.456693 -0.007874
vn 0.889764 -0.456693 -0.007874
vn 0.897638 -0.433071 0.078740
vn 0.897638 -0.433071 0.078740
vn 0.889764 -0.456693 -0.007874
vn 0.874016 -0.401575 0.267717
vn 0.897638 -0.433071 0.078740
vn 0.897638 -0.433071 0.078740
vn 0.874016 -0.401575 0.267717
vn 0.874016 -0.401575 0.267717
vn 0.897638 -0.433071 0.078740
vn 0.818898 -0.393701 0.417323
vn 0.874016 -0.401575 0.267717
vn 0.874016 -0.401575 0.267717
vn 0.818898 -0.393701 0.417323
vn 0.818898 -0.393701 0.417323
vn 0.874016 -0.401575 0.267717
vn 0.748031 -0.385827 0.543307
vn 0.818898 -0.393701 0.417323
vn 0.818898 -0.393701 0.417323
vn 0.748031 -0.385827 0.543307
vn 0.748031 -0.385827 0.543307
vn 0.818898 -0.393701 0.417323
vn 0.637795 -0.377953 0.669291
vn 0.748031 -0.385827 0.543307
vn 0.748031 -0.385827 0.543307
vn 0.637795 -0.377953 0.669291
vn 0.637795 -0.377953 0.669291
vn 0.748031 -0.385827 0.543307
vn 0.503937 -0.370079 0.779528
vn 0.637795 -0.377953 0.669291
vn 0.637795 -0.377953 0.669291
vn 0.503937 -0.370079 0.779528
vn 0.503937 -0.370079 0.779528
vn 0.637795 -0.377953 0.669291
vn 0.503937 -0.370079 0.779528
vn 0.503937 -0.370079 0.779528
vn 0.385827 -0.362205 0.850394
vn 0.503937 -0.370079 0.779528
vn 0.385827 -0.362205 0.850394
vn 0.385827 -0.362205 0.850394
vn 0.385827 -0.362205 0.850394
vn 0.385827 -0.362205 0.850394
vn 0.244094 -0.362205 0.897638
vn 0.385827 -0.362205 0.850394
vn 0.244094 -0.362205 0.897638
vn 0.244094 -0.362205 0.897638
vn 0.244094 -0.362205 0.897638
vn 0.070866 -0.362205 0.929134
vn 0.244094 -0.362205 0.897638
vn 0.070866 -0.362205 0.929134
vn 0.070866 -0.362205 0.929134
vn 0.244094 -0.362205 0.897638
vn 0.070866 -0.362205 0.929134
vn 0.070866 -0.362205 0.929134
vn 0.000000 -0.377953 0.921260
vn 0.000000 -0.377953 0.921260
vn 0.070866 -0.362205 0.929134
vn 0.000000 -0.377953 0.921260
vn 0.000000 -0.377953 0.921260
vn 0.000000 -0.377953 0.921260
vn 0.000000 -0.377953 0.921260
vn 0.000000 -0.377953 0.921260
vn 0.000000 -0.377953 0.921260
vn 0.000000 -0.377953 0.921260
vn -0.070866 -0.362205 0.929134
vn 0.000000 -0.377953 0.921260
vn 0.000000 -0.377953 0.921260
vn -0.070866 -0.362205 0.929134
vn -0.070866 -0.362205 0.929134
vn 0.000000 -0.377953 0.921260
vn -0.070866 -0.362205 0.929134
vn -0.070866 -0.362205 0.929134
vn -0.244094 -0.362205 0.897638
vn -0.070866 -0.362205 0.929134
vn -0.244094 -0.362205 0.897638
vn -0.244094 -0.362205 0.897638
vn -0.244094 -0.362205 0.897638
vn -0.244094 -0.362205 0.897638
vn -0.385827 -0.362205 0.850394
vn -0.385827 -0.362205 0.850394
vn -0.244094 -0.362205 0.897638
vn -0.385827 -0.362205 0.850394
vn -0.385827 -0.362205 0.850394
vn -0.385827 -0.362205 0.850394
vn -0.503937 -0.370079 0.779528
vn -0.503937 -0.370079 0.779528
vn -0.385827 -0.362205 0.850394
vn -0.503937 -0.370079 0.779528
vn -0.503937 -0.370079 0.779528
vn -0.637795 -0.377953 0.669291
vn -0.503937 -0.370079 0.779528
vn -0.637795 -0.377953 0.669291
vn -0.637795 -0.377953 0.669291
vn -0.503937 -0.370079 0.779528
vn -0.637795 -0.377953 0.669291
vn -0.748031 -0.385827 0.543307
vn -0.637795 -0.377953 0.669291
vn -0.748031 -0.385827 0.543307
vn -0.748031 -0.385827 0.543307
vn -0.637795 -0.377953 0.669291
vn -0.748031 -0.385827 0.543307
vn -0.818898 -0.393701 0.417323
vn -0.748031 -0.385827 0.543307
vn -0.818898 -0.393701 0.417323
vn -0.818898 -0.393701 0.417323
vn -0.748031 -0.385827 0.543307
vn -0.818898 -0.393701 0.417323
vn -0.874016 -0.401575 0.267717
vn -0.818898 -0.393701 0.417323
vn -0.874016 -0.401575 0.267717
vn -0.874016 -0.401575 0.267717
vn -0.818898 -0.393701 0.417323
vn -0.874016 -0.401575 0.267717
vn -0.897638 -0.433071 0.078740
vn -0.874016 -0.401575 0.267717
vn -0.897638 -0.433071 0.078740
vn -0.897638 -0.433071 0.078740
vn -0.874016 -0.401575 0.267717
vn -0.897638 -0.433071 0.078740
vn -0.897638 -0.433071 0.078740
vn -0.889764 -0.456693 -0.007874
vn -0.889764 -0.456693 -0.007874
vn -0.897638 -0.433071 0.078740
vn -0.889764 -0.456693 -0.007874
vn 0.000000 -1.000000 0.000000
vn 0.000000 -1.000000 0.000000
vn 0.000000 -1.000000 0.000000
vn 0.000000 -1.000000 0.000000
vn 0.000000 -1.000000 0.000000
vn 0.000000 -1.000000 0.000000
vn 0.000000 -1.000000 0.000000
vn 0.000000 -1.000000 0.000000
vn 0.000000 -1.000000 0.000000
vn 0.000000 -0.007874 -1.000000
vn 0.000000 -0.007874 -1.000000
vn 0.000000 0.000000 -1.000000
vn 0.000000 -0.007874 -1.000000
vn 0.000000 -0.007874 -1.000000
vn 0.000000 0.000000 -1.000000
vn 0.889764 -0.456693 0.007874
vn 0.897638 -0.433071 -0.078740
vn 0.889764 -0.456693 0.007874
vn 0.897638 -0.433071 -0.078740
vn 0.897638 -0.433071 -0.078740
vn 0.889764 -0.456693 0.007874
vn 0.897638 -0.433071 -0.078740
vn 0.874016 -0.401575 -0.267717
vn 0.897638 -0.433071 -0.078740
vn 0.874016 -0.401575 -0.267717
vn 0.874016 -0.401575 -0.267717
vn 0.897638 -0.433071 -0.078740
vn 0.874016 -0.401575 -0.267717
vn 0.818898 -0.393701 -0.417323
vn 0.874016 -0.401575 -0.267717
vn 0.818898 -0.393701 -0.417323
vn 0.818898 -0.393701 -0.417323
vn 0.874016 -0.401575 -0.267717
vn 0.818898 -0.393701 -0.417323
vn 0.748031 -0.385827 -0.543307
vn 0.818898 -0.393701 -0.417323
vn 0.748031 -0.385827 -0.543307
vn 0.748031 -0.385827 -0.543307
vn 0.818898 -0.393701 -0.417323
vn 0.748031 -0.385827 -0.543307
vn 0.637795 -0.377953 -0.669291
vn 0.748031 -0.385827 -0.543307
vn 0.637795 -0.377953 -0.669291
vn 0.637795 -0.377953 -0.669291
vn 0.748031 -0.385827 -0.543307
vn 0.637795 -0.377953 -0.669291
vn 0.503937 -0.370079 -0.779528
vn 0.637795 -0.377953 -0.669291
vn 0.503937 -0.370079 -0.779528
vn 0.503937 -0.370079 -0.779528
vn 0.637795 -0.377953 -0.669291
vn 0.503937 -0.370079 -0.779528
vn 0.385827 -0.362205 -0.850394
vn 0.503937 -0.370079 -0.779528
vn 0.385827 -0.362205 -0.850394
vn 0.385827 -0.362205 -0.850394
vn 0.503937 -0.370079 -0.779528
vn 0.385827 -0.362205 -0.850394
vn 0.244094 -0.362205 -0.897638
vn 0.385827 -0.362205 -0.850394
vn 0.244094 -0.362205 -0.897638
vn 0.244094 -0.362205 -0.897638
vn 0.385827 -0.362205 -0.850394
vn 0.070866 -0.362205 -0.929134
vn 0.244094 -0.362205 -0.897638
vn 0.244094 -0.362205 -0.897638
vn 0.070866 -0.362205 -0.929134
vn 0.070866 -0.362205 -0.929134
vn 0.244094 -0.362205 -0.897638
vn 0.070866 -0.362205 -0.929134
vn 0.070866 -0.362205 -0.929134
vn 0.000000 -0.377953 -0.921260
vn 0.070866 -0.362205 -0.929134
vn 0.000000 -0.377953 -0.921260
vn 0.000000 -0.377953 -0.921260
vn 0.000000 -0.377953 -0.921260
vn 0.000000 -0.377953 -0.921260
vn 0.000000 -0.377953 -0.921260
vn 0.000000 -0.377953 -0.921260
vn 0.000000 -0.377953 -0.921260
vn 0.000000 -0.377953 -0.921260
vn 0.000000 -0.377953 -0.921260
vn -0.070866 -0.362205 -0.929134
vn 0.000000 -0.377953 -0.921260
vn -0.070866 -0.362205 -0.929134
vn -0.070866 -0.362205 -0.929134
vn 0.000000 -0.377953 -0.921260
vn -0.070866 -0.362205 -0.929134
vn -0.070866 -0.362205 -0.929134
vn -0.244094 -0.362205 -0.897638
vn -0.244094 -0.362205 -0.897638
vn -0.070866 -0.362205 -0.929134
vn -0.244094 -0.362205 -0.897638
vn -0.385827 -0.362205 -0.850394
vn -0.244094 -0.362205 -0.897638
vn -0.244094 -0.362205 -0.897638
vn -0.385827 -0.362205 -0.850394
vn -0.385827 -0.362205 -0.850394
vn -0.244094 -0.362205 -0.897638
vn -0.503937 -0.370079 -0.779528
vn -0.385827 -0.362205 -0.850394
vn -0.385827 -0.362205 -0.850394
vn -0.503937 -0.370079 -0.779528
vn -0.503937 -0.370079 -0.779528
vn -0.385827 -0.362205 -0.850394
vn -0.637795 -0.377953 -0.669291
vn -0.503937 -0.370079 -0.779528
vn -0.503937 -0.370079 -0.779528
vn -0.637795 -0.377953 -0.669291
vn -0.637795 -0.377953 -0.669291
vn -0.503937 -0.370079 -0.779528
vn -0.748031 -0.385827 -0.543307
vn -0.637795 -0.377953 -0.669291
vn -0.637795 -0.377953 -0.669291
vn -0.748031 -0.385827 -0.543307
vn -0.748031 -0.385827 -0.543307
vn -0.637795 -0.377953 -0.669291
vn -0.818898 -0.393701 -0.417323
vn -0.748031 -0.385827 -0.543307
vn -0.748031 -0.385827 -0.543307
vn -0.818898 -0.393701 -0.417323
vn -0.818898 -0.393701 -0.417323
vn -0.748031 -0.385827 -0.543307
vn -0.874016 -0.401575 -0.267717
vn -0.818898 -0.393701 -0.417323
vn -0.818898 -0.393701 -0.417323
vn -0.874016 -0.401575 -0.267717
vn -0.874016 -0.401575 -0.267717
vn -0.818898 -0.393701 -0.417323
vn -0.897638 -0.433071 -0.078740
vn -0.874016 -0.401575 -0.267717
vn -0.874016 -0.401575 -0.267717
vn -0.897638 -0.433071 -0.078740
vn -0.897638 -0.433071 -0.078740
vn -0.874016 -0.401575 -0.267717
vn -0.897638 -0.433071 -0.078740
vn -0.897638 -0.433071 -0.078740
vn -0.889764 -0.456693 0.007874
vn -0.897638 -0.433071 -0.078740
vn -0.889764 -0.456693 0.007874
vn -0.889764 -0.456693 0.007874
vn 0.992126 0.000000 0.094488
vn 1.000000 0.000000 0.000000
vn 0.992126 0.000000 0.094488
vn 1.000000 0.000000 0.000000
vn 1.000000 0.000000 0.000000
vn 0.992126 0.000000 0.094488
vn 0.992126 0.000000 0.094488
vn 0.992126 0.000000 0.094488
vn 0.921260 0.000000 0.385827
vn 0.992126 0.000000 0.094488
vn 0.921260 0.000000 0.385827
vn 0.921260 0.000000 0.385827
vn 0.921260 0.000000 0.385827
vn 0.921260 0.000000 0.385827
vn 0.708661 -0.007874 0.708661
vn 0.921260 0.000000 0.385827
vn 0.708661 -0.007874 0.708661
vn 0.708661 -0.007874 0.708661
vn 0.708661 -0.007874 0.708661
vn 0.708661 -0.007874 0.708661
vn 0.385827 -0.007874 0.921260
vn 0.708661 -0.007874 0.708661
vn 0.385827 -0.007874 0.921260
vn 0.385827 -0.007874 0.921260
vn 0.385827 -0.007874 0.921260
vn 0.385827 -0.007874 0.921260
vn 0.094488 0.000000 0.992126
vn 0.094488 0.000000 0.992126
vn 0.385827 -0.007874 0.921260
vn 0.094488 0.000000 0.992126
vn 0.094488 0.000000 0.992126
vn 0.094488 0.000000 0.992126
vn 0.000000 0.000000 1.000000
vn 0.094488 0.000000 0.992126
vn 0.000000 0.000000 1.000000
vn 0.000000 0.000000 1.000000
vn 0.000000 1.000000 0.000000
vn 0.000000 1.000000 0.000000
vn 0.000000 1.000000 0.000000
vn 0.000000 1.000000 0.000000
vn 0.000000 1.000000 0.000000
vn 0.000000 1.000000 0.000000
vn 0.000000 1.000000 0.000000
vn 0.000000 1.000000 0.000000
vn 0.000000 1.000000 0.000000
vn 0.000000 1.000000 0.000000
vn 0.000000 1.000000 0.000000
vn 0.000000 1.000000 0.000000
vn 0.000000 0.000000 -1.000000
vn 0.000000 0.000000 -1.000000
vn 0.000000 0.000000 -1.000000
vn 0.000000 0.000000 -1.000000
vn 0.000000 0.000000 -1.000000
vn 0.000000 0.000000 -1.000000
vn 0.000000 0.086614 1.000000
vn 0.000000 0.086614 1.000000
vn 0.000000 0.086614 1.000000
vn 0.000000 0.086614 1.000000
vn 0.000000 0.086614 1.000000
vn 0.000000 0.086614 1.000000
vn 0.023622 0.007874 1.000000
vn 0.023622 0.007874 1.000000
vn 0.023622 0.007874 1.000000
vn 0.023622 0.007874 1.000000
vn 0.023622 0.007874 1.000000
vn 0.023622 0.007874 1.000000
vn 0.000000 -0.125984 0.992126
vn 0.000000 -0.125984 0.992126
vn 0.000000 -0.125984 0.992126
vn 0.000000 -0.125984 0.992126
vn 0.000000 -0.125984 0.992126
vn 0.000000 -0.125984 0.992126
vn -0.023622 0.007874 1.000000
vn -0.023622 0.007874 1.000000
vn -0.023622 0.007874 1.000000
vn -0.023622 0.007874 1.000000
vn -0.023622 0.007874 1.000000
vn -0.023622 0.007874 1.000000
vn 0.000000 0.000000 1.000000
vn 0.000000 0.000000 1.000000
vn 0.000000 0.000000 1.000000
vn 0.000000 0.000000 1.000000
vn 0.000000 0.000000 1.000000
vn 0.000000 0.000000 1.000000
vn 0.000000 -0.968504 0.259843
vn 0.000000 -0.968504 0.259843
vn 0.000000 -0.968504 0.259843
vn 0.000000 -0.968504 0.259843
vn 0.000000 -0.968504 0.259843
vn 0.000000 -0.968504 0.259843
vn 0.448819 0.031496 0.889764
vn 0.724409 0.031496 0.692913
vn 0.724409 0.031496 0.692913
vn 0.724409 0.031496 0.692913
vn 0.913386 0.031496 0.417323
vn 0.724409 0.031496 0.692913
vn 0.000000 0.811024 0.582677
vn 0.000000 0.811024 0.582677
vn 0.000000 0.811024 0.582677
vn 0.000000 0.811024 0.582677
vn 0.000000 0.811024 0.582677
vn 0.000000 0.811024 0.582677
vn -0.448819 0.031496 0.889764
vn -0.724409 0.031496 0.692913
vn -0.724409 0.031496 0.692913
vn -0.724409 0.031496 0.692913
vn -0.913386 0.031496 0.417323
vn -0.724409 0.031496 0.692913
vn 0.000000 -0.881890 0.464567
vn 0.000000 -0.881890 0.464567
vn 0.000000 -0.881890 0.464567
vn 0.000000 -0.881890 0.464567
vn 0.000000 -0.881890 0.464567
vn 0.000000 -0.881890 0.464567
vn 0.456693 0.031496 0.889764
vn 0.456693 0.031496 0.889764
vn 0.456693 0.031496 0.889764
vn 0.456693 0.031496 0.889764
vn 0.456693 0.031496 0.889764
vn 0.456693 0.031496 0.889764
vn -0.456693 0.031496 0.889764
vn -0.456693 0.031496 0.889764
vn -0.456693 0.031496 0.889764
vn -0.456693 0.031496 0.889764
vn -0.456693 0.031496 0.889764
vn -0.456693 0.031496 0.889764
vn 0.000000 0.748031 0.669291
vn 0.000000 0.748031 0.669291
vn 0.000000 0.748031 0.669291
vn 0.000000 0.748031 0.669291
vn 0.000000 0.748031 0.669291
vn 0.000000 0.748031 0.669291
vn 0.047244 1.000000 -0.047244
vn 0.047244 1.000000 -0.047244
vn -0.047244 1.000000 -0.047244
vn 0.047244 1.000000 -0.047244
vn -0.047244 1.000000 -0.047244
vn -0.047244 1.000000 -0.047244
vn -0.047244 1.000000 -0.047244
vn -0.047244 1.000000 -0.047244
vn -0.047244 1.000000 0.047244
vn -1.000000 0.000000 0.000000
vn -1.000000 0.000000 0.000000
vn -1.000000 0.000000 0.000000
vn -1.000000 0.000000 0.000000
vn -1.000000 0.000000 0.000000
vn -1.000000 0.000000 0.000000
vn 0.000000 0.000000 1.000000
vn 0.000000 0.000000 1.000000
vn 0.000000 0.000000 1.000000
vn 0.000000 0.000000 1.000000
vn 0.000000 0.000000 1.000000
vn 0.000000 0.000000 1.000000
vn 1.000000 0.000000 0.000000
vn 1.000000 0.000000 0.000000
vn 1.000000 0.000000 0.000000
vn 1.000000 0.000000 0.000000
vn 1.000000 0.000000 0.000000
vn 1.000000 0.000000 0.000000
vn 0.000000 0.000000 -1.000000
vn 0.000000 0.000000 -1.000000
vn 0.000000 0.000000 -1.000000
vn 0.000000 0.000000 -1.000000
vn 0.000000 0.000000 -1.000000
vn 0.000000 0.000000 -1.000000
vn 1.000000 0.000000 0.000000
vn 1.000000 0.000000 0.000000
vn 1.000000 0.000000 0.000000
vn 1.000000 0.000000 0.000000
vn 1.000000 0.000000 0.000000
vn 1.000000 0.000000 0.000000
vn 1.000000 0.000000 0.000000
vn 1.000000 0.000000 0.000000
vn 1.000000 0.000000 0.000000
vn 1.000000 0.000000 0.000000
vn 1.000000 0.000000 0.000000
vn 1.000000 0.000000 0.000000
vn 0.000000 0.000000 1.000000
vn 0.000000 0.000000 1.000000
vn 0.000000 0.000000 1.000000
vn 0.000000 0.000000 1.000000
vn 0.000000 0.000000 1.000000
vn 0.000000 0.000000 1.000000
vn 0.000000 -0.007874 1.000000
vn 0.000000 -0.007874 1.000000
vn 0.000000 -0.007874 1.000000
vn 0.000000 -0.007874 1.000000
vn 0.000000 -0.007874 1.000000
vn 0.000000 -0.007874 1.000000
vn 0.000000 0.000000 1.000000
vn 0.000000 0.000000 1.000000
vn 0.000000 0.000000 1.000000
vn 0.000000 0.000000 1.000000
vn 0.000000 0.000000 1.000000
vn 0.000000 0.000000 1.000000
vn 1.000000 0.000000 0.000000
vn 1.000000 0.000000 0.000000
vn 1.000000 0.000000 0.000000
vn 1.000000 0.000000 0.000000
vn 1.000000 0.000000 0.000000
vn 1.000000 0.000000 0.000000
vn -1.000000 0.000000 0.000000
vn -1.000000 0.000000 0.000000
vn -1.000000 0.000000 0.000000
vn -1.000000 0.000000 0.000000
vn -1.000000 0.000000 0.000000
vn -1.000000 0.000000 0.000000
vn 0.000000 0.000000 -1.000000
vn 0.000000 0.000000 -1.000000
vn 0.000000 0.000000 -1.000000
vn 0.000000 0.000000 -1.000000
vn 0.000000 0.000000 -1.000000
vn 0.000000 0.000000 -1.000000
vn 0.000000 0.000000 -1.000000
vn 0.000000 0.000000 -1.000000
vn 0.000000 -0.007874 -1.000000
vn 0.000000 0.000000 -1.000000
vn 0.000000 0.000000 -1.000000
vn 0.000000 -0.007874 -1.000000
vn -1.000000 0.000000 0.000000
vn -1.000000 0.000000 0.000000
vn -1.000000 0.000000 0.000000
vn -1.000000 0.000000 0.000000
vn -1.000000 0.000000 0.000000
vn -1.000000 0.000000 0.000000
vn -1.000000 0.000000 0.000000
vn -1.000000 0.000000 0.000000
vn -1.000000 0.000000 0.000000
vn -1.000000 0.000000 0.000000
vn -1.000000 0.000000 0.000000
vn -1.000000 0.000000 0.000000
vn -1.000000 0.000000 0.000000
vn -1.000000 0.000000 0.000000
vn -1.000000 0.000000 0.000000
vn -1.000000 0.000000 0.000000
vn -1.000000 0.000000 0.000000
vn -1.000000 0.000000 0.000000
vn 0.000000 -0.748031 0.669291
vn 0.000000 -0.748031 0.669291
vn 0.000000 -0.748031 0.669291
vn 0.000000 -0.748031 0.669291
vn 0.000000 -0.748031 0.669291
vn 0.000000 -0.748031 0.669291
vn -0.913386 0.000000 0.401575
vn -0.913386 0.000000 0.401575
vn -0.913386 0.000000 0.401575
vn -0.913386 0.000000 0.401575
vn -0.913386 0.000000 0.401575
vn -0.913386 0.000000 0.401575
vn 0.000000 0.858268 0.511811
vn 0.000000 0.858268 0.511811
vn 0.000000 0.858268 0.511811
vn 0.000000 0.858268 0.511811
vn 0.000000 0.858268 0.511811
vn 0.000000 0.858268 0.511811
vn 0.913386 0.000000 0.401575
vn 0.913386 0.000000 0.401575
vn 0.913386 0.000000 0.401575
vn 0.913386 0.000000 0.401575
vn 0.913386 0.000000 0.401575
vn 0.913386 0.000000 0.401575
vn 0.000000 0.000000 1.000000
vn 0.000000 0.000000 1.000000
vn 0.000000 0.000000 1.000000
vn 0.000000 0.000000 1.000000
vn 0.000000 0.000000 1.000000
vn 0.000000 0.000000 1.000000
vn 0.000000 -0.748031 0.669291
vn 0.000000 -0.748031 0.669291
vn 0.000000 -0.748031 0.669291
vn 0.000000 -0.748031 0.669291
vn 0.000000 -0.748031 0.669291
vn 0.000000 -0.748031 0.669291
vn -0.913386 0.000000 0.401575
vn -0.913386 0.000000 0.401575
vn -0.913386 0.000000 0.401575
vn -0.913386 0.000000 0.401575
vn -0.913386 0.000000 0.401575
vn -0.913386 0.000000 0.401575
vn 0.000000 0.858268 0.511811
vn 0.000000 0.858268 0.511811
vn 0.000000 0.858268 0.511811
vn 0.000000 0.858268 0.511811
vn 0.000000 0.858268 0.511811
vn 0.000000 0.858268 0.511811
vn 0.913386 0.000000 0.401575
vn 0.913386 0.000000 0.401575
vn 0.913386 0.000000 0.401575
vn 0.913386 0.000000 0.401575
vn 0.913386 0.000000 0.401575
vn 0.913386 0.000000 0.401575
vn 0.000000 0.000000 1.000000
vn 0.000000 0.000000 1.000000
vn 0.000000 0.000000 1.000000
vn 0.000000 0.000000 1.000000
vn 0.000000 0.000000 1.000000
vn 0.000000 0.000000 1.000000
vn 0.645669 -0.417323 -0.645669
vn 0.370079 -0.850394 -0.370079
vn 0.913386 -0.417323 0.000000
vn 0.000000 -0.850394 -0.519685
vn 0.370079 -0.850394 -0.370079
vn 0.645669 -0.417323 -0.645669
vn 0.000000 -0.850394 -0.519685
vn 0.000000 -1.000000 0.000000
vn 0.370079 -0.850394 -0.370079
vn 0.370079 -0.850394 -0.370079
vn 0.519685 -0.850394 0.000000
vn 0.913386 -0.417323 0.000000
vn 0.370079 -0.850394 -0.370079
vn 0.000000 -1.000000 0.000000
vn 0.519685 -0.850394 0.000000
vn 0.000000 -0.417323 -0.913386
vn 0.000000 -0.850394 -0.519685
vn 0.645669 -0.417323 -0.645669
vn 0.913386 -0.417323 0.000000
vn 0.519685 -0.850394 0.000000
vn 0.645669 -0.417323 0.645669
vn 0.519685 -0.850394 0.000000
vn 0.000000 -1.000000 0.000000
vn 0.370079 -0.850394 0.370079
vn 0.519685 -0.850394 0.000000
vn 0.370079 -0.850394 0.370079
vn 0.645669 -0.417323 0.645669
vn -0.370079 -0.850394 -0.370079
vn 0.000000 -1.000000 0.000000
vn 0.000000 -0.850394 -0.519685
vn -0.370079 -0.850394 -0.370079
vn 0.000000 -0.850394 -0.519685
vn 0.000000 -0.417323 -0.913386
vn 0.645669 -0.417323 0.645669
vn 0.370079 -0.850394 0.370079
vn 0.000000 -0.417323 0.913386
vn 0.370079 -0.850394 0.370079
vn 0.000000 -1.000000 0.000000
vn 0.000000 -0.850394 0.519685
vn 0.370079 -0.850394 0.370079
vn 0.000000 -0.850394 0.519685
vn 0.000000 -0.417323 0.913386
vn -0.519685 -0.850394 0.000000
vn 0.000000 -1.000000 0.000000
vn -0.370079 -0.850394 -0.370079
vn -0.370079 -0.850394 0.370079
vn 0.000000 -1.000000 0.000000
vn -0.519685 -0.850394 0.000000
vn 0.000000 -0.850394 0.519685
vn 0.000000 -1.000000 0.000000
vn -0.370079 -0.850394 0.370079
vn -0.645669 -0.417323 -0.645669
vn -0.370079 -0.850394 -0.370079
vn 0.000000 -0.417323 -0.913386
vn -0.519685 -0.850394 0.000000
vn -0.370079 -0.850394 -0.370079
vn -0.645669 -0.417323 -0.645669
vn 0.000000 -0.417323 0.913386
vn 0.000000 -0.850394 0.519685
vn -0.645669 -0.417323 0.645669
vn 0.000000 -0.850394 0.519685
vn -0.370079 -0.850394 0.370079
vn -0.645669 -0.417323 0.645669
vn -0.370079 -0.850394 0.370079
vn -0.519685 -0.850394 0.000000
vn -0.913386 -0.417323 0.000000
vn -0.913386 -0.417323 0.000000
vn -0.519685 -0.850394 0.000000
vn -0.645669 -0.417323 -0.645669
vn -0.645669 -0.417323 0.645669
vn -0.370079 -0.850394 0.370079
vn -0.913386 -0.417323 0.000000
vn 0.905512 -0.417323 -0.039370
vn 0.519685 -0.850394 -0.023622
vn 0.669291 -0.417323 0.614173
vn 0.354331 -0.850394 -0.385827
vn 0.519685 -0.850394 -0.023622
vn 0.905512 -0.417323 -0.039370
vn 0.354331 -0.850394 -0.385827
vn 0.000000 -1.000000 0.000000
vn 0.519685 -0.850394 -0.023622
vn 0.519685 -0.850394 -0.023622
vn 0.385827 -0.850394 0.354331
vn 0.669291 -0.417323 0.614173
vn 0.519685 -0.850394 -0.023622
vn 0.000000 -1.000000 0.000000
vn 0.385827 -0.850394 0.354331
vn 0.614173 -0.417323 -0.669291
vn 0.354331 -0.850394 -0.385827
vn 0.905512 -0.417323 -0.039370
vn 0.669291 -0.417323 0.614173
vn 0.385827 -0.850394 0.354331
vn 0.039370 -0.417323 0.905512
vn 0.385827 -0.850394 0.354331
vn 0.000000 -1.000000 0.000000
vn 0.023622 -0.850394 0.519685
vn 0.385827 -0.850394 0.354331
vn 0.023622 -0.850394 0.519685
vn 0.039370 -0.417323 0.905512
vn -0.023622 -0.850394 -0.519685
vn 0.000000 -1.000000 0.000000
vn 0.354331 -0.850394 -0.385827
vn -0.023622 -0.850394 -0.519685
vn 0.354331 -0.850394 -0.385827
vn 0.614173 -0.417323 -0.669291
vn 0.039370 -0.417323 0.905512
vn 0.023622 -0.850394 0.519685
vn -0.614173 -0.417323 0.669291
vn 0.023622 -0.850394 0.519685
vn 0.000000 -1.000000 0.000000
vn -0.354331 -0.850394 0.385827
vn 0.023622 -0.850394 0.519685
vn -0.354331 -0.850394 0.385827
vn -0.614173 -0.417323 0.669291
vn -0.385827 -0.850394 -0.354331
vn 0.000000 -1.000000 0.000000
vn -0.023622 -0.850394 -0.519685
vn -0.519685 -0.850394 0.023622
vn 0.000000 -1.000000 0.000000
vn -0.385827 -0.850394 -0.354331
vn -0.354331 -0.850394 0.385827
vn 0.000000 -1.000000 0.000000
vn -0.519685 -0.850394 0.023622
vn -0.039370 -0.417323 -0.905512
vn -0.023622 -0.850394 -0.519685
vn 0.614173 -0.417323 -0.669291
vn -0.385827 -0.850394 -0.354331
vn -0.023622 -0.850394 -0.519685
vn -0.039370 -0.417323 -0.905512
vn -0.614173 -0.417323 0.669291
vn -0.354331 -0.850394 0.385827
vn -0.905512 -0.417323 0.039370
vn -0.354331 -0.850394 0.385827
vn -0.519685 -0.850394 0.023622
vn -0.905512 -0.417323 0.039370
vn -0.519685 -0.850394 0.023622
vn -0.385827 -0.850394 -0.354331
vn -0.669291 -0.417323 -0.614173
vn -0.669291 -0.417323 -0.614173
vn -0.385827 -0.850394 -0.354331
vn -0.039370 -0.417323 -0.905512
vn -0.905512 -0.417323 0.039370
vn -0.519685 -0.850394 0.023622
vn -0.669291 -0.417323 -0.614173
vn 0.826772 -0.417323 -0.370079
vn 0.480315 -0.850394 -0.212598
vn 0.850394 -0.417323 0.322835
vn 0.188976 -0.850394 -0.488189
vn 0.480315 -0.850394 -0.212598
vn 0.826772 -0.417323 -0.370079
vn 0.188976 -0.850394 -0.488189
vn 0.000000 -1.000000 0.000000
vn 0.480315 -0.850394 -0.212598
vn 0.480315 -0.850394 -0.212598
vn 0.488189 -0.850394 0.188976
vn 0.850394 -0.417323 0.322835
vn 0.480315 -0.850394 -0.212598
vn 0.000000 -1.000000 0.000000
vn 0.488189 -0.850394 0.188976
vn 0.322835 -0.417323 -0.850394
vn 0.188976 -0.850394 -0.488189
vn 0.826772 -0.417323 -0.370079
vn 0.850394 -0.417323 0.322835
vn 0.488189 -0.850394 0.188976
vn 0.370079 -0.417323 0.826772
vn 0.488189 -0.850394 0.188976
vn 0.000000 -1.000000 0.000000
vn 0.212598 -0.850394 0.480315
vn 0.488189 -0.850394 0.188976
vn 0.212598 -0.850394 0.480315
vn 0.370079 -0.417323 0.826772
vn -0.212598 -0.850394 -0.480315
vn 0.000000 -1.000000 0.000000
vn 0.188976 -0.850394 -0.488189
vn -0.212598 -0.850394 -0.480315
vn 0.188976 -0.850394 -0.488189
vn 0.322835 -0.417323 -0.850394
vn 0.370079 -0.417323 0.826772
vn 0.212598 -0.850394 0.480315
vn -0.322835 -0.417323 0.850394
vn 0.212598 -0.850394 0.480315
vn 0.000000 -1.000000 0.000000
vn -0.188976 -0.850394 0.488189
vn 0.212598 -0.850394 0.480315
vn -0.188976 -0.850394 0.488189
vn -0.322835 -0.417323 0.850394
vn -0.488189 -0.850394 -0.188976
vn 0.000000 -1.000000 0.000000
vn -0.212598 -0.850394 -0.480315
vn -0.480315 -0.850394 0.212598
vn 0.000000 -1.000000 0.000000
vn -0.488189 -0.850394 -0.188976
vn -0.188976 -0.850394 0.488189
vn 0.000000 -1.000000 0.000000
vn -0.480315 -0.850394 0.212598
vn -0.370079 -0.417323 -0.826772
vn -0.212598 -0.850394 -0.480315
vn 0.322835 -0.417323 -0.850394
vn -0.488189 -0.850394 -0.188976
vn -0.212598 -0.850394 -0.480315
vn -0.370079 -0.417323 -0.826772
vn -0.322835 -0.417323 0.850394
vn -0.188976 -0.850394 0.488189
vn -0.826772 -0.417323 0.370079
vn -0.188976 -0.850394 0.488189
vn -0.480315 -0.850394 0.212598
vn -0.826772 -0.417323 0.370079
vn -0.480315 -0.850394 0.212598
vn -0.488189 -0.850394 -0.188976
vn -0.850394 -0.417323 -0.322835
vn -0.850394 -0.417323 -0.322835
vn -0.488189 -0.850394 -0.188976
vn -0.370079 -0.417323 -0.826772
vn -0.826772 -0.417323 0.370079
vn -0.480315 -0.850394 0.212598
vn -0.850394 -0.417323 -0.322835
vn -0.346457 -0.417323 -0.842520
vn -0.196850 -0.850394 -0.480315
vn 0.354331 -0.417323 -0.842520
vn -0.480315 -0.850394 -0.204724
vn -0.196850 -0.850394 -0.480315
vn -0.346457 -0.417323 -0.842520
vn -0.480315 -0.850394 -0.204724
vn 0.000000 -1.000000 0.000000
vn -0.196850 -0.850394 -0.480315
vn -0.196850 -0.850394 -0.480315
vn 0.204724 -0.850394 -0.480315
vn 0.354331 -0.417323 -0.842520
vn -0.196850 -0.850394 -0.480315
vn 0.000000 -1.000000 0.000000
vn 0.204724 -0.850394 -0.480315
vn -0.842520 -0.417323 -0.354331
vn -0.480315 -0.850394 -0.204724
vn -0.346457 -0.417323 -0.842520
vn 0.354331 -0.417323 -0.842520
vn 0.204724 -0.850394 -0.480315
vn 0.842520 -0.417323 -0.346457
vn 0.204724 -0.850394 -0.480315
vn 0.000000 -1.000000 0.000000
vn 0.480315 -0.850394 -0.196850
vn 0.204724 -0.850394 -0.480315
vn 0.480315 -0.850394 -0.196850
vn 0.842520 -0.417323 -0.346457
vn -0.488189 -0.850394 0.196850
vn 0.000000 -1.000000 0.000000
vn -0.480315 -0.850394 -0.204724
vn -0.488189 -0.850394 0.196850
vn -0.480315 -0.850394 -0.204724
vn -0.842520 -0.417323 -0.354331
vn 0.842520 -0.417323 -0.346457
vn 0.480315 -0.850394 -0.196850
vn 0.842520 -0.417323 0.354331
vn 0.480315 -0.850394 -0.196850
vn 0.000000 -1.000000 0.000000
vn 0.480315 -0.850394 0.204724
vn 0.480315 -0.850394 -0.196850
vn 0.480315 -0.850394 0.204724
vn 0.842520 -0.417323 0.354331
vn -0.204724 -0.850394 0.480315
vn 0.000000 -1.000000 0.000000
vn -0.488189 -0.850394 0.196850
vn 0.196850 -0.850394 0.480315
vn 0.000000 -1.000000 0.000000
vn -0.204724 -0.850394 0.480315
vn 0.480315 -0.850394 0.204724
vn 0.000000 -1.000000 0.000000
vn 0.196850 -0.850394 0.480315
vn -0.842520 -0.417323 0.346457
vn -0.488189 -0.850394 0.196850
vn -0.842520 -0.417323 -0.354331
vn -0.204724 -0.850394 0.480315
vn -0.488189 -0.850394 0.196850
vn -0.842520 -0.417323 0.346457
vn 0.842520 -0.417323 0.354331
vn 0.480315 -0.850394 0.204724
vn 0.346457 -0.417323 0.842520
vn 0.480315 -0.850394 0.204724
vn 0.196850 -0.850394 0.480315
vn 0.346457 -0.417323 0.842520
vn 0.196850 -0.850394 0.480315
vn -0.204724 -0.850394 0.480315
vn -0.354331 -0.417323 0.842520
vn -0.354331 -0.417323 0.842520
vn -0.204724 -0.850394 0.480315
vn -0.842520 -0.417323 0.346457
vn 0.346457 -0.417323 0.842520
vn 0.196850 -0.850394 0.480315
vn -0.354331 -0.417323 0.842520
vn 0.000000 -1.000000 0.000000
vn 0.000000 -1.000000 0.000000
vn 0.000000 -1.000000 0.000000
vn 0.000000 -1.000000 0.000000
vn 0.000000 -1.000000 0.000000
vn 0.000000 -1.000000 0.000000
vn 0.000000 -1.000000 0.000000
vn 0.000000 -1.000000 0.000000
vn 0.000000 -1.000000 0.000000
vn 0.000000 -1.000000 0.000000
vn 0.000000 -1.000000 0.000000
vn 0.000000 -1.000000 0.000000
vn 0.000000 -1.000000 0.000000
vn 0.000000 -1.000000 0.000000
vn 0.000000 -1.000000 0.000000
vn 0.000000 -1.000000 0.000000
vn 0.000000 -1.000000 0.000000
vn 0.000000 -1.000000 0.000000
vn 0.000000 -1.000000 0.000000
vn 0.000000 -1.000000 0.000000
vn 0.000000 -1.000000 0.000000
vn 0.000000 -1.000000 0.000000
vn 0.000000 -1.000000 0.000000
vn 0.000000 -1.000000 0.000000
vn 0.000000 -1.000000 0.000000
vn 0.000000 -1.000000 0.000000
vn 0.000000 -1.000000 0.000000
vn 0.000000 -1.000000 0.000000
vn 0.000000 -1.000000 0.000000
vn 0.000000 -1.000000 0.000000
vn 0.000000 -1.000000 0.000000
vn 0.000000 -1.000000 0.000000
vn 0.000000 -1.000000 0.000000
vn 0.000000 -1.000000 0.000000
vn 0.000000 -1.000000 0.000000
vn 0.000000 -1.000000 0.000000
vn 0.000000 -1.000000 0.000000
vn 0.000000 -1.000000 0.000000
vn 0.000000 -1.000000 0.000000
vn 0.000000 -1.000000 0.000000
vn 0.000000 -1.000000 0.000000
vn 0.000000 -1.000000 0.000000
vn 0.000000 -1.000000 0.000000
vn 0.000000 -1.000000 0.000000
vn 0.000000 -1.000000 0.000000
vn 0.000000 -1.000000 0.000000
vn 0.000000 -1.000000 0.000000
vn 0.000000 -1.000000 0.000000
vn 0.000000 -1.000000 0.000000
vn 0.000000 -1.000000 0.000000
vn 0.000000 -1.000000 0.000000
vn 0.000000 -1.000000 0.000000
vn 0.000000 -1.000000 0.000000
vn 0.000000 -1.000000 0.000000
vn 0.000000 -1.000000 0.000000
vn 0.000000 -1.000000 0.000000
vn 0.000000 -1.000000 0.000000
vn 0.000000 -1.000000 0.000000
vn 0.000000 -1.000000 0.000000
vn 0.000000 -1.000000 0.000000
vn 0.000000 -1.000000 0.000000
vn 0.000000 -1.000000 0.000000
vn 0.000000 -1.000000 0.000000
vn 0.000000 -1.000000 0.000000
vn 0.000000 -1.000000 0.000000
vn 0.000000 -1.000000 0.000000
vn 0.000000 -1.000000 0.000000
vn 0.000000 -1.000000 0.000000
vn 0.000000 -1.000000 0.000000
vn 0.000000 -1.000000 0.000000
vn 0.000000 -1.000000 0.000000
vn 0.000000 -1.000000 0.000000
vn 0.000000 -1.000000 0.000000
vn 0.000000 -1.000000 0.000000
vn 0.000000 -1.000000 0.000000
vn 0.000000 -1.000000 0.000000
vn 0.000000 -1.000000 0.000000
vn 0.000000 -1.000000 0.000000
vn 0.000000 -1.000000 0.000000
vn 0.000000 -1.000000 0.000000
vn 0.000000 -1.000000 0.000000
vn 0.000000 -1.000000 0.000000
vn 0.000000 -1.000000 0.000000
vn 0.000000 -1.000000 0.000000
vn 0.000000 -1.000000 0.000000
vn 0.000000 -1.000000 0.000000
vn 0.000000 -1.000000 0.000000
vn 0.000000 -1.000000 0.000000
vn 0.000000 -1.000000 0.000000
vn 0.000000 -1.000000 0.000000
vn 0.000000 -1.000000 0.000000
vn 0.000000 -1.000000 0.000000
vn 0.000000 -1.000000 0.000000
vn 0.000000 -1.000000 0.000000
vn 0.000000 -1.000000 0.000000
vn 0.000000 -1.000000 0.000000
vn 0.000000 1.000000 0.000000
vn 0.000000 1.000000 0.000000
vn 0.000000 1.000000 0.000000
vn 0.000000 1.000000 0.000000
vn 0.000000 1.000000 0.000000
vn 0.000000 1.000000 0.000000
vn 0.000000 1.000000 0.000000
vn 0.000000 1.000000 0.000000
vn 0.000000 1.000000 0.000000
vn 0.000000 1.000000 0.000000
vn 0.000000 1.000000 0.000000
vn 0.000000 1.000000 0.000000
vn 0.000000 1.000000 0.000000
vn 0.000000 1.000000 0.000000
vn 0.000000 1.000000 0.000000
vn 0.000000 1.000000 0.000000
vn 0.000000 1.000000 0.000000
vn 0.000000 1.000000 0.000000
vn 0.000000 1.000000 0.000000
vn 0.000000 1.000000 0.000000
vn 0.000000 1.000000 0.000000
vn 0.000000 1.000000 0.000000
vn 0.000000 1.000000 0.000000
vn 0.000000 1.000000 0.000000
vn 0.000000 1.000000 0.000000
vn 0.000000 1.000000 0.000000
vn 0.000000 1.000000 0.000000
vn 0.000000 1.000000 0.000000
vn 0.000000 1.000000 0.000000
vn 0.000000 1.000000 0.000000
vn 0.000000 1.000000 0.000000
vn 0.000000 1.000000 0.000000
vn 0.000000 1.000000 0.000000
vn 0.000000 1.000000 0.000000
vn 0.000000 1.000000 0.000000
vn 0.000000 1.000000 0.000000
vn 0.000000 1.000000 0.000000
vn 0.000000 1.000000 0.000000
vn 0.000000 1.000000 0.000000
vn 0.000000 1.000000 0.000000
vn 0.000000 1.000000 0.000000
vn 0.000000 1.000000 0.000000
vn 0.000000 1.000000 0.000000
vn 0.000000 1.000000 0.000000
vn 0.000000 1.000000 0.000000
vn 0.000000 1.000000 0.000000
vn 0.000000 1.000000 0.000000
vn 0.000000 1.000000 0.000000
vn 0.000000 1.000000 0.000000
vn 0.000000 1.000000 0.000000
vn 0.000000 1.000000 0.000000
vn 0.000000 1.000000 0.000000
vn 0.000000 1.000000 0.000000
vn 0.000000 1.000000 0.000000
vn 0.000000 1.000000 0.000000
vn 0.000000 1.000000 0.000000
vn 0.000000 1.000000 0.000000
vn 0.000000 1.000000 0.000000
vn 0.000000 1.000000 0.000000
vn 0.000000 1.000000 0.000000
vn -0.007874 -1.000000 0.000000
vn -0.007874 -1.000000 0.000000
vn -0.007874 -1.000000 0.000000
vn -0.007874 -1.000000 0.000000
vn -0.007874 -1.000000 0.000000
vn -0.007874 -1.000000 0.000000
vn -0.007874 -1.000000 0.000000
vn -0.007874 -1.000000 0.000000
vn -0.007874 -1.000000 0.000000
vn 0.000000 -1.000000 0.000000
vn -0.007874 -1.000000 0.000000
vn -0.007874 -1.000000 0.000000
vn -0.007874 -1.000000 0.000000
vn -0.007874 -1.000000 0.000000
vn -0.007874 -1.000000 0.000000
vn 0.000000 -1.000000 0.000000
vn -0.007874 -1.000000 0.000000
vn 0.000000 -1.000000 0.000000
vn 0.000000 -1.000000 0.000000
vn 0.000000 -1.000000 0.000000
vn 0.000000 -1.000000 0.000000
vn -0.007874 -1.000000 0.000000
vn -0.007874 -1.000000 0.000000
vn 0.000000 -1.000000 0.000000
vn -0.007874 -1.000000 0.000000
vn 0.000000 -1.000000 0.000000
vn 0.000000 -1.000000 0.000000
vn 0.000000 -1.000000 0.000000
vn 0.000000 -1.000000 0.000000
vn 0.000000 -1.000000 0.000000
vn 0.000000 -1.000000 0.000000
vn 0.000000 -1.000000 -0.007874
vn 0.000000 -1.000000 0.000000
vn 0.000000 -1.000000 0.000000
vn 0.000000 -1.000000 0.000000
vn 0.000000 -1.000000 0.000000
vn 0.000000 -1.000000 0.000000
vn 0.000000 -1.000000 0.000000
vn 0.007874 -1.000000 0.000000
vn 0.007874 -1.000000 0.000000
vn 0.000000 -1.000000 0.000000
vn 0.007874 -1.000000 0.000000
vn 0.007874 -1.000000 0.000000
vn 0.007874 -1.000000 0.000000
vn 0.007874 -1.000000 0.000000
vn 0.000000 -1.000000 0.000000
vn 0.000000 -1.000000 -0.007874
vn 0.000000 -1.000000 0.000000
vn 0.000000 -1.000000 0.000000
vn 0.000000 -1.000000 0.000000
vn 0.007874 -1.000000 0.000000
vn 0.007874 -1.000000 0.000000
vn 0.007874 -1.000000 0.000000
vn 0.007874 -1.000000 0.000000
vn 0.007874 -1.000000 0.000000
vn 0.007874 -1.000000 0.000000
vn 0.007874 -1.000000 0.000000
vn 0.000000 -1.000000 0.000000
vn 0.007874 -1.000000 0.000000
vn 0.007874 -1.000000 0.000000
vn 0.000000 1.000000 0.000000
vn 0.000000 1.000000 0.000000
vn 0.000000 1.000000 0.000000
vn 0.000000 1.000000 0.000000
vn 0.000000 1.000000 0.000000
vn 0.000000 1.000000 0.000000
vn 0.000000 1.000000 0.000000
vn 0.000000 1.000000 0.000000
vn 0.000000 1.000000 0.000000
vn 0.000000 1.000000 0.000000
vn 0.000000 1.000000 0.000000
vn 0.000000 1.000000 0.000000
vn 0.000000 1.000000 0.000000
vn 0.000000 1.000000 0.000000
vn 0.000000 1.000000 0.000000
vn 0.000000 1.000000 0.000000
vn 0.000000 1.000000 0.000000
vn 0.000000 1.000000 0.000000
vn 0.000000 1.000000 0.000000
vn 0.000000 1.000000 0.000000
vn 0.000000 1.000000 0.000000
vn 0.000000 1.000000 0.000000
vn 0.000000 1.000000 0.000000
vn 0.000000 1.000000 0.000000
vn 0.007874 -1.000000 -0.007874
vn 0.000000 -1.000000 0.000000
vn 0.007874 -1.000000 -0.007874
vn 0.007874 -1.000000 -0.007874
vn 0.000000 -1.000000 0.000000
vn 0.000000 -1.000000 0.000000
vn 0.000000 -1.000000 0.000000
vn 0.000000 -1.000000 0.000000
vn 0.000000 -1.000000 0.000000
vn 0.000000 -1.000000 0.000000
vn 0.000000 -1.000000 0.000000
vn 0.000000 -1.000000 0.000000
vn 0.000000 -1.000000 0.000000
vn 0.000000 -1.000000 0.000000
vn 0.000000 -1.000000 0.000000
vn 0.000000 -1.000000 0.000000
vn 0.000000 -1.000000 0.000000
vn 0.000000 -1.000000 0.000000
vn 0.000000 -1.000000 0.000000
vn 0.000000 -1.000000 0.000000
vn 0.000000 -1.000000 0.000000
vn 0.000000 -1.000000 0.000000
vn 0.000000 -1.000000 0.000000
vn 0.000000 -1.000000 0.000000
vn 0.000000 -1.000000 0.000000
vn 0.000000 -1.000000 0.000000
vn 0.000000 -1.000000 0.000000
vn 0.000000 -1.000000 0.000000
vn 0.000000 -1.000000 0.000000
vn 0.000000 -1.000000 0.000000
vn -0.952756 -0.314961 0.000000
vn -0.952756 -0.314961 0.000000
vn -0.952756 -0.314961 0.000000
vn -0.952756 -0.314961 0.000000
vn -0.952756 -0.314961 0.000000
vn -0.952756 -0.314961 0.000000
vn 0.000000 -1.000000 0.000000
vn 0.000000 -1.000000 0.000000
vn 0.000000 -1.000000 0.000000
vn 0.000000 -1.000000 0.000000
vn 0.000000 -1.000000 0.000000
vn 0.000000 -1.000000 0.000000
vn 0.952756 -0.314961 0.000000
vn 0.952756 -0.314961 0.000000
vn 0.952756 -0.314961 0.000000
vn 0.952756 -0.314961 0.000000
vn 0.952756 -0.314961 0.000000
vn 0.952756 -0.314961 0.000000
vn 0.000000 -0.330709 -0.944882
vn 0.000000 -0.330709 -0.944882
vn 0.000000 -0.330709 -0.944882
vn 0.000000 -0.330709 -0.944882
vn 0.000000 -0.330709 -0.944882
vn 0.000000 -0.330709 -0.944882
vn 0.000000 -0.330709 0.944882
vn 0.000000 -0.330709 0.944882
vn 0.000000 -0.330709 0.944882
vn 0.000000 -0.330709 0.944882
vn 0.000000 -0.330709 0.944882
vn 0.000000 -0.330709 0.944882
vn 0.000000 -0.425197 0.905512
vn 0.000000 -0.425197 0.905512
vn 0.000000 -0.425197 0.905512
vn 0.000000 -0.425197 0.905512
vn 0.000000 -0.425197 0.905512
vn 0.000000 -0.425197 0.905512
vn 0.000000 -1.000000 0.000000
vn 0.000000 -1.000000 0.000000
vn 0.000000 -1.000000 0.000000
vn 0.000000 -1.000000 0.000000
vn 0.000000 -1.000000 0.000000
vn 0.000000 -1.000000 0.000000
vn 0.000000 -0.425197 -0.905512
vn 0.000000 -0.425197 -0.905512
vn 0.000000 -0.425197 -0.905512
vn 0.000000 -0.425197 -0.905512
vn 0.000000 -0.425197 -0.905512
vn 0.000000 -0.425197 -0.905512
vn -0.992126 -0.149606 0.000000
vn -0.992126 -0.149606 0.000000
vn -0.992126 -0.149606 0.000000
vn -0.992126 -0.149606 0.000000
vn -0.992126 -0.149606 0.000000
vn -0.992126 -0.149606 0.000000
vn 0.992126 -0.149606 0.000000
vn 0.992126 -0.149606 0.000000
vn 0.992126 -0.149606 0.000000
vn 0.992126 -0.149606 0.000000
vn 0.992126 -0.149606 0.000000
vn 0.992126 -0.149606 0.000000
vn 0.000000 -1.000000 0.000000
vn 0.000000 -1.000000 0.000000
vn 0.000000 -1.000000 0.000000
vn 0.000000 -1.000000 0.000000
vn 0.000000 -1.000000 0.000000
vn 0.000000 -1.000000 0.000000
mtllib mtl_bink_4x4.mtl
g mtl_bink_4x4
usemtl mtl_bink_4x4
f 3/3/3 2/2/2 1/1/1
f 6/6/6 5/5/5 4/4/4
f 9/9/9 8/8/8 7/7/7
f 12/12/12 11/11/11 10/10/10
f 15/15/15 14/14/14 13/13/13
f 18/18/18 17/17/17 16/16/16
f 21/21/21 20/20/20 19/19/19
f 24/24/24 23/23/23 22/22/22
f 27/27/27 26/26/26 25/25/25
f 30/30/30 29/29/29 28/28/28
f 33/33/33 32/32/32 31/31/31
f 36/36/36 35/35/35 34/34/34
f 39/39/39 38/38/38 37/37/37
f 42/42/42 41/41/41 40/40/40
f 45/45/45 44/44/44 43/43/43
f 48/48/48 47/47/47 46/46/46
f 51/51/51 50/50/50 49/49/49
f 54/54/54 53/53/53 52/52/52
f 57/57/57 56/56/56 55/55/55
f 60/60/60 59/59/59 58/58/58
f 63/63/63 62/62/62 61/61/61
f 66/66/66 65/65/65 64/64/64
f 69/69/69 68/68/68 67/67/67
f 72/72/72 71/71/71 70/70/70
f 75/75/75 74/74/74 73/73/73
f 78/78/78 77/77/77 76/76/76
f 81/81/81 80/80/80 79/79/79
f 84/84/84 83/83/83 82/82/82
f 87/87/87 86/86/86 85/85/85
f 90/90/90 89/89/89 88/88/88
f 93/93/93 92/92/92 91/91/91
f 96/96/96 95/95/95 94/94/94
f 99/99/99 98/98/98 97/97/97
f 102/102/102 101/101/101 100/100/100
f 105/105/105 104/104/104 103/103/103
f 108/108/108 107/107/107 106/106/106
f 111/111/111 110/110/110 109/109/109
f 114/114/114 113/113/113 112/112/112
f 117/117/117 116/116/116 115/115/115
f 120/120/120 119/119/119 118/118/118
f 123/123/123 122/122/122 121/121/121
f 126/126/126 125/125/125 124/124/124
f 129/129/129 128/128/128 127/127/127
f 132/132/132 131/131/131 130/130/130
f 135/135/135 134/134/134 133/133/133
f 138/138/138 137/137/137 136/136/136
f 141/141/141 140/140/140 139/139/139
f 144/144/144 143/143/143 142/142/142
f 147/147/147 146/146/146 145/145/145
f 150/150/150 149/149/149 148/148/148
f 153/153/153 152/152/152 151/151/151
f 156/156/156 155/155/155 154/154/154
f 159/159/159 158/158/158 157/157/157
f 162/162/162 161/161/161 160/160/160
f 165/165/165 164/164/164 163/163/163
f 168/168/168 167/167/167 166/166/166
mtllib mtl_p_int_monitor_a.mtl
g mtl_p_int_monitor_a
usemtl mtl_p_int_monitor_a
f 171/171/171 170/170/170 169/169/169
f 174/174/174 173/173/173 172/172/172
f 177/177/177 176/176/176 175/175/175
f 180/180/180 179/179/179 178/178/178
f 183/183/183 182/182/182 181/181/181
f 186/186/186 185/185/185 184/184/184
f 189/189/189 188/188/188 187/187/187
f 192/192/192 191/191/191 190/190/190
f 195/195/195 194/194/194 193/193/193
f 198/198/198 197/197/197 196/196/196
f 201/201/201 200/200/200 199/199/199
f 204/204/204 203/203/203 202/202/202
f 207/207/207 206/206/206 205/205/205
f 210/210/210 209/209/209 208/208/208
f 213/213/213 212/212/212 211/211/211
f 216/216/216 215/215/215 214/214/214
f 219/219/219 218/218/218 217/217/217
f 222/222/222 221/221/221 220/220/220
f 225/225/225 224/224/224 223/223/223
f 228/228/228 227/227/227 226/226/226
f 231/231/231 230/230/230 229/229/229
f 234/234/234 233/233/233 232/232/232
f 237/237/237 236/236/236 235/235/235
f 240/240/240 239/239/239 238/238/238
f 243/243/243 242/242/242 241/241/241
f 246/246/246 245/245/245 244/244/244
f 249/249/249 248/248/248 247/247/247
f 252/252/252 251/251/251 250/250/250
f 255/255/255 254/254/254 253/253/253
f 258/258/258 257/257/257 256/256/256
f 261/261/261 260/260/260 259/259/259
f 264/264/264 263/263/263 262/262/262
f 267/267/267 266/266/266 265/265/265
f 270/270/270 269/269/269 268/268/268
f 273/273/273 272/272/272 271/271/271
f 276/276/276 275/275/275 274/274/274
f 279/279/279 278/278/278 277/277/277
f 282/282/282 281/281/281 280/280/280
f 285/285/285 284/284/284 283/283/283
f 288/288/288 287/287/287 286/286/286
f 291/291/291 290/290/290 289/289/289
f 294/294/294 293/293/293 292/292/292
f 297/297/297 296/296/296 295/295/295
f 300/300/300 299/299/299 298/298/298
f 303/303/303 302/302/302 301/301/301
f 306/306/306 305/305/305 304/304/304
f 309/309/309 308/308/308 307/307/307
f 312/312/312 311/311/311 310/310/310
f 315/315/315 314/314/314 313/313/313
f 318/318/318 317/317/317 316/316/316
f 321/321/321 320/320/320 319/319/319
f 324/324/324 323/323/323 322/322/322
f 327/327/327 326/326/326 325/325/325
f 330/330/330 329/329/329 328/328/328
f 333/333/333 332/332/332 331/331/331
f 336/336/336 335/335/335 334/334/334
f 339/339/339 338/338/338 337/337/337
f 342/342/342 341/341/341 340/340/340
f 345/345/345 344/344/344 343/343/343
f 348/348/348 347/347/347 346/346/346
f 351/351/351 350/350/350 349/349/349
f 354/354/354 353/353/353 352/352/352
f 357/357/357 356/356/356 355/355/355
f 360/360/360 359/359/359 358/358/358
f 363/363/363 362/362/362 361/361/361
f 366/366/366 365/365/365 364/364/364
f 369/369/369 368/368/368 367/367/367
f 372/372/372 371/371/371 370/370/370
f 375/375/375 374/374/374 373/373/373
f 378/378/378 377/377/377 376/376/376
f 381/381/381 380/380/380 379/379/379
f 384/384/384 383/383/383 382/382/382
f 387/387/387 386/386/386 385/385/385
f 390/390/390 389/389/389 388/388/388
f 393/393/393 392/392/392 391/391/391
f 396/396/396 395/395/395 394/394/394
f 399/399/399 398/398/398 397/397/397
f 402/402/402 401/401/401 400/400/400
f 405/405/405 404/404/404 403/403/403
f 408/408/408 407/407/407 406/406/406
f 411/411/411 410/410/410 409/409/409
f 414/414/414 413/413/413 412/412/412
f 417/417/417 416/416/416 415/415/415
f 420/420/420 419/419/419 418/418/418
f 423/423/423 422/422/422 421/421/421
f 426/426/426 425/425/425 424/424/424
f 429/429/429 428/428/428 427/427/427
f 432/432/432 431/431/431 430/430/430
f 435/435/435 434/434/434 433/433/433
f 438/438/438 437/437/437 436/436/436
f 441/441/441 440/440/440 439/439/439
f 444/444/444 443/443/443 442/442/442
f 447/447/447 446/446/446 445/445/445
f 450/450/450 449/449/449 448/448/448
f 453/453/453 452/452/452 451/451/451
f 456/456/456 455/455/455 454/454/454
f 459/459/459 458/458/458 457/457/457
f 462/462/462 461/461/461 460/460/460
f 465/465/465 464/464/464 463/463/463
f 468/468/468 467/467/467 466/466/466
f 471/471/471 470/470/470 469/469/469
f 474/474/474 473/473/473 472/472/472
f 477/477/477 476/476/476 475/475/475
f 480/480/480 479/479/479 478/478/478
f 483/483/483 482/482/482 481/481/481
f 486/486/486 485/485/485 484/484/484
f 489/489/489 488/488/488 487/487/487
f 492/492/492 491/491/491 490/490/490
f 495/495/495 494/494/494 493/493/493
f 498/498/498 497/497/497 496/496/496
f 501/501/501 500/500/500 499/499/499
f 504/504/504 503/503/503 502/502/502
f 507/507/507 506/506/506 505/505/505
f 510/510/510 509/509/509 508/508/508
f 513/513/513 512/512/512 511/511/511
f 516/516/516 515/515/515 514/514/514
f 519/519/519 518/518/518 517/517/517
f 522/522/522 521/521/521 520/520/520
f 525/525/525 524/524/524 523/523/523
f 528/528/528 527/527/527 526/526/526
f 531/531/531 530/530/530 529/529/529
f 534/534/534 533/533/533 532/532/532
f 537/537/537 536/536/536 535/535/535
f 540/540/540 539/539/539 538/538/538
f 543/543/543 542/542/542 541/541/541
f 546/546/546 545/545/545 544/544/544
f 549/549/549 548/548/548 547/547/547
f 552/552/552 551/551/551 550/550/550
f 555/555/555 554/554/554 553/553/553
f 558/558/558 557/557/557 556/556/556
f 561/561/561 560/560/560 559/559/559
f 564/564/564 563/563/563 562/562/562
f 567/567/567 566/566/566 565/565/565
f 570/570/570 569/569/569 568/568/568
f 573/573/573 572/572/572 571/571/571
f 576/576/576 575/575/575 574/574/574
f 579/579/579 578/578/578 577/577/577
f 582/582/582 581/581/581 580/580/580
f 585/585/585 584/584/584 583/583/583
f 588/588/588 587/587/587 586/586/586
f 591/591/591 590/590/590 589/589/589
f 594/594/594 593/593/593 592/592/592
f 597/597/597 596/596/596 595/595/595
f 600/600/600 599/599/599 598/598/598
f 603/603/603 602/602/602 601/601/601
f 606/606/606 605/605/605 604/604/604
f 609/609/609 608/608/608 607/607/607
f 612/612/612 611/611/611 610/610/610
f 615/615/615 614/614/614 613/613/613
f 618/618/618 617/617/617 616/616/616
f 621/621/621 620/620/620 619/619/619
f 624/624/624 623/623/623 622/622/622
f 627/627/627 626/626/626 625/625/625
f 630/630/630 629/629/629 628/628/628
f 633/633/633 632/632/632 631/631/631
f 636/636/636 635/635/635 634/634/634
f 639/639/639 638/638/638 637/637/637
f 642/642/642 641/641/641 640/640/640
f 645/645/645 644/644/644 643/643/643
f 648/648/648 647/647/647 646/646/646
f 651/651/651 650/650/650 649/649/649
f 654/654/654 653/653/653 652/652/652
f 657/657/657 656/656/656 655/655/655
f 660/660/660 659/659/659 658/658/658
f 663/663/663 662/662/662 661/661/661
f 666/666/666 665/665/665 664/664/664
f 669/669/669 668/668/668 667/667/667
f 672/672/672 671/671/671 670/670/670
f 675/675/675 674/674/674 673/673/673
f 678/678/678 677/677/677 676/676/676
f 681/681/681 680/680/680 679/679/679
f 684/684/684 683/683/683 682/682/682
f 687/687/687 686/686/686 685/685/685
f 690/690/690 689/689/689 688/688/688
f 693/693/693 692/692/692 691/691/691
f 696/696/696 695/695/695 694/694/694
f 699/699/699 698/698/698 697/697/697
f 702/702/702 701/701/701 700/700/700
f 705/705/705 704/704/704 703/703/703
f 708/708/708 707/707/707 706/706/706
f 711/711/711 710/710/710 709/709/709
f 714/714/714 713/713/713 712/712/712
f 717/717/717 716/716/716 715/715/715
f 720/720/720 719/719/719 718/718/718
f 723/723/723 722/722/722 721/721/721
f 726/726/726 725/725/725 724/724/724
f 729/729/729 728/728/728 727/727/727
f 732/732/732 731/731/731 730/730/730
f 735/735/735 734/734/734 733/733/733
f 738/738/738 737/737/737 736/736/736
f 741/741/741 740/740/740 739/739/739
f 744/744/744 743/743/743 742/742/742
f 747/747/747 746/746/746 745/745/745
f 750/750/750 749/749/749 748/748/748
f 753/753/753 752/752/752 751/751/751
f 756/756/756 755/755/755 754/754/754
f 759/759/759 758/758/758 757/757/757
f 762/762/762 761/761/761 760/760/760
f 765/765/765 764/764/764 763/763/763
f 768/768/768 767/767/767 766/766/766
f 771/771/771 770/770/770 769/769/769
f 774/774/774 773/773/773 772/772/772
f 777/777/777 776/776/776 775/775/775
f 780/780/780 779/779/779 778/778/778
f 783/783/783 782/782/782 781/781/781
f 786/786/786 785/785/785 784/784/784
f 789/789/789 788/788/788 787/787/787
f 792/792/792 791/791/791 790/790/790
f 795/795/795 794/794/794 793/793/793
f 798/798/798 797/797/797 796/796/796
f 801/801/801 800/800/800 799/799/799
f 804/804/804 803/803/803 802/802/802
f 807/807/807 806/806/806 805/805/805
f 810/810/810 809/809/809 808/808/808
f 813/813/813 812/812/812 811/811/811
f 816/816/816 815/815/815 814/814/814
f 819/819/819 818/818/818 817/817/817
f 822/822/822 821/821/821 820/820/820
f 825/825/825 824/824/824 823/823/823
f 828/828/828 827/827/827 826/826/826
f 831/831/831 830/830/830 829/829/829
f 834/834/834 833/833/833 832/832/832
f 837/837/837 836/836/836 835/835/835
f 840/840/840 839/839/839 838/838/838
f 843/843/843 842/842/842 841/841/841
f 846/846/846 845/845/845 844/844/844
f 849/849/849 848/848/848 847/847/847
f 852/852/852 851/851/851 850/850/850
f 855/855/855 854/854/854 853/853/853
f 858/858/858 857/857/857 856/856/856
f 861/861/861 860/860/860 859/859/859
f 864/864/864 863/863/863 862/862/862
f 867/867/867 866/866/866 865/865/865
f 870/870/870 869/869/869 868/868/868
f 873/873/873 872/872/872 871/871/871
f 876/876/876 875/875/875 874/874/874
f 879/879/879 878/878/878 877/877/877
f 882/882/882 881/881/881 880/880/880
f 885/885/885 884/884/884 883/883/883
f 888/888/888 887/887/887 886/886/886
f 891/891/891 890/890/890 889/889/889
f 894/894/894 893/893/893 892/892/892
f 897/897/897 896/896/896 895/895/895
f 900/900/900 899/899/899 898/898/898
f 903/903/903 902/902/902 901/901/901
f 906/906/906 905/905/905 904/904/904
f 909/909/909 908/908/908 907/907/907
f 912/912/912 911/911/911 910/910/910
f 915/915/915 914/914/914 913/913/913
f 918/918/918 917/917/917 916/916/916
f 921/921/921 920/920/920 919/919/919
f 924/924/924 923/923/923 922/922/922
f 927/927/927 926/926/926 925/925/925
f 930/930/930 929/929/929 928/928/928
f 933/933/933 932/932/932 931/931/931
f 936/936/936 935/935/935 934/934/934
f 939/939/939 938/938/938 937/937/937
f 942/942/942 941/941/941 940/940/940
f 945/945/945 944/944/944 943/943/943
f 948/948/948 947/947/947 946/946/946
f 951/951/951 950/950/950 949/949/949
f 954/954/954 953/953/953 952/952/952
f 957/957/957 956/956/956 955/955/955
f 960/960/960 959/959/959 958/958/958
f 963/963/963 962/962/962 961/961/961
f 966/966/966 965/965/965 964/964/964
f 969/969/969 968/968/968 967/967/967
f 972/972/972 971/971/971 970/970/970
f 975/975/975 974/974/974 973/973/973
f 978/978/978 977/977/977 976/976/976
f 981/981/981 980/980/980 979/979/979
f 984/984/984 983/983/983 982/982/982
f 987/987/987 986/986/986 985/985/985
f 990/990/990 989/989/989 988/988/988
f 993/993/993 992/992/992 991/991/991
f 996/996/996 995/995/995 994/994/994
f 999/999/999 998/998/998 997/997/997
f 1002/1002/1002 1001/1001/1001 1000/1000/1000
f 1005/1005/1005 1004/1004/1004 1003/1003/1003
f 1008/1008/1008 1007/1007/1007 1006/1006/1006
f 1011/1011/1011 1010/1010/1010 1009/1009/1009
f 1014/1014/1014 1013/1013/1013 1012/1012/1012
f 1017/1017/1017 1016/1016/1016 1015/1015/1015
f 1020/1020/1020 1019/1019/1019 1018/1018/1018
f 1023/1023/1023 1022/1022/1022 1021/1021/1021
f 1026/1026/1026 1025/1025/1025 1024/1024/1024
f 1029/1029/1029 1028/1028/1028 1027/1027/1027
f 1032/1032/1032 1031/1031/1031 1030/1030/1030
f 1035/1035/1035 1034/1034/1034 1033/1033/1033
f 1038/1038/1038 1037/1037/1037 1036/1036/1036
f 1041/1041/1041 1040/1040/1040 1039/1039/1039
f 1044/1044/1044 1043/1043/1043 1042/1042/1042
f 1047/1047/1047 1046/1046/1046 1045/1045/1045
f 1050/1050/1050 1049/1049/1049 1048/1048/1048
f 1053/1053/1053 1052/1052/1052 1051/1051/1051
f 1056/1056/1056 1055/1055/1055 1054/1054/1054
f 1059/1059/1059 1058/1058/1058 1057/1057/1057
f 1062/1062/1062 1061/1061/1061 1060/1060/1060
f 1065/1065/1065 1064/1064/1064 1063/1063/1063
f 1068/1068/1068 1067/1067/1067 1066/1066/1066
f 1071/1071/1071 1070/1070/1070 1069/1069/1069
f 1074/1074/1074 1073/1073/1073 1072/1072/1072
f 1077/1077/1077 1076/1076/1076 1075/1075/1075
f 1080/1080/1080 1079/1079/1079 1078/1078/1078
f 1083/1083/1083 1082/1082/1082 1081/1081/1081
f 1086/1086/1086 1085/1085/1085 1084/1084/1084
f 1089/1089/1089 1088/1088/1088 1087/1087/1087
f 1092/1092/1092 1091/1091/1091 1090/1090/1090
f 1095/1095/1095 1094/1094/1094 1093/1093/1093
f 1098/1098/1098 1097/1097/1097 1096/1096/1096
f 1101/1101/1101 1100/1100/1100 1099/1099/1099
f 1104/1104/1104 1103/1103/1103 1102/1102/1102
f 1107/1107/1107 1106/1106/1106 1105/1105/1105
f 1110/1110/1110 1109/1109/1109 1108/1108/1108
f 1113/1113/1113 1112/1112/1112 1111/1111/1111
f 1116/1116/1116 1115/1115/1115 1114/1114/1114
f 1119/1119/1119 1118/1118/1118 1117/1117/1117
f 1122/1122/1122 1121/1121/1121 1120/1120/1120
f 1125/1125/1125 1124/1124/1124 1123/1123/1123
f 1128/1128/1128 1127/1127/1127 1126/1126/1126
f 1131/1131/1131 1130/1130/1130 1129/1129/1129
f 1134/1134/1134 1133/1133/1133 1132/1132/1132
f 1137/1137/1137 1136/1136/1136 1135/1135/1135
f 1140/1140/1140 1139/1139/1139 1138/1138/1138
f 1143/1143/1143 1142/1142/1142 1141/1141/1141
f 1146/1146/1146 1145/1145/1145 1144/1144/1144
f 1149/1149/1149 1148/1148/1148 1147/1147/1147
f 1152/1152/1152 1151/1151/1151 1150/1150/1150
f 1155/1155/1155 1154/1154/1154 1153/1153/1153
f 1158/1158/1158 1157/1157/1157 1156/1156/1156
f 1161/1161/1161 1160/1160/1160 1159/1159/1159
f 1164/1164/1164 1163/1163/1163 1162/1162/1162
f 1167/1167/1167 1166/1166/1166 1165/1165/1165
f 1170/1170/1170 1169/1169/1169 1168/1168/1168
f 1173/1173/1173 1172/1172/1172 1171/1171/1171
f 1176/1176/1176 1175/1175/1175 1174/1174/1174
f 1179/1179/1179 1178/1178/1178 1177/1177/1177
f 1182/1182/1182 1181/1181/1181 1180/1180/1180
f 1185/1185/1185 1184/1184/1184 1183/1183/1183
f 1188/1188/1188 1187/1187/1187 1186/1186/1186
f 1191/1191/1191 1190/1190/1190 1189/1189/1189
f 1194/1194/1194 1193/1193/1193 1192/1192/1192
f 1197/1197/1197 1196/1196/1196 1195/1195/1195
f 1200/1200/1200 1199/1199/1199 1198/1198/1198
f 1203/1203/1203 1202/1202/1202 1201/1201/1201
f 1206/1206/1206 1205/1205/1205 1204/1204/1204
f 1209/1209/1209 1208/1208/1208 1207/1207/1207
f 1212/1212/1212 1211/1211/1211 1210/1210/1210
f 1215/1215/1215 1214/1214/1214 1213/1213/1213
f 1218/1218/1218 1217/1217/1217 1216/1216/1216
f 1221/1221/1221 1220/1220/1220 1219/1219/1219
f 1224/1224/1224 1223/1223/1223 1222/1222/1222
f 1227/1227/1227 1226/1226/1226 1225/1225/1225
f 1230/1230/1230 1229/1229/1229 1228/1228/1228
f 1233/1233/1233 1232/1232/1232 1231/1231/1231
f 1236/1236/1236 1235/1235/1235 1234/1234/1234
f 1239/1239/1239 1238/1238/1238 1237/1237/1237
f 1242/1242/1242 1241/1241/1241 1240/1240/1240
f 1245/1245/1245 1244/1244/1244 1243/1243/1243
f 1248/1248/1248 1247/1247/1247 1246/1246/1246
f 1251/1251/1251 1250/1250/1250 1249/1249/1249
f 1254/1254/1254 1253/1253/1253 1252/1252/1252
f 1257/1257/1257 1256/1256/1256 1255/1255/1255
f 1260/1260/1260 1259/1259/1259 1258/1258/1258
f 1263/1263/1263 1262/1262/1262 1261/1261/1261
f 1266/1266/1266 1265/1265/1265 1264/1264/1264
f 1269/1269/1269 1268/1268/1268 1267/1267/1267
f 1272/1272/1272 1271/1271/1271 1270/1270/1270
f 1275/1275/1275 1274/1274/1274 1273/1273/1273
f 1278/1278/1278 1277/1277/1277 1276/1276/1276
f 1281/1281/1281 1280/1280/1280 1279/1279/1279
f 1284/1284/1284 1283/1283/1283 1282/1282/1282
f 1287/1287/1287 1286/1286/1286 1285/1285/1285
f 1290/1290/1290 1289/1289/1289 1288/1288/1288
f 1293/1293/1293 1292/1292/1292 1291/1291/1291
f 1296/1296/1296 1295/1295/1295 1294/1294/1294
f 1299/1299/1299 1298/1298/1298 1297/1297/1297
f 1302/1302/1302 1301/1301/1301 1300/1300/1300
f 1305/1305/1305 1304/1304/1304 1303/1303/1303
f 1308/1308/1308 1307/1307/1307 1306/1306/1306
f 1311/1311/1311 1310/1310/1310 1309/1309/1309
f 1314/1314/1314 1313/1313/1313 1312/1312/1312
f 1317/1317/1317 1316/1316/1316 1315/1315/1315
f 1320/1320/1320 1319/1319/1319 1318/1318/1318
f 1323/1323/1323 1322/1322/1322 1321/1321/1321
f 1326/1326/1326 1325/1325/1325 1324/1324/1324
f 1329/1329/1329 1328/1328/1328 1327/1327/1327
f 1332/1332/1332 1331/1331/1331 1330/1330/1330
f 1335/1335/1335 1334/1334/1334 1333/1333/1333
f 1338/1338/1338 1337/1337/1337 1336/1336/1336
f 1341/1341/1341 1340/1340/1340 1339/1339/1339
f 1344/1344/1344 1343/1343/1343 1342/1342/1342
f 1347/1347/1347 1346/1346/1346 1345/1345/1345
f 1350/1350/1350 1349/1349/1349 1348/1348/1348
f 1353/1353/1353 1352/1352/1352 1351/1351/1351
f 1356/1356/1356 1355/1355/1355 1354/1354/1354
f 1359/1359/1359 1358/1358/1358 1357/1357/1357
f 1362/1362/1362 1361/1361/1361 1360/1360/1360
f 1365/1365/1365 1364/1364/1364 1363/1363/1363
f 1368/1368/1368 1367/1367/1367 1366/1366/1366
f 1371/1371/1371 1370/1370/1370 1369/1369/1369
f 1374/1374/1374 1373/1373/1373 1372/1372/1372
f 1377/1377/1377 1376/1376/1376 1375/1375/1375
f 1380/1380/1380 1379/1379/1379 1378/1378/1378
f 1383/1383/1383 1382/1382/1382 1381/1381/1381
f 1386/1386/1386 1385/1385/1385 1384/1384/1384
f 1389/1389/1389 1388/1388/1388 1387/1387/1387
f 1392/1392/1392 1391/1391/1391 1390/1390/1390
f 1395/1395/1395 1394/1394/1394 1393/1393/1393
f 1398/1398/1398 1397/1397/1397 1396/1396/1396
f 1401/1401/1401 1400/1400/1400 1399/1399/1399
f 1404/1404/1404 1403/1403/1403 1402/1402/1402
f 1407/1407/1407 1406/1406/1406 1405/1405/1405
f 1410/1410/1410 1409/1409/1409 1408/1408/1408
f 1413/1413/1413 1412/1412/1412 1411/1411/1411
f 1416/1416/1416 1415/1415/1415 1414/1414/1414
f 1419/1419/1419 1418/1418/1418 1417/1417/1417
f 1422/1422/1422 1421/1421/1421 1420/1420/1420
f 1425/1425/1425 1424/1424/1424 1423/1423/1423
f 1428/1428/1428 1427/1427/1427 1426/1426/1426
f 1431/1431/1431 1430/1430/1430 1429/1429/1429
f 1434/1434/1434 1433/1433/1433 1432/1432/1432
f 1437/1437/1437 1436/1436/1436 1435/1435/1435
f 1440/1440/1440 1439/1439/1439 1438/1438/1438
f 1443/1443/1443 1442/1442/1442 1441/1441/1441
f 1446/1446/1446 1445/1445/1445 1444/1444/1444
f 1449/1449/1449 1448/1448/1448 1447/1447/1447
f 1452/1452/1452 1451/1451/1451 1450/1450/1450
f 1455/1455/1455 1454/1454/1454 1453/1453/1453
f 1458/1458/1458 1457/1457/1457 1456/1456/1456
f 1461/1461/1461 1460/1460/1460 1459/1459/1459
f 1464/1464/1464 1463/1463/1463 1462/1462/1462
f 1467/1467/1467 1466/1466/1466 1465/1465/1465
f 1470/1470/1470 1469/1469/1469 1468/1468/1468
f 1473/1473/1473 1472/1472/1472 1471/1471/1471
f 1476/1476/1476 1475/1475/1475 1474/1474/1474
f 1479/1479/1479 1478/1478/1478 1477/1477/1477
f 1482/1482/1482 1481/1481/1481 1480/1480/1480
f 1485/1485/1485 1484/1484/1484 1483/1483/1483
f 1488/1488/1488 1487/1487/1487 1486/1486/1486
f 1491/1491/1491 1490/1490/1490 1489/1489/1489
f 1494/1494/1494 1493/1493/1493 1492/1492/1492
f 1497/1497/1497 1496/1496/1496 1495/1495/1495
f 1500/1500/1500 1499/1499/1499 1498/1498/1498
f 1503/1503/1503 1502/1502/1502 1501/1501/1501
f 1506/1506/1506 1505/1505/1505 1504/1504/1504
f 1509/1509/1509 1508/1508/1508 1507/1507/1507
f 1512/1512/1512 1511/1511/1511 1510/1510/1510
f 1515/1515/1515 1514/1514/1514 1513/1513/1513
f 1518/1518/1518 1517/1517/1517 1516/1516/1516
f 1521/1521/1521 1520/1520/1520 1519/1519/1519
f 1524/1524/1524 1523/1523/1523 1522/1522/1522
f 1527/1527/1527 1526/1526/1526 1525/1525/1525
f 1530/1530/1530 1529/1529/1529 1528/1528/1528
f 1533/1533/1533 1532/1532/1532 1531/1531/1531
f 1536/1536/1536 1535/1535/1535 1534/1534/1534
f 1539/1539/1539 1538/1538/1538 1537/1537/1537
f 1542/1542/1542 1541/1541/1541 1540/1540/1540
f 1545/1545/1545 1544/1544/1544 1543/1543/1543
f 1548/1548/1548 1547/1547/1547 1546/1546/1546
f 1551/1551/1551 1550/1550/1550 1549/1549/1549
f 1554/1554/1554 1553/1553/1553 1552/1552/1552
f 1557/1557/1557 1556/1556/1556 1555/1555/1555
f 1560/1560/1560 1559/1559/1559 1558/1558/1558
f 1563/1563/1563 1562/1562/1562 1561/1561/1561
f 1566/1566/1566 1565/1565/1565 1564/1564/1564
f 1569/1569/1569 1568/1568/1568 1567/1567/1567
f 1572/1572/1572 1571/1571/1571 1570/1570/1570
f 1575/1575/1575 1574/1574/1574 1573/1573/1573
f 1578/1578/1578 1577/1577/1577 1576/1576/1576
f 1581/1581/1581 1580/1580/1580 1579/1579/1579
f 1584/1584/1584 1583/1583/1583 1582/1582/1582
f 1587/1587/1587 1586/1586/1586 1585/1585/1585
f 1590/1590/1590 1589/1589/1589 1588/1588/1588
f 1593/1593/1593 1592/1592/1592 1591/1591/1591
f 1596/1596/1596 1595/1595/1595 1594/1594/1594
f 1599/1599/1599 1598/1598/1598 1597/1597/1597
f 1602/1602/1602 1601/1601/1601 1600/1600/1600
f 1605/1605/1605 1604/1604/1604 1603/1603/1603
f 1608/1608/1608 1607/1607/1607 1606/1606/1606
f 1611/1611/1611 1610/1610/1610 1609/1609/1609
f 1614/1614/1614 1613/1613/1613 1612/1612/1612
f 1617/1617/1617 1616/1616/1616 1615/1615/1615
f 1620/1620/1620 1619/1619/1619 1618/1618/1618
f 1623/1623/1623 1622/1622/1622 1621/1621/1621
f 1626/1626/1626 1625/1625/1625 1624/1624/1624
f 1629/1629/1629 1628/1628/1628 1627/1627/1627
f 1632/1632/1632 1631/1631/1631 1630/1630/1630
f 1635/1635/1635 1634/1634/1634 1633/1633/1633
f 1638/1638/1638 1637/1637/1637 1636/1636/1636
f 1641/1641/1641 1640/1640/1640 1639/1639/1639
f 1644/1644/1644 1643/1643/1643 1642/1642/1642
f 1647/1647/1647 1646/1646/1646 1645/1645/1645
f 1650/1650/1650 1649/1649/1649 1648/1648/1648
f 1653/1653/1653 1652/1652/1652 1651/1651/1651
f 1656/1656/1656 1655/1655/1655 1654/1654/1654
f 1659/1659/1659 1658/1658/1658 1657/1657/1657
f 1662/1662/1662 1661/1661/1661 1660/1660/1660
f 1665/1665/1665 1664/1664/1664 1663/1663/1663
f 1668/1668/1668 1667/1667/1667 1666/1666/1666
f 1671/1671/1671 1670/1670/1670 1669/1669/1669
f 1674/1674/1674 1673/1673/1673 1672/1672/1672
f 1677/1677/1677 1676/1676/1676 1675/1675/1675
f 1680/1680/1680 1679/1679/1679 1678/1678/1678
f 1683/1683/1683 1682/1682/1682 1681/1681/1681
f 1686/1686/1686 1685/1685/1685 1684/1684/1684
f 1689/1689/1689 1688/1688/1688 1687/1687/1687
f 1692/1692/1692 1691/1691/1691 1690/1690/1690
f 1695/1695/1695 1694/1694/1694 1693/1693/1693
f 1698/1698/1698 1697/1697/1697 1696/1696/1696
f 1701/1701/1701 1700/1700/1700 1699/1699/1699
f 1704/1704/1704 1703/1703/1703 1702/1702/1702
f 1707/1707/1707 1706/1706/1706 1705/1705/1705
f 1710/1710/1710 1709/1709/1709 1708/1708/1708
f 1713/1713/1713 1712/1712/1712 1711/1711/1711
f 1716/1716/1716 1715/1715/1715 1714/1714/1714
f 1719/1719/1719 1718/1718/1718 1717/1717/1717
f 1722/1722/1722 1721/1721/1721 1720/1720/1720
f 1725/1725/1725 1724/1724/1724 1723/1723/1723
f 1728/1728/1728 1727/1727/1727 1726/1726/1726
f 1731/1731/1731 1730/1730/1730 1729/1729/1729
f 1734/1734/1734 1733/1733/1733 1732/1732/1732
f 1737/1737/1737 1736/1736/1736 1735/1735/1735
f 1740/1740/1740 1739/1739/1739 1738/1738/1738
f 1743/1743/1743 1742/1742/1742 1741/1741/1741
f 1746/1746/1746 1745/1745/1745 1744/1744/1744
f 1749/1749/1749 1748/1748/1748 1747/1747/1747
f 1752/1752/1752 1751/1751/1751 1750/1750/1750
f 1755/1755/1755 1754/1754/1754 1753/1753/1753
f 1758/1758/1758 1757/1757/1757 1756/1756/1756
f 1761/1761/1761 1760/1760/1760 1759/1759/1759
f 1764/1764/1764 1763/1763/1763 1762/1762/1762
f 1767/1767/1767 1766/1766/1766 1765/1765/1765
f 1770/1770/1770 1769/1769/1769 1768/1768/1768
f 1773/1773/1773 1772/1772/1772 1771/1771/1771
f 1776/1776/1776 1775/1775/1775 1774/1774/1774
f 1779/1779/1779 1778/1778/1778 1777/1777/1777
f 1782/1782/1782 1781/1781/1781 1780/1780/1780
f 1785/1785/1785 1784/1784/1784 1783/1783/1783
f 1788/1788/1788 1787/1787/1787 1786/1786/1786
f 1791/1791/1791 1790/1790/1790 1789/1789/1789
f 1794/1794/1794 1793/1793/1793 1792/1792/1792
f 1797/1797/1797 1796/1796/1796 1795/1795/1795
f 1800/1800/1800 1799/1799/1799 1798/1798/1798
f 1803/1803/1803 1802/1802/1802 1801/1801/1801
f 1806/1806/1806 1805/1805/1805 1804/1804/1804
f 1809/1809/1809 1808/1808/1808 1807/1807/1807
f 1812/1812/1812 1811/1811/1811 1810/1810/1810
f 1815/1815/1815 1814/1814/1814 1813/1813/1813
f 1818/1818/1818 1817/1817/1817 1816/1816/1816
f 1821/1821/1821 1820/1820/1820 1819/1819/1819
f 1824/1824/1824 1823/1823/1823 1822/1822/1822
mtllib mtl_p_int_monitor_b_panel.mtl
g mtl_p_int_monitor_b_panel
usemtl mtl_p_int_monitor_b_panel
f 1827/1827/1827 1826/1826/1826 1825/1825/1825
f 1830/1830/1830 1829/1829/1829 1828/1828/1828
f 1833/1833/1833 1832/1832/1832 1831/1831/1831
f 1836/1836/1836 1835/1835/1835 1834/1834/1834
mtllib mtl_p_int_monitor_b_panel_unlit.mtl
g mtl_p_int_monitor_b_panel_unlit
usemtl mtl_p_int_monitor_b_panel_unlit
f 1839/1839/1839 1838/1838/1838 1837/1837/1837
f 1842/1842/1842 1841/1841/1841 1840/1840/1840
f 1845/1845/1845 1844/1844/1844 1843/1843/1843
f 1848/1848/1848 1847/1847/1847 1846/1846/1846
f 1851/1851/1851 1850/1850/1850 1849/1849/1849
f 1854/1854/1854 1853/1853/1853 1852/1852/1852
mtllib mtl_p_int_monitor_a_unlit.mtl
g mtl_p_int_monitor_a_unlit
usemtl mtl_p_int_monitor_a_unlit
f 1857/1857/1857 1856/1856/1856 1855/1855/1855
f 1860/1860/1860 1859/1859/1859 1858/1858/1858
f 1863/1863/1863 1862/1862/1862 1861/1861/1861
f 1866/1866/1866 1865/1865/1865 1864/1864/1864
f 1869/1869/1869 1868/1868/1868 1867/1867/1867
f 1872/1872/1872 1871/1871/1871 1870/1870/1870
f 1875/1875/1875 1874/1874/1874 1873/1873/1873
f 1878/1878/1878 1877/1877/1877 1876/1876/1876
f 1881/1881/1881 1880/1880/1880 1879/1879/1879
f 1884/1884/1884 1883/1883/1883 1882/1882/1882
f 1887/1887/1887 1886/1886/1886 1885/1885/1885
f 1890/1890/1890 1889/1889/1889 1888/1888/1888
f 1893/1893/1893 1892/1892/1892 1891/1891/1891
f 1896/1896/1896 1895/1895/1895 1894/1894/1894
f 1899/1899/1899 1898/1898/1898 1897/1897/1897
f 1902/1902/1902 1901/1901/1901 1900/1900/1900
f 1905/1905/1905 1904/1904/1904 1903/1903/1903
f 1908/1908/1908 1907/1907/1907 1906/1906/1906
f 1911/1911/1911 1910/1910/1910 1909/1909/1909
f 1914/1914/1914 1913/1913/1913 1912/1912/1912
mtllib global_color_black_unlit.mtl
g global_color_black_unlit
usemtl global_color_black_unlit
f 1917/1917/1917 1916/1916/1916 1915/1915/1915
f 1920/1920/1920 1919/1919/1919 1918/1918/1918
