# Generated by Wraith - Game extraction tools
# Please credit DTZxPorter for using it!

v 42.971519 -4.712760 29.677452
v 42.971519 -4.221622 29.994385
v 43.407223 -4.221622 30.259829
v 43.407223 -4.221622 30.259829
v 42.971523 -4.221622 30.525269
v 42.971523 -4.712760 30.842201
v 39.484474 -4.712760 30.842201
v 39.484474 -4.224723 30.525269
v 39.048752 -4.224723 30.259829
v 39.048752 -4.224723 30.259829
v 39.484467 -4.224723 29.994385
v 39.484467 -4.712760 29.677452
v 42.971519 -4.712760 -31.313398
v 42.971519 -4.221622 -30.996466
v 43.407223 -4.221622 -30.731018
v 43.407223 -4.221622 -30.731018
v 42.971523 -4.221622 -30.465582
v 42.971523 -4.712760 -30.148649
v 39.484474 -4.712760 -30.148649
v 39.484474 -4.224723 -30.465582
v 39.048752 -4.224723 -30.731018
v 39.048752 -4.224723 -30.731018
v 39.484467 -4.224723 -30.996466
v 39.484467 -4.712760 -31.313398
v -38.536392 -4.712760 -31.313398
v -38.536392 -4.221622 -30.996466
v -38.100674 -4.221622 -30.731018
v -38.100674 -4.221622 -30.731018
v -38.536385 -4.221622 -30.465582
v -38.536385 -4.712760 -30.148649
v -42.023426 -4.712760 -30.148649
v -42.023426 -4.224723 -30.465582
v -42.459148 -4.224723 -30.731018
v -42.459148 -4.224723 -30.731018
v -42.023434 -4.224723 -30.996466
v -42.023434 -4.712760 -31.313398
v -38.536392 -4.712760 29.677452
v -38.536392 -4.221622 29.994385
v -38.100674 -4.221622 30.259829
v -38.100674 -4.221622 30.259829
v -38.536385 -4.221622 30.525269
v -38.536385 -4.712760 30.842201
v -42.023426 -4.712760 30.842201
v -42.023426 -4.224723 30.525269
v -42.459148 -4.224723 30.259829
v -42.459148 -4.224723 30.259829
v -42.023434 -4.224723 29.994385
v -42.023434 -4.712760 29.677452
v -42.794266 8.475146 -42.197865
v 43.966114 8.475146 -42.197865
v -44.290127 9.396636 -43.377842
v 43.966114 8.475146 -42.197865
v 45.461967 9.396641 -43.377842
v -44.290127 9.396636 -43.377842
v 45.461967 7.553659 -43.656078
v 43.966114 8.475146 -42.197865
v -42.794266 8.475146 -42.197865
v -44.290127 7.553659 -43.656078
v 45.461967 7.553659 -43.656078
v -42.794266 8.475146 -42.197865
v 44.906105 66.904938 31.146345
v 43.332626 66.806854 28.401512
v 45.643108 66.900574 30.300766
v -42.160782 66.806854 28.401512
v 43.332626 66.806854 28.401512
v -43.734253 66.904938 31.146345
v 43.332626 66.806854 28.401512
v 44.906105 66.904938 31.146345
v -43.734253 66.904938 31.146345
v -42.160782 66.806854 28.401512
v -43.734253 66.904938 31.146345
v -44.471264 66.900574 30.300766
v -42.160782 66.806854 28.401512
v -44.471264 66.900574 30.300766
v -42.160782 68.717789 -32.041954
v -44.471264 66.900574 30.300766
v -44.481316 69.000648 -35.341125
v -42.160782 68.717789 -32.041954
v -43.926243 69.048470 -36.748619
v -42.160782 68.717789 -32.041954
v -44.481316 69.000648 -35.341125
v 43.332626 68.717789 -32.041954
v -42.160782 68.717789 -32.041954
v 45.098091 69.048470 -36.748619
v -42.160782 68.717789 -32.041954
v -43.926243 69.048470 -36.748619
v 45.098091 69.048470 -36.748619
v 43.332626 68.717789 -32.041954
v 45.098091 69.048470 -36.748619
v 45.653168 69.000664 -35.341125
v 43.332626 66.806854 28.401512
v 43.332626 68.717789 -32.041954
v 45.643108 66.900574 30.300766
v 43.332626 68.717789 -32.041954
v 45.653168 69.000664 -35.341125
v 45.643108 66.900574 30.300766
v 26.646879 -3.519698 -30.333723
v 41.706089 -3.592029 -35.594894
v 22.525110 -3.576565 -31.023973
v -7.591460 -3.575828 -32.153976
v -41.177448 -3.592029 -35.594894
v -21.353270 -3.576565 -31.023973
v 8.832134 -3.575828 -32.153976
v 41.706089 -3.592029 -35.594894
v -7.591460 -3.575828 -32.153976
v 41.706089 -3.592029 -35.594894
v -41.177448 -3.592029 -35.594894
v -7.591460 -3.575828 -32.153976
v 22.525110 -3.576565 -31.023973
v 41.706089 -3.592029 -35.594894
v 8.832134 -3.575828 -32.153976
v 41.706089 -3.592029 -42.883186
v 41.706089 -3.592029 -35.594894
v 46.420128 -3.592029 -42.806080
v 45.353016 -3.592029 -44.173416
v 41.706089 -3.592029 -42.883186
v 46.420128 -3.592029 -42.806080
v 45.353016 -3.592029 -44.173416
v -43.945251 -3.592029 -44.246777
v 41.706089 -3.592029 -42.883186
v -43.945251 -3.592029 -44.246777
v -41.177448 -3.592029 -42.883186
v 41.706089 -3.592029 -42.883186
v -45.248276 -3.592029 -42.806080
v -41.177448 -3.592029 -35.594894
v -41.177448 -3.592029 -42.883186
v -43.945251 -3.592029 -44.246777
v -45.248276 -3.592029 -42.806080
v -41.177448 -3.592029 -42.883186
v -41.177448 -3.592029 -35.594894
v -45.248276 -3.592029 -42.806080
v -38.262119 -3.575828 -14.730341
v -38.262119 -3.575828 -14.730341
v -45.248276 -3.592029 -42.806080
v -39.104408 -3.575828 -0.551468
v 40.130226 -3.573895 -0.551468
v 46.420128 -3.592029 -42.806080
v 39.433964 -3.575828 -14.730341
v 46.358604 -3.592029 34.654984
v 46.420128 -3.592029 -42.806080
v 40.130226 -3.573895 -0.551468
v 39.433964 -3.575828 13.627429
v 46.358604 -3.592029 34.654984
v 40.130226 -3.573895 -0.551468
v -38.262119 -3.575828 13.627429
v -39.104408 -3.575828 -0.551468
v -45.186752 -3.592038 34.654984
v -39.104408 -3.575828 -0.551468
v -45.248276 -3.592029 -42.806080
v -45.186752 -3.592038 34.654984
v 45.299850 -3.592029 35.920662
v 46.358604 -3.592029 34.654984
v 34.115894 -3.519698 25.118452
v 31.735416 -3.519698 26.968382
v 45.299850 -3.592029 35.920662
v 34.115894 -3.519698 25.118452
v 29.245716 -3.519698 28.262465
v 45.299850 -3.592029 35.920662
v 31.735416 -3.519698 26.968382
v 26.646879 -3.519698 29.230803
v 45.299850 -3.592029 35.920662
v 29.245716 -3.519698 28.262465
v 46.358604 -3.592029 34.654984
v 35.996426 -3.519698 22.938063
v 34.115894 -3.519698 25.118452
v 37.368484 -3.519698 20.639244
v 35.996426 -3.519698 22.938063
v 46.358604 -3.592029 34.654984
v 38.437664 -3.519698 18.137396
v 37.368484 -3.519698 20.639244
v 46.358604 -3.592029 34.654984
v 45.299850 -3.592029 35.920662
v 22.525110 -3.576565 29.921057
v 8.832134 -3.575828 31.051044
v 8.832134 -3.575828 31.051044
v -7.591460 -3.575828 31.051044
v 45.299850 -3.592029 35.920662
v -7.591460 -3.575828 31.051044
v -44.128002 -3.592038 35.920662
v 45.299850 -3.592029 35.920662
v -7.591460 -3.575828 31.051044
v -21.353270 -3.576565 29.921057
v -44.128002 -3.592038 35.920662
v -45.186752 -3.592038 34.654984
v -44.128002 -3.592038 35.920662
v -32.944050 -3.519698 25.118452
v -44.128002 -3.592038 35.920662
v -30.563576 -3.519698 26.968382
v -32.944050 -3.519698 25.118452
v -32.944050 -3.519698 25.118452
v -34.824581 -3.519698 22.938063
v -45.186752 -3.592038 34.654984
v -34.824581 -3.519698 22.938063
v -36.196640 -3.519698 20.639244
v -45.186752 -3.592038 34.654984
v -36.196640 -3.519698 20.639244
v -37.265820 -3.519698 18.137405
v -45.186752 -3.592038 34.654984
v -28.073881 -3.519698 28.262465
v -30.563576 -3.519698 26.968382
v -44.128002 -3.592038 35.920662
v -44.128002 -3.592038 35.920662
v -25.475039 -3.519698 29.230803
v -28.073881 -3.519698 28.262465
v -41.177448 -3.592029 -35.594894
v -34.824581 -3.519698 -24.040979
v -32.944050 -3.519698 -26.221369
v -41.177448 -3.592029 -35.594894
v -32.944050 -3.519698 -26.221369
v -30.563576 -3.519698 -28.071301
v -41.177448 -3.592029 -35.594894
v -30.563576 -3.519698 -28.071301
v -28.073881 -3.519698 -29.365379
v -25.475039 -3.519698 -30.333723
v -41.177448 -3.592029 -35.594894
v -28.073881 -3.519698 -29.365379
v -34.824581 -3.519698 -24.040979
v -41.177448 -3.592029 -35.594894
v -36.196640 -3.519698 -21.742157
v -41.177448 -3.592029 -35.594894
v -37.265820 -3.519698 -19.240311
v -36.196640 -3.519698 -21.742157
v 38.437664 -3.519698 18.137396
v 46.358604 -3.592029 34.654984
v 39.433964 -3.575828 13.627429
v 45.299850 -3.592029 35.920662
v 26.646879 -3.519698 29.230803
v 22.525110 -3.576565 29.921057
v -21.353270 -3.576565 29.921057
v -25.475039 -3.519698 29.230803
v -44.128002 -3.592038 35.920662
v -38.262119 -3.575828 13.627429
v -45.186752 -3.592038 34.654984
v -37.265820 -3.519698 18.137405
v -41.177448 -3.592029 -35.594894
v -38.262119 -3.575828 -14.730341
v -37.265820 -3.519698 -19.240311
v -21.353270 -3.576565 -31.023973
v -41.177448 -3.592029 -35.594894
v -25.475039 -3.519698 -30.333723
v -19.651344 -3.105711 -38.529209
v -17.638395 -3.796348 -38.758266
v -19.313778 -4.091141 -38.758266
v -19.313778 -4.091141 -41.031933
v -17.638395 -3.796348 -41.031933
v -19.651344 -3.105711 -41.260983
v -25.499506 -3.105711 -38.529209
v -23.486553 -3.796348 -38.758266
v -25.161938 -4.091141 -38.758266
v -25.161938 -4.091141 -41.031933
v -23.486553 -3.796348 -41.031933
v -25.499506 -3.105711 -41.260983
v 36.946182 17.314610 -42.519341
v 36.279282 15.704550 -42.519341
v 36.946182 17.314610 -45.659042
v 36.279282 15.704550 -42.519341
v 36.279266 15.704550 -45.659042
v 36.946182 17.314610 -45.659042
v 38.556240 17.981516 -42.519341
v 36.946182 17.314610 -42.519341
v 38.556240 17.981516 -45.659042
v 36.946182 17.314610 -42.519341
v 36.946182 17.314610 -45.659042
v 38.556240 17.981516 -45.659042
v 40.166302 17.314610 -42.519341
v 38.556240 17.981516 -42.519341
v 40.166302 17.314610 -45.659042
v 38.556240 17.981516 -42.519341
v 38.556240 17.981516 -45.659042
v 40.166302 17.314610 -45.659042
v 40.833199 15.704550 -42.519341
v 40.166302 17.314610 -42.519341
v 40.833214 15.704550 -45.659042
v 40.166302 17.314610 -42.519341
v 40.166302 17.314610 -45.659042
v 40.833214 15.704550 -45.659042
v 40.166302 14.094486 -42.519341
v 40.833199 15.704550 -42.519341
v 40.166302 14.094486 -45.659042
v 40.833199 15.704550 -42.519341
v 40.833214 15.704550 -45.659042
v 40.166302 14.094486 -45.659042
v 38.556240 13.427582 -42.519341
v 40.166302 14.094486 -42.519341
v 38.556240 13.427582 -45.659042
v 40.166302 14.094486 -42.519341
v 40.166302 14.094486 -45.659042
v 38.556240 13.427582 -45.659042
v 36.946182 14.094486 -42.519341
v 38.556240 13.427582 -42.519341
v 36.946182 14.094486 -45.659042
v 38.556240 13.427582 -42.519341
v 38.556240 13.427582 -45.659042
v 36.946182 14.094486 -45.659042
v 36.279282 15.704550 -42.519341
v 36.946182 14.094486 -42.519341
v 36.279266 15.704550 -45.659042
v 36.946182 14.094486 -42.519341
v 36.946182 14.094486 -45.659042
v 36.279266 15.704550 -45.659042
v 36.946182 17.314610 -45.659042
v 36.279266 15.704550 -45.659042
v 38.556240 17.981516 -45.659042
v 36.279266 15.704550 -45.659042
v 36.946182 14.094486 -45.659042
v 38.556240 17.981516 -45.659042
v 38.556240 17.981516 -45.659042
v 36.946182 14.094486 -45.659042
v 40.166302 17.314610 -45.659042
v 36.946182 14.094486 -45.659042
v 38.556240 13.427582 -45.659042
v 40.166302 17.314610 -45.659042
v 40.166302 17.314610 -45.659042
v 38.556240 13.427582 -45.659042
v 40.833214 15.704550 -45.659042
v 38.556240 13.427582 -45.659042
v 40.166302 14.094486 -45.659042
v 40.833214 15.704550 -45.659042
v 35.034889 53.107689 -42.078884
v 34.367992 51.497631 -42.078884
v 35.034889 53.107689 -45.659042
v 34.367992 51.497631 -42.078884
v 34.367970 51.497631 -45.659039
v 35.034889 53.107689 -45.659042
v 36.644947 53.774593 -42.078884
v 35.034889 53.107689 -42.078884
v 36.644947 53.774593 -45.659042
v 35.034889 53.107689 -42.078884
v 35.034889 53.107689 -45.659042
v 36.644947 53.774593 -45.659042
v 38.255009 53.107689 -42.078884
v 36.644947 53.774593 -42.078884
v 38.255009 53.107689 -45.659042
v 36.644947 53.774593 -42.078884
v 36.644947 53.774593 -45.659042
v 38.255009 53.107689 -45.659042
v 38.921909 51.497631 -42.078884
v 38.255009 53.107689 -42.078884
v 38.921921 51.497631 -45.659039
v 38.255009 53.107689 -42.078884
v 38.255009 53.107689 -45.659042
v 38.921921 51.497631 -45.659039
v 38.255009 49.887566 -42.078884
v 38.921909 51.497631 -42.078884
v 38.255009 49.887566 -45.659039
v 38.921909 51.497631 -42.078884
v 38.921921 51.497631 -45.659039
v 38.255009 49.887566 -45.659039
v 36.644947 49.220657 -42.078884
v 38.255009 49.887566 -42.078884
v 36.644947 49.220657 -45.659039
v 38.255009 49.887566 -42.078884
v 38.255009 49.887566 -45.659039
v 36.644947 49.220657 -45.659039
v 35.034889 49.887566 -42.078884
v 36.644947 49.220657 -42.078884
v 35.034889 49.887566 -45.659039
v 36.644947 49.220657 -42.078884
v 36.644947 49.220657 -45.659039
v 35.034889 49.887566 -45.659039
v 34.367992 51.497631 -42.078884
v 35.034889 49.887566 -42.078884
v 34.367970 51.497631 -45.659039
v 35.034889 49.887566 -42.078884
v 35.034889 49.887566 -45.659039
v 34.367970 51.497631 -45.659039
v 35.034889 53.107689 -45.659042
v 34.367970 51.497631 -45.659039
v 36.644947 53.774593 -45.659042
v 34.367970 51.497631 -45.659039
v 35.034889 49.887566 -45.659039
v 36.644947 53.774593 -45.659042
v 36.644947 53.774593 -45.659042
v 35.034889 49.887566 -45.659039
v 38.255009 53.107689 -45.659042
v 35.034889 49.887566 -45.659039
v 36.644947 49.220657 -45.659039
v 38.255009 53.107689 -45.659042
v 38.255009 53.107689 -45.659042
v 36.644947 49.220657 -45.659039
v 38.921921 51.497631 -45.659039
v 36.644947 49.220657 -45.659039
v 38.255009 49.887566 -45.659039
v 38.921921 51.497631 -45.659039
v -35.307835 17.147011 -42.519341
v -35.974735 15.536949 -42.519341
v -35.307835 17.147011 -45.659042
v -35.974735 15.536949 -42.519341
v -35.974758 15.536949 -45.659042
v -35.307835 17.147011 -45.659042
v -33.697777 17.813915 -42.519341
v -35.307835 17.147011 -42.519341
v -33.697777 17.813915 -45.659042
v -35.307835 17.147011 -42.519341
v -35.307835 17.147011 -45.659042
v -33.697777 17.813915 -45.659042
v -32.087719 17.147011 -42.519341
v -33.697777 17.813915 -42.519341
v -32.087719 17.147011 -45.659042
v -33.697777 17.813915 -42.519341
v -33.697777 17.813915 -45.659042
v -32.087719 17.147011 -45.659042
v -31.420824 15.536949 -42.519341
v -32.087719 17.147011 -42.519341
v -31.420809 15.536949 -45.659042
v -32.087719 17.147011 -42.519341
v -32.087719 17.147011 -45.659042
v -31.420809 15.536949 -45.659042
v -32.087719 13.926888 -42.519341
v -31.420824 15.536949 -42.519341
v -32.087719 13.926888 -45.659042
v -31.420824 15.536949 -42.519341
v -31.420809 15.536949 -45.659042
v -32.087719 13.926888 -45.659042
v -33.697777 13.259980 -42.519341
v -32.087719 13.926888 -42.519341
v -33.697777 13.259980 -45.659042
v -32.087719 13.926888 -42.519341
v -32.087719 13.926888 -45.659042
v -33.697777 13.259980 -45.659042
v -35.307835 13.926888 -42.519341
v -33.697777 13.259980 -42.519341
v -35.307835 13.926888 -45.659042
v -33.697777 13.259980 -42.519341
v -33.697777 13.259980 -45.659042
v -35.307835 13.926888 -45.659042
v -35.974735 15.536949 -42.519341
v -35.307835 13.926888 -42.519341
v -35.974758 15.536949 -45.659042
v -35.307835 13.926888 -42.519341
v -35.307835 13.926888 -45.659042
v -35.974758 15.536949 -45.659042
v -35.307835 17.147011 -45.659042
v -35.974758 15.536949 -45.659042
v -33.697777 17.813915 -45.659042
v -35.974758 15.536949 -45.659042
v -35.307835 13.926888 -45.659042
v -33.697777 17.813915 -45.659042
v -33.697777 17.813915 -45.659042
v -35.307835 13.926888 -45.659042
v -32.087719 17.147011 -45.659042
v -35.307835 13.926888 -45.659042
v -33.697777 13.259980 -45.659042
v -32.087719 17.147011 -45.659042
v -32.087719 17.147011 -45.659042
v -33.697777 13.259980 -45.659042
v -31.420809 15.536949 -45.659042
v -33.697777 13.259980 -45.659042
v -32.087719 13.926888 -45.659042
v -31.420809 15.536949 -45.659042
v -33.308994 53.110565 -42.078884
v -33.975891 51.500507 -42.078884
v -33.308994 53.110565 -45.659042
v -33.975891 51.500507 -42.078884
v -33.975914 51.500507 -45.659039
v -33.308994 53.110565 -45.659042
v -31.698936 53.777473 -42.078884
v -33.308994 53.110565 -42.078884
v -31.698936 53.777473 -45.659042
v -33.308994 53.110565 -42.078884
v -33.308994 53.110565 -45.659042
v -31.698936 53.777473 -45.659042
v -30.088875 53.110565 -42.078884
v -31.698936 53.777473 -42.078884
v -30.088875 53.110565 -45.659042
v -31.698936 53.777473 -42.078884
v -31.698936 53.777473 -45.659042
v -30.088875 53.110565 -45.659042
v -29.421980 51.500507 -42.078884
v -30.088875 53.110565 -42.078884
v -29.421963 51.500507 -45.659039
v -30.088875 53.110565 -42.078884
v -30.088875 53.110565 -45.659042
v -29.421963 51.500507 -45.659039
v -30.088875 49.890446 -42.078884
v -29.421980 51.500507 -42.078884
v -30.088875 49.890446 -45.659039
v -29.421980 51.500507 -42.078884
v -29.421963 51.500507 -45.659039
v -30.088875 49.890446 -45.659039
v -31.698936 49.223530 -42.078884
v -30.088875 49.890446 -42.078884
v -31.698936 49.223530 -45.659039
v -30.088875 49.890446 -42.078884
v -30.088875 49.890446 -45.659039
v -31.698936 49.223530 -45.659039
v -33.308994 49.890446 -42.078884
v -31.698936 49.223530 -42.078884
v -33.308994 49.890446 -45.659039
v -31.698936 49.223530 -42.078884
v -31.698936 49.223530 -45.659039
v -33.308994 49.890446 -45.659039
v -33.975891 51.500507 -42.078884
v -33.308994 49.890446 -42.078884
v -33.975914 51.500507 -45.659039
v -33.308994 49.890446 -42.078884
v -33.308994 49.890446 -45.659039
v -33.975914 51.500507 -45.659039
v -33.308994 53.110565 -45.659042
v -33.975914 51.500507 -45.659039
v -31.698936 53.777473 -45.659042
v -33.975914 51.500507 -45.659039
v -33.308994 49.890446 -45.659039
v -31.698936 53.777473 -45.659042
v -31.698936 53.777473 -45.659042
v -33.308994 49.890446 -45.659039
v -30.088875 53.110565 -45.659042
v -33.308994 49.890446 -45.659039
v -31.698936 49.223530 -45.659039
v -30.088875 53.110565 -45.659042
v -30.088875 53.110565 -45.659042
v -31.698936 49.223530 -45.659039
v -29.421963 51.500507 -45.659039
v -31.698936 49.223530 -45.659039
v -30.088875 49.890446 -45.659039
v -29.421963 51.500507 -45.659039
v -44.290127 9.396636 -43.377842
v 45.461967 9.396641 -43.377842
v -44.290127 68.144485 -37.810829
v 45.461967 9.396641 -43.377842
v 45.461979 68.144485 -37.810829
v -44.290127 68.144485 -37.810829
v 42.971519 -4.712760 29.677452
v 43.407223 -4.221622 30.259829
v 43.221615 -4.215421 29.108809
v 42.855782 -4.765944 29.320026
v 42.971519 -4.712760 29.677452
v 43.221615 -4.215421 29.108809
v 42.443687 -4.894047 29.677452
v 42.971519 -4.712760 29.677452
v 42.855782 -4.765944 29.320026
v 42.379013 -4.973083 29.595291
v 42.443687 -4.894047 29.677452
v 42.855782 -4.765944 29.320026
v 42.855782 -4.765944 29.320026
v 43.221615 -4.215421 29.108809
v 42.167778 -4.765944 28.632040
v 42.379013 -4.973083 29.595291
v 41.227985 -4.961272 29.677452
v 42.443687 -4.894047 29.677452
v 42.379013 -4.973083 29.595291
v 42.855782 -4.765944 29.320026
v 41.892525 -4.973083 29.108809
v 42.855782 -4.765944 29.320026
v 42.167778 -4.765944 28.632040
v 41.892525 -4.973083 29.108809
v 41.227985 -4.961272 29.677452
v 42.379013 -4.973083 29.595291
v 41.892525 -4.973083 29.108809
v 43.221615 -4.215421 29.108809
v 42.379013 -4.215421 28.266211
v 42.167778 -4.765944 28.632040
v 41.227985 -4.973083 28.930748
v 41.227985 -4.961272 29.677452
v 41.892525 -4.973083 29.108809
v 41.892525 -4.973083 29.108809
v 42.167778 -4.765944 28.632040
v 41.227985 -4.973083 28.930748
v 41.227985 -4.961272 29.677452
v 41.227985 -4.973083 28.930748
v 40.563450 -4.973083 29.108809
v 40.076977 -4.973083 29.595291
v 41.227985 -4.961272 29.677452
v 40.563450 -4.973083 29.108809
v 41.227985 -4.961272 29.677452
v 40.076977 -4.973083 29.595291
v 40.012299 -4.894047 29.677452
v 42.167778 -4.765944 28.632040
v 41.227985 -4.765944 28.380224
v 41.227985 -4.973083 28.930748
v 41.227985 -4.973083 28.930748
v 41.227985 -4.765944 28.380224
v 40.563450 -4.973083 29.108809
v 42.167778 -4.765944 28.632040
v 42.379013 -4.215421 28.266211
v 41.227985 -4.765944 28.380224
v 40.563450 -4.973083 29.108809
v 40.288189 -4.765944 28.632040
v 40.076977 -4.973083 29.595291
v 41.227985 -4.765944 28.380224
v 40.288189 -4.765944 28.632040
v 40.563450 -4.973083 29.108809
v 40.012299 -4.894047 29.677452
v 40.076977 -4.973083 29.595291
v 39.600208 -4.765944 29.320026
v 40.288189 -4.765944 28.632040
v 39.600208 -4.765944 29.320026
v 40.076977 -4.973083 29.595291
v 42.379013 -4.215421 28.266211
v 41.227985 -4.215421 27.957798
v 41.227985 -4.765944 28.380224
v 41.227985 -4.765944 28.380224
v 41.227985 -4.215421 27.957798
v 40.288189 -4.765944 28.632040
v 41.227985 -4.215421 27.957798
v 40.076977 -4.215421 28.266211
v 40.288189 -4.765944 28.632040
v 40.288189 -4.765944 28.632040
v 40.076977 -4.215421 28.266211
v 39.600208 -4.765944 29.320026
v 39.484467 -4.712760 29.677452
v 40.012299 -4.894047 29.677452
v 39.600208 -4.765944 29.320026
v 40.076977 -4.215421 28.266211
v 39.234375 -4.215421 29.108809
v 39.600208 -4.765944 29.320026
v 39.484467 -4.712760 29.677452
v 39.600208 -4.765944 29.320026
v 39.234375 -4.215421 29.108809
v 39.048752 -4.224723 30.259829
v 39.484467 -4.712760 29.677452
v 39.234375 -4.215421 29.108809
v 39.484474 -4.712760 30.842201
v 39.048752 -4.224723 30.259829
v 39.234379 -4.215421 31.410839
v 39.600212 -4.765944 31.199621
v 39.484474 -4.712760 30.842201
v 39.234379 -4.215421 31.410839
v 40.012306 -4.894047 30.842201
v 39.484474 -4.712760 30.842201
v 39.600212 -4.765944 31.199621
v 40.076977 -4.973083 30.924362
v 40.012306 -4.894047 30.842201
v 39.600212 -4.765944 31.199621
v 39.600212 -4.765944 31.199621
v 39.234379 -4.215421 31.410839
v 40.288197 -4.765944 31.887608
v 40.076977 -4.973083 30.924362
v 41.227985 -4.961272 30.842201
v 40.012306 -4.894047 30.842201
v 40.076977 -4.973083 30.924362
v 39.600212 -4.765944 31.199621
v 40.563461 -4.973083 31.410839
v 39.600212 -4.765944 31.199621
v 40.288197 -4.765944 31.887608
v 40.563461 -4.973083 31.410839
v 41.227985 -4.961272 30.842201
v 40.076977 -4.973083 30.924362
v 40.563461 -4.973083 31.410839
v 39.234379 -4.215421 31.410839
v 40.076977 -4.215421 32.253437
v 40.288197 -4.765944 31.887608
v 41.227985 -4.973083 31.588905
v 41.227985 -4.961272 30.842201
v 40.563461 -4.973083 31.410839
v 40.563461 -4.973083 31.410839
v 40.288197 -4.765944 31.887608
v 41.227985 -4.973083 31.588905
v 41.227985 -4.961272 30.842201
v 41.227985 -4.973083 31.588905
v 41.892540 -4.973083 31.410839
v 42.379013 -4.973083 30.924362
v 41.227985 -4.961272 30.842201
v 41.892540 -4.973083 31.410839
v 41.227985 -4.961272 30.842201
v 42.379013 -4.973083 30.924362
v 42.443691 -4.894047 30.842201
v 40.288197 -4.765944 31.887608
v 41.227985 -4.765944 32.139423
v 41.227985 -4.973083 31.588905
v 41.227985 -4.973083 31.588905
v 41.227985 -4.765944 32.139423
v 41.892540 -4.973083 31.410839
v 40.288197 -4.765944 31.887608
v 40.076977 -4.215421 32.253437
v 41.227985 -4.765944 32.139423
v 41.892540 -4.973083 31.410839
v 42.167805 -4.765944 31.887608
v 42.379013 -4.973083 30.924362
v 41.227985 -4.765944 32.139423
v 42.167805 -4.765944 31.887608
v 41.892540 -4.973083 31.410839
v 42.443691 -4.894047 30.842201
v 42.379013 -4.973083 30.924362
v 42.855782 -4.765944 31.199621
v 42.167805 -4.765944 31.887608
v 42.855782 -4.765944 31.199621
v 42.379013 -4.973083 30.924362
v 40.076977 -4.215421 32.253437
v 41.227985 -4.215421 32.561859
v 41.227985 -4.765944 32.139423
v 41.227985 -4.765944 32.139423
v 41.227985 -4.215421 32.561859
v 42.167805 -4.765944 31.887608
v 41.227985 -4.215421 32.561859
v 42.379013 -4.215421 32.253437
v 42.167805 -4.765944 31.887608
v 42.167805 -4.765944 31.887608
v 42.379013 -4.215421 32.253437
v 42.855782 -4.765944 31.199621
v 42.971523 -4.712760 30.842201
v 42.443691 -4.894047 30.842201
v 42.855782 -4.765944 31.199621
v 42.379013 -4.215421 32.253437
v 43.221615 -4.215421 31.410839
v 42.855782 -4.765944 31.199621
v 42.971523 -4.712760 30.842201
v 42.855782 -4.765944 31.199621
v 43.221615 -4.215421 31.410839
v 43.407223 -4.221622 30.259829
v 42.971523 -4.712760 30.842201
v 43.221615 -4.215421 31.410839
v 42.971519 -4.221622 29.994385
v 42.971523 -4.221622 30.525269
v 43.407223 -4.221622 30.259829
v 42.971523 -4.221622 30.525269
v 42.971519 -4.221622 29.994385
v 42.443687 -4.221622 29.994385
v 42.443691 -4.221622 30.525269
v 42.971523 -4.221622 30.525269
v 42.443687 -4.221622 29.994385
v 41.227985 -4.215421 30.525269
v 42.443691 -4.221622 30.525269
v 42.443687 -4.221622 29.994385
v 41.227985 -4.215421 29.994385
v 41.227985 -4.215421 30.525269
v 42.443687 -4.221622 29.994385
v 41.227985 -4.215421 29.994385
v 40.012299 -4.224723 29.994385
v 41.227985 -4.215421 30.525269
v 40.012299 -4.224723 29.994385
v 40.012306 -4.224723 30.525269
v 41.227985 -4.215421 30.525269
v 40.012299 -4.224723 29.994385
v 39.484467 -4.224723 29.994385
v 40.012306 -4.224723 30.525269
v 39.484467 -4.224723 29.994385
v 39.484474 -4.224723 30.525269
v 40.012306 -4.224723 30.525269
v 39.484474 -4.224723 30.525269
v 39.484467 -4.224723 29.994385
v 39.048752 -4.224723 30.259829
v 40.076977 -4.215421 28.266211
v 39.944206 -3.574322 28.036234
v 39.234375 -4.215421 29.108809
v 39.944206 -3.574322 28.036234
v 39.004406 -3.574322 28.976036
v 39.234375 -4.215421 29.108809
v 41.227985 -4.215421 27.957798
v 41.227985 -3.574322 27.692244
v 40.076977 -4.215421 28.266211
v 41.227985 -3.574322 27.692244
v 39.944206 -3.574322 28.036234
v 40.076977 -4.215421 28.266211
v 42.379013 -4.215421 28.266211
v 42.511795 -3.574322 28.036234
v 41.227985 -4.215421 27.957798
v 42.511795 -3.574322 28.036234
v 41.227985 -3.574322 27.692244
v 41.227985 -4.215421 27.957798
v 43.221615 -4.215421 29.108809
v 43.451580 -3.574322 28.976036
v 42.379013 -4.215421 28.266211
v 43.451580 -3.574322 28.976036
v 42.511795 -3.574322 28.036234
v 42.379013 -4.215421 28.266211
v 43.451580 -3.574322 28.976036
v 43.221615 -4.215421 29.108809
v 43.795582 -3.574322 30.259829
v 43.221615 -4.215421 29.108809
v 43.407223 -4.221622 30.259829
v 43.795582 -3.574322 30.259829
v 43.407223 -4.221622 30.259829
v 43.221615 -4.215421 31.410839
v 43.795582 -3.574322 30.259829
v 43.221615 -4.215421 31.410839
v 43.451580 -3.574322 31.543617
v 43.795582 -3.574322 30.259829
v 42.379013 -4.215421 32.253437
v 42.511795 -3.574322 32.483418
v 43.221615 -4.215421 31.410839
v 42.511795 -3.574322 32.483418
v 43.451580 -3.574322 31.543617
v 43.221615 -4.215421 31.410839
v 41.227985 -4.215421 32.561859
v 41.227985 -3.574322 32.827404
v 42.379013 -4.215421 32.253437
v 41.227985 -3.574322 32.827404
v 42.511795 -3.574322 32.483418
v 42.379013 -4.215421 32.253437
v 40.076977 -4.215421 32.253437
v 39.944206 -3.574322 32.483418
v 41.227985 -4.215421 32.561859
v 39.944206 -3.574322 32.483418
v 41.227985 -3.574322 32.827404
v 41.227985 -4.215421 32.561859
v 39.234379 -4.215421 31.410839
v 39.004406 -3.574322 31.543617
v 40.076977 -4.215421 32.253437
v 39.004406 -3.574322 31.543617
v 39.944206 -3.574322 32.483418
v 40.076977 -4.215421 32.253437
v 39.004406 -3.574322 31.543617
v 39.234379 -4.215421 31.410839
v 38.660416 -3.574322 30.259829
v 39.234379 -4.215421 31.410839
v 39.048752 -4.224723 30.259829
v 38.660416 -3.574322 30.259829
v 39.048752 -4.224723 30.259829
v 39.234375 -4.215421 29.108809
v 38.660416 -3.574322 30.259829
v 39.234375 -4.215421 29.108809
v 39.004406 -3.574322 28.976036
v 38.660416 -3.574322 30.259829
v 42.443687 -4.894047 29.677452
v 42.443687 -4.221622 29.994385
v 42.971519 -4.712760 29.677452
v 42.443687 -4.221622 29.994385
v 42.971519 -4.221622 29.994385
v 42.971519 -4.712760 29.677452
v 42.443691 -4.894047 30.842201
v 42.971523 -4.712760 30.842201
v 42.443691 -4.221622 30.525269
v 42.971523 -4.712760 30.842201
v 42.971523 -4.221622 30.525269
v 42.443691 -4.221622 30.525269
v 41.227985 -4.961272 30.842201
v 42.443691 -4.894047 30.842201
v 41.227985 -4.215421 30.525269
v 42.443691 -4.894047 30.842201
v 42.443691 -4.221622 30.525269
v 41.227985 -4.215421 30.525269
v 41.227985 -4.961272 29.677452
v 41.227985 -4.215421 29.994385
v 42.443687 -4.894047 29.677452
v 41.227985 -4.215421 29.994385
v 42.443687 -4.221622 29.994385
v 42.443687 -4.894047 29.677452
v 40.012306 -4.894047 30.842201
v 40.012306 -4.224723 30.525269
v 39.484474 -4.712760 30.842201
v 40.012306 -4.224723 30.525269
v 39.484474 -4.224723 30.525269
v 39.484474 -4.712760 30.842201
v 40.012299 -4.894047 29.677452
v 39.484467 -4.712760 29.677452
v 40.012299 -4.224723 29.994385
v 39.484467 -4.712760 29.677452
v 39.484467 -4.224723 29.994385
v 40.012299 -4.224723 29.994385
v 41.227985 -4.961272 30.842201
v 41.227985 -4.215421 30.525269
v 40.012306 -4.894047 30.842201
v 41.227985 -4.215421 30.525269
v 40.012306 -4.224723 30.525269
v 40.012306 -4.894047 30.842201
v 41.227985 -4.961272 29.677452
v 40.012299 -4.894047 29.677452
v 41.227985 -4.215421 29.994385
v 40.012299 -4.894047 29.677452
v 40.012299 -4.224723 29.994385
v 41.227985 -4.215421 29.994385
v 42.971519 -4.712760 -31.313398
v 43.407223 -4.221622 -30.731018
v 43.221615 -4.215421 -31.882040
v 42.855782 -4.765944 -31.670818
v 42.971519 -4.712760 -31.313398
v 43.221615 -4.215421 -31.882040
v 42.443687 -4.894047 -31.313398
v 42.971519 -4.712760 -31.313398
v 42.855782 -4.765944 -31.670818
v 42.379013 -4.973083 -31.395557
v 42.443687 -4.894047 -31.313398
v 42.855782 -4.765944 -31.670818
v 42.855782 -4.765944 -31.670818
v 43.221615 -4.215421 -31.882040
v 42.167778 -4.765944 -32.358803
v 42.379013 -4.973083 -31.395557
v 41.227985 -4.961272 -31.313398
v 42.443687 -4.894047 -31.313398
v 42.379013 -4.973083 -31.395557
v 42.855782 -4.765944 -31.670818
v 41.892525 -4.973083 -31.882040
v 42.855782 -4.765944 -31.670818
v 42.167778 -4.765944 -32.358803
v 41.892525 -4.973083 -31.882040
v 41.227985 -4.961272 -31.313398
v 42.379013 -4.973083 -31.395557
v 41.892525 -4.973083 -31.882040
v 43.221615 -4.215421 -31.882040
v 42.379013 -4.215421 -32.724636
v 42.167778 -4.765944 -32.358803
v 41.227985 -4.973083 -32.060101
v 41.227985 -4.961272 -31.313398
v 41.892525 -4.973083 -31.882040
v 41.892525 -4.973083 -31.882040
v 42.167778 -4.765944 -32.358803
v 41.227985 -4.973083 -32.060101
v 41.227985 -4.961272 -31.313398
v 41.227985 -4.973083 -32.060101
v 40.563450 -4.973083 -31.882040
v 40.076977 -4.973083 -31.395557
v 41.227985 -4.961272 -31.313398
v 40.563450 -4.973083 -31.882040
v 41.227985 -4.961272 -31.313398
v 40.076977 -4.973083 -31.395557
v 40.012299 -4.894047 -31.313398
v 42.167778 -4.765944 -32.358803
v 41.227985 -4.765944 -32.610626
v 41.227985 -4.973083 -32.060101
v 41.227985 -4.973083 -32.060101
v 41.227985 -4.765944 -32.610626
v 40.563450 -4.973083 -31.882040
v 42.167778 -4.765944 -32.358803
v 42.379013 -4.215421 -32.724636
v 41.227985 -4.765944 -32.610626
v 40.563450 -4.973083 -31.882040
v 40.288189 -4.765944 -32.358803
v 40.076977 -4.973083 -31.395557
v 41.227985 -4.765944 -32.610626
v 40.288189 -4.765944 -32.358803
v 40.563450 -4.973083 -31.882040
v 40.012299 -4.894047 -31.313398
v 40.076977 -4.973083 -31.395557
v 39.600208 -4.765944 -31.670818
v 40.288189 -4.765944 -32.358803
v 39.600208 -4.765944 -31.670818
v 40.076977 -4.973083 -31.395557
v 42.379013 -4.215421 -32.724636
v 41.227985 -4.215421 -33.033054
v 41.227985 -4.765944 -32.610626
v 41.227985 -4.765944 -32.610626
v 41.227985 -4.215421 -33.033054
v 40.288189 -4.765944 -32.358803
v 41.227985 -4.215421 -33.033054
v 40.076977 -4.215421 -32.724636
v 40.288189 -4.765944 -32.358803
v 40.288189 -4.765944 -32.358803
v 40.076977 -4.215421 -32.724636
v 39.600208 -4.765944 -31.670818
v 39.484467 -4.712760 -31.313398
v 40.012299 -4.894047 -31.313398
v 39.600208 -4.765944 -31.670818
v 40.076977 -4.215421 -32.724636
v 39.234375 -4.215421 -31.882040
v 39.600208 -4.765944 -31.670818
v 39.484467 -4.712760 -31.313398
v 39.600208 -4.765944 -31.670818
v 39.234375 -4.215421 -31.882040
v 39.048752 -4.224723 -30.731018
v 39.484467 -4.712760 -31.313398
v 39.234375 -4.215421 -31.882040
v 39.484474 -4.712760 -30.148649
v 39.048752 -4.224723 -30.731018
v 39.234379 -4.215421 -29.580008
v 39.600212 -4.765944 -29.791225
v 39.484474 -4.712760 -30.148649
v 39.234379 -4.215421 -29.580008
v 40.012306 -4.894047 -30.148649
v 39.484474 -4.712760 -30.148649
v 39.600212 -4.765944 -29.791225
v 40.076977 -4.973083 -30.066488
v 40.012306 -4.894047 -30.148649
v 39.600212 -4.765944 -29.791225
v 39.600212 -4.765944 -29.791225
v 39.234379 -4.215421 -29.580008
v 40.288197 -4.765944 -29.103241
v 40.076977 -4.973083 -30.066488
v 41.227985 -4.961272 -30.148649
v 40.012306 -4.894047 -30.148649
v 40.076977 -4.973083 -30.066488
v 39.600212 -4.765944 -29.791225
v 40.563461 -4.973083 -29.580008
v 39.600212 -4.765944 -29.791225
v 40.288197 -4.765944 -29.103241
v 40.563461 -4.973083 -29.580008
v 41.227985 -4.961272 -30.148649
v 40.076977 -4.973083 -30.066488
v 40.563461 -4.973083 -29.580008
v 39.234379 -4.215421 -29.580008
v 40.076977 -4.215421 -28.737408
v 40.288197 -4.765944 -29.103241
v 41.227985 -4.973083 -29.401945
v 41.227985 -4.961272 -30.148649
v 40.563461 -4.973083 -29.580008
v 40.563461 -4.973083 -29.580008
v 40.288197 -4.765944 -29.103241
v 41.227985 -4.973083 -29.401945
v 41.227985 -4.961272 -30.148649
v 41.227985 -4.973083 -29.401945
v 41.892540 -4.973083 -29.580008
v 42.379013 -4.973083 -30.066488
v 41.227985 -4.961272 -30.148649
v 41.892540 -4.973083 -29.580008
v 41.227985 -4.961272 -30.148649
v 42.379013 -4.973083 -30.066488
v 42.443691 -4.894047 -30.148649
v 40.288197 -4.765944 -29.103241
v 41.227985 -4.765944 -28.851423
v 41.227985 -4.973083 -29.401945
v 41.227985 -4.973083 -29.401945
v 41.227985 -4.765944 -28.851423
v 41.892540 -4.973083 -29.580008
v 40.288197 -4.765944 -29.103241
v 40.076977 -4.215421 -28.737408
v 41.227985 -4.765944 -28.851423
v 41.892540 -4.973083 -29.580008
v 42.167805 -4.765944 -29.103241
v 42.379013 -4.973083 -30.066488
v 41.227985 -4.765944 -28.851423
v 42.167805 -4.765944 -29.103241
v 41.892540 -4.973083 -29.580008
v 42.443691 -4.894047 -30.148649
v 42.379013 -4.973083 -30.066488
v 42.855782 -4.765944 -29.791225
v 42.167805 -4.765944 -29.103241
v 42.855782 -4.765944 -29.791225
v 42.379013 -4.973083 -30.066488
v 40.076977 -4.215421 -28.737408
v 41.227985 -4.215421 -28.428986
v 41.227985 -4.765944 -28.851423
v 41.227985 -4.765944 -28.851423
v 41.227985 -4.215421 -28.428986
v 42.167805 -4.765944 -29.103241
v 41.227985 -4.215421 -28.428986
v 42.379013 -4.215421 -28.737408
v 42.167805 -4.765944 -29.103241
v 42.167805 -4.765944 -29.103241
v 42.379013 -4.215421 -28.737408
v 42.855782 -4.765944 -29.791225
v 42.971523 -4.712760 -30.148649
v 42.443691 -4.894047 -30.148649
v 42.855782 -4.765944 -29.791225
v 42.379013 -4.215421 -28.737408
v 43.221615 -4.215421 -29.580008
v 42.855782 -4.765944 -29.791225
v 42.971523 -4.712760 -30.148649
v 42.855782 -4.765944 -29.791225
v 43.221615 -4.215421 -29.580008
v 43.407223 -4.221622 -30.731018
v 42.971523 -4.712760 -30.148649
v 43.221615 -4.215421 -29.580008
v 42.971519 -4.221622 -30.996466
v 42.971523 -4.221622 -30.465582
v 43.407223 -4.221622 -30.731018
v 42.971523 -4.221622 -30.465582
v 42.971519 -4.221622 -30.996466
v 42.443687 -4.221622 -30.996466
v 42.443691 -4.221622 -30.465582
v 42.971523 -4.221622 -30.465582
v 42.443687 -4.221622 -30.996466
v 41.227985 -4.215421 -30.465582
v 42.443691 -4.221622 -30.465582
v 42.443687 -4.221622 -30.996466
v 41.227985 -4.215421 -30.996466
v 41.227985 -4.215421 -30.465582
v 42.443687 -4.221622 -30.996466
v 41.227985 -4.215421 -30.996466
v 40.012299 -4.224723 -30.996466
v 41.227985 -4.215421 -30.465582
v 40.012299 -4.224723 -30.996466
v 40.012306 -4.224723 -30.465582
v 41.227985 -4.215421 -30.465582
v 40.012299 -4.224723 -30.996466
v 39.484467 -4.224723 -30.996466
v 40.012306 -4.224723 -30.465582
v 39.484467 -4.224723 -30.996466
v 39.484474 -4.224723 -30.465582
v 40.012306 -4.224723 -30.465582
v 39.484474 -4.224723 -30.465582
v 39.484467 -4.224723 -30.996466
v 39.048752 -4.224723 -30.731018
v 40.076977 -4.215421 -32.724636
v 39.944206 -3.574322 -32.954617
v 39.234375 -4.215421 -31.882040
v 39.944206 -3.574322 -32.954617
v 39.004406 -3.574322 -32.014812
v 39.234375 -4.215421 -31.882040
v 41.227985 -4.215421 -33.033054
v 41.227985 -3.574322 -33.298603
v 40.076977 -4.215421 -32.724636
v 41.227985 -3.574322 -33.298603
v 39.944206 -3.574322 -32.954617
v 40.076977 -4.215421 -32.724636
v 42.379013 -4.215421 -32.724636
v 42.511795 -3.574322 -32.954617
v 41.227985 -4.215421 -33.033054
v 42.511795 -3.574322 -32.954617
v 41.227985 -3.574322 -33.298603
v 41.227985 -4.215421 -33.033054
v 43.221615 -4.215421 -31.882040
v 43.451580 -3.574322 -32.014812
v 42.379013 -4.215421 -32.724636
v 43.451580 -3.574322 -32.014812
v 42.511795 -3.574322 -32.954617
v 42.379013 -4.215421 -32.724636
v 43.451580 -3.574322 -32.014812
v 43.221615 -4.215421 -31.882040
v 43.795582 -3.574322 -30.731018
v 43.221615 -4.215421 -31.882040
v 43.407223 -4.221622 -30.731018
v 43.795582 -3.574322 -30.731018
v 43.407223 -4.221622 -30.731018
v 43.221615 -4.215421 -29.580008
v 43.795582 -3.574322 -30.731018
v 43.221615 -4.215421 -29.580008
v 43.451580 -3.574322 -29.447233
v 43.795582 -3.574322 -30.731018
v 42.379013 -4.215421 -28.737408
v 42.511795 -3.574322 -28.507423
v 43.221615 -4.215421 -29.580008
v 42.511795 -3.574322 -28.507423
v 43.451580 -3.574322 -29.447233
v 43.221615 -4.215421 -29.580008
v 41.227985 -4.215421 -28.428986
v 41.227985 -3.574322 -28.163443
v 42.379013 -4.215421 -28.737408
v 41.227985 -3.574322 -28.163443
v 42.511795 -3.574322 -28.507423
v 42.379013 -4.215421 -28.737408
v 40.076977 -4.215421 -28.737408
v 39.944206 -3.574322 -28.507423
v 41.227985 -4.215421 -28.428986
v 39.944206 -3.574322 -28.507423
v 41.227985 -3.574322 -28.163443
v 41.227985 -4.215421 -28.428986
v 39.234379 -4.215421 -29.580008
v 39.004406 -3.574322 -29.447233
v 40.076977 -4.215421 -28.737408
v 39.004406 -3.574322 -29.447233
v 39.944206 -3.574322 -28.507423
v 40.076977 -4.215421 -28.737408
v 39.004406 -3.574322 -29.447233
v 39.234379 -4.215421 -29.580008
v 38.660416 -3.574322 -30.731018
v 39.234379 -4.215421 -29.580008
v 39.048752 -4.224723 -30.731018
v 38.660416 -3.574322 -30.731018
v 39.048752 -4.224723 -30.731018
v 39.234375 -4.215421 -31.882040
v 38.660416 -3.574322 -30.731018
v 39.234375 -4.215421 -31.882040
v 39.004406 -3.574322 -32.014812
v 38.660416 -3.574322 -30.731018
v 42.443687 -4.894047 -31.313398
v 42.443687 -4.221622 -30.996466
v 42.971519 -4.712760 -31.313398
v 42.443687 -4.221622 -30.996466
v 42.971519 -4.221622 -30.996466
v 42.971519 -4.712760 -31.313398
v 42.443691 -4.894047 -30.148649
v 42.971523 -4.712760 -30.148649
v 42.443691 -4.221622 -30.465582
v 42.971523 -4.712760 -30.148649
v 42.971523 -4.221622 -30.465582
v 42.443691 -4.221622 -30.465582
v 41.227985 -4.961272 -30.148649
v 42.443691 -4.894047 -30.148649
v 41.227985 -4.215421 -30.465582
v 42.443691 -4.894047 -30.148649
v 42.443691 -4.221622 -30.465582
v 41.227985 -4.215421 -30.465582
v 41.227985 -4.961272 -31.313398
v 41.227985 -4.215421 -30.996466
v 42.443687 -4.894047 -31.313398
v 41.227985 -4.215421 -30.996466
v 42.443687 -4.221622 -30.996466
v 42.443687 -4.894047 -31.313398
v 40.012306 -4.894047 -30.148649
v 40.012306 -4.224723 -30.465582
v 39.484474 -4.712760 -30.148649
v 40.012306 -4.224723 -30.465582
v 39.484474 -4.224723 -30.465582
v 39.484474 -4.712760 -30.148649
v 40.012299 -4.894047 -31.313398
v 39.484467 -4.712760 -31.313398
v 40.012299 -4.224723 -30.996466
v 39.484467 -4.712760 -31.313398
v 39.484467 -4.224723 -30.996466
v 40.012299 -4.224723 -30.996466
v 41.227985 -4.961272 -30.148649
v 41.227985 -4.215421 -30.465582
v 40.012306 -4.894047 -30.148649
v 41.227985 -4.215421 -30.465582
v 40.012306 -4.224723 -30.465582
v 40.012306 -4.894047 -30.148649
v 41.227985 -4.961272 -31.313398
v 40.012299 -4.894047 -31.313398
v 41.227985 -4.215421 -30.996466
v 40.012299 -4.894047 -31.313398
v 40.012299 -4.224723 -30.996466
v 41.227985 -4.215421 -30.996466
v -38.536392 -4.712760 -31.313398
v -38.100674 -4.221622 -30.731018
v -38.286293 -4.215421 -31.882040
v -38.652130 -4.765944 -31.670818
v -38.536392 -4.712760 -31.313398
v -38.286293 -4.215421 -31.882040
v -39.064224 -4.894047 -31.313398
v -38.536392 -4.712760 -31.313398
v -38.652130 -4.765944 -31.670818
v -39.128899 -4.973083 -31.395557
v -39.064224 -4.894047 -31.313398
v -38.652130 -4.765944 -31.670818
v -38.652130 -4.765944 -31.670818
v -38.286293 -4.215421 -31.882040
v -39.340118 -4.765944 -32.358803
v -39.128899 -4.973083 -31.395557
v -40.279919 -4.961272 -31.313398
v -39.064224 -4.894047 -31.313398
v -39.128899 -4.973083 -31.395557
v -38.652130 -4.765944 -31.670818
v -39.615379 -4.973083 -31.882040
v -38.652130 -4.765944 -31.670818
v -39.340118 -4.765944 -32.358803
v -39.615379 -4.973083 -31.882040
v -40.279919 -4.961272 -31.313398
v -39.128899 -4.973083 -31.395557
v -39.615379 -4.973083 -31.882040
v -38.286293 -4.215421 -31.882040
v -39.128899 -4.215421 -32.724636
v -39.340118 -4.765944 -32.358803
v -40.279919 -4.973083 -32.060101
v -40.279919 -4.961272 -31.313398
v -39.615379 -4.973083 -31.882040
v -39.615379 -4.973083 -31.882040
v -39.340118 -4.765944 -32.358803
v -40.279919 -4.973083 -32.060101
v -40.279919 -4.961272 -31.313398
v -40.279919 -4.973083 -32.060101
v -40.944454 -4.973083 -31.882040
v -41.430923 -4.973083 -31.395557
v -40.279919 -4.961272 -31.313398
v -40.944454 -4.973083 -31.882040
v -40.279919 -4.961272 -31.313398
v -41.430923 -4.973083 -31.395557
v -41.495602 -4.894047 -31.313398
v -39.340118 -4.765944 -32.358803
v -40.279919 -4.765944 -32.610626
v -40.279919 -4.973083 -32.060101
v -40.279919 -4.973083 -32.060101
v -40.279919 -4.765944 -32.610626
v -40.944454 -4.973083 -31.882040
v -39.340118 -4.765944 -32.358803
v -39.128899 -4.215421 -32.724636
v -40.279919 -4.765944 -32.610626
v -40.944454 -4.973083 -31.882040
v -41.219711 -4.765944 -32.358803
v -41.430923 -4.973083 -31.395557
v -40.279919 -4.765944 -32.610626
v -41.219711 -4.765944 -32.358803
v -40.944454 -4.973083 -31.882040
v -41.495602 -4.894047 -31.313398
v -41.430923 -4.973083 -31.395557
v -41.907688 -4.765944 -31.670818
v -41.219711 -4.765944 -32.358803
v -41.907688 -4.765944 -31.670818
v -41.430923 -4.973083 -31.395557
v -39.128899 -4.215421 -32.724636
v -40.279911 -4.215421 -33.033054
v -40.279919 -4.765944 -32.610626
v -40.279919 -4.765944 -32.610626
v -40.279911 -4.215421 -33.033054
v -41.219711 -4.765944 -32.358803
v -40.279911 -4.215421 -33.033054
v -41.430923 -4.215421 -32.724636
v -41.219711 -4.765944 -32.358803
v -41.219711 -4.765944 -32.358803
v -41.430923 -4.215421 -32.724636
v -41.907688 -4.765944 -31.670818
v -42.023434 -4.712760 -31.313398
v -41.495602 -4.894047 -31.313398
v -41.907688 -4.765944 -31.670818
v -41.430923 -4.215421 -32.724636
v -42.273525 -4.215421 -31.882040
v -41.907688 -4.765944 -31.670818
v -42.023434 -4.712760 -31.313398
v -41.907688 -4.765944 -31.670818
v -42.273525 -4.215421 -31.882040
v -42.459148 -4.224723 -30.731018
v -42.023434 -4.712760 -31.313398
v -42.273525 -4.215421 -31.882040
v -42.023426 -4.712760 -30.148649
v -42.459148 -4.224723 -30.731018
v -42.273525 -4.215421 -29.580008
v -41.907688 -4.765944 -29.791225
v -42.023426 -4.712760 -30.148649
v -42.273525 -4.215421 -29.580008
v -41.495598 -4.894047 -30.148649
v -42.023426 -4.712760 -30.148649
v -41.907688 -4.765944 -29.791225
v -41.430923 -4.973083 -30.066488
v -41.495598 -4.894047 -30.148649
v -41.907688 -4.765944 -29.791225
v -41.907688 -4.765944 -29.791225
v -42.273525 -4.215421 -29.580008
v -41.219704 -4.765944 -29.103241
v -41.430923 -4.973083 -30.066488
v -40.279911 -4.961272 -30.148649
v -41.495598 -4.894047 -30.148649
v -41.430923 -4.973083 -30.066488
v -41.907688 -4.765944 -29.791225
v -40.944439 -4.973083 -29.580008
v -41.907688 -4.765944 -29.791225
v -41.219704 -4.765944 -29.103241
v -40.944439 -4.973083 -29.580008
v -40.279911 -4.961272 -30.148649
v -41.430923 -4.973083 -30.066488
v -40.944439 -4.973083 -29.580008
v -42.273525 -4.215421 -29.580008
v -41.430923 -4.215421 -28.737408
v -41.219704 -4.765944 -29.103241
v -40.279911 -4.973083 -29.401945
v -40.279911 -4.961272 -30.148649
v -40.944439 -4.973083 -29.580008
v -40.944439 -4.973083 -29.580008
v -41.219704 -4.765944 -29.103241
v -40.279911 -4.973083 -29.401945
v -40.279911 -4.961272 -30.148649
v -40.279911 -4.973083 -29.401945
v -39.615368 -4.973083 -29.580008
v -39.128895 -4.973083 -30.066488
v -40.279911 -4.961272 -30.148649
v -39.615368 -4.973083 -29.580008
v -40.279911 -4.961272 -30.148649
v -39.128895 -4.973083 -30.066488
v -39.064217 -4.894047 -30.148649
v -41.219704 -4.765944 -29.103241
v -40.279911 -4.765944 -28.851423
v -40.279911 -4.973083 -29.401945
v -40.279911 -4.973083 -29.401945
v -40.279911 -4.765944 -28.851423
v -39.615368 -4.973083 -29.580008
v -41.219704 -4.765944 -29.103241
v -41.430923 -4.215421 -28.737408
v -40.279911 -4.765944 -28.851423
v -39.615368 -4.973083 -29.580008
v -39.340107 -4.765944 -29.103241
v -39.128895 -4.973083 -30.066488
v -40.279911 -4.765944 -28.851423
v -39.340107 -4.765944 -29.103241
v -39.615368 -4.973083 -29.580008
v -39.064217 -4.894047 -30.148649
v -39.128895 -4.973083 -30.066488
v -38.652122 -4.765944 -29.791225
v -39.340107 -4.765944 -29.103241
v -38.652122 -4.765944 -29.791225
v -39.128895 -4.973083 -30.066488
v -41.430923 -4.215421 -28.737408
v -40.279911 -4.215421 -28.428986
v -40.279911 -4.765944 -28.851423
v -40.279911 -4.765944 -28.851423
v -40.279911 -4.215421 -28.428986
v -39.340107 -4.765944 -29.103241
v -40.279911 -4.215421 -28.428986
v -39.128895 -4.215421 -28.737408
v -39.340107 -4.765944 -29.103241
v -39.340107 -4.765944 -29.103241
v -39.128895 -4.215421 -28.737408
v -38.652122 -4.765944 -29.791225
v -38.536385 -4.712760 -30.148649
v -39.064217 -4.894047 -30.148649
v -38.652122 -4.765944 -29.791225
v -39.128895 -4.215421 -28.737408
v -38.286289 -4.215421 -29.580008
v -38.652122 -4.765944 -29.791225
v -38.536385 -4.712760 -30.148649
v -38.652122 -4.765944 -29.791225
v -38.286289 -4.215421 -29.580008
v -38.100674 -4.221622 -30.731018
v -38.536385 -4.712760 -30.148649
v -38.286289 -4.215421 -29.580008
v -38.536392 -4.221622 -30.996466
v -38.536385 -4.221622 -30.465582
v -38.100674 -4.221622 -30.731018
v -38.536385 -4.221622 -30.465582
v -38.536392 -4.221622 -30.996466
v -39.064224 -4.221622 -30.996466
v -39.064217 -4.221622 -30.465582
v -38.536385 -4.221622 -30.465582
v -39.064224 -4.221622 -30.996466
v -40.279911 -4.215421 -30.465582
v -39.064217 -4.221622 -30.465582
v -39.064224 -4.221622 -30.996466
v -40.279919 -4.215421 -30.996466
v -40.279911 -4.215421 -30.465582
v -39.064224 -4.221622 -30.996466
v -40.279919 -4.215421 -30.996466
v -41.495602 -4.224723 -30.996466
v -40.279911 -4.215421 -30.465582
v -41.495602 -4.224723 -30.996466
v -41.495598 -4.224723 -30.465582
v -40.279911 -4.215421 -30.465582
v -41.495602 -4.224723 -30.996466
v -42.023434 -4.224723 -30.996466
v -41.495598 -4.224723 -30.465582
v -42.023434 -4.224723 -30.996466
v -42.023426 -4.224723 -30.465582
v -41.495598 -4.224723 -30.465582
v -42.023426 -4.224723 -30.465582
v -42.023434 -4.224723 -30.996466
v -42.459148 -4.224723 -30.731018
v -41.430923 -4.215421 -32.724636
v -41.563694 -3.574322 -32.954617
v -42.273525 -4.215421 -31.882040
v -41.563694 -3.574322 -32.954617
v -42.503494 -3.574322 -32.014812
v -42.273525 -4.215421 -31.882040
v -40.279911 -4.215421 -33.033054
v -40.279911 -3.574322 -33.298603
v -41.430923 -4.215421 -32.724636
v -40.279911 -3.574322 -33.298603
v -41.563694 -3.574322 -32.954617
v -41.430923 -4.215421 -32.724636
v -39.128899 -4.215421 -32.724636
v -38.996117 -3.574322 -32.954617
v -40.279911 -4.215421 -33.033054
v -38.996117 -3.574322 -32.954617
v -40.279911 -3.574322 -33.298603
v -40.279911 -4.215421 -33.033054
v -38.286293 -4.215421 -31.882040
v -38.056316 -3.574322 -32.014812
v -39.128899 -4.215421 -32.724636
v -38.056316 -3.574322 -32.014812
v -38.996117 -3.574322 -32.954617
v -39.128899 -4.215421 -32.724636
v -38.056316 -3.574322 -32.014812
v -38.286293 -4.215421 -31.882040
v -37.712326 -3.574322 -30.731018
v -38.286293 -4.215421 -31.882040
v -38.100674 -4.221622 -30.731018
v -37.712326 -3.574322 -30.731018
v -38.100674 -4.221622 -30.731018
v -38.286289 -4.215421 -29.580008
v -37.712326 -3.574322 -30.731018
v -38.286289 -4.215421 -29.580008
v -38.056316 -3.574322 -29.447233
v -37.712326 -3.574322 -30.731018
v -39.128895 -4.215421 -28.737408
v -38.996117 -3.574322 -28.507423
v -38.286289 -4.215421 -29.580008
v -38.996117 -3.574322 -28.507423
v -38.056316 -3.574322 -29.447233
v -38.286289 -4.215421 -29.580008
v -40.279911 -4.215421 -28.428986
v -40.279911 -3.574322 -28.163443
v -39.128895 -4.215421 -28.737408
v -40.279911 -3.574322 -28.163443
v -38.996117 -3.574322 -28.507423
v -39.128895 -4.215421 -28.737408
v -41.430923 -4.215421 -28.737408
v -41.563694 -3.574322 -28.507423
v -40.279911 -4.215421 -28.428986
v -41.563694 -3.574322 -28.507423
v -40.279911 -3.574322 -28.163443
v -40.279911 -4.215421 -28.428986
v -42.273525 -4.215421 -29.580008
v -42.503494 -3.574322 -29.447233
v -41.430923 -4.215421 -28.737408
v -42.503494 -3.574322 -29.447233
v -41.563694 -3.574322 -28.507423
v -41.430923 -4.215421 -28.737408
v -42.503494 -3.574322 -29.447233
v -42.273525 -4.215421 -29.580008
v -42.847481 -3.574322 -30.731018
v -42.273525 -4.215421 -29.580008
v -42.459148 -4.224723 -30.731018
v -42.847481 -3.574322 -30.731018
v -42.459148 -4.224723 -30.731018
v -42.273525 -4.215421 -31.882040
v -42.847481 -3.574322 -30.731018
v -42.273525 -4.215421 -31.882040
v -42.503494 -3.574322 -32.014812
v -42.847481 -3.574322 -30.731018
v -39.064224 -4.894047 -31.313398
v -39.064224 -4.221622 -30.996466
v -38.536392 -4.712760 -31.313398
v -39.064224 -4.221622 -30.996466
v -38.536392 -4.221622 -30.996466
v -38.536392 -4.712760 -31.313398
v -39.064217 -4.894047 -30.148649
v -38.536385 -4.712760 -30.148649
v -39.064217 -4.221622 -30.465582
v -38.536385 -4.712760 -30.148649
v -38.536385 -4.221622 -30.465582
v -39.064217 -4.221622 -30.465582
v -40.279911 -4.961272 -30.148649
v -39.064217 -4.894047 -30.148649
v -40.279911 -4.215421 -30.465582
v -39.064217 -4.894047 -30.148649
v -39.064217 -4.221622 -30.465582
v -40.279911 -4.215421 -30.465582
v -40.279919 -4.961272 -31.313398
v -40.279919 -4.215421 -30.996466
v -39.064224 -4.894047 -31.313398
v -40.279919 -4.215421 -30.996466
v -39.064224 -4.221622 -30.996466
v -39.064224 -4.894047 -31.313398
v -41.495598 -4.894047 -30.148649
v -41.495598 -4.224723 -30.465582
v -42.023426 -4.712760 -30.148649
v -41.495598 -4.224723 -30.465582
v -42.023426 -4.224723 -30.465582
v -42.023426 -4.712760 -30.148649
v -41.495602 -4.894047 -31.313398
v -42.023434 -4.712760 -31.313398
v -41.495602 -4.224723 -30.996466
v -42.023434 -4.712760 -31.313398
v -42.023434 -4.224723 -30.996466
v -41.495602 -4.224723 -30.996466
v -40.279911 -4.961272 -30.148649
v -40.279911 -4.215421 -30.465582
v -41.495598 -4.894047 -30.148649
v -40.279911 -4.215421 -30.465582
v -41.495598 -4.224723 -30.465582
v -41.495598 -4.894047 -30.148649
v -40.279919 -4.961272 -31.313398
v -41.495602 -4.894047 -31.313398
v -40.279919 -4.215421 -30.996466
v -41.495602 -4.894047 -31.313398
v -41.495602 -4.224723 -30.996466
v -40.279919 -4.215421 -30.996466
v -45.432716 7.553659 -42.528858
v -45.432716 -3.180688 -43.487411
v -44.290127 7.553659 -43.656078
v -45.432716 -3.180688 -43.487411
v -44.290127 -3.180688 -44.631435
v -44.290127 7.553659 -43.656078
v -45.432716 7.553659 -42.528858
v -44.290127 7.553659 -43.656078
v -43.898754 8.475146 -41.110527
v -44.290127 7.553659 -43.656078
v -42.794266 8.475146 -42.197865
v -43.898754 8.475146 -41.110527
v -42.794266 8.475146 -42.197865
v -44.290127 9.396636 -43.377842
v -43.898754 8.475146 -41.110527
v -44.290127 9.396636 -43.377842
v -45.432716 9.396641 -42.255413
v -43.898754 8.475146 -41.110527
v -44.290127 9.396636 -43.377842
v -44.290127 68.144485 -37.810829
v -45.432716 9.396641 -42.255413
v -44.290127 68.144485 -37.810829
v -45.432716 68.142509 -36.784477
v -45.432716 9.396641 -42.255413
v -45.432716 -3.180688 -43.487411
v -45.432716 7.553659 -42.528858
v -45.432716 -3.180697 35.185230
v -45.432716 7.553659 -42.528858
v -45.432713 7.553659 34.589626
v -45.432716 -3.180697 35.185230
v -45.432716 65.960800 31.147711
v -44.290127 65.964798 32.174065
v -45.432713 9.396636 34.419720
v -44.290127 65.964798 32.174065
v -44.290127 9.396636 35.541473
v -45.432713 9.396636 34.419720
v -45.432716 7.553659 -42.528858
v -43.898754 8.475146 -41.110527
v -45.432713 7.553659 34.589626
v -43.898754 8.475146 -41.110527
v -43.898754 8.475146 33.223053
v -45.432713 7.553659 34.589626
v -45.432713 7.553659 34.589626
v -44.290127 7.553664 35.716312
v -45.432716 -3.180697 35.185230
v -44.290127 7.553664 35.716312
v -44.290127 -3.180697 36.329239
v -45.432716 -3.180697 35.185230
v -43.898754 8.475146 -41.110527
v -45.432716 9.396641 -42.255413
v -43.898754 8.475146 33.223053
v -45.432716 9.396641 -42.255413
v -45.432713 9.396636 34.419720
v -43.898754 8.475146 33.223053
v -45.432716 9.396641 -42.255413
v -45.432716 68.142509 -36.784477
v -45.432713 9.396636 34.419720
v -45.432716 68.142509 -36.784477
v -45.432716 65.960800 31.147711
v -45.432713 9.396636 34.419720
v -42.794266 8.475142 34.309792
v -44.290127 7.553664 35.716312
v -43.898754 8.475146 33.223053
v -44.290127 7.553664 35.716312
v -45.432713 7.553659 34.589626
v -43.898754 8.475146 33.223053
v -45.432713 9.396636 34.419720
v -44.290127 9.396636 35.541473
v -43.898754 8.475146 33.223053
v -44.290127 9.396636 35.541473
v -42.794266 8.475142 34.309792
v -43.898754 8.475146 33.223053
v -38.536392 -4.712760 29.677452
v -38.100674 -4.221622 30.259829
v -38.286293 -4.215421 29.108809
v -38.652130 -4.765944 29.320026
v -38.536392 -4.712760 29.677452
v -38.286293 -4.215421 29.108809
v -39.064224 -4.894047 29.677452
v -38.536392 -4.712760 29.677452
v -38.652130 -4.765944 29.320026
v -39.128899 -4.973083 29.595291
v -39.064224 -4.894047 29.677452
v -38.652130 -4.765944 29.320026
v -38.652130 -4.765944 29.320026
v -38.286293 -4.215421 29.108809
v -39.340118 -4.765944 28.632040
v -39.128899 -4.973083 29.595291
v -40.279919 -4.961272 29.677452
v -39.064224 -4.894047 29.677452
v -39.128899 -4.973083 29.595291
v -38.652130 -4.765944 29.320026
v -39.615379 -4.973083 29.108809
v -38.652130 -4.765944 29.320026
v -39.340118 -4.765944 28.632040
v -39.615379 -4.973083 29.108809
v -40.279919 -4.961272 29.677452
v -39.128899 -4.973083 29.595291
v -39.615379 -4.973083 29.108809
v -38.286293 -4.215421 29.108809
v -39.128899 -4.215421 28.266211
v -39.340118 -4.765944 28.632040
v -40.279919 -4.973083 28.930748
v -40.279919 -4.961272 29.677452
v -39.615379 -4.973083 29.108809
v -39.615379 -4.973083 29.108809
v -39.340118 -4.765944 28.632040
v -40.279919 -4.973083 28.930748
v -40.279919 -4.961272 29.677452
v -40.279919 -4.973083 28.930748
v -40.944454 -4.973083 29.108809
v -41.430923 -4.973083 29.595291
v -40.279919 -4.961272 29.677452
v -40.944454 -4.973083 29.108809
v -40.279919 -4.961272 29.677452
v -41.430923 -4.973083 29.595291
v -41.495602 -4.894047 29.677452
v -39.340118 -4.765944 28.632040
v -40.279919 -4.765944 28.380224
v -40.279919 -4.973083 28.930748
v -40.279919 -4.973083 28.930748
v -40.279919 -4.765944 28.380224
v -40.944454 -4.973083 29.108809
v -39.340118 -4.765944 28.632040
v -39.128899 -4.215421 28.266211
v -40.279919 -4.765944 28.380224
v -40.944454 -4.973083 29.108809
v -41.219711 -4.765944 28.632040
v -41.430923 -4.973083 29.595291
v -40.279919 -4.765944 28.380224
v -41.219711 -4.765944 28.632040
v -40.944454 -4.973083 29.108809
v -41.495602 -4.894047 29.677452
v -41.430923 -4.973083 29.595291
v -41.907688 -4.765944 29.320026
v -41.219711 -4.765944 28.632040
v -41.907688 -4.765944 29.320026
v -41.430923 -4.973083 29.595291
v -39.128899 -4.215421 28.266211
v -40.279911 -4.215421 27.957798
v -40.279919 -4.765944 28.380224
v -40.279919 -4.765944 28.380224
v -40.279911 -4.215421 27.957798
v -41.219711 -4.765944 28.632040
v -40.279911 -4.215421 27.957798
v -41.430923 -4.215421 28.266211
v -41.219711 -4.765944 28.632040
v -41.219711 -4.765944 28.632040
v -41.430923 -4.215421 28.266211
v -41.907688 -4.765944 29.320026
v -42.023434 -4.712760 29.677452
v -41.495602 -4.894047 29.677452
v -41.907688 -4.765944 29.320026
v -41.430923 -4.215421 28.266211
v -42.273525 -4.215421 29.108809
v -41.907688 -4.765944 29.320026
v -42.023434 -4.712760 29.677452
v -41.907688 -4.765944 29.320026
v -42.273525 -4.215421 29.108809
v -42.459148 -4.224723 30.259829
v -42.023434 -4.712760 29.677452
v -42.273525 -4.215421 29.108809
v -42.023426 -4.712760 30.842201
v -42.459148 -4.224723 30.259829
v -42.273525 -4.215421 31.410839
v -41.907688 -4.765944 31.199621
v -42.023426 -4.712760 30.842201
v -42.273525 -4.215421 31.410839
v -41.495598 -4.894047 30.842201
v -42.023426 -4.712760 30.842201
v -41.907688 -4.765944 31.199621
v -41.430923 -4.973083 30.924362
v -41.495598 -4.894047 30.842201
v -41.907688 -4.765944 31.199621
v -41.907688 -4.765944 31.199621
v -42.273525 -4.215421 31.410839
v -41.219704 -4.765944 31.887608
v -41.430923 -4.973083 30.924362
v -40.279911 -4.961272 30.842201
v -41.495598 -4.894047 30.842201
v -41.430923 -4.973083 30.924362
v -41.907688 -4.765944 31.199621
v -40.944439 -4.973083 31.410839
v -41.907688 -4.765944 31.199621
v -41.219704 -4.765944 31.887608
v -40.944439 -4.973083 31.410839
v -40.279911 -4.961272 30.842201
v -41.430923 -4.973083 30.924362
v -40.944439 -4.973083 31.410839
v -42.273525 -4.215421 31.410839
v -41.430923 -4.215421 32.253437
v -41.219704 -4.765944 31.887608
v -40.279911 -4.973083 31.588905
v -40.279911 -4.961272 30.842201
v -40.944439 -4.973083 31.410839
v -40.944439 -4.973083 31.410839
v -41.219704 -4.765944 31.887608
v -40.279911 -4.973083 31.588905
v -40.279911 -4.961272 30.842201
v -40.279911 -4.973083 31.588905
v -39.615368 -4.973083 31.410839
v -39.128895 -4.973083 30.924362
v -40.279911 -4.961272 30.842201
v -39.615368 -4.973083 31.410839
v -40.279911 -4.961272 30.842201
v -39.128895 -4.973083 30.924362
v -39.064217 -4.894047 30.842201
v -41.219704 -4.765944 31.887608
v -40.279911 -4.765944 32.139423
v -40.279911 -4.973083 31.588905
v -40.279911 -4.973083 31.588905
v -40.279911 -4.765944 32.139423
v -39.615368 -4.973083 31.410839
v -41.219704 -4.765944 31.887608
v -41.430923 -4.215421 32.253437
v -40.279911 -4.765944 32.139423
v -39.615368 -4.973083 31.410839
v -39.340107 -4.765944 31.887608
v -39.128895 -4.973083 30.924362
v -40.279911 -4.765944 32.139423
v -39.340107 -4.765944 31.887608
v -39.615368 -4.973083 31.410839
v -39.064217 -4.894047 30.842201
v -39.128895 -4.973083 30.924362
v -38.652122 -4.765944 31.199621
v -39.340107 -4.765944 31.887608
v -38.652122 -4.765944 31.199621
v -39.128895 -4.973083 30.924362
v -41.430923 -4.215421 32.253437
v -40.279911 -4.215421 32.561859
v -40.279911 -4.765944 32.139423
v -40.279911 -4.765944 32.139423
v -40.279911 -4.215421 32.561859
v -39.340107 -4.765944 31.887608
v -40.279911 -4.215421 32.561859
v -39.128895 -4.215421 32.253437
v -39.340107 -4.765944 31.887608
v -39.340107 -4.765944 31.887608
v -39.128895 -4.215421 32.253437
v -38.652122 -4.765944 31.199621
v -38.536385 -4.712760 30.842201
v -39.064217 -4.894047 30.842201
v -38.652122 -4.765944 31.199621
v -39.128895 -4.215421 32.253437
v -38.286289 -4.215421 31.410839
v -38.652122 -4.765944 31.199621
v -38.536385 -4.712760 30.842201
v -38.652122 -4.765944 31.199621
v -38.286289 -4.215421 31.410839
v -38.100674 -4.221622 30.259829
v -38.536385 -4.712760 30.842201
v -38.286289 -4.215421 31.410839
v -38.536392 -4.221622 29.994385
v -38.536385 -4.221622 30.525269
v -38.100674 -4.221622 30.259829
v -38.536385 -4.221622 30.525269
v -38.536392 -4.221622 29.994385
v -39.064224 -4.221622 29.994385
v -39.064217 -4.221622 30.525269
v -38.536385 -4.221622 30.525269
v -39.064224 -4.221622 29.994385
v -40.279911 -4.215421 30.525269
v -39.064217 -4.221622 30.525269
v -39.064224 -4.221622 29.994385
v -40.279919 -4.215421 29.994385
v -40.279911 -4.215421 30.525269
v -39.064224 -4.221622 29.994385
v -40.279919 -4.215421 29.994385
v -41.495602 -4.224723 29.994385
v -40.279911 -4.215421 30.525269
v -41.495602 -4.224723 29.994385
v -41.495598 -4.224723 30.525269
v -40.279911 -4.215421 30.525269
v -41.495602 -4.224723 29.994385
v -42.023434 -4.224723 29.994385
v -41.495598 -4.224723 30.525269
v -42.023434 -4.224723 29.994385
v -42.023426 -4.224723 30.525269
v -41.495598 -4.224723 30.525269
v -42.023426 -4.224723 30.525269
v -42.023434 -4.224723 29.994385
v -42.459148 -4.224723 30.259829
v -41.430923 -4.215421 28.266211
v -41.563694 -3.574322 28.036234
v -42.273525 -4.215421 29.108809
v -41.563694 -3.574322 28.036234
v -42.503494 -3.574322 28.976036
v -42.273525 -4.215421 29.108809
v -40.279911 -4.215421 27.957798
v -40.279911 -3.574322 27.692244
v -41.430923 -4.215421 28.266211
v -40.279911 -3.574322 27.692244
v -41.563694 -3.574322 28.036234
v -41.430923 -4.215421 28.266211
v -39.128899 -4.215421 28.266211
v -38.996117 -3.574322 28.036234
v -40.279911 -4.215421 27.957798
v -38.996117 -3.574322 28.036234
v -40.279911 -3.574322 27.692244
v -40.279911 -4.215421 27.957798
v -38.286293 -4.215421 29.108809
v -38.056316 -3.574322 28.976036
v -39.128899 -4.215421 28.266211
v -38.056316 -3.574322 28.976036
v -38.996117 -3.574322 28.036234
v -39.128899 -4.215421 28.266211
v -38.056316 -3.574322 28.976036
v -38.286293 -4.215421 29.108809
v -37.712326 -3.574322 30.259829
v -38.286293 -4.215421 29.108809
v -38.100674 -4.221622 30.259829
v -37.712326 -3.574322 30.259829
v -38.100674 -4.221622 30.259829
v -38.286289 -4.215421 31.410839
v -37.712326 -3.574322 30.259829
v -38.286289 -4.215421 31.410839
v -38.056316 -3.574322 31.543617
v -37.712326 -3.574322 30.259829
v -39.128895 -4.215421 32.253437
v -38.996117 -3.574322 32.483418
v -38.286289 -4.215421 31.410839
v -38.996117 -3.574322 32.483418
v -38.056316 -3.574322 31.543617
v -38.286289 -4.215421 31.410839
v -40.279911 -4.215421 32.561859
v -40.279911 -3.574322 32.827404
v -39.128895 -4.215421 32.253437
v -40.279911 -3.574322 32.827404
v -38.996117 -3.574322 32.483418
v -39.128895 -4.215421 32.253437
v -41.430923 -4.215421 32.253437
v -41.563694 -3.574322 32.483418
v -40.279911 -4.215421 32.561859
v -41.563694 -3.574322 32.483418
v -40.279911 -3.574322 32.827404
v -40.279911 -4.215421 32.561859
v -42.273525 -4.215421 31.410839
v -42.503494 -3.574322 31.543617
v -41.430923 -4.215421 32.253437
v -42.503494 -3.574322 31.543617
v -41.563694 -3.574322 32.483418
v -41.430923 -4.215421 32.253437
v -42.503494 -3.574322 31.543617
v -42.273525 -4.215421 31.410839
v -42.847481 -3.574322 30.259829
v -42.273525 -4.215421 31.410839
v -42.459148 -4.224723 30.259829
v -42.847481 -3.574322 30.259829
v -42.459148 -4.224723 30.259829
v -42.273525 -4.215421 29.108809
v -42.847481 -3.574322 30.259829
v -42.273525 -4.215421 29.108809
v -42.503494 -3.574322 28.976036
v -42.847481 -3.574322 30.259829
v -39.064224 -4.894047 29.677452
v -39.064224 -4.221622 29.994385
v -38.536392 -4.712760 29.677452
v -39.064224 -4.221622 29.994385
v -38.536392 -4.221622 29.994385
v -38.536392 -4.712760 29.677452
v -39.064217 -4.894047 30.842201
v -38.536385 -4.712760 30.842201
v -39.064217 -4.221622 30.525269
v -38.536385 -4.712760 30.842201
v -38.536385 -4.221622 30.525269
v -39.064217 -4.221622 30.525269
v -40.279911 -4.961272 30.842201
v -39.064217 -4.894047 30.842201
v -40.279911 -4.215421 30.525269
v -39.064217 -4.894047 30.842201
v -39.064217 -4.221622 30.525269
v -40.279911 -4.215421 30.525269
v -40.279919 -4.961272 29.677452
v -40.279919 -4.215421 29.994385
v -39.064224 -4.894047 29.677452
v -40.279919 -4.215421 29.994385
v -39.064224 -4.221622 29.994385
v -39.064224 -4.894047 29.677452
v -41.495598 -4.894047 30.842201
v -41.495598 -4.224723 30.525269
v -42.023426 -4.712760 30.842201
v -41.495598 -4.224723 30.525269
v -42.023426 -4.224723 30.525269
v -42.023426 -4.712760 30.842201
v -41.495602 -4.894047 29.677452
v -42.023434 -4.712760 29.677452
v -41.495602 -4.224723 29.994385
v -42.023434 -4.712760 29.677452
v -42.023434 -4.224723 29.994385
v -41.495602 -4.224723 29.994385
v -40.279911 -4.961272 30.842201
v -40.279911 -4.215421 30.525269
v -41.495598 -4.894047 30.842201
v -40.279911 -4.215421 30.525269
v -41.495598 -4.224723 30.525269
v -41.495598 -4.894047 30.842201
v -40.279919 -4.961272 29.677452
v -41.495602 -4.894047 29.677452
v -40.279919 -4.215421 29.994385
v -41.495602 -4.894047 29.677452
v -41.495602 -4.224723 29.994385
v -40.279919 -4.215421 29.994385
v 44.025738 10.596308 -43.503334
v 44.025738 10.596308 -38.036846
v 42.850464 63.757347 -42.027103
v 44.025738 10.596308 -38.036846
v 42.850464 63.757347 -36.892830
v 42.850464 63.757347 -42.027103
v 42.850464 63.757347 -36.892830
v -41.678619 63.757347 -42.027103
v 42.850464 63.757347 -42.027103
v -41.678619 63.757347 -42.027103
v 42.850464 63.757347 -36.892830
v -41.678619 63.757347 -36.892830
v -41.678619 63.757347 -36.892830
v -42.853897 10.596308 -38.036846
v -41.678619 63.757347 -42.027103
v -42.853897 10.596308 -38.036846
v -42.853897 10.596308 -43.503334
v -41.678619 63.757347 -42.027103
v -42.853897 10.596308 -43.503334
v 44.025738 10.596308 -43.503334
v -41.678619 63.757347 -42.027103
v 44.025738 10.596308 -43.503334
v 42.850464 63.757347 -42.027103
v -41.678619 63.757347 -42.027103
v -44.290127 -3.180688 -44.631435
v 45.461967 -3.180688 -44.631435
v -44.290127 7.553659 -43.656078
v 45.461967 -3.180688 -44.631435
v 45.461967 7.553659 -43.656078
v -44.290127 7.553659 -43.656078
v -40.151260 67.775551 -30.411633
v 41.323101 67.775551 -30.411633
v -40.151260 65.890228 26.766476
v 41.323101 67.775551 -30.411633
v 41.323101 65.890228 26.766472
v -40.151260 65.890228 26.766476
v -45.432716 68.142509 -36.784477
v -44.290127 68.144485 -37.810829
v -43.926243 69.048470 -36.748619
v -44.481316 69.000648 -35.341125
v -45.432716 68.142509 -36.784477
v -43.926243 69.048470 -36.748619
v -45.432716 65.960800 31.147711
v -45.432716 68.142509 -36.784477
v -44.481316 69.000648 -35.341125
v -44.471264 66.900574 30.300766
v -45.432716 65.960800 31.147711
v -44.481316 69.000648 -35.341125
v -44.471264 66.900574 30.300766
v -43.734253 66.904938 31.146345
v -45.432716 65.960800 31.147711
v -43.734253 66.904938 31.146345
v -44.290127 65.964798 32.174065
v -45.432716 65.960800 31.147711
v -44.290127 65.964798 32.174065
v -43.734253 66.904938 31.146345
v 45.461967 65.964798 32.174065
v -43.734253 66.904938 31.146345
v 44.906105 66.904938 31.146345
v 45.461967 65.964798 32.174065
v 46.604561 65.960800 31.147711
v 45.461967 65.964798 32.174065
v 44.906105 66.904938 31.146345
v 45.643108 66.900574 30.300766
v 46.604561 65.960800 31.147711
v 44.906105 66.904938 31.146345
v 45.643108 66.900574 30.300766
v 45.653168 69.000664 -35.341125
v 46.604561 65.960800 31.147711
v 45.653168 69.000664 -35.341125
v 46.604561 68.142509 -36.784477
v 46.604561 65.960800 31.147711
v 45.653168 69.000664 -35.341125
v 45.098091 69.048470 -36.748619
v 46.604561 68.142509 -36.784477
v 45.098091 69.048470 -36.748619
v 45.461979 68.144485 -37.810829
v 46.604561 68.142509 -36.784477
v 45.461979 68.144485 -37.810829
v 45.098091 69.048470 -36.748619
v -44.290127 68.144485 -37.810829
v 45.098091 69.048470 -36.748619
v -43.926243 69.048470 -36.748619
v -44.290127 68.144485 -37.810829
v 10.427739 65.890228 4.737923
v 9.946049 65.890228 7.779210
v 9.348567 68.977921 4.737923
v 9.946049 65.890228 7.779210
v 8.919693 68.977921 7.445723
v 9.348567 68.977921 4.737923
v 9.946049 65.890228 7.779210
v 8.548119 65.890228 10.522793
v 8.919693 68.977921 7.445723
v 8.548119 65.890228 10.522793
v 7.675047 68.977921 9.888466
v 8.919693 68.977921 7.445723
v 8.548119 65.890228 10.522793
v 6.370795 65.890228 12.700111
v 7.675047 68.977921 9.888466
v 6.370795 65.890228 12.700111
v 5.736473 68.977921 11.827044
v 7.675047 68.977921 9.888466
v 6.370795 65.890228 12.700111
v 3.627209 65.890228 14.098040
v 5.736473 68.977921 11.827044
v 3.627209 65.890228 14.098040
v 3.293727 68.977921 13.071688
v 5.736473 68.977921 11.827044
v 3.627209 65.890228 14.098040
v 0.585922 65.890228 14.579730
v 3.293727 68.977921 13.071688
v 0.585922 65.890228 14.579730
v 0.585922 68.977921 13.500557
v 3.293727 68.977921 13.071688
v 0.585922 65.890228 14.579730
v -2.455367 65.890228 14.098040
v 0.585922 68.977921 13.500557
v -2.455367 65.890228 14.098040
v -2.121883 68.977921 13.071688
v 0.585922 68.977921 13.500557
v -2.455367 65.890228 14.098040
v -5.198953 65.890228 12.700111
v -2.121883 68.977921 13.071688
v -5.198953 65.890228 12.700111
v -4.564629 68.977921 11.827044
v -2.121883 68.977921 13.071688
v -5.198953 65.890228 12.700111
v -7.376274 65.890228 10.522793
v -4.564629 68.977921 11.827044
v -7.376274 65.890228 10.522793
v -6.503204 68.977921 9.888466
v -4.564629 68.977921 11.827044
v -7.376274 65.890228 10.522793
v -8.774200 65.890228 7.779210
v -6.503204 68.977921 9.888466
v -8.774200 65.890228 7.779210
v -7.747846 68.977921 7.445723
v -6.503204 68.977921 9.888466
v -8.774200 65.890228 7.779210
v -9.255895 65.890228 4.737923
v -7.747846 68.977921 7.445723
v -9.255895 65.890228 4.737923
v -8.176719 68.977921 4.737923
v -7.747846 68.977921 7.445723
v 10.427739 65.890228 4.737923
v 9.348567 68.977921 4.737923
v 8.919693 68.977921 2.030109
v 9.946049 65.890228 1.696626
v 10.427739 65.890228 4.737923
v 8.919693 68.977921 2.030109
v 9.946049 65.890228 1.696626
v 8.919693 68.977921 2.030109
v 7.675052 68.977921 -0.412635
v 8.548119 65.890228 -1.046956
v 9.946049 65.890228 1.696626
v 7.675052 68.977921 -0.412635
v 8.548119 65.890228 -1.046956
v 7.675052 68.977921 -0.412635
v 5.736476 68.977921 -2.351213
v 6.370798 65.890228 -3.224280
v 8.548119 65.890228 -1.046956
v 5.736476 68.977921 -2.351213
v 6.370798 65.890228 -3.224280
v 5.736476 68.977921 -2.351213
v 3.293730 68.977921 -3.595856
v 3.627211 65.890228 -4.622203
v 6.370798 65.890228 -3.224280
v 3.293730 68.977921 -3.595856
v 3.627211 65.890228 -4.622203
v 3.293730 68.977921 -3.595856
v 0.585922 68.977921 -4.024730
v 0.585922 65.890228 -5.103901
v 3.627211 65.890228 -4.622203
v 0.585922 68.977921 -4.024730
v 0.585922 65.890228 -5.103901
v 0.585922 68.977921 -4.024730
v -2.121883 68.977921 -3.595856
v -2.455369 65.890228 -4.622203
v 0.585922 65.890228 -5.103901
v -2.121883 68.977921 -3.595856
v -2.455369 65.890228 -4.622203
v -2.121883 68.977921 -3.595856
v -4.564634 68.977921 -2.351213
v -5.198955 65.890228 -3.224280
v -2.455369 65.890228 -4.622203
v -4.564634 68.977921 -2.351213
v -5.198955 65.890228 -3.224280
v -4.564634 68.977921 -2.351213
v -6.503208 68.977921 -0.412635
v -7.376279 65.890228 -1.046961
v -5.198955 65.890228 -3.224280
v -6.503208 68.977921 -0.412635
v -7.376279 65.890228 -1.046961
v -6.503208 68.977921 -0.412635
v -7.747850 68.977921 2.030109
v -8.774206 65.890228 1.696626
v -7.376279 65.890228 -1.046961
v -7.747850 68.977921 2.030109
v -8.774206 65.890228 1.696626
v -7.747850 68.977921 2.030109
v -8.176719 68.977921 4.737923
v -9.255895 65.890228 4.737923
v -8.774206 65.890228 1.696626
v -8.176719 68.977921 4.737923
v 29.118912 14.841119 34.950081
v 29.452507 15.188802 36.020111
v 40.070175 14.841119 34.950081
v 29.452507 15.188802 36.020111
v 39.736588 15.188802 36.020111
v 40.070175 14.841119 34.950081
v 29.118912 53.549076 32.921478
v 29.452507 53.315147 34.021992
v 29.118912 14.841119 34.950081
v 29.452507 53.315147 34.021992
v 29.452507 15.188802 36.020111
v 29.118912 14.841119 34.950081
v 40.070175 53.549076 32.921478
v 39.736588 53.315147 34.021992
v 29.118912 53.549076 32.921478
v 39.736588 53.315147 34.021992
v 29.452507 53.315147 34.021992
v 29.118912 53.549076 32.921478
v 40.070175 14.841119 34.950081
v 39.736588 15.188802 36.020111
v 40.070175 53.549076 32.921478
v 39.736588 15.188802 36.020111
v 39.736588 53.315147 34.021992
v 40.070175 53.549076 32.921478
v 29.452507 15.188802 36.020111
v 29.452507 53.315147 34.021992
v 39.736588 15.188802 36.020111
v 29.452507 53.315147 34.021992
v 39.736588 53.315147 34.021992
v 39.736588 15.188802 36.020111
v 46.441833 20.540300 -25.132833
v 47.528595 20.864777 -25.434155
v 46.441833 21.685020 -36.024097
v 47.528595 20.864777 -25.434155
v 47.528595 21.939756 -35.661896
v 46.441833 21.685020 -36.024097
v 46.441833 59.089039 -21.081196
v 47.528595 58.834301 -21.443398
v 46.441833 20.540300 -25.132833
v 47.528595 58.834301 -21.443398
v 47.528595 20.864777 -25.434155
v 46.441833 20.540300 -25.132833
v 46.441833 60.233753 -31.972464
v 47.528595 59.909279 -31.671139
v 46.441833 59.089039 -21.081196
v 47.528595 59.909279 -31.671139
v 47.528595 58.834301 -21.443398
v 46.441833 59.089039 -21.081196
v 46.441833 21.685020 -36.024097
v 47.528595 21.939756 -35.661896
v 46.441833 60.233753 -31.972464
v 47.528595 21.939756 -35.661896
v 47.528595 59.909279 -31.671139
v 46.441833 60.233753 -31.972464
v 47.528595 20.864777 -25.434155
v 47.528595 58.834301 -21.443398
v 47.528595 21.939756 -35.661896
v 47.528595 58.834301 -21.443398
v 47.528595 59.909279 -31.671139
v 47.528595 21.939756 -35.661896
v -38.564743 15.188802 36.020111
v -28.280666 15.188802 36.020111
v -38.898331 14.841119 34.950081
v -28.280666 15.188802 36.020111
v -27.947073 14.841119 34.950081
v -38.898331 14.841119 34.950081
v -28.280666 15.188802 36.020111
v -28.280666 53.315147 34.021992
v -27.947073 14.841119 34.950081
v -28.280666 53.315147 34.021992
v -27.947073 53.549076 32.921478
v -27.947073 14.841119 34.950081
v -28.280666 53.315147 34.021992
v -38.564743 53.315147 34.021992
v -27.947073 53.549076 32.921478
v -38.564743 53.315147 34.021992
v -38.898331 53.549076 32.921478
v -27.947073 53.549076 32.921478
v -38.564743 53.315147 34.021992
v -38.564743 15.188802 36.020111
v -38.898331 53.549076 32.921478
v -38.564743 15.188802 36.020111
v -38.898331 14.841119 34.950081
v -38.898331 53.549076 32.921478
v -38.564743 53.315147 34.021992
v -28.280666 53.315147 34.021992
v -38.564743 15.188802 36.020111
v -28.280666 53.315147 34.021992
v -28.280666 15.188802 36.020111
v -38.564743 15.188802 36.020111
v -46.356747 21.939756 -35.661896
v -46.356747 20.864777 -25.434155
v -45.269989 21.685020 -36.024097
v -46.356747 20.864777 -25.434155
v -45.269989 20.540300 -25.132833
v -45.269989 21.685020 -36.024097
v -46.356747 20.864777 -25.434155
v -46.356747 58.834301 -21.443398
v -45.269989 20.540300 -25.132833
v -46.356747 58.834301 -21.443398
v -45.269989 59.089039 -21.081196
v -45.269989 20.540300 -25.132833
v -46.356747 58.834301 -21.443398
v -46.356747 59.909279 -31.671139
v -45.269989 59.089039 -21.081196
v -46.356747 59.909279 -31.671139
v -45.269989 60.233753 -31.972464
v -45.269989 59.089039 -21.081196
v -46.356747 59.909279 -31.671139
v -46.356747 21.939756 -35.661896
v -45.269989 60.233753 -31.972464
v -46.356747 21.939756 -35.661896
v -45.269989 21.685020 -36.024097
v -45.269989 60.233753 -31.972464
v -46.356747 59.909279 -31.671139
v -46.356747 58.834301 -21.443398
v -46.356747 21.939756 -35.661896
v -46.356747 58.834301 -21.443398
v -46.356747 20.864777 -25.434155
v -46.356747 21.939756 -35.661896
v 46.604561 -3.180688 -43.487411
v 46.604561 -3.180697 35.185230
v 46.604561 7.553659 -42.528858
v 46.604561 -3.180697 35.185230
v 46.604561 7.553664 34.589626
v 46.604561 7.553659 -42.528858
v 10.835858 25.503506 33.386597
v -9.664019 25.503506 33.386604
v 10.835858 58.745377 27.284937
v -9.664019 25.503506 33.386604
v -9.664019 58.745377 27.284937
v 10.835858 58.745377 27.284937
v 46.604561 68.142509 -36.784477
v 45.461979 68.144485 -37.810829
v 46.604561 9.396636 -42.255413
v 45.461979 68.144485 -37.810829
v 45.461967 9.396641 -43.377842
v 46.604561 9.396636 -42.255413
v 46.604561 65.960800 31.147711
v 46.604561 9.396636 34.419720
v 45.461967 65.964798 32.174065
v 46.604561 9.396636 34.419720
v 45.461967 9.396636 35.541462
v 45.461967 65.964798 32.174065
v 46.604561 7.553659 -42.528858
v 46.604561 7.553664 34.589626
v 45.070610 8.475146 -41.110527
v 46.604561 7.553664 34.589626
v 45.070610 8.475142 33.223053
v 45.070610 8.475146 -41.110527
v 45.461967 -3.180697 36.329239
v -44.290127 -3.180697 36.329239
v 45.461967 7.553659 35.716312
v -44.290127 -3.180697 36.329239
v -44.290127 7.553664 35.716312
v 45.461967 7.553659 35.716312
v 46.604561 7.553659 -42.528858
v 45.461967 7.553659 -43.656078
v 46.604561 -3.180688 -43.487411
v 45.461967 7.553659 -43.656078
v 45.461967 -3.180688 -44.631435
v 46.604561 -3.180688 -43.487411
v 46.604561 7.553664 34.589626
v 46.604561 -3.180697 35.185230
v 45.461967 7.553659 35.716312
v 46.604561 -3.180697 35.185230
v 45.461967 -3.180697 36.329239
v 45.461967 7.553659 35.716312
v 45.461967 7.553659 35.716312
v -44.290127 7.553664 35.716312
v 43.966114 8.475146 34.309792
v -44.290127 7.553664 35.716312
v -42.794266 8.475142 34.309792
v 43.966114 8.475146 34.309792
v 43.966114 8.475146 -42.197865
v 45.461967 7.553659 -43.656078
v 45.070610 8.475146 -41.110527
v 45.461967 7.553659 -43.656078
v 46.604561 7.553659 -42.528858
v 45.070610 8.475146 -41.110527
v 43.966114 8.475146 34.309792
v 45.070610 8.475142 33.223053
v 45.461967 7.553659 35.716312
v 45.070610 8.475142 33.223053
v 46.604561 7.553664 34.589626
v 45.461967 7.553659 35.716312
v 45.070610 8.475146 -41.110527
v 45.070610 8.475142 33.223053
v 46.604561 9.396636 -42.255413
v 45.070610 8.475142 33.223053
v 46.604561 9.396636 34.419720
v 46.604561 9.396636 -42.255413
v 43.966114 8.475146 34.309792
v -42.794266 8.475142 34.309792
v 45.461967 9.396636 35.541462
v -42.794266 8.475142 34.309792
v -44.290127 9.396636 35.541473
v 45.461967 9.396636 35.541462
v 46.604561 9.396636 -42.255413
v 45.461967 9.396641 -43.377842
v 45.070610 8.475146 -41.110527
v 45.461967 9.396641 -43.377842
v 43.966114 8.475146 -42.197865
v 45.070610 8.475146 -41.110527
v 46.604561 9.396636 34.419720
v 45.070610 8.475142 33.223053
v 45.461967 9.396636 35.541462
v 45.070610 8.475142 33.223053
v 43.966114 8.475146 34.309792
v 45.461967 9.396636 35.541462
v 46.604561 9.396636 -42.255413
v 46.604561 9.396636 34.419720
v 46.604561 68.142509 -36.784477
v 46.604561 9.396636 34.419720
v 46.604561 65.960800 31.147711
v 46.604561 68.142509 -36.784477
v 10.835858 58.745377 27.284937
v -9.664019 58.745377 27.284937
v 12.892298 59.953732 31.804575
v -9.664019 58.745377 27.284937
v -11.720456 59.953732 31.804575
v 12.892298 59.953732 31.804575
v -11.349584 24.865728 34.276711
v -11.720456 59.953732 31.804575
v -9.664019 25.503506 33.386604
v -11.720456 59.953732 31.804575
v -9.664019 58.745377 27.284937
v -9.664019 25.503506 33.386604
v -9.664019 25.503506 33.386604
v 10.835858 25.503506 33.386597
v -11.349584 24.865728 34.276711
v 10.835858 25.503506 33.386597
v 12.521428 24.865728 34.276699
v -11.349584 24.865728 34.276711
v 12.521428 24.865728 34.276699
v 10.835858 25.503506 33.386597
v 12.892298 59.953732 31.804575
v 10.835858 25.503506 33.386597
v 10.835858 58.745377 27.284937
v 12.892298 59.953732 31.804575
v 14.095824 60.331863 32.519798
v 12.892298 59.953732 31.804575
v -12.923985 60.331863 32.519798
v 12.892298 59.953732 31.804575
v -11.720456 59.953732 31.804575
v -12.923985 60.331863 32.519798
v -11.720456 59.953732 31.804575
v -11.349584 24.865728 34.276711
v -12.923985 60.331863 32.519798
v -11.349584 24.865728 34.276711
v -12.802711 24.245827 34.667950
v -12.923985 60.331863 32.519798
v 12.892298 59.953732 31.804575
v 14.095824 60.331863 32.519798
v 12.521428 24.865728 34.276699
v 14.095824 60.331863 32.519798
v 13.974554 24.245827 34.667946
v 12.521428 24.865728 34.276699
v 12.521428 24.865728 34.276699
v 13.974554 24.245827 34.667946
v -11.349584 24.865728 34.276711
v 13.974554 24.245827 34.667946
v -12.802711 24.245827 34.667950
v -11.349584 24.865728 34.276711
v -44.290127 -3.180688 -44.631435
v -43.945251 -3.592029 -44.246777
v 45.461967 -3.180688 -44.631435
v -43.945251 -3.592029 -44.246777
v 45.353016 -3.592029 -44.173416
v 45.461967 -3.180688 -44.631435
v 45.299850 -3.592029 35.920662
v -44.128002 -3.592038 35.920662
v 45.461967 -3.180697 36.329239
v -44.128002 -3.592038 35.920662
v -44.290127 -3.180697 36.329239
v 45.461967 -3.180697 36.329239
v -45.248276 -3.592029 -42.806080
v -43.945251 -3.592029 -44.246777
v -45.432716 -3.180688 -43.487411
v -43.945251 -3.592029 -44.246777
v -44.290127 -3.180688 -44.631435
v -45.432716 -3.180688 -43.487411
v 45.461967 -3.180688 -44.631435
v 45.353016 -3.592029 -44.173416
v 46.604561 -3.180688 -43.487411
v 45.353016 -3.592029 -44.173416
v 46.420128 -3.592029 -42.806080
v 46.604561 -3.180688 -43.487411
v -44.290127 -3.180697 36.329239
v -44.128002 -3.592038 35.920662
v -45.432716 -3.180697 35.185230
v -44.128002 -3.592038 35.920662
v -45.186752 -3.592038 34.654984
v -45.432716 -3.180697 35.185230
v 46.358604 -3.592029 34.654984
v 45.299850 -3.592029 35.920662
v 46.604561 -3.180697 35.185230
v 45.299850 -3.592029 35.920662
v 45.461967 -3.180697 36.329239
v 46.604561 -3.180697 35.185230
v 46.604561 -3.180688 -43.487411
v 46.420128 -3.592029 -42.806080
v 46.604561 -3.180697 35.185230
v 46.420128 -3.592029 -42.806080
v 46.358604 -3.592029 34.654984
v 46.604561 -3.180697 35.185230
v -45.186752 -3.592038 34.654984
v -45.248276 -3.592029 -42.806080
v -45.432716 -3.180697 35.185230
v -45.248276 -3.592029 -42.806080
v -45.432716 -3.180688 -43.487411
v -45.432716 -3.180697 35.185230
v 38.437664 -3.519698 -19.240311
v 39.433964 -3.575828 -14.730341
v 41.706089 -3.592029 -35.594894
v 39.433964 -3.575828 -14.730341
v 46.420128 -3.592029 -42.806080
v 41.706089 -3.592029 -35.594894
v 38.437664 -3.519698 -19.240311
v 41.706089 -3.592029 -35.594894
v 37.368484 -3.519698 -21.742157
v 41.706089 -3.592029 -35.594894
v 35.996426 -3.519698 -24.040979
v 37.368484 -3.519698 -21.742157
v 34.115894 -3.519698 -26.221369
v 35.996426 -3.519698 -24.040979
v 41.706089 -3.592029 -35.594894
v 31.735416 -3.519698 -28.071301
v 34.115894 -3.519698 -26.221369
v 41.706089 -3.592029 -35.594894
v 29.245716 -3.519698 -29.365379
v 31.735416 -3.519698 -28.071301
v 41.706089 -3.592029 -35.594894
v 26.646879 -3.519698 -30.333723
v 29.245716 -3.519698 -29.365379
v 41.706089 -3.592029 -35.594894
v -37.271969 -2.655758 -41.661449
v -37.040245 -6.338116 -41.220215
v -36.220875 -2.655758 -41.898468
v -37.040245 -6.338116 -41.220215
v -36.240807 -6.338116 -41.400490
v -36.220875 -2.655758 -41.898468
v -36.220875 -2.655758 -41.898468
v -36.240807 -6.338116 -41.400490
v -35.192085 -2.655758 -41.578182
v -36.240807 -6.338116 -41.400490
v -35.458336 -6.338116 -41.156891
v -35.192085 -2.655758 -41.578182
v -35.192085 -2.655758 -41.578182
v -35.458336 -6.338116 -41.156891
v -34.461269 -2.655758 -40.786423
v -35.458336 -6.338116 -41.156891
v -34.902500 -6.338116 -40.554695
v -34.461269 -2.655758 -40.786423
v -34.461269 -2.655758 -40.786423
v -34.902500 -6.338116 -40.554695
v -34.224251 -2.655758 -39.735321
v -34.902500 -6.338116 -40.554695
v -34.722225 -6.338116 -39.755260
v -34.224251 -2.655758 -39.735321
v -34.224251 -2.655758 -39.735321
v -34.722225 -6.338116 -39.755260
v -34.544529 -2.655758 -38.706535
v -34.722225 -6.338116 -39.755260
v -34.965828 -6.338116 -38.972790
v -34.544529 -2.655758 -38.706535
v -34.544529 -2.655758 -38.706535
v -34.965828 -6.338116 -38.972790
v -35.336292 -2.655758 -37.975723
v -34.965828 -6.338116 -38.972790
v -35.568024 -6.338116 -38.416950
v -35.336292 -2.655758 -37.975723
v -35.336292 -2.655758 -37.975723
v -35.568024 -6.338116 -38.416950
v -36.387394 -2.655758 -37.738701
v -35.568024 -6.338116 -38.416950
v -36.367451 -6.338116 -38.236683
v -36.387394 -2.655758 -37.738701
v -36.387394 -2.655758 -37.738701
v -36.367451 -6.338116 -38.236683
v -37.416176 -2.655758 -38.058983
v -36.367451 -6.338116 -38.236683
v -37.149921 -6.338116 -38.480278
v -37.416176 -2.655758 -38.058983
v -37.416176 -2.655758 -38.058983
v -37.149921 -6.338116 -38.480278
v -38.146996 -2.655758 -38.850746
v -37.149921 -6.338116 -38.480278
v -37.705765 -6.338116 -39.082474
v -38.146996 -2.655758 -38.850746
v -38.146996 -2.655758 -38.850746
v -37.705765 -6.338116 -39.082474
v -38.384014 -2.655758 -39.901844
v -37.705765 -6.338116 -39.082474
v -37.886040 -6.338116 -39.881905
v -38.384014 -2.655758 -39.901844
v -38.384014 -2.655758 -39.901844
v -37.886040 -6.338116 -39.881905
v -38.063736 -2.655758 -40.930630
v -37.886040 -6.338116 -39.881905
v -37.642441 -6.338116 -40.664371
v -38.063736 -2.655758 -40.930630
v -38.063736 -2.655758 -40.930630
v -37.642441 -6.338116 -40.664371
v -37.271969 -2.655758 -41.661449
v -37.642441 -6.338116 -40.664371
v -37.040245 -6.338116 -41.220215
v -37.271969 -2.655758 -41.661449
v -34.722225 -6.338116 -39.755260
v -34.902500 -6.338116 -40.554695
v -35.458336 -6.338116 -41.156891
v -36.304131 -6.338116 -39.818581
v -34.722225 -6.338116 -39.755260
v -35.458336 -6.338116 -41.156891
v -34.722225 -6.338116 -39.755260
v -36.304131 -6.338116 -39.818581
v -34.965828 -6.338116 -38.972790
v -36.304131 -6.338116 -39.818581
v -35.568024 -6.338116 -38.416950
v -34.965828 -6.338116 -38.972790
v -36.240807 -6.338116 -41.400490
v -36.304131 -6.338116 -39.818581
v -35.458336 -6.338116 -41.156891
v -35.568024 -6.338116 -38.416950
v -36.304131 -6.338116 -39.818581
v -37.149921 -6.338116 -38.480278
v -37.149921 -6.338116 -38.480278
v -36.367451 -6.338116 -38.236683
v -35.568024 -6.338116 -38.416950
v -36.304131 -6.338116 -39.818581
v -37.705765 -6.338116 -39.082474
v -37.149921 -6.338116 -38.480278
v -36.240807 -6.338116 -41.400490
v -37.642441 -6.338116 -40.664371
v -36.304131 -6.338116 -39.818581
v -37.642441 -6.338116 -40.664371
v -37.705765 -6.338116 -39.082474
v -36.304131 -6.338116 -39.818581
v -37.040245 -6.338116 -41.220215
v -37.642441 -6.338116 -40.664371
v -36.240807 -6.338116 -41.400490
v -37.642441 -6.338116 -40.664371
v -37.886040 -6.338116 -39.881905
v -37.705765 -6.338116 -39.082474
v 9.594835 -2.655758 -41.835674
v 9.717903 -6.338116 -41.352726
v 10.672244 -2.655758 -41.822433
v 9.717903 -6.338116 -41.352726
v 10.537352 -6.338116 -41.342659
v 10.672244 -2.655758 -41.822433
v 10.672244 -2.655758 -41.822433
v 10.537352 -6.338116 -41.342659
v 11.598689 -2.655758 -41.272266
v 10.537352 -6.338116 -41.342659
v 11.241982 -6.338116 -40.924217
v 11.598689 -2.655758 -41.272266
v 11.598689 -2.655758 -41.272266
v 11.241982 -6.338116 -40.924217
v 12.125930 -2.655758 -40.332584
v 11.241982 -6.338116 -40.924217
v 11.642987 -6.338116 -40.209522
v 12.125930 -2.655758 -40.332584
v 12.125930 -2.655758 -40.332584
v 11.642987 -6.338116 -40.209522
v 12.112691 -2.655758 -39.255177
v 11.642987 -6.338116 -40.209522
v 11.632915 -6.338116 -39.390072
v 12.112691 -2.655758 -39.255177
v 12.112691 -2.655758 -39.255177
v 11.632915 -6.338116 -39.390072
v 11.562525 -2.655758 -38.328732
v 11.632915 -6.338116 -39.390072
v 11.214474 -6.338116 -38.685440
v 11.562525 -2.655758 -38.328732
v 11.562525 -2.655758 -38.328732
v 11.214474 -6.338116 -38.685440
v 10.622844 -2.655758 -37.801495
v 11.214474 -6.338116 -38.685440
v 10.499778 -6.338116 -38.284439
v 10.622844 -2.655758 -37.801495
v 10.622844 -2.655758 -37.801495
v 10.499778 -6.338116 -38.284439
v 9.545435 -2.655758 -37.814732
v 10.499778 -6.338116 -38.284439
v 9.680331 -6.338116 -38.294506
v 9.545435 -2.655758 -37.814732
v 9.545435 -2.655758 -37.814732
v 9.680331 -6.338116 -38.294506
v 8.618992 -2.655758 -38.364902
v 9.680331 -6.338116 -38.294506
v 8.975702 -6.338116 -38.712948
v 8.618992 -2.655758 -38.364902
v 8.618992 -2.655758 -38.364902
v 8.975702 -6.338116 -38.712948
v 8.091749 -2.655758 -39.304581
v 8.975702 -6.338116 -38.712948
v 8.574697 -6.338116 -39.427647
v 8.091749 -2.655758 -39.304581
v 8.091749 -2.655758 -39.304581
v 8.574697 -6.338116 -39.427647
v 8.104988 -2.655758 -40.381989
v 8.574697 -6.338116 -39.427647
v 8.584761 -6.338116 -40.247093
v 8.104988 -2.655758 -40.381989
v 8.104988 -2.655758 -40.381989
v 8.584761 -6.338116 -40.247093
v 8.655151 -2.655758 -41.308426
v 8.584761 -6.338116 -40.247093
v 9.003205 -6.338116 -40.951725
v 8.655151 -2.655758 -41.308426
v 8.655151 -2.655758 -41.308426
v 9.003205 -6.338116 -40.951725
v 9.594835 -2.655758 -41.835674
v 9.003205 -6.338116 -40.951725
v 9.717903 -6.338116 -41.352726
v 9.594835 -2.655758 -41.835674
v 11.214474 -6.338116 -38.685440
v 11.632915 -6.338116 -39.390072
v 10.499778 -6.338116 -38.284439
v 11.632915 -6.338116 -39.390072
v 10.108840 -6.338116 -39.818581
v 10.499778 -6.338116 -38.284439
v 10.499778 -6.338116 -38.284439
v 10.108840 -6.338116 -39.818581
v 8.975702 -6.338116 -38.712948
v 10.108840 -6.338116 -39.818581
v 11.632915 -6.338116 -39.390072
v 11.241982 -6.338116 -40.924217
v 8.975702 -6.338116 -38.712948
v 9.680331 -6.338116 -38.294506
v 10.499778 -6.338116 -38.284439
v 10.108840 -6.338116 -39.818581
v 8.584761 -6.338116 -40.247093
v 8.975702 -6.338116 -38.712948
v 9.717903 -6.338116 -41.352726
v 10.108840 -6.338116 -39.818581
v 11.241982 -6.338116 -40.924217
v 8.584761 -6.338116 -40.247093
v 10.108840 -6.338116 -39.818581
v 9.717903 -6.338116 -41.352726
v 11.632915 -6.338116 -39.390072
v 11.642987 -6.338116 -40.209522
v 11.241982 -6.338116 -40.924217
v 8.584761 -6.338116 -40.247093
v 8.574697 -6.338116 -39.427647
v 8.975702 -6.338116 -38.712948
v 11.241982 -6.338116 -40.924217
v 10.537352 -6.338116 -41.342659
v 9.717903 -6.338116 -41.352726
v 9.003205 -6.338116 -40.951725
v 8.584761 -6.338116 -40.247093
v 9.717903 -6.338116 -41.352726
v -15.963005 -4.091141 -38.758266
v -17.638395 -3.796348 -38.758266
v -15.625439 -3.105711 -38.529209
v -17.638395 -3.796348 -38.758266
v -19.651344 -3.105711 -38.529209
v -15.625439 -3.105711 -38.529209
v -15.963005 -4.091141 -38.758266
v -15.963005 -4.091141 -41.031933
v -17.638395 -3.796348 -38.758266
v -15.963005 -4.091141 -41.031933
v -17.638395 -3.796348 -41.031933
v -17.638395 -3.796348 -38.758266
v -19.651344 -3.105711 -41.260983
v -17.638395 -3.796348 -41.031933
v -15.625439 -3.105711 -41.260983
v -17.638395 -3.796348 -41.031933
v -15.963005 -4.091141 -41.031933
v -15.625439 -3.105711 -41.260983
v -19.651344 -3.105711 -38.529209
v -19.313778 -4.091141 -38.758266
v -19.651344 -3.105711 -41.260983
v -19.313778 -4.091141 -38.758266
v -19.313778 -4.091141 -41.031933
v -19.651344 -3.105711 -41.260983
v -15.625439 -3.105711 -41.260983
v -15.963005 -4.091141 -41.031933
v -15.625439 -3.105711 -38.529209
v -15.963005 -4.091141 -41.031933
v -15.963005 -4.091141 -38.758266
v -15.625439 -3.105711 -38.529209
v -17.638395 -3.796348 -38.758266
v -17.638395 -3.796348 -41.031933
v -19.313778 -4.091141 -38.758266
v -17.638395 -3.796348 -41.031933
v -19.313778 -4.091141 -41.031933
v -19.313778 -4.091141 -38.758266
v -21.811169 -4.091141 -38.758266
v -23.486553 -3.796348 -38.758266
v -21.473602 -3.105711 -38.529209
v -23.486553 -3.796348 -38.758266
v -25.499506 -3.105711 -38.529209
v -21.473602 -3.105711 -38.529209
v -21.811169 -4.091141 -38.758266
v -21.811169 -4.091141 -41.031933
v -23.486553 -3.796348 -38.758266
v -21.811169 -4.091141 -41.031933
v -23.486553 -3.796348 -41.031933
v -23.486553 -3.796348 -38.758266
v -25.499506 -3.105711 -41.260983
v -23.486553 -3.796348 -41.031933
v -21.473602 -3.105711 -41.260983
v -23.486553 -3.796348 -41.031933
v -21.811169 -4.091141 -41.031933
v -21.473602 -3.105711 -41.260983
v -25.499506 -3.105711 -38.529209
v -25.161938 -4.091141 -38.758266
v -25.499506 -3.105711 -41.260983
v -25.161938 -4.091141 -38.758266
v -25.161938 -4.091141 -41.031933
v -25.499506 -3.105711 -41.260983
v -21.473602 -3.105711 -41.260983
v -21.811169 -4.091141 -41.031933
v -21.473602 -3.105711 -38.529209
v -21.811169 -4.091141 -41.031933
v -21.811169 -4.091141 -38.758266
v -21.473602 -3.105711 -38.529209
v -23.486553 -3.796348 -38.758266
v -23.486553 -3.796348 -41.031933
v -25.161938 -4.091141 -38.758266
v -23.486553 -3.796348 -41.031933
v -25.161938 -4.091141 -41.031933
v -25.161938 -4.091141 -38.758266
v -4.766958 -2.655758 -38.128384
v -4.476072 -6.338116 -38.533066
v -5.449291 -2.655758 -38.962296
v -4.476072 -6.338116 -38.533066
v -4.995035 -6.338116 -39.167313
v -5.449291 -2.655758 -38.962296
v -5.449291 -2.655758 -38.962296
v -4.995035 -6.338116 -39.167313
v -5.623248 -2.655758 -40.025646
v -4.995035 -6.338116 -39.167313
v -5.127343 -6.338116 -39.976070
v -5.623248 -2.655758 -40.025646
v -5.623248 -2.655758 -40.025646
v -5.127343 -6.338116 -39.976070
v -5.242224 -2.655758 -41.033524
v -5.127343 -6.338116 -39.976070
v -4.837547 -6.338116 -40.742630
v -5.242224 -2.655758 -41.033524
v -5.242224 -2.655758 -41.033524
v -4.837547 -6.338116 -40.742630
v -4.408310 -2.655758 -41.715851
v -4.837547 -6.338116 -40.742630
v -4.203293 -6.338116 -41.261593
v -4.408310 -2.655758 -41.715851
v -4.408310 -2.655758 -41.715851
v -4.203293 -6.338116 -41.261593
v -3.344957 -2.655758 -41.889809
v -4.203293 -6.338116 -41.261593
v -3.394532 -6.338116 -41.393902
v -3.344957 -2.655758 -41.889809
v -3.344957 -2.655758 -41.889809
v -3.394532 -6.338116 -41.393902
v -2.337090 -2.655758 -41.508785
v -3.394532 -6.338116 -41.393902
v -2.627975 -6.338116 -41.104103
v -2.337090 -2.655758 -41.508785
v -2.337090 -2.655758 -41.508785
v -2.627975 -6.338116 -41.104103
v -1.654757 -2.655758 -40.674870
v -2.627975 -6.338116 -41.104103
v -2.109013 -6.338116 -40.469856
v -1.654757 -2.655758 -40.674870
v -1.654757 -2.655758 -40.674870
v -2.109013 -6.338116 -40.469856
v -1.480800 -2.655758 -39.611519
v -2.109013 -6.338116 -40.469856
v -1.976707 -6.338116 -39.661095
v -1.480800 -2.655758 -39.611519
v -1.480800 -2.655758 -39.611519
v -1.976707 -6.338116 -39.661095
v -1.861822 -2.655758 -38.603645
v -1.976707 -6.338116 -39.661095
v -2.266503 -6.338116 -38.894535
v -1.861822 -2.655758 -38.603645
v -1.861822 -2.655758 -38.603645
v -2.266503 -6.338116 -38.894535
v -2.695735 -2.655758 -37.921318
v -2.266503 -6.338116 -38.894535
v -2.900754 -6.338116 -38.375572
v -2.695735 -2.655758 -37.921318
v -2.695735 -2.655758 -37.921318
v -2.900754 -6.338116 -38.375572
v -3.759086 -2.655758 -37.747356
v -2.900754 -6.338116 -38.375572
v -3.709510 -6.338116 -38.243267
v -3.759086 -2.655758 -37.747356
v -3.759086 -2.655758 -37.747356
v -3.709510 -6.338116 -38.243267
v -4.766958 -2.655758 -38.128384
v -3.709510 -6.338116 -38.243267
v -4.476072 -6.338116 -38.533066
v -4.766958 -2.655758 -38.128384
v -3.394532 -6.338116 -41.393902
v -4.203293 -6.338116 -41.261593
v -4.837547 -6.338116 -40.742630
v -4.837547 -6.338116 -40.742630
v -3.552022 -6.338116 -39.818588
v -3.394532 -6.338116 -41.393902
v -3.552022 -6.338116 -39.818588
v -2.627975 -6.338116 -41.104103
v -3.394532 -6.338116 -41.393902
v -2.627975 -6.338116 -41.104103
v -3.552022 -6.338116 -39.818588
v -1.976707 -6.338116 -39.661095
v -3.552022 -6.338116 -39.818588
v -4.837547 -6.338116 -40.742630
v -5.127343 -6.338116 -39.976070
v -2.109013 -6.338116 -40.469856
v -2.627975 -6.338116 -41.104103
v -1.976707 -6.338116 -39.661095
v -4.476072 -6.338116 -38.533066
v -3.552022 -6.338116 -39.818588
v -5.127343 -6.338116 -39.976070
v -1.976707 -6.338116 -39.661095
v -3.552022 -6.338116 -39.818588
v -2.900754 -6.338116 -38.375572
v -4.476072 -6.338116 -38.533066
v -3.709510 -6.338116 -38.243267
v -3.552022 -6.338116 -39.818588
v -3.552022 -6.338116 -39.818588
v -3.709510 -6.338116 -38.243267
v -2.900754 -6.338116 -38.375572
v -2.900754 -6.338116 -38.375572
v -2.266503 -6.338116 -38.894535
v -1.976707 -6.338116 -39.661095
v -5.127343 -6.338116 -39.976070
v -4.995035 -6.338116 -39.167313
v -4.476072 -6.338116 -38.533066
v -40.937672 -2.779714 -42.630264
v -40.937672 -2.779714 -35.847816
v 41.466309 -2.779714 -42.630264
v -40.937672 -2.779714 -35.847816
v 41.466309 -2.779714 -35.847816
v 41.466309 -2.779714 -42.630264
v -41.177448 -3.592029 -42.883186
v -40.937672 -2.779714 -42.630264
v 41.706089 -3.592029 -42.883186
v -40.937672 -2.779714 -42.630264
v 41.466309 -2.779714 -42.630264
v 41.706089 -3.592029 -42.883186
v 41.706089 -3.592029 -42.883186
v 41.466309 -2.779714 -42.630264
v 41.706089 -3.592029 -35.594894
v 41.466309 -2.779714 -42.630264
v 41.466309 -2.779714 -35.847816
v 41.706089 -3.592029 -35.594894
v 41.706089 -3.592029 -35.594894
v 41.466309 -2.779714 -35.847816
v -41.177448 -3.592029 -35.594894
v 41.466309 -2.779714 -35.847816
v -40.937672 -2.779714 -35.847816
v -41.177448 -3.592029 -35.594894
v -41.177448 -3.592029 -35.594894
v -40.937672 -2.779714 -35.847816
v -41.177448 -3.592029 -42.883186
v -40.937672 -2.779714 -35.847816
v -40.937672 -2.779714 -42.630264
v -41.177448 -3.592029 -42.883186
v -43.595356 0.000000 -34.412079
v -43.595356 0.000000 34.412075
v 43.595360 0.000000 -34.412079
v -43.595356 0.000000 34.412075
v 43.595360 0.000000 34.412075
v 43.595360 0.000000 -34.412079
v 41.323101 67.775551 -30.411633
v -40.151260 67.775551 -30.411633
v 43.332626 68.717789 -32.041954
v -40.151260 67.775551 -30.411633
v -42.160782 68.717789 -32.041954
v 43.332626 68.717789 -32.041954
v -42.160782 68.717789 -32.041954
v -40.151260 67.775551 -30.411633
v -42.160782 66.806854 28.401512
v 43.332626 68.717789 -32.041954
v 43.332626 66.806854 28.401512
v 41.323101 67.775551 -30.411633
v -40.151260 67.775551 -30.411633
v -40.151260 65.890228 26.766476
v -42.160782 66.806854 28.401512
v 43.332626 66.806854 28.401512
v 41.323101 65.890228 26.766472
v 41.323101 67.775551 -30.411633
v -40.151260 65.890228 26.766476
v 41.323101 65.890228 26.766472
v -42.160782 66.806854 28.401512
v 41.323101 65.890228 26.766472
v 43.332626 66.806854 28.401512
v -42.160782 66.806854 28.401512
v -8.176719 68.977921 4.737923
v 0.585922 68.977921 4.737923
v -7.747846 68.977921 7.445723
v -7.747850 68.977921 2.030109
v 0.585922 68.977921 4.737923
v -8.176719 68.977921 4.737923
v -6.503208 68.977921 -0.412635
v 0.585922 68.977921 4.737923
v -7.747850 68.977921 2.030109
v -4.564634 68.977921 -2.351213
v 0.585922 68.977921 4.737923
v -6.503208 68.977921 -0.412635
v -2.121883 68.977921 -3.595856
v 0.585922 68.977921 4.737923
v -4.564634 68.977921 -2.351213
v 0.585922 68.977921 -4.024730
v 0.585922 68.977921 4.737923
v -2.121883 68.977921 -3.595856
v 3.293730 68.977921 -3.595856
v 0.585922 68.977921 4.737923
v 0.585922 68.977921 -4.024730
v 5.736476 68.977921 -2.351213
v 0.585922 68.977921 4.737923
v 3.293730 68.977921 -3.595856
v 7.675052 68.977921 -0.412635
v 0.585922 68.977921 4.737923
v 5.736476 68.977921 -2.351213
v 8.919693 68.977921 2.030109
v 0.585922 68.977921 4.737923
v 7.675052 68.977921 -0.412635
v -7.747846 68.977921 7.445723
v 0.585922 68.977921 4.737923
v -6.503204 68.977921 9.888466
v 9.348567 68.977921 4.737923
v 0.585922 68.977921 4.737923
v 8.919693 68.977921 2.030109
v 8.919693 68.977921 7.445723
v 0.585922 68.977921 4.737923
v 9.348567 68.977921 4.737923
v 7.675047 68.977921 9.888466
v 0.585922 68.977921 4.737923
v 8.919693 68.977921 7.445723
v 5.736473 68.977921 11.827044
v 0.585922 68.977921 4.737923
v 7.675047 68.977921 9.888466
v 3.293727 68.977921 13.071688
v 0.585922 68.977921 4.737923
v 5.736473 68.977921 11.827044
v 0.585922 68.977921 13.500557
v 0.585922 68.977921 4.737923
v 3.293727 68.977921 13.071688
v -2.121883 68.977921 13.071688
v 0.585922 68.977921 4.737923
v 0.585922 68.977921 13.500557
v -4.564629 68.977921 11.827044
v 0.585922 68.977921 4.737923
v -2.121883 68.977921 13.071688
v -6.503204 68.977921 9.888466
v 0.585922 68.977921 4.737923
v -4.564629 68.977921 11.827044
v -12.802711 24.245827 34.667950
v 13.974554 24.245827 34.667946
v -44.290127 9.396636 35.541473
v 13.974554 24.245827 34.667946
v 45.461967 9.396636 35.541462
v -44.290127 9.396636 35.541473
v 45.461967 9.396636 35.541462
v 13.974554 24.245827 34.667946
v 45.461967 65.964798 32.174065
v -44.290127 9.396636 35.541473
v -44.290127 65.964798 32.174065
v -12.802711 24.245827 34.667950
v 13.974554 24.245827 34.667946
v 14.095824 60.331863 32.519798
v 45.461967 65.964798 32.174065
v 45.461967 65.964798 32.174065
v 14.095824 60.331863 32.519798
v -44.290127 65.964798 32.174065
v -44.290127 65.964798 32.174065
v -12.923985 60.331863 32.519798
v -12.802711 24.245827 34.667950
v 14.095824 60.331863 32.519798
v -12.923985 60.331863 32.519798
v -44.290127 65.964798 32.174065
v 22.525110 -0.917832 -29.167870
v 22.525110 -3.576565 -31.023973
v 8.832147 -1.390831 -30.400911
v 22.525110 -3.576565 -31.023973
v 22.525110 -0.917832 -29.167870
v 26.646879 -3.519698 -30.333723
v 22.525110 -0.917832 -29.167870
v 26.056221 -0.849643 -28.543499
v 26.646879 -3.519698 -30.333723
v 26.646879 -3.519698 -30.333723
v 26.056221 -0.849643 -28.543499
v 28.401863 -0.849643 -27.657669
v 29.245716 -3.519698 -29.365379
v 26.646879 -3.519698 -30.333723
v 28.401863 -0.849643 -27.657669
v 29.245716 -3.519698 -29.365379
v 28.401863 -0.849643 -27.657669
v 30.641266 -0.849643 -26.445131
v 31.735416 -3.519698 -28.071301
v 29.245716 -3.519698 -29.365379
v 30.641266 -0.849643 -26.445131
v 31.735416 -3.519698 -28.071301
v 30.641266 -0.849643 -26.445131
v 32.589378 -0.849643 -24.893555
v 34.115894 -3.519698 -26.221369
v 31.735416 -3.519698 -28.071301
v 32.589378 -0.849643 -24.893555
v 34.115894 -3.519698 -26.221369
v 32.589378 -0.849643 -24.893555
v 34.138149 -0.849643 -23.102030
v 35.996426 -3.519698 -24.040979
v 34.115894 -3.519698 -26.221369
v 34.138149 -0.849643 -23.102030
v 35.996426 -3.519698 -24.040979
v 34.138149 -0.849643 -23.102030
v 35.425728 -0.849643 -21.012957
v 37.368484 -3.519698 -21.742157
v 35.996426 -3.519698 -24.040979
v 35.425728 -0.849643 -21.012957
v 37.368484 -3.519698 -21.742157
v 35.425728 -0.849643 -21.012957
v 36.396999 -0.849643 -18.754189
v 38.437664 -3.519698 -19.240311
v 37.368484 -3.519698 -21.742157
v 36.396999 -0.849643 -18.754189
v 38.437664 -3.519698 -19.240311
v 36.396999 -0.849643 -18.754189
v 37.303589 -1.391456 -14.730341
v 39.433964 -3.575828 -14.730341
v 38.437664 -3.519698 -19.240311
v 37.303589 -1.391456 -14.730341
v 39.433964 -3.575828 -14.730341
v 37.303589 -1.391456 -14.730341
v 37.953129 -1.785947 -0.551468
v 40.130226 -3.573895 -0.551468
v 39.433964 -3.575828 -14.730341
v 37.953129 -1.785947 -0.551468
v 39.433964 -3.575828 13.627429
v 40.130226 -3.573895 -0.551468
v 37.953129 -1.785947 -0.551468
v 37.303589 -1.391456 13.627429
v 39.433964 -3.575828 13.627429
v 37.953129 -1.785947 -0.551468
v 39.433964 -3.575828 13.627429
v 37.303589 -1.391456 13.627429
v 38.437664 -3.519698 18.137396
v 37.303589 -1.391456 13.627429
v 36.396999 -0.849643 17.651268
v 38.437664 -3.519698 18.137396
v 38.437664 -3.519698 18.137396
v 36.396999 -0.849643 17.651268
v 37.368484 -3.519698 20.639244
v 36.396999 -0.849643 17.651268
v 35.425728 -0.849643 19.910040
v 37.368484 -3.519698 20.639244
v 37.368484 -3.519698 20.639244
v 35.425728 -0.849643 19.910040
v 35.996426 -3.519698 22.938063
v 35.425728 -0.849643 19.910040
v 34.138149 -0.849643 21.999113
v 35.996426 -3.519698 22.938063
v 35.996426 -3.519698 22.938063
v 34.138149 -0.849643 21.999113
v 34.115894 -3.519698 25.118452
v 22.525110 -3.576565 -31.023973
v 8.832134 -3.575828 -32.153976
v 8.832147 -1.390831 -30.400911
v 34.138149 -0.849643 21.999113
v 32.589378 -0.849643 23.790640
v 34.115894 -3.519698 25.118452
v 34.115894 -3.519698 25.118452
v 32.589378 -0.849643 23.790640
v 31.735416 -3.519698 26.968382
v 32.589378 -0.849643 23.790640
v 30.641266 -0.849643 25.342216
v 31.735416 -3.519698 26.968382
v 31.735416 -3.519698 26.968382
v 30.641266 -0.849643 25.342216
v 29.245716 -3.519698 28.262465
v 30.641266 -0.849643 25.342216
v 28.401863 -0.849643 26.554754
v 29.245716 -3.519698 28.262465
v 29.245716 -3.519698 28.262465
v 28.401863 -0.849643 26.554754
v 26.646879 -3.519698 29.230803
v 28.401863 -0.849643 26.554754
v 26.056221 -0.849643 27.440588
v 26.646879 -3.519698 29.230803
v 26.056221 -0.849643 27.440588
v 22.525110 -0.917832 28.064953
v 26.646879 -3.519698 29.230803
v 22.525110 -0.917832 28.064953
v 22.525110 -3.576565 29.921057
v 26.646879 -3.519698 29.230803
v 22.525110 -3.576565 29.921057
v 22.525110 -0.917832 28.064953
v 8.832147 -1.390831 29.297979
v 8.832134 -3.575828 31.051044
v 22.525110 -3.576565 29.921057
v 8.832147 -1.390831 29.297979
v -7.591460 -3.575828 31.051044
v 8.832134 -3.575828 31.051044
v 8.832147 -1.390831 29.297979
v -7.591460 -1.390831 29.297979
v -7.591460 -3.575828 31.051044
v 8.832147 -1.390831 29.297979
v -21.353270 -3.576565 29.921057
v -7.591460 -3.575828 31.051044
v -7.591460 -1.390831 29.297979
v -21.353270 -0.917832 28.064953
v -21.353270 -3.576565 29.921057
v -7.591460 -1.390831 29.297979
v -21.353270 -3.576565 29.921057
v -21.353270 -0.917832 28.064953
v -25.475039 -3.519698 29.230803
v -21.353270 -0.917832 28.064953
v -24.884380 -0.849643 27.440588
v -25.475039 -3.519698 29.230803
v -25.475039 -3.519698 29.230803
v -24.884380 -0.849643 27.440588
v -27.230021 -0.849643 26.554754
v -28.073881 -3.519698 28.262465
v -25.475039 -3.519698 29.230803
v -27.230021 -0.849643 26.554754
v -28.073881 -3.519698 28.262465
v -27.230021 -0.849643 26.554754
v -29.469423 -0.849643 25.342216
v -30.563576 -3.519698 26.968382
v -28.073881 -3.519698 28.262465
v -29.469423 -0.849643 25.342216
v -30.563576 -3.519698 26.968382
v -29.469423 -0.849643 25.342216
v -31.417534 -0.849643 23.790640
v -32.944050 -3.519698 25.118452
v -30.563576 -3.519698 26.968382
v -31.417534 -0.849643 23.790640
v -32.944050 -3.519698 25.118452
v -31.417534 -0.849643 23.790640
v -32.966305 -0.849643 21.999113
v -34.824581 -3.519698 22.938063
v -32.944050 -3.519698 25.118452
v -32.966305 -0.849643 21.999113
v -34.824581 -3.519698 22.938063
v -32.966305 -0.849643 21.999113
v -34.253883 -0.849643 19.910040
v -36.196640 -3.519698 20.639244
v -34.824581 -3.519698 22.938063
v -34.253883 -0.849643 19.910040
v 8.832147 -1.390831 -30.400911
v 8.832134 -3.575828 -32.153976
v -7.591460 -1.390831 -30.400911
v -36.196640 -3.519698 20.639244
v -34.253883 -0.849643 19.910040
v -35.225155 -0.849643 17.651268
v -37.265820 -3.519698 18.137405
v -36.196640 -3.519698 20.639244
v -35.225155 -0.849643 17.651268
v -37.265820 -3.519698 18.137405
v -35.225155 -0.849643 17.651268
v -36.131744 -1.391456 13.627429
v -38.262119 -3.575828 13.627429
v -37.265820 -3.519698 18.137405
v -36.131744 -1.391456 13.627429
v -38.262119 -3.575828 13.627429
v -36.131744 -1.391456 13.627429
v -36.927311 -1.785947 -0.551468
v -39.104408 -3.575828 -0.551468
v -38.262119 -3.575828 13.627429
v -36.927311 -1.785947 -0.551468
v -38.262119 -3.575828 -14.730341
v -39.104408 -3.575828 -0.551468
v -36.927311 -1.785947 -0.551468
v -36.131744 -1.391456 -14.730341
v -38.262119 -3.575828 -14.730341
v -36.927311 -1.785947 -0.551468
v -38.262119 -3.575828 -14.730341
v -36.131744 -1.391456 -14.730341
v -37.265820 -3.519698 -19.240311
v -36.131744 -1.391456 -14.730341
v -35.225155 -0.849643 -18.754189
v -37.265820 -3.519698 -19.240311
v -37.265820 -3.519698 -19.240311
v -35.225155 -0.849643 -18.754189
v -36.196640 -3.519698 -21.742157
v -35.225155 -0.849643 -18.754189
v -34.253883 -0.849643 -21.012957
v -36.196640 -3.519698 -21.742157
v -36.196640 -3.519698 -21.742157
v -34.253883 -0.849643 -21.012957
v -34.824581 -3.519698 -24.040979
v -34.253883 -0.849643 -21.012957
v -32.966305 -0.849643 -23.102030
v -34.824581 -3.519698 -24.040979
v -34.824581 -3.519698 -24.040979
v -32.966305 -0.849643 -23.102030
v -32.944050 -3.519698 -26.221369
v -32.966305 -0.849643 -23.102030
v -31.417534 -0.849643 -24.893555
v -32.944050 -3.519698 -26.221369
v -32.944050 -3.519698 -26.221369
v -31.417534 -0.849643 -24.893555
v -30.563576 -3.519698 -28.071301
v -31.417534 -0.849643 -24.893555
v -29.469423 -0.849643 -26.445131
v -30.563576 -3.519698 -28.071301
v -30.563576 -3.519698 -28.071301
v -29.469423 -0.849643 -26.445131
v -28.073881 -3.519698 -29.365379
v -29.469423 -0.849643 -26.445131
v -27.230021 -0.849643 -27.657669
v -28.073881 -3.519698 -29.365379
v -28.073881 -3.519698 -29.365379
v -27.230021 -0.849643 -27.657669
v -25.475039 -3.519698 -30.333723
v -27.230021 -0.849643 -27.657669
v -24.884380 -0.849643 -28.543499
v -25.475039 -3.519698 -30.333723
v -24.884380 -0.849643 -28.543499
v -21.353270 -0.917832 -29.167870
v -25.475039 -3.519698 -30.333723
v -21.353270 -0.917832 -29.167870
v -21.353270 -3.576565 -31.023973
v -25.475039 -3.519698 -30.333723
v -21.353270 -3.576565 -31.023973
v -21.353270 -0.917832 -29.167870
v -7.591460 -1.390831 -30.400911
v -7.591460 -3.575828 -32.153976
v -21.353270 -3.576565 -31.023973
v -7.591460 -1.390831 -30.400911
v 8.832134 -3.575828 -32.153976
v -7.591460 -3.575828 -32.153976
v -7.591460 -1.390831 -30.400911
v 8.832151 -6.468568 14.808776
v 8.832147 -1.390836 29.297979
v 22.525110 -0.917836 28.064953
v -7.591460 -1.390836 29.297979
v 8.832147 -1.390836 29.297979
v 8.832151 -6.468568 14.808776
v -7.591460 -6.468568 14.808776
v -7.591460 -1.390836 29.297979
v 8.832151 -6.468568 14.808776
v 24.085299 -4.648980 14.373260
v 8.832151 -6.468568 14.808776
v 22.525110 -0.917836 28.064953
v -21.353268 -0.917836 28.064953
v -7.591460 -1.390836 29.297979
v -7.591460 -6.468568 14.808776
v -7.591460 -6.468568 14.808776
v 8.832151 -6.468568 14.808776
v 8.832134 -7.878899 -0.551459
v 8.832134 -7.878899 -0.551459
v 8.832151 -6.468568 14.808776
v 24.085299 -4.648980 14.373260
v -22.552000 -4.648980 14.373260
v -21.353268 -0.917836 28.064953
v -7.591460 -6.468568 14.808776
v -21.353268 -0.917836 28.064953
v -22.552000 -4.648980 14.373260
v -24.884380 -0.849643 27.440588
v -22.552000 -4.648980 14.373260
v -27.230021 -0.849643 26.554754
v -24.884380 -0.849643 27.440588
v -22.552000 -4.648980 14.373260
v -7.591460 -6.468568 14.808776
v -7.591463 -7.878894 -0.551468
v -7.591463 -7.878894 -0.551468
v -7.591460 -6.468568 14.808776
v 8.832134 -7.878899 -0.551459
v 22.525110 -0.917836 28.064953
v 26.056221 -0.849643 27.440588
v 24.085299 -4.648980 14.373260
v 26.056221 -0.849643 27.440588
v 28.401863 -0.849643 26.554754
v 24.085299 -4.648980 14.373260
v 28.401863 -0.849643 26.554754
v 30.641266 -0.849643 25.342213
v 24.085299 -4.648980 14.373260
v 30.641266 -0.849643 25.342213
v 32.589378 -0.849643 23.790640
v 24.085299 -4.648980 14.373260
v 24.085299 -6.014608 -0.551459
v 8.832134 -7.878899 -0.551459
v 24.085299 -4.648980 14.373260
v 32.589378 -0.849643 23.790640
v 34.138149 -0.849643 21.999113
v 24.085299 -4.648980 14.373260
v 24.085299 -4.648980 14.373260
v 34.138149 -0.849643 21.999113
v 35.425728 -0.849643 19.910040
v -7.591463 -7.878894 -0.551468
v 8.832134 -7.878899 -0.551459
v 8.832147 -6.468568 -15.802824
v 36.396999 -0.849643 17.651268
v 24.085299 -4.648980 14.373260
v 35.425728 -0.849643 19.910040
v 37.303589 -1.391461 13.627429
v 24.085299 -4.648980 14.373260
v 36.396999 -0.849643 17.651268
v 24.085299 -6.014608 -0.551459
v 24.085299 -4.648980 14.373260
v 37.303589 -1.391461 13.627429
v 8.832134 -7.878899 -0.551459
v 24.085299 -6.014608 -0.551459
v 24.085289 -4.648980 -15.476185
v 8.832147 -6.468568 -15.802824
v 8.832134 -7.878899 -0.551459
v 24.085289 -4.648980 -15.476185
v -22.552000 -6.014608 -0.551449
v -22.552000 -4.648980 14.373260
v -7.591463 -7.878894 -0.551468
v 37.953125 -1.785947 -0.551468
v 24.085299 -6.014608 -0.551459
v 37.303589 -1.391461 13.627429
v 37.303589 -1.391461 -14.730344
v 24.085289 -4.648980 -15.476185
v 24.085299 -6.014608 -0.551459
v 37.953125 -1.785947 -0.551468
v 37.303589 -1.391461 -14.730344
v 24.085299 -6.014608 -0.551459
v -7.591463 -6.468568 -15.802819
v -7.591463 -7.878894 -0.551468
v 8.832147 -6.468568 -15.802824
v -27.230021 -0.849643 26.554754
v -22.552000 -4.648980 14.373260
v -29.469423 -0.849643 25.342213
v 36.396999 -0.849643 -18.754189
v 24.085289 -4.648980 -15.476185
v 37.303589 -1.391461 -14.730344
v 36.396999 -0.849643 -18.754189
v 35.425728 -0.849643 -21.012957
v 24.085289 -4.648980 -15.476185
v 35.425728 -0.849643 -21.012957
v 34.138149 -0.849643 -23.102030
v 24.085289 -4.648980 -15.476185
v 24.085289 -4.648980 -15.476185
v 22.525110 -0.917836 -29.167873
v 8.832147 -6.468568 -15.802824
v 34.138149 -0.849643 -23.102030
v 32.589378 -0.849643 -24.893559
v 24.085289 -4.648980 -15.476185
v 24.085289 -4.648980 -15.476185
v 32.589378 -0.849643 -24.893559
v 30.641266 -0.849643 -26.445129
v -7.591463 -6.468568 -15.802819
v -22.552000 -4.648980 -15.476185
v -7.591463 -7.878894 -0.551468
v -22.552000 -4.648980 -15.476185
v -22.552000 -6.014608 -0.551449
v -7.591463 -7.878894 -0.551468
v 28.401863 -0.849643 -27.657669
v 24.085289 -4.648980 -15.476185
v 30.641266 -0.849643 -26.445129
v 24.085289 -4.648980 -15.476185
v 28.401863 -0.849643 -27.657669
v 26.056221 -0.849643 -28.543505
v 22.525110 -0.917836 -29.167873
v 24.085289 -4.648980 -15.476185
v 26.056221 -0.849643 -28.543505
v 22.525110 -0.917836 -29.167873
v 8.832147 -1.390831 -30.400913
v 8.832147 -6.468568 -15.802824
v 8.832147 -6.468568 -15.802824
v 8.832147 -1.390831 -30.400913
v -7.591463 -6.468568 -15.802819
v -36.131744 -1.391461 13.627429
v -22.552000 -4.648980 14.373260
v -22.552000 -6.014608 -0.551449
v -35.225155 -0.849643 17.651268
v -22.552000 -4.648980 14.373260
v -36.131744 -1.391461 13.627429
v 8.832147 -1.390831 -30.400913
v -7.591460 -1.390831 -30.400913
v -7.591463 -6.468568 -15.802819
v -35.225155 -0.849643 17.651268
v -34.253883 -0.849643 19.910040
v -22.552000 -4.648980 14.373260
v -22.552000 -4.648980 -15.476185
v -7.591463 -6.468568 -15.802819
v -21.353268 -0.917836 -29.167873
v -7.591463 -6.468568 -15.802819
v -7.591460 -1.390831 -30.400913
v -21.353268 -0.917836 -29.167873
v -34.253883 -0.849643 19.910040
v -32.966305 -0.849643 21.999113
v -22.552000 -4.648980 14.373260
v -22.552000 -4.648980 14.373260
v -32.966305 -0.849643 21.999113
v -31.417534 -0.849643 23.790640
v -22.552000 -4.648980 14.373260
v -31.417534 -0.849643 23.790640
v -29.469423 -0.849643 25.342213
v -21.353268 -0.917836 -29.167873
v -24.884380 -0.849643 -28.543505
v -22.552000 -4.648980 -15.476185
v -24.884380 -0.849643 -28.543505
v -27.230021 -0.849643 -27.657669
v -22.552000 -4.648980 -15.476185
v -27.230021 -0.849643 -27.657669
v -29.469423 -0.849643 -26.445129
v -22.552000 -4.648980 -15.476185
v -22.552000 -6.014608 -0.551449
v -22.552000 -4.648980 -15.476185
v -36.131744 -1.391461 -14.730344
v -29.469423 -0.849643 -26.445129
v -31.417534 -0.849643 -24.893559
v -22.552000 -4.648980 -15.476185
v -31.417534 -0.849643 -24.893559
v -32.966305 -0.849643 -23.102030
v -22.552000 -4.648980 -15.476185
v -22.552000 -4.648980 -15.476185
v -32.966305 -0.849643 -23.102030
v -34.253883 -0.849643 -21.012957
v -35.225155 -0.849643 -18.754189
v -22.552000 -4.648980 -15.476185
v -34.253883 -0.849643 -21.012957
v -36.131744 -1.391461 -14.730344
v -22.552000 -4.648980 -15.476185
v -35.225155 -0.849643 -18.754189
v -36.927311 -1.785947 -0.551468
v -22.552000 -6.014608 -0.551449
v -36.131744 -1.391461 -14.730344
v -36.927311 -1.785947 -0.551468
v -36.131744 -1.391461 13.627429
v -22.552000 -6.014608 -0.551449
v 4.720257 -3.105711 -38.529209
v 4.479455 -3.796348 -38.758266
v 1.848386 -3.105711 -38.529209
v 4.479455 -3.796348 -38.758266
v 2.089188 -3.796348 -38.758266
v 1.848386 -3.105711 -38.529209
v 4.479455 -3.796348 -38.758266
v 4.479455 -3.796348 -41.031933
v 2.089188 -3.796348 -38.758266
v 4.479455 -3.796348 -41.031933
v 2.089188 -3.796348 -41.031933
v 2.089188 -3.796348 -38.758266
v 4.479455 -3.796348 -41.031933
v 4.720257 -3.105711 -41.260983
v 2.089188 -3.796348 -41.031933
v 4.720257 -3.105711 -41.260983
v 1.848386 -3.105711 -41.260983
v 2.089188 -3.796348 -41.031933
v 1.848386 -3.105711 -38.529209
v 2.089188 -3.796348 -38.758266
v 1.848386 -3.105711 -41.260983
v 2.089188 -3.796348 -38.758266
v 2.089188 -3.796348 -41.031933
v 1.848386 -3.105711 -41.260983
v 4.720257 -3.105711 -41.260983
v 4.479455 -3.796348 -41.031933
v 4.720257 -3.105711 -38.529209
v 4.479455 -3.796348 -41.031933
v 4.479455 -3.796348 -38.758266
v 4.720257 -3.105711 -38.529209
v 28.488815 -3.105711 -37.780636
v 28.386116 -3.796348 -38.106194
v 27.264002 -3.105711 -37.780636
v 28.386116 -3.796348 -38.106194
v 27.366693 -3.796348 -38.106194
v 27.264002 -3.105711 -37.780636
v 28.386116 -3.796348 -38.106194
v 28.386116 -3.796348 -41.337814
v 27.366693 -3.796348 -38.106194
v 28.386116 -3.796348 -41.337814
v 27.366693 -3.796348 -41.337814
v 27.366693 -3.796348 -38.106194
v 28.386116 -3.796348 -41.337814
v 28.488815 -3.105711 -41.663383
v 27.366693 -3.796348 -41.337814
v 28.488815 -3.105711 -41.663383
v 27.264002 -3.105711 -41.663383
v 27.366693 -3.796348 -41.337814
v 27.264002 -3.105711 -37.780636
v 27.366693 -3.796348 -38.106194
v 27.264002 -3.105711 -41.663383
v 27.366693 -3.796348 -38.106194
v 27.366693 -3.796348 -41.337814
v 27.264002 -3.105711 -41.663383
v 28.488815 -3.105711 -41.663383
v 28.386116 -3.796348 -41.337814
v 28.488815 -3.105711 -37.780636
v 28.386116 -3.796348 -41.337814
v 28.386116 -3.796348 -38.106194
v 28.488815 -3.105711 -37.780636
v 31.893011 -3.105711 -37.780636
v 31.790308 -3.796348 -38.106194
v 30.668200 -3.105711 -37.780636
v 31.790308 -3.796348 -38.106194
v 30.770897 -3.796348 -38.106194
v 30.668200 -3.105711 -37.780636
v 31.790308 -3.796348 -38.106194
v 31.790308 -3.796348 -41.337814
v 30.770897 -3.796348 -38.106194
v 31.790308 -3.796348 -41.337814
v 30.770897 -3.796348 -41.337814
v 30.770897 -3.796348 -38.106194
v 31.790308 -3.796348 -41.337814
v 31.893011 -3.105711 -41.663383
v 30.770897 -3.796348 -41.337814
v 31.893011 -3.105711 -41.663383
v 30.668200 -3.105711 -41.663383
v 30.770897 -3.796348 -41.337814
v 30.668200 -3.105711 -37.780636
v 30.770897 -3.796348 -38.106194
v 30.668200 -3.105711 -41.663383
v 30.770897 -3.796348 -38.106194
v 30.770897 -3.796348 -41.337814
v 30.668200 -3.105711 -41.663383
v 31.893011 -3.105711 -41.663383
v 31.790308 -3.796348 -41.337814
v 31.893011 -3.105711 -37.780636
v 31.790308 -3.796348 -41.337814
v 31.790308 -3.796348 -38.106194
v 31.893011 -3.105711 -37.780636
v 35.181816 -3.105711 -37.780636
v 35.079113 -3.796348 -38.106194
v 33.957001 -3.105711 -37.780636
v 35.079113 -3.796348 -38.106194
v 34.059700 -3.796348 -38.106194
v 33.957001 -3.105711 -37.780636
v 35.079113 -3.796348 -38.106194
v 35.079113 -3.796348 -41.337814
v 34.059700 -3.796348 -38.106194
v 35.079113 -3.796348 -41.337814
v 34.059700 -3.796348 -41.337814
v 34.059700 -3.796348 -38.106194
v 35.079113 -3.796348 -41.337814
v 35.181816 -3.105711 -41.663383
v 34.059700 -3.796348 -41.337814
v 35.181816 -3.105711 -41.663383
v 33.957001 -3.105711 -41.663383
v 34.059700 -3.796348 -41.337814
v 33.957001 -3.105711 -37.780636
v 34.059700 -3.796348 -38.106194
v 33.957001 -3.105711 -41.663383
v 34.059700 -3.796348 -38.106194
v 34.059700 -3.796348 -41.337814
v 33.957001 -3.105711 -41.663383
v 35.181816 -3.105711 -41.663383
v 35.079113 -3.796348 -41.337814
v 35.181816 -3.105711 -37.780636
v 35.079113 -3.796348 -41.337814
v 35.079113 -3.796348 -38.106194
v 35.181816 -3.105711 -37.780636
v 38.355221 -3.105711 -37.780636
v 38.252518 -3.796348 -38.106194
v 37.130402 -3.105711 -37.780636
v 38.252518 -3.796348 -38.106194
v 37.233105 -3.796348 -38.106194
v 37.130402 -3.105711 -37.780636
v 38.252518 -3.796348 -38.106194
v 38.252518 -3.796348 -41.337814
v 37.233105 -3.796348 -38.106194
v 38.252518 -3.796348 -41.337814
v 37.233105 -3.796348 -41.337814
v 37.233105 -3.796348 -38.106194
v 38.252518 -3.796348 -41.337814
v 38.355221 -3.105711 -41.663383
v 37.233105 -3.796348 -41.337814
v 38.355221 -3.105711 -41.663383
v 37.130402 -3.105711 -41.663383
v 37.233105 -3.796348 -41.337814
v 37.130402 -3.105711 -37.780636
v 37.233105 -3.796348 -38.106194
v 37.130402 -3.105711 -41.663383
v 37.233105 -3.796348 -38.106194
v 37.233105 -3.796348 -41.337814
v 37.130402 -3.105711 -41.663383
v 38.355221 -3.105711 -41.663383
v 38.252518 -3.796348 -41.337814
v 38.355221 -3.105711 -37.780636
v 38.252518 -3.796348 -41.337814
v 38.252518 -3.796348 -38.106194
v 38.355221 -3.105711 -37.780636
vt 0.951172 0.469727
vt 0.951172 0.466797
vt 0.947266 0.464355
vt 0.947266 0.464355
vt 0.951172 0.461914
vt 0.951172 0.458984
vt 0.982910 0.458984
vt 0.982910 0.461914
vt 0.986816 0.464355
vt 0.986816 0.464355
vt 0.982910 0.466797
vt 0.982910 0.469727
vt 0.951172 0.469727
vt 0.951172 0.466797
vt 0.947266 0.464355
vt 0.947266 0.464355
vt 0.951172 0.461914
vt 0.951172 0.458984
vt 0.982910 0.458984
vt 0.982910 0.461914
vt 0.986816 0.464355
vt 0.986816 0.464355
vt 0.982910 0.466797
vt 0.982910 0.469727
vt 0.951172 0.469727
vt 0.951172 0.466797
vt 0.947266 0.464355
vt 0.947266 0.464355
vt 0.951172 0.461914
vt 0.951172 0.458984
vt 0.982910 0.458984
vt 0.982910 0.461914
vt 0.986816 0.464355
vt 0.986816 0.464355
vt 0.982910 0.466797
vt 0.982910 0.469727
vt 0.951172 0.469727
vt 0.951172 0.466797
vt 0.947266 0.464355
vt 0.947266 0.464355
vt 0.951172 0.461914
vt 0.951172 0.458984
vt 0.982910 0.458984
vt 0.982910 0.461914
vt 0.986816 0.464355
vt 0.986816 0.464355
vt 0.982910 0.466797
vt 0.982910 0.469727
vt 0.412354 0.037109
vt 0.126343 0.037109
vt 0.412354 0.040039
vt 0.126343 0.037109
vt 0.126343 0.040039
vt 0.412354 0.040039
vt 0.126343 0.034668
vt 0.126343 0.037109
vt 0.412354 0.037109
vt 0.412354 0.034668
vt 0.126343 0.034668
vt 0.412354 0.037109
vt 0.442627 0.495605
vt 0.450928 0.481445
vt 0.438965 0.491211
vt 0.894531 0.481445
vt 0.450928 0.481445
vt 0.902832 0.495605
vt 0.450928 0.481445
vt 0.442627 0.495605
vt 0.902832 0.495605
vt 0.894531 0.481445
vt 0.902832 0.495605
vt 0.906250 0.491211
vt 0.894531 0.481445
vt 0.906250 0.491211
vt 0.894531 0.167969
vt 0.906250 0.491211
vt 0.906250 0.150391
vt 0.894531 0.167969
vt 0.903809 0.143555
vt 0.894531 0.167969
vt 0.906250 0.150391
vt 0.450928 0.167969
vt 0.894531 0.167969
vt 0.441650 0.143555
vt 0.894531 0.167969
vt 0.903809 0.143555
vt 0.441650 0.143555
vt 0.450928 0.167969
vt 0.441650 0.143555
vt 0.438965 0.150391
vt 0.450928 0.481445
vt 0.450928 0.167969
vt 0.438965 0.491211
vt 0.450928 0.167969
vt 0.438965 0.150391
vt 0.438965 0.491211
vt 0.831055 0.596680
vt 0.921387 0.564941
vt 0.806641 0.592529
vt 0.625977 0.585693
vt 0.424805 0.564941
vt 0.543457 0.592529
vt 0.724609 0.585693
vt 0.921387 0.564941
vt 0.625977 0.585693
vt 0.921387 0.564941
vt 0.424805 0.564941
vt 0.625977 0.585693
vt 0.806641 0.592529
vt 0.921387 0.564941
vt 0.724609 0.585693
vt 0.921387 0.521484
vt 0.921387 0.564941
vt 0.949707 0.521729
vt 0.943359 0.513672
vt 0.921387 0.521484
vt 0.949707 0.521729
vt 0.943359 0.513672
vt 0.408203 0.513184
vt 0.921387 0.521484
vt 0.408203 0.513184
vt 0.424805 0.521484
vt 0.921387 0.521484
vt 0.400391 0.521729
vt 0.424805 0.564941
vt 0.424805 0.521484
vt 0.408203 0.513184
vt 0.400391 0.521729
vt 0.424805 0.521484
vt 0.424805 0.564941
vt 0.400391 0.521729
vt 0.442383 0.690186
vt 0.442383 0.690186
vt 0.400391 0.521729
vt 0.437256 0.775024
vt 0.912109 0.775024
vt 0.949707 0.521729
vt 0.907715 0.690186
vt 0.949219 0.985985
vt 0.949707 0.521729
vt 0.912109 0.775024
vt 0.907715 0.859985
vt 0.949219 0.985985
vt 0.912109 0.775024
vt 0.442383 0.859985
vt 0.437256 0.775024
vt 0.400879 0.985985
vt 0.437256 0.775024
vt 0.400391 0.521729
vt 0.400879 0.985985
vt 0.942871 0.993565
vt 0.949219 0.985985
vt 0.875977 0.928833
vt 0.861816 0.939911
vt 0.942871 0.993565
vt 0.875977 0.928833
vt 0.846680 0.947693
vt 0.942871 0.993565
vt 0.861816 0.939911
vt 0.831055 0.953491
vt 0.942871 0.993565
vt 0.846680 0.947693
vt 0.949219 0.985985
vt 0.887207 0.915771
vt 0.875977 0.928833
vt 0.895508 0.901978
vt 0.887207 0.915771
vt 0.949219 0.985985
vt 0.901855 0.887024
vt 0.895508 0.901978
vt 0.949219 0.985985
vt 0.942871 0.993565
vt 0.806641 0.957611
vt 0.724609 0.964386
vt 0.724609 0.964386
vt 0.625977 0.964386
vt 0.942871 0.993565
vt 0.625977 0.964386
vt 0.407227 0.993568
vt 0.942871 0.993565
vt 0.625977 0.964386
vt 0.543457 0.957611
vt 0.407227 0.993568
vt 0.400879 0.985985
vt 0.407227 0.993568
vt 0.474121 0.928833
vt 0.407227 0.993568
vt 0.488525 0.939911
vt 0.474121 0.928833
vt 0.474121 0.928833
vt 0.462891 0.915771
vt 0.400879 0.985985
vt 0.462891 0.915771
vt 0.454590 0.901978
vt 0.400879 0.985985
vt 0.454590 0.901978
vt 0.448242 0.887024
vt 0.400879 0.985985
vt 0.503418 0.947693
vt 0.488525 0.939911
vt 0.407227 0.993568
vt 0.407227 0.993568
vt 0.518555 0.953491
vt 0.503418 0.947693
vt 0.424805 0.564941
vt 0.462891 0.634277
vt 0.474121 0.621338
vt 0.424805 0.564941
vt 0.474121 0.621338
vt 0.488525 0.610107
vt 0.424805 0.564941
vt 0.488525 0.610107
vt 0.503418 0.602295
vt 0.519043 0.596680
vt 0.424805 0.564941
vt 0.503418 0.602295
vt 0.462891 0.634277
vt 0.424805 0.564941
vt 0.454590 0.648193
vt 0.424805 0.564941
vt 0.448242 0.663086
vt 0.454590 0.648193
vt 0.901855 0.887024
vt 0.949219 0.985985
vt 0.907715 0.859985
vt 0.942871 0.993565
vt 0.831055 0.953491
vt 0.806641 0.957611
vt 0.543457 0.957611
vt 0.518555 0.953491
vt 0.407227 0.993568
vt 0.442383 0.859985
vt 0.400879 0.985985
vt 0.448242 0.887024
vt 0.424805 0.564941
vt 0.442383 0.690186
vt 0.448242 0.663086
vt 0.543457 0.592529
vt 0.424805 0.564941
vt 0.519043 0.596680
vt 0.940430 0.356934
vt 0.962891 0.364746
vt 0.944336 0.367676
vt 0.944336 0.367676
vt 0.962891 0.364746
vt 0.940430 0.356934
vt 0.940430 0.356934
vt 0.962891 0.364746
vt 0.944336 0.367676
vt 0.944336 0.367676
vt 0.962891 0.364746
vt 0.940430 0.356934
vt 0.886719 0.110352
vt 0.898438 0.110352
vt 0.886719 0.088867
vt 0.898438 0.110352
vt 0.898438 0.088867
vt 0.886719 0.088867
vt 0.875000 0.110352
vt 0.886719 0.110352
vt 0.875000 0.088867
vt 0.886719 0.110352
vt 0.886719 0.088867
vt 0.875000 0.088867
vt 0.957031 0.110352
vt 0.968750 0.110352
vt 0.957031 0.088867
vt 0.968750 0.110352
vt 0.968750 0.088867
vt 0.957031 0.088867
vt 0.945312 0.110352
vt 0.957031 0.110352
vt 0.945312 0.088867
vt 0.957031 0.110352
vt 0.957031 0.088867
vt 0.945312 0.088867
vt 0.933594 0.110352
vt 0.945312 0.110352
vt 0.933594 0.088867
vt 0.945312 0.110352
vt 0.945312 0.088867
vt 0.933594 0.088867
vt 0.921875 0.110352
vt 0.933594 0.110352
vt 0.921875 0.088867
vt 0.933594 0.110352
vt 0.933594 0.088867
vt 0.921875 0.088867
vt 0.910156 0.110352
vt 0.921875 0.110352
vt 0.910156 0.088867
vt 0.921875 0.110352
vt 0.921875 0.088867
vt 0.910156 0.088867
vt 0.898438 0.110352
vt 0.910156 0.110352
vt 0.898438 0.088867
vt 0.910156 0.110352
vt 0.910156 0.088867
vt 0.898438 0.088867
vt 0.901855 0.068848
vt 0.901855 0.080566
vt 0.910156 0.060547
vt 0.901855 0.080566
vt 0.910156 0.088867
vt 0.910156 0.060547
vt 0.910156 0.060547
vt 0.910156 0.088867
vt 0.921875 0.060547
vt 0.910156 0.088867
vt 0.921875 0.088867
vt 0.921875 0.060547
vt 0.921875 0.060547
vt 0.921875 0.088867
vt 0.930176 0.068848
vt 0.921875 0.088867
vt 0.930176 0.080566
vt 0.930176 0.068848
vt 0.886719 0.110352
vt 0.898438 0.110352
vt 0.886719 0.088867
vt 0.898438 0.110352
vt 0.898438 0.088867
vt 0.886719 0.088867
vt 0.875000 0.110352
vt 0.886719 0.110352
vt 0.875000 0.088867
vt 0.886719 0.110352
vt 0.886719 0.088867
vt 0.875000 0.088867
vt 0.957031 0.110352
vt 0.968750 0.110352
vt 0.957031 0.088867
vt 0.968750 0.110352
vt 0.968750 0.088867
vt 0.957031 0.088867
vt 0.945312 0.110352
vt 0.957031 0.110352
vt 0.945312 0.088867
vt 0.957031 0.110352
vt 0.957031 0.088867
vt 0.945312 0.088867
vt 0.933594 0.110352
vt 0.945312 0.110352
vt 0.933594 0.088867
vt 0.945312 0.110352
vt 0.945312 0.088867
vt 0.933594 0.088867
vt 0.921875 0.110352
vt 0.933594 0.110352
vt 0.921875 0.088867
vt 0.933594 0.110352
vt 0.933594 0.088867
vt 0.921875 0.088867
vt 0.910156 0.110352
vt 0.921875 0.110352
vt 0.910156 0.088867
vt 0.921875 0.110352
vt 0.921875 0.088867
vt 0.910156 0.088867
vt 0.898438 0.110352
vt 0.910156 0.110352
vt 0.898438 0.088867
vt 0.910156 0.110352
vt 0.910156 0.088867
vt 0.898438 0.088867
vt 0.901855 0.068848
vt 0.901855 0.080566
vt 0.910156 0.060547
vt 0.901855 0.080566
vt 0.910156 0.088867
vt 0.910156 0.060547
vt 0.910156 0.060547
vt 0.910156 0.088867
vt 0.921875 0.060547
vt 0.910156 0.088867
vt 0.921875 0.088867
vt 0.921875 0.060547
vt 0.921875 0.060547
vt 0.921875 0.088867
vt 0.930176 0.068848
vt 0.921875 0.088867
vt 0.930176 0.080566
vt 0.930176 0.068848
vt 0.886719 0.110352
vt 0.898438 0.110352
vt 0.886719 0.088867
vt 0.898438 0.110352
vt 0.898438 0.088867
vt 0.886719 0.088867
vt 0.875000 0.110352
vt 0.886719 0.110352
vt 0.875000 0.088867
vt 0.886719 0.110352
vt 0.886719 0.088867
vt 0.875000 0.088867
vt 0.957031 0.110352
vt 0.968750 0.110352
vt 0.957031 0.088867
vt 0.968750 0.110352
vt 0.968750 0.088867
vt 0.957031 0.088867
vt 0.945312 0.110352
vt 0.957031 0.110352
vt 0.945312 0.088867
vt 0.957031 0.110352
vt 0.957031 0.088867
vt 0.945312 0.088867
vt 0.933594 0.110352
vt 0.945312 0.110352
vt 0.933594 0.088867
vt 0.945312 0.110352
vt 0.945312 0.088867
vt 0.933594 0.088867
vt 0.921875 0.110352
vt 0.933594 0.110352
vt 0.921875 0.088867
vt 0.933594 0.110352
vt 0.933594 0.088867
vt 0.921875 0.088867
vt 0.910156 0.110352
vt 0.921875 0.110352
vt 0.910156 0.088867
vt 0.921875 0.110352
vt 0.921875 0.088867
vt 0.910156 0.088867
vt 0.898438 0.110352
vt 0.910156 0.110352
vt 0.898438 0.088867
vt 0.910156 0.110352
vt 0.910156 0.088867
vt 0.898438 0.088867
vt 0.901855 0.068848
vt 0.901855 0.080566
vt 0.910156 0.060547
vt 0.901855 0.080566
vt 0.910156 0.088867
vt 0.910156 0.060547
vt 0.910156 0.060547
vt 0.910156 0.088867
vt 0.921875 0.060547
vt 0.910156 0.088867
vt 0.921875 0.088867
vt 0.921875 0.060547
vt 0.921875 0.060547
vt 0.921875 0.088867
vt 0.930176 0.068848
vt 0.921875 0.088867
vt 0.930176 0.080566
vt 0.930176 0.068848
vt 0.886719 0.110352
vt 0.898438 0.110352
vt 0.886719 0.088867
vt 0.898438 0.110352
vt 0.898438 0.088867
vt 0.886719 0.088867
vt 0.875000 0.110352
vt 0.886719 0.110352
vt 0.875000 0.088867
vt 0.886719 0.110352
vt 0.886719 0.088867
vt 0.875000 0.088867
vt 0.957031 0.110352
vt 0.968750 0.110352
vt 0.957031 0.088867
vt 0.968750 0.110352
vt 0.968750 0.088867
vt 0.957031 0.088867
vt 0.945312 0.110352
vt 0.957031 0.110352
vt 0.945312 0.088867
vt 0.957031 0.110352
vt 0.957031 0.088867
vt 0.945312 0.088867
vt 0.933594 0.110352
vt 0.945312 0.110352
vt 0.933594 0.088867
vt 0.945312 0.110352
vt 0.945312 0.088867
vt 0.933594 0.088867
vt 0.921875 0.110352
vt 0.933594 0.110352
vt 0.921875 0.088867
vt 0.933594 0.110352
vt 0.933594 0.088867
vt 0.921875 0.088867
vt 0.910156 0.110352
vt 0.921875 0.110352
vt 0.910156 0.088867
vt 0.921875 0.110352
vt 0.921875 0.088867
vt 0.910156 0.088867
vt 0.898438 0.110352
vt 0.910156 0.110352
vt 0.898438 0.088867
vt 0.910156 0.110352
vt 0.910156 0.088867
vt 0.898438 0.088867
vt 0.901855 0.068848
vt 0.901855 0.080566
vt 0.910156 0.060547
vt 0.901855 0.080566
vt 0.910156 0.088867
vt 0.910156 0.060547
vt 0.910156 0.060547
vt 0.910156 0.088867
vt 0.921875 0.060547
vt 0.910156 0.088867
vt 0.921875 0.088867
vt 0.921875 0.060547
vt 0.921875 0.060547
vt 0.921875 0.088867
vt 0.930176 0.068848
vt 0.921875 0.088867
vt 0.930176 0.080566
vt 0.930176 0.068848
vt 0.994141 0.019043
vt 0.843750 0.019043
vt 0.994141 0.112793
vt 0.843750 0.019043
vt 0.843750 0.112793
vt 0.994141 0.112793
vt 0.951172 0.469727
vt 0.947266 0.464355
vt 0.949219 0.475098
vt 0.952148 0.473145
vt 0.951172 0.469727
vt 0.949219 0.475098
vt 0.956055 0.469727
vt 0.951172 0.469727
vt 0.952148 0.473145
vt 0.956543 0.470703
vt 0.956055 0.469727
vt 0.952148 0.473145
vt 0.952148 0.473145
vt 0.949219 0.475098
vt 0.958496 0.479492
vt 0.956543 0.470703
vt 0.967285 0.469727
vt 0.956055 0.469727
vt 0.956543 0.470703
vt 0.952148 0.473145
vt 0.960938 0.475098
vt 0.952148 0.473145
vt 0.958496 0.479492
vt 0.960938 0.475098
vt 0.967285 0.469727
vt 0.956543 0.470703
vt 0.960938 0.475098
vt 0.949219 0.475098
vt 0.956543 0.482422
vt 0.958496 0.479492
vt 0.967285 0.476562
vt 0.967285 0.469727
vt 0.960938 0.475098
vt 0.960938 0.475098
vt 0.958496 0.479492
vt 0.967285 0.476562
vt 0.967285 0.469727
vt 0.967285 0.476562
vt 0.973145 0.475098
vt 0.977539 0.470703
vt 0.967285 0.469727
vt 0.973145 0.475098
vt 0.967285 0.469727
vt 0.977539 0.470703
vt 0.978027 0.469727
vt 0.958496 0.479492
vt 0.967285 0.481445
vt 0.967285 0.476562
vt 0.967285 0.476562
vt 0.967285 0.481445
vt 0.973145 0.475098
vt 0.958496 0.479492
vt 0.956543 0.482422
vt 0.967285 0.481445
vt 0.973145 0.475098
vt 0.975586 0.479492
vt 0.977539 0.470703
vt 0.967285 0.481445
vt 0.975586 0.479492
vt 0.973145 0.475098
vt 0.978027 0.469727
vt 0.977539 0.470703
vt 0.981934 0.473145
vt 0.975586 0.479492
vt 0.981934 0.473145
vt 0.977539 0.470703
vt 0.956543 0.482422
vt 0.967285 0.485352
vt 0.967285 0.481445
vt 0.967285 0.481445
vt 0.967285 0.485352
vt 0.975586 0.479492
vt 0.967285 0.485352
vt 0.977539 0.482422
vt 0.975586 0.479492
vt 0.975586 0.479492
vt 0.977539 0.482422
vt 0.981934 0.473145
vt 0.982910 0.469727
vt 0.978027 0.469727
vt 0.981934 0.473145
vt 0.977539 0.482422
vt 0.985352 0.475098
vt 0.981934 0.473145
vt 0.982910 0.469727
vt 0.981934 0.473145
vt 0.985352 0.475098
vt 0.986816 0.464355
vt 0.982910 0.469727
vt 0.985352 0.475098
vt 0.982910 0.458984
vt 0.986816 0.464355
vt 0.985352 0.454102
vt 0.981934 0.456055
vt 0.982910 0.458984
vt 0.985352 0.454102
vt 0.978027 0.458984
vt 0.982910 0.458984
vt 0.981934 0.456055
vt 0.977539 0.458496
vt 0.978027 0.458984
vt 0.981934 0.456055
vt 0.981934 0.456055
vt 0.985352 0.454102
vt 0.975586 0.449707
vt 0.977539 0.458496
vt 0.967285 0.458984
vt 0.978027 0.458984
vt 0.977539 0.458496
vt 0.981934 0.456055
vt 0.973145 0.454102
vt 0.981934 0.456055
vt 0.975586 0.449707
vt 0.973145 0.454102
vt 0.967285 0.458984
vt 0.977539 0.458496
vt 0.973145 0.454102
vt 0.985352 0.454102
vt 0.977539 0.446289
vt 0.975586 0.449707
vt 0.967285 0.452148
vt 0.967285 0.458984
vt 0.973145 0.454102
vt 0.973145 0.454102
vt 0.975586 0.449707
vt 0.967285 0.452148
vt 0.967285 0.458984
vt 0.967285 0.452148
vt 0.960938 0.454102
vt 0.956543 0.458496
vt 0.967285 0.458984
vt 0.960938 0.454102
vt 0.967285 0.458984
vt 0.956543 0.458496
vt 0.956055 0.458984
vt 0.975586 0.449707
vt 0.967285 0.447266
vt 0.967285 0.452148
vt 0.967285 0.452148
vt 0.967285 0.447266
vt 0.960938 0.454102
vt 0.975586 0.449707
vt 0.977539 0.446289
vt 0.967285 0.447266
vt 0.960938 0.454102
vt 0.958496 0.449707
vt 0.956543 0.458496
vt 0.967285 0.447266
vt 0.958496 0.449707
vt 0.960938 0.454102
vt 0.956055 0.458984
vt 0.956543 0.458496
vt 0.952148 0.456055
vt 0.958496 0.449707
vt 0.952148 0.456055
vt 0.956543 0.458496
vt 0.977539 0.446289
vt 0.967285 0.443359
vt 0.967285 0.447266
vt 0.967285 0.447266
vt 0.967285 0.443359
vt 0.958496 0.449707
vt 0.967285 0.443359
vt 0.956543 0.446289
vt 0.958496 0.449707
vt 0.958496 0.449707
vt 0.956543 0.446289
vt 0.952148 0.456055
vt 0.951172 0.458984
vt 0.956055 0.458984
vt 0.952148 0.456055
vt 0.956543 0.446289
vt 0.949219 0.454102
vt 0.952148 0.456055
vt 0.951172 0.458984
vt 0.952148 0.456055
vt 0.949219 0.454102
vt 0.947266 0.464355
vt 0.951172 0.458984
vt 0.949219 0.454102
vt 0.951172 0.466797
vt 0.951172 0.461914
vt 0.947266 0.464355
vt 0.951172 0.461914
vt 0.951172 0.466797
vt 0.956055 0.466797
vt 0.956055 0.461914
vt 0.951172 0.461914
vt 0.956055 0.466797
vt 0.967285 0.461914
vt 0.956055 0.461914
vt 0.956055 0.466797
vt 0.967285 0.466797
vt 0.967285 0.461914
vt 0.956055 0.466797
vt 0.967285 0.466797
vt 0.978027 0.466797
vt 0.967285 0.461914
vt 0.978027 0.466797
vt 0.978027 0.461914
vt 0.967285 0.461914
vt 0.978027 0.466797
vt 0.982910 0.466797
vt 0.978027 0.461914
vt 0.982910 0.466797
vt 0.982910 0.461914
vt 0.978027 0.461914
vt 0.982910 0.461914
vt 0.982910 0.466797
vt 0.986816 0.464355
vt 0.977539 0.482422
vt 0.979004 0.484863
vt 0.985352 0.475098
vt 0.979004 0.484863
vt 0.987305 0.476074
vt 0.985352 0.475098
vt 0.967285 0.485352
vt 0.967285 0.487793
vt 0.977539 0.482422
vt 0.967285 0.487793
vt 0.979004 0.484863
vt 0.977539 0.482422
vt 0.956543 0.482422
vt 0.955566 0.484863
vt 0.967285 0.485352
vt 0.955566 0.484863
vt 0.967285 0.487793
vt 0.967285 0.485352
vt 0.949219 0.475098
vt 0.946777 0.476074
vt 0.956543 0.482422
vt 0.946777 0.476074
vt 0.955566 0.484863
vt 0.956543 0.482422
vt 0.946777 0.476074
vt 0.949219 0.475098
vt 0.943848 0.464355
vt 0.949219 0.475098
vt 0.947266 0.464355
vt 0.943848 0.464355
vt 0.947266 0.464355
vt 0.949219 0.454102
vt 0.943848 0.464355
vt 0.949219 0.454102
vt 0.946777 0.452637
vt 0.943848 0.464355
vt 0.956543 0.446289
vt 0.955566 0.444336
vt 0.949219 0.454102
vt 0.955566 0.444336
vt 0.946777 0.452637
vt 0.949219 0.454102
vt 0.967285 0.443359
vt 0.967285 0.440918
vt 0.956543 0.446289
vt 0.967285 0.440918
vt 0.955566 0.444336
vt 0.956543 0.446289
vt 0.977539 0.446289
vt 0.979004 0.444336
vt 0.967285 0.443359
vt 0.979004 0.444336
vt 0.967285 0.440918
vt 0.967285 0.443359
vt 0.985352 0.454102
vt 0.987305 0.452637
vt 0.977539 0.446289
vt 0.987305 0.452637
vt 0.979004 0.444336
vt 0.977539 0.446289
vt 0.987305 0.452637
vt 0.985352 0.454102
vt 0.990234 0.464355
vt 0.985352 0.454102
vt 0.986816 0.464355
vt 0.990234 0.464355
vt 0.986816 0.464355
vt 0.985352 0.475098
vt 0.990234 0.464355
vt 0.985352 0.475098
vt 0.987305 0.476074
vt 0.990234 0.464355
vt 0.956055 0.469727
vt 0.956055 0.466797
vt 0.951172 0.469727
vt 0.956055 0.466797
vt 0.951172 0.466797
vt 0.951172 0.469727
vt 0.956055 0.458984
vt 0.951172 0.458984
vt 0.956055 0.461914
vt 0.951172 0.458984
vt 0.951172 0.461914
vt 0.956055 0.461914
vt 0.967285 0.458984
vt 0.956055 0.458984
vt 0.967285 0.461914
vt 0.956055 0.458984
vt 0.956055 0.461914
vt 0.967285 0.461914
vt 0.967285 0.469727
vt 0.967285 0.466797
vt 0.956055 0.469727
vt 0.967285 0.466797
vt 0.956055 0.466797
vt 0.956055 0.469727
vt 0.978027 0.458984
vt 0.978027 0.461914
vt 0.982910 0.458984
vt 0.978027 0.461914
vt 0.982910 0.461914
vt 0.982910 0.458984
vt 0.978027 0.469727
vt 0.982910 0.469727
vt 0.978027 0.466797
vt 0.982910 0.469727
vt 0.982910 0.466797
vt 0.978027 0.466797
vt 0.967285 0.458984
vt 0.967285 0.461914
vt 0.978027 0.458984
vt 0.967285 0.461914
vt 0.978027 0.461914
vt 0.978027 0.458984
vt 0.967285 0.469727
vt 0.978027 0.469727
vt 0.967285 0.466797
vt 0.978027 0.469727
vt 0.978027 0.466797
vt 0.967285 0.466797
vt 0.951172 0.469727
vt 0.947266 0.464355
vt 0.949219 0.475098
vt 0.952148 0.473145
vt 0.951172 0.469727
vt 0.949219 0.475098
vt 0.956055 0.469727
vt 0.951172 0.469727
vt 0.952148 0.473145
vt 0.956543 0.470703
vt 0.956055 0.469727
vt 0.952148 0.473145
vt 0.952148 0.473145
vt 0.949219 0.475098
vt 0.958496 0.479492
vt 0.956543 0.470703
vt 0.967285 0.469727
vt 0.956055 0.469727
vt 0.956543 0.470703
vt 0.952148 0.473145
vt 0.960938 0.475098
vt 0.952148 0.473145
vt 0.958496 0.479492
vt 0.960938 0.475098
vt 0.967285 0.469727
vt 0.956543 0.470703
vt 0.960938 0.475098
vt 0.949219 0.475098
vt 0.956543 0.482422
vt 0.958496 0.479492
vt 0.967285 0.476562
vt 0.967285 0.469727
vt 0.960938 0.475098
vt 0.960938 0.475098
vt 0.958496 0.479492
vt 0.967285 0.476562
vt 0.967285 0.469727
vt 0.967285 0.476562
vt 0.973145 0.475098
vt 0.977539 0.470703
vt 0.967285 0.469727
vt 0.973145 0.475098
vt 0.967285 0.469727
vt 0.977539 0.470703
vt 0.978027 0.469727
vt 0.958496 0.479492
vt 0.967285 0.481445
vt 0.967285 0.476562
vt 0.967285 0.476562
vt 0.967285 0.481445
vt 0.973145 0.475098
vt 0.958496 0.479492
vt 0.956543 0.482422
vt 0.967285 0.481445
vt 0.973145 0.475098
vt 0.975586 0.479492
vt 0.977539 0.470703
vt 0.967285 0.481445
vt 0.975586 0.479492
vt 0.973145 0.475098
vt 0.978027 0.469727
vt 0.977539 0.470703
vt 0.981934 0.473145
vt 0.975586 0.479492
vt 0.981934 0.473145
vt 0.977539 0.470703
vt 0.956543 0.482422
vt 0.967285 0.485352
vt 0.967285 0.481445
vt 0.967285 0.481445
vt 0.967285 0.485352
vt 0.975586 0.479492
vt 0.967285 0.485352
vt 0.977539 0.482422
vt 0.975586 0.479492
vt 0.975586 0.479492
vt 0.977539 0.482422
vt 0.981934 0.473145
vt 0.982910 0.469727
vt 0.978027 0.469727
vt 0.981934 0.473145
vt 0.977539 0.482422
vt 0.985352 0.475098
vt 0.981934 0.473145
vt 0.982910 0.469727
vt 0.981934 0.473145
vt 0.985352 0.475098
vt 0.986816 0.464355
vt 0.982910 0.469727
vt 0.985352 0.475098
vt 0.982910 0.458984
vt 0.986816 0.464355
vt 0.985352 0.454102
vt 0.981934 0.456055
vt 0.982910 0.458984
vt 0.985352 0.454102
vt 0.978027 0.458984
vt 0.982910 0.458984
vt 0.981934 0.456055
vt 0.977539 0.458496
vt 0.978027 0.458984
vt 0.981934 0.456055
vt 0.981934 0.456055
vt 0.985352 0.454102
vt 0.975586 0.449707
vt 0.977539 0.458496
vt 0.967285 0.458984
vt 0.978027 0.458984
vt 0.977539 0.458496
vt 0.981934 0.456055
vt 0.973145 0.454102
vt 0.981934 0.456055
vt 0.975586 0.449707
vt 0.973145 0.454102
vt 0.967285 0.458984
vt 0.977539 0.458496
vt 0.973145 0.454102
vt 0.985352 0.454102
vt 0.977539 0.446289
vt 0.975586 0.449707
vt 0.967285 0.452148
vt 0.967285 0.458984
vt 0.973145 0.454102
vt 0.973145 0.454102
vt 0.975586 0.449707
vt 0.967285 0.452148
vt 0.967285 0.458984
vt 0.967285 0.452148
vt 0.960938 0.454102
vt 0.956543 0.458496
vt 0.967285 0.458984
vt 0.960938 0.454102
vt 0.967285 0.458984
vt 0.956543 0.458496
vt 0.956055 0.458984
vt 0.975586 0.449707
vt 0.967285 0.447266
vt 0.967285 0.452148
vt 0.967285 0.452148
vt 0.967285 0.447266
vt 0.960938 0.454102
vt 0.975586 0.449707
vt 0.977539 0.446289
vt 0.967285 0.447266
vt 0.960938 0.454102
vt 0.958496 0.449707
vt 0.956543 0.458496
vt 0.967285 0.447266
vt 0.958496 0.449707
vt 0.960938 0.454102
vt 0.956055 0.458984
vt 0.956543 0.458496
vt 0.952148 0.456055
vt 0.958496 0.449707
vt 0.952148 0.456055
vt 0.956543 0.458496
vt 0.977539 0.446289
vt 0.967285 0.443359
vt 0.967285 0.447266
vt 0.967285 0.447266
vt 0.967285 0.443359
vt 0.958496 0.449707
vt 0.967285 0.443359
vt 0.956543 0.446289
vt 0.958496 0.449707
vt 0.958496 0.449707
vt 0.956543 0.446289
vt 0.952148 0.456055
vt 0.951172 0.458984
vt 0.956055 0.458984
vt 0.952148 0.456055
vt 0.956543 0.446289
vt 0.949219 0.454102
vt 0.952148 0.456055
vt 0.951172 0.458984
vt 0.952148 0.456055
vt 0.949219 0.454102
vt 0.947266 0.464355
vt 0.951172 0.458984
vt 0.949219 0.454102
vt 0.951172 0.466797
vt 0.951172 0.461914
vt 0.947266 0.464355
vt 0.951172 0.461914
vt 0.951172 0.466797
vt 0.956055 0.466797
vt 0.956055 0.461914
vt 0.951172 0.461914
vt 0.956055 0.466797
vt 0.967285 0.461914
vt 0.956055 0.461914
vt 0.956055 0.466797
vt 0.967285 0.466797
vt 0.967285 0.461914
vt 0.956055 0.466797
vt 0.967285 0.466797
vt 0.978027 0.466797
vt 0.967285 0.461914
vt 0.978027 0.466797
vt 0.978027 0.461914
vt 0.967285 0.461914
vt 0.978027 0.466797
vt 0.982910 0.466797
vt 0.978027 0.461914
vt 0.982910 0.466797
vt 0.982910 0.461914
vt 0.978027 0.461914
vt 0.982910 0.461914
vt 0.982910 0.466797
vt 0.986816 0.464355
vt 0.977539 0.482422
vt 0.979004 0.484863
vt 0.985352 0.475098
vt 0.979004 0.484863
vt 0.987305 0.476074
vt 0.985352 0.475098
vt 0.967285 0.485352
vt 0.967285 0.487793
vt 0.977539 0.482422
vt 0.967285 0.487793
vt 0.979004 0.484863
vt 0.977539 0.482422
vt 0.956543 0.482422
vt 0.955566 0.484863
vt 0.967285 0.485352
vt 0.955566 0.484863
vt 0.967285 0.487793
vt 0.967285 0.485352
vt 0.949219 0.475098
vt 0.946777 0.476074
vt 0.956543 0.482422
vt 0.946777 0.476074
vt 0.955566 0.484863
vt 0.956543 0.482422
vt 0.946777 0.476074
vt 0.949219 0.475098
vt 0.943848 0.464355
vt 0.949219 0.475098
vt 0.947266 0.464355
vt 0.943848 0.464355
vt 0.947266 0.464355
vt 0.949219 0.454102
vt 0.943848 0.464355
vt 0.949219 0.454102
vt 0.946777 0.452637
vt 0.943848 0.464355
vt 0.956543 0.446289
vt 0.955566 0.444336
vt 0.949219 0.454102
vt 0.955566 0.444336
vt 0.946777 0.452637
vt 0.949219 0.454102
vt 0.967285 0.443359
vt 0.967285 0.440918
vt 0.956543 0.446289
vt 0.967285 0.440918
vt 0.955566 0.444336
vt 0.956543 0.446289
vt 0.977539 0.446289
vt 0.979004 0.444336
vt 0.967285 0.443359
vt 0.979004 0.444336
vt 0.967285 0.440918
vt 0.967285 0.443359
vt 0.985352 0.454102
vt 0.987305 0.452637
vt 0.977539 0.446289
vt 0.987305 0.452637
vt 0.979004 0.444336
vt 0.977539 0.446289
vt 0.987305 0.452637
vt 0.985352 0.454102
vt 0.990234 0.464355
vt 0.985352 0.454102
vt 0.986816 0.464355
vt 0.990234 0.464355
vt 0.986816 0.464355
vt 0.985352 0.475098
vt 0.990234 0.464355
vt 0.985352 0.475098
vt 0.987305 0.476074
vt 0.990234 0.464355
vt 0.956055 0.469727
vt 0.956055 0.466797
vt 0.951172 0.469727
vt 0.956055 0.466797
vt 0.951172 0.466797
vt 0.951172 0.469727
vt 0.956055 0.458984
vt 0.951172 0.458984
vt 0.956055 0.461914
vt 0.951172 0.458984
vt 0.951172 0.461914
vt 0.956055 0.461914
vt 0.967285 0.458984
vt 0.956055 0.458984
vt 0.967285 0.461914
vt 0.956055 0.458984
vt 0.956055 0.461914
vt 0.967285 0.461914
vt 0.967285 0.469727
vt 0.967285 0.466797
vt 0.956055 0.469727
vt 0.967285 0.466797
vt 0.956055 0.466797
vt 0.956055 0.469727
vt 0.978027 0.458984
vt 0.978027 0.461914
vt 0.982910 0.458984
vt 0.978027 0.461914
vt 0.982910 0.461914
vt 0.982910 0.458984
vt 0.978027 0.469727
vt 0.982910 0.469727
vt 0.978027 0.466797
vt 0.982910 0.469727
vt 0.982910 0.466797
vt 0.978027 0.466797
vt 0.967285 0.458984
vt 0.967285 0.461914
vt 0.978027 0.458984
vt 0.967285 0.461914
vt 0.978027 0.461914
vt 0.978027 0.458984
vt 0.967285 0.469727
vt 0.978027 0.469727
vt 0.967285 0.466797
vt 0.978027 0.469727
vt 0.978027 0.466797
vt 0.967285 0.466797
vt 0.951172 0.469727
vt 0.947266 0.464355
vt 0.949219 0.475098
vt 0.952148 0.473145
vt 0.951172 0.469727
vt 0.949219 0.475098
vt 0.956055 0.469727
vt 0.951172 0.469727
vt 0.952148 0.473145
vt 0.956543 0.470703
vt 0.956055 0.469727
vt 0.952148 0.473145
vt 0.952148 0.473145
vt 0.949219 0.475098
vt 0.958496 0.479492
vt 0.956543 0.470703
vt 0.967285 0.469727
vt 0.956055 0.469727
vt 0.956543 0.470703
vt 0.952148 0.473145
vt 0.960938 0.475098
vt 0.952148 0.473145
vt 0.958496 0.479492
vt 0.960938 0.475098
vt 0.967285 0.469727
vt 0.956543 0.470703
vt 0.960938 0.475098
vt 0.949219 0.475098
vt 0.956543 0.482422
vt 0.958496 0.479492
vt 0.967285 0.476562
vt 0.967285 0.469727
vt 0.960938 0.475098
vt 0.960938 0.475098
vt 0.958496 0.479492
vt 0.967285 0.476562
vt 0.967285 0.469727
vt 0.967285 0.476562
vt 0.973145 0.475098
vt 0.977539 0.470703
vt 0.967285 0.469727
vt 0.973145 0.475098
vt 0.967285 0.469727
vt 0.977539 0.470703
vt 0.978027 0.469727
vt 0.958496 0.479492
vt 0.967285 0.481445
vt 0.967285 0.476562
vt 0.967285 0.476562
vt 0.967285 0.481445
vt 0.973145 0.475098
vt 0.958496 0.479492
vt 0.956543 0.482422
vt 0.967285 0.481445
vt 0.973145 0.475098
vt 0.975586 0.479492
vt 0.977539 0.470703
vt 0.967285 0.481445
vt 0.975586 0.479492
vt 0.973145 0.475098
vt 0.978027 0.469727
vt 0.977539 0.470703
vt 0.981934 0.473145
vt 0.975586 0.479492
vt 0.981934 0.473145
vt 0.977539 0.470703
vt 0.956543 0.482422
vt 0.967285 0.485352
vt 0.967285 0.481445
vt 0.967285 0.481445
vt 0.967285 0.485352
vt 0.975586 0.479492
vt 0.967285 0.485352
vt 0.977539 0.482422
vt 0.975586 0.479492
vt 0.975586 0.479492
vt 0.977539 0.482422
vt 0.981934 0.473145
vt 0.982910 0.469727
vt 0.978027 0.469727
vt 0.981934 0.473145
vt 0.977539 0.482422
vt 0.985352 0.475098
vt 0.981934 0.473145
vt 0.982910 0.469727
vt 0.981934 0.473145
vt 0.985352 0.475098
vt 0.986816 0.464355
vt 0.982910 0.469727
vt 0.985352 0.475098
vt 0.982910 0.458984
vt 0.986816 0.464355
vt 0.985352 0.454102
vt 0.981934 0.456055
vt 0.982910 0.458984
vt 0.985352 0.454102
vt 0.978027 0.458984
vt 0.982910 0.458984
vt 0.981934 0.456055
vt 0.977539 0.458496
vt 0.978027 0.458984
vt 0.981934 0.456055
vt 0.981934 0.456055
vt 0.985352 0.454102
vt 0.975586 0.449707
vt 0.977539 0.458496
vt 0.967285 0.458984
vt 0.978027 0.458984
vt 0.977539 0.458496
vt 0.981934 0.456055
vt 0.973145 0.454102
vt 0.981934 0.456055
vt 0.975586 0.449707
vt 0.973145 0.454102
vt 0.967285 0.458984
vt 0.977539 0.458496
vt 0.973145 0.454102
vt 0.985352 0.454102
vt 0.977539 0.446289
vt 0.975586 0.449707
vt 0.967285 0.452148
vt 0.967285 0.458984
vt 0.973145 0.454102
vt 0.973145 0.454102
vt 0.975586 0.449707
vt 0.967285 0.452148
vt 0.967285 0.458984
vt 0.967285 0.452148
vt 0.960938 0.454102
vt 0.956543 0.458496
vt 0.967285 0.458984
vt 0.960938 0.454102
vt 0.967285 0.458984
vt 0.956543 0.458496
vt 0.956055 0.458984
vt 0.975586 0.449707
vt 0.967285 0.447266
vt 0.967285 0.452148
vt 0.967285 0.452148
vt 0.967285 0.447266
vt 0.960938 0.454102
vt 0.975586 0.449707
vt 0.977539 0.446289
vt 0.967285 0.447266
vt 0.960938 0.454102
vt 0.958496 0.449707
vt 0.956543 0.458496
vt 0.967285 0.447266
vt 0.958496 0.449707
vt 0.960938 0.454102
vt 0.956055 0.458984
vt 0.956543 0.458496
vt 0.952148 0.456055
vt 0.958496 0.449707
vt 0.952148 0.456055
vt 0.956543 0.458496
vt 0.977539 0.446289
vt 0.967285 0.443359
vt 0.967285 0.447266
vt 0.967285 0.447266
vt 0.967285 0.443359
vt 0.958496 0.449707
vt 0.967285 0.443359
vt 0.956543 0.446289
vt 0.958496 0.449707
vt 0.958496 0.449707
vt 0.956543 0.446289
vt 0.952148 0.456055
vt 0.951172 0.458984
vt 0.956055 0.458984
vt 0.952148 0.456055
vt 0.956543 0.446289
vt 0.949219 0.454102
vt 0.952148 0.456055
vt 0.951172 0.458984
vt 0.952148 0.456055
vt 0.949219 0.454102
vt 0.947266 0.464355
vt 0.951172 0.458984
vt 0.949219 0.454102
vt 0.951172 0.466797
vt 0.951172 0.461914
vt 0.947266 0.464355
vt 0.951172 0.461914
vt 0.951172 0.466797
vt 0.956055 0.466797
vt 0.956055 0.461914
vt 0.951172 0.461914
vt 0.956055 0.466797
vt 0.967285 0.461914
vt 0.956055 0.461914
vt 0.956055 0.466797
vt 0.967285 0.466797
vt 0.967285 0.461914
vt 0.956055 0.466797
vt 0.967285 0.466797
vt 0.978027 0.466797
vt 0.967285 0.461914
vt 0.978027 0.466797
vt 0.978027 0.461914
vt 0.967285 0.461914
vt 0.978027 0.466797
vt 0.982910 0.466797
vt 0.978027 0.461914
vt 0.982910 0.466797
vt 0.982910 0.461914
vt 0.978027 0.461914
vt 0.982910 0.461914
vt 0.982910 0.466797
vt 0.986816 0.464355
vt 0.977539 0.482422
vt 0.979004 0.484863
vt 0.985352 0.475098
vt 0.979004 0.484863
vt 0.987305 0.476074
vt 0.985352 0.475098
vt 0.967285 0.485352
vt 0.967285 0.487793
vt 0.977539 0.482422
vt 0.967285 0.487793
vt 0.979004 0.484863
vt 0.977539 0.482422
vt 0.956543 0.482422
vt 0.955566 0.484863
vt 0.967285 0.485352
vt 0.955566 0.484863
vt 0.967285 0.487793
vt 0.967285 0.485352
vt 0.949219 0.475098
vt 0.946777 0.476074
vt 0.956543 0.482422
vt 0.946777 0.476074
vt 0.955566 0.484863
vt 0.956543 0.482422
vt 0.946777 0.476074
vt 0.949219 0.475098
vt 0.943848 0.464355
vt 0.949219 0.475098
vt 0.947266 0.464355
vt 0.943848 0.464355
vt 0.947266 0.464355
vt 0.949219 0.454102
vt 0.943848 0.464355
vt 0.949219 0.454102
vt 0.946777 0.452637
vt 0.943848 0.464355
vt 0.956543 0.446289
vt 0.955566 0.444336
vt 0.949219 0.454102
vt 0.955566 0.444336
vt 0.946777 0.452637
vt 0.949219 0.454102
vt 0.967285 0.443359
vt 0.967285 0.440918
vt 0.956543 0.446289
vt 0.967285 0.440918
vt 0.955566 0.444336
vt 0.956543 0.446289
vt 0.977539 0.446289
vt 0.979004 0.444336
vt 0.967285 0.443359
vt 0.979004 0.444336
vt 0.967285 0.440918
vt 0.967285 0.443359
vt 0.985352 0.454102
vt 0.987305 0.452637
vt 0.977539 0.446289
vt 0.987305 0.452637
vt 0.979004 0.444336
vt 0.977539 0.446289
vt 0.987305 0.452637
vt 0.985352 0.454102
vt 0.990234 0.464355
vt 0.985352 0.454102
vt 0.986816 0.464355
vt 0.990234 0.464355
vt 0.986816 0.464355
vt 0.985352 0.475098
vt 0.990234 0.464355
vt 0.985352 0.475098
vt 0.987305 0.476074
vt 0.990234 0.464355
vt 0.956055 0.469727
vt 0.956055 0.466797
vt 0.951172 0.469727
vt 0.956055 0.466797
vt 0.951172 0.466797
vt 0.951172 0.469727
vt 0.956055 0.458984
vt 0.951172 0.458984
vt 0.956055 0.461914
vt 0.951172 0.458984
vt 0.951172 0.461914
vt 0.956055 0.461914
vt 0.967285 0.458984
vt 0.956055 0.458984
vt 0.967285 0.461914
vt 0.956055 0.458984
vt 0.956055 0.461914
vt 0.967285 0.461914
vt 0.967285 0.469727
vt 0.967285 0.466797
vt 0.956055 0.469727
vt 0.967285 0.466797
vt 0.956055 0.466797
vt 0.956055 0.469727
vt 0.978027 0.458984
vt 0.978027 0.461914
vt 0.982910 0.458984
vt 0.978027 0.461914
vt 0.982910 0.461914
vt 0.982910 0.458984
vt 0.978027 0.469727
vt 0.982910 0.469727
vt 0.978027 0.466797
vt 0.982910 0.469727
vt 0.982910 0.466797
vt 0.978027 0.466797
vt 0.967285 0.458984
vt 0.967285 0.461914
vt 0.978027 0.458984
vt 0.967285 0.461914
vt 0.978027 0.461914
vt 0.978027 0.458984
vt 0.967285 0.469727
vt 0.978027 0.469727
vt 0.967285 0.466797
vt 0.978027 0.469727
vt 0.978027 0.466797
vt 0.967285 0.466797
vt 0.086731 0.053223
vt 0.026871 0.044434
vt 0.088440 0.045898
vt 0.026871 0.044434
vt 0.027908 0.036621
vt 0.088440 0.045898
vt 0.583984 -0.304688
vt 0.583984 -0.314453
vt 0.587891 -0.304688
vt 0.583984 -0.314453
vt 0.587891 -0.314453
vt 0.587891 -0.304688
vt 0.587891 -0.314453
vt 0.591797 -0.314453
vt 0.587891 -0.304688
vt 0.591797 -0.314453
vt 0.591797 -0.304688
vt 0.587891 -0.304688
vt 0.098633 0.049316
vt 0.424561 0.098633
vt 0.097290 0.055664
vt 0.424561 0.098633
vt 0.424072 0.104980
vt 0.097290 0.055664
vt 0.026871 0.044434
vt 0.086731 0.053223
vt 0.000998 0.485840
vt 0.086731 0.053223
vt 0.061829 0.485840
vt 0.000998 0.485840
vt 0.390137 0.484863
vt 0.389160 0.492676
vt 0.071716 0.484375
vt 0.389160 0.492676
vt 0.071472 0.492676
vt 0.071716 0.484375
vt 0.086731 0.053223
vt 0.091431 0.061523
vt 0.061829 0.485840
vt 0.091431 0.061523
vt 0.066956 0.478516
vt 0.061829 0.485840
vt 0.061829 0.485840
vt 0.060883 0.493164
vt 0.000998 0.485840
vt 0.060883 0.493164
vt 0.001036 0.492188
vt 0.000998 0.485840
vt 0.091431 0.061523
vt 0.097290 0.055664
vt 0.066956 0.478516
vt 0.097290 0.055664
vt 0.071716 0.484375
vt 0.066956 0.478516
vt 0.097290 0.055664
vt 0.424072 0.104980
vt 0.071716 0.484375
vt 0.424072 0.104980
vt 0.390137 0.484863
vt 0.071716 0.484375
vt 0.066772 0.494629
vt 0.060883 0.493164
vt 0.067017 0.484375
vt 0.060883 0.493164
vt 0.061829 0.485840
vt 0.067017 0.484375
vt 0.071716 0.484375
vt 0.071472 0.492676
vt 0.067017 0.484375
vt 0.071472 0.492676
vt 0.066772 0.494629
vt 0.067017 0.484375
vt 0.951172 0.469727
vt 0.947266 0.464355
vt 0.949219 0.475098
vt 0.952148 0.473145
vt 0.951172 0.469727
vt 0.949219 0.475098
vt 0.956055 0.469727
vt 0.951172 0.469727
vt 0.952148 0.473145
vt 0.956543 0.470703
vt 0.956055 0.469727
vt 0.952148 0.473145
vt 0.952148 0.473145
vt 0.949219 0.475098
vt 0.958496 0.479492
vt 0.956543 0.470703
vt 0.967285 0.469727
vt 0.956055 0.469727
vt 0.956543 0.470703
vt 0.952148 0.473145
vt 0.960938 0.475098
vt 0.952148 0.473145
vt 0.958496 0.479492
vt 0.960938 0.475098
vt 0.967285 0.469727
vt 0.956543 0.470703
vt 0.960938 0.475098
vt 0.949219 0.475098
vt 0.956543 0.482422
vt 0.958496 0.479492
vt 0.967285 0.476562
vt 0.967285 0.469727
vt 0.960938 0.475098
vt 0.960938 0.475098
vt 0.958496 0.479492
vt 0.967285 0.476562
vt 0.967285 0.469727
vt 0.967285 0.476562
vt 0.973145 0.475098
vt 0.977539 0.470703
vt 0.967285 0.469727
vt 0.973145 0.475098
vt 0.967285 0.469727
vt 0.977539 0.470703
vt 0.978027 0.469727
vt 0.958496 0.479492
vt 0.967285 0.481445
vt 0.967285 0.476562
vt 0.967285 0.476562
vt 0.967285 0.481445
vt 0.973145 0.475098
vt 0.958496 0.479492
vt 0.956543 0.482422
vt 0.967285 0.481445
vt 0.973145 0.475098
vt 0.975586 0.479492
vt 0.977539 0.470703
vt 0.967285 0.481445
vt 0.975586 0.479492
vt 0.973145 0.475098
vt 0.978027 0.469727
vt 0.977539 0.470703
vt 0.981934 0.473145
vt 0.975586 0.479492
vt 0.981934 0.473145
vt 0.977539 0.470703
vt 0.956543 0.482422
vt 0.967285 0.485352
vt 0.967285 0.481445
vt 0.967285 0.481445
vt 0.967285 0.485352
vt 0.975586 0.479492
vt 0.967285 0.485352
vt 0.977539 0.482422
vt 0.975586 0.479492
vt 0.975586 0.479492
vt 0.977539 0.482422
vt 0.981934 0.473145
vt 0.982910 0.469727
vt 0.978027 0.469727
vt 0.981934 0.473145
vt 0.977539 0.482422
vt 0.985352 0.475098
vt 0.981934 0.473145
vt 0.982910 0.469727
vt 0.981934 0.473145
vt 0.985352 0.475098
vt 0.986816 0.464355
vt 0.982910 0.469727
vt 0.985352 0.475098
vt 0.982910 0.458984
vt 0.986816 0.464355
vt 0.985352 0.454102
vt 0.981934 0.456055
vt 0.982910 0.458984
vt 0.985352 0.454102
vt 0.978027 0.458984
vt 0.982910 0.458984
vt 0.981934 0.456055
vt 0.977539 0.458496
vt 0.978027 0.458984
vt 0.981934 0.456055
vt 0.981934 0.456055
vt 0.985352 0.454102
vt 0.975586 0.449707
vt 0.977539 0.458496
vt 0.967285 0.458984
vt 0.978027 0.458984
vt 0.977539 0.458496
vt 0.981934 0.456055
vt 0.973145 0.454102
vt 0.981934 0.456055
vt 0.975586 0.449707
vt 0.973145 0.454102
vt 0.967285 0.458984
vt 0.977539 0.458496
vt 0.973145 0.454102
vt 0.985352 0.454102
vt 0.977539 0.446289
vt 0.975586 0.449707
vt 0.967285 0.452148
vt 0.967285 0.458984
vt 0.973145 0.454102
vt 0.973145 0.454102
vt 0.975586 0.449707
vt 0.967285 0.452148
vt 0.967285 0.458984
vt 0.967285 0.452148
vt 0.960938 0.454102
vt 0.956543 0.458496
vt 0.967285 0.458984
vt 0.960938 0.454102
vt 0.967285 0.458984
vt 0.956543 0.458496
vt 0.956055 0.458984
vt 0.975586 0.449707
vt 0.967285 0.447266
vt 0.967285 0.452148
vt 0.967285 0.452148
vt 0.967285 0.447266
vt 0.960938 0.454102
vt 0.975586 0.449707
vt 0.977539 0.446289
vt 0.967285 0.447266
vt 0.960938 0.454102
vt 0.958496 0.449707
vt 0.956543 0.458496
vt 0.967285 0.447266
vt 0.958496 0.449707
vt 0.960938 0.454102
vt 0.956055 0.458984
vt 0.956543 0.458496
vt 0.952148 0.456055
vt 0.958496 0.449707
vt 0.952148 0.456055
vt 0.956543 0.458496
vt 0.977539 0.446289
vt 0.967285 0.443359
vt 0.967285 0.447266
vt 0.967285 0.447266
vt 0.967285 0.443359
vt 0.958496 0.449707
vt 0.967285 0.443359
vt 0.956543 0.446289
vt 0.958496 0.449707
vt 0.958496 0.449707
vt 0.956543 0.446289
vt 0.952148 0.456055
vt 0.951172 0.458984
vt 0.956055 0.458984
vt 0.952148 0.456055
vt 0.956543 0.446289
vt 0.949219 0.454102
vt 0.952148 0.456055
vt 0.951172 0.458984
vt 0.952148 0.456055
vt 0.949219 0.454102
vt 0.947266 0.464355
vt 0.951172 0.458984
vt 0.949219 0.454102
vt 0.951172 0.466797
vt 0.951172 0.461914
vt 0.947266 0.464355
vt 0.951172 0.461914
vt 0.951172 0.466797
vt 0.956055 0.466797
vt 0.956055 0.461914
vt 0.951172 0.461914
vt 0.956055 0.466797
vt 0.967285 0.461914
vt 0.956055 0.461914
vt 0.956055 0.466797
vt 0.967285 0.466797
vt 0.967285 0.461914
vt 0.956055 0.466797
vt 0.967285 0.466797
vt 0.978027 0.466797
vt 0.967285 0.461914
vt 0.978027 0.466797
vt 0.978027 0.461914
vt 0.967285 0.461914
vt 0.978027 0.466797
vt 0.982910 0.466797
vt 0.978027 0.461914
vt 0.982910 0.466797
vt 0.982910 0.461914
vt 0.978027 0.461914
vt 0.982910 0.461914
vt 0.982910 0.466797
vt 0.986816 0.464355
vt 0.977539 0.482422
vt 0.979004 0.484863
vt 0.985352 0.475098
vt 0.979004 0.484863
vt 0.987305 0.476074
vt 0.985352 0.475098
vt 0.967285 0.485352
vt 0.967285 0.487793
vt 0.977539 0.482422
vt 0.967285 0.487793
vt 0.979004 0.484863
vt 0.977539 0.482422
vt 0.956543 0.482422
vt 0.955566 0.484863
vt 0.967285 0.485352
vt 0.955566 0.484863
vt 0.967285 0.487793
vt 0.967285 0.485352
vt 0.949219 0.475098
vt 0.946777 0.476074
vt 0.956543 0.482422
vt 0.946777 0.476074
vt 0.955566 0.484863
vt 0.956543 0.482422
vt 0.946777 0.476074
vt 0.949219 0.475098
vt 0.943848 0.464355
vt 0.949219 0.475098
vt 0.947266 0.464355
vt 0.943848 0.464355
vt 0.947266 0.464355
vt 0.949219 0.454102
vt 0.943848 0.464355
vt 0.949219 0.454102
vt 0.946777 0.452637
vt 0.943848 0.464355
vt 0.956543 0.446289
vt 0.955566 0.444336
vt 0.949219 0.454102
vt 0.955566 0.444336
vt 0.946777 0.452637
vt 0.949219 0.454102
vt 0.967285 0.443359
vt 0.967285 0.440918
vt 0.956543 0.446289
vt 0.967285 0.440918
vt 0.955566 0.444336
vt 0.956543 0.446289
vt 0.977539 0.446289
vt 0.979004 0.444336
vt 0.967285 0.443359
vt 0.979004 0.444336
vt 0.967285 0.440918
vt 0.967285 0.443359
vt 0.985352 0.454102
vt 0.987305 0.452637
vt 0.977539 0.446289
vt 0.987305 0.452637
vt 0.979004 0.444336
vt 0.977539 0.446289
vt 0.987305 0.452637
vt 0.985352 0.454102
vt 0.990234 0.464355
vt 0.985352 0.454102
vt 0.986816 0.464355
vt 0.990234 0.464355
vt 0.986816 0.464355
vt 0.985352 0.475098
vt 0.990234 0.464355
vt 0.985352 0.475098
vt 0.987305 0.476074
vt 0.990234 0.464355
vt 0.956055 0.469727
vt 0.956055 0.466797
vt 0.951172 0.469727
vt 0.956055 0.466797
vt 0.951172 0.466797
vt 0.951172 0.469727
vt 0.956055 0.458984
vt 0.951172 0.458984
vt 0.956055 0.461914
vt 0.951172 0.458984
vt 0.951172 0.461914
vt 0.956055 0.461914
vt 0.967285 0.458984
vt 0.956055 0.458984
vt 0.967285 0.461914
vt 0.956055 0.458984
vt 0.956055 0.461914
vt 0.967285 0.461914
vt 0.967285 0.469727
vt 0.967285 0.466797
vt 0.956055 0.469727
vt 0.967285 0.466797
vt 0.956055 0.466797
vt 0.956055 0.469727
vt 0.978027 0.458984
vt 0.978027 0.461914
vt 0.982910 0.458984
vt 0.978027 0.461914
vt 0.982910 0.461914
vt 0.982910 0.458984
vt 0.978027 0.469727
vt 0.982910 0.469727
vt 0.978027 0.466797
vt 0.982910 0.469727
vt 0.982910 0.466797
vt 0.978027 0.466797
vt 0.967285 0.458984
vt 0.967285 0.461914
vt 0.978027 0.458984
vt 0.967285 0.461914
vt 0.978027 0.461914
vt 0.978027 0.458984
vt 0.967285 0.469727
vt 0.978027 0.469727
vt 0.967285 0.466797
vt 0.978027 0.469727
vt 0.978027 0.466797
vt 0.967285 0.466797
vt 0.843262 0.007324
vt 0.843750 0.019043
vt 0.775391 0.007324
vt 0.843750 0.019043
vt 0.775391 0.019043
vt 0.775391 0.007324
vt 0.994141 0.007324
vt 0.843750 0.019043
vt 0.994141 0.019043
vt 0.843750 0.019043
vt 0.994141 0.007324
vt 0.843750 0.007324
vt 0.843750 0.007324
vt 0.774902 0.007324
vt 0.843750 0.019043
vt 0.774902 0.007324
vt 0.774902 0.019043
vt 0.843750 0.019043
vt 0.843750 0.112793
vt 0.994141 0.112793
vt 0.843750 0.019043
vt 0.994141 0.112793
vt 0.994141 0.019043
vt 0.843750 0.019043
vt 0.412354 0.002930
vt 0.126343 0.002930
vt 0.412354 0.034668
vt 0.126343 0.002930
vt 0.126343 0.034668
vt 0.412354 0.034668
vt 0.883789 0.176270
vt 0.461426 0.176270
vt 0.883789 0.473145
vt 0.461426 0.176270
vt 0.461426 0.473145
vt 0.883789 0.473145
vt 0.911621 0.143066
vt 0.905273 0.137695
vt 0.903809 0.143555
vt 0.906250 0.150391
vt 0.911621 0.143066
vt 0.903809 0.143555
vt 0.911621 0.495605
vt 0.911621 0.143066
vt 0.906250 0.150391
vt 0.906250 0.491211
vt 0.911621 0.495605
vt 0.906250 0.150391
vt 0.906250 0.491211
vt 0.902832 0.495605
vt 0.911621 0.495605
vt 0.902832 0.495605
vt 0.905273 0.500977
vt 0.911621 0.495605
vt 0.905273 0.500977
vt 0.902832 0.495605
vt 0.439941 0.500977
vt 0.902832 0.495605
vt 0.442627 0.495605
vt 0.439941 0.500977
vt 0.433838 0.495605
vt 0.439941 0.500977
vt 0.442627 0.495605
vt 0.438965 0.491211
vt 0.433838 0.495605
vt 0.442627 0.495605
vt 0.438965 0.491211
vt 0.438965 0.150391
vt 0.433838 0.495605
vt 0.438965 0.150391
vt 0.433838 0.143066
vt 0.433838 0.495605
vt 0.438965 0.150391
vt 0.441650 0.143555
vt 0.433838 0.143066
vt 0.441650 0.143555
vt 0.439941 0.137695
vt 0.433838 0.143066
vt 0.439941 0.137695
vt 0.441650 0.143555
vt 0.905273 0.137695
vt 0.441650 0.143555
vt 0.903809 0.143555
vt 0.905273 0.137695
vt 0.971680 0.504639
vt 0.971680 0.526611
vt 0.993652 0.504639
vt 0.971680 0.526611
vt 0.993652 0.526611
vt 0.993652 0.504639
vt 0.971680 0.526611
vt 0.971680 0.548584
vt 0.993652 0.526611
vt 0.971680 0.548584
vt 0.993652 0.548584
vt 0.993652 0.526611
vt 0.971680 0.548584
vt 0.971680 0.570557
vt 0.993652 0.548584
vt 0.971680 0.570557
vt 0.993652 0.570557
vt 0.993652 0.548584
vt 0.971680 0.570557
vt 0.971680 0.592285
vt 0.993652 0.570557
vt 0.971680 0.592285
vt 0.993652 0.592285
vt 0.993652 0.570557
vt 0.971680 0.592285
vt 0.971680 0.614258
vt 0.993652 0.592285
vt 0.971680 0.614258
vt 0.993652 0.614258
vt 0.993652 0.592285
vt 0.971680 0.614258
vt 0.971680 0.636230
vt 0.993652 0.614258
vt 0.971680 0.636230
vt 0.993652 0.636230
vt 0.993652 0.614258
vt 0.971680 0.636230
vt 0.971680 0.657959
vt 0.993652 0.636230
vt 0.971680 0.657959
vt 0.993652 0.657959
vt 0.993652 0.636230
vt 0.971680 0.657959
vt 0.971680 0.679932
vt 0.993652 0.657959
vt 0.971680 0.679932
vt 0.993652 0.679932
vt 0.993652 0.657959
vt 0.971680 0.679932
vt 0.971680 0.701904
vt 0.993652 0.679932
vt 0.971680 0.701904
vt 0.993652 0.701904
vt 0.993652 0.679932
vt 0.971680 0.701904
vt 0.971680 0.723877
vt 0.993652 0.701904
vt 0.971680 0.723877
vt 0.993652 0.723877
vt 0.993652 0.701904
vt 0.971680 0.723145
vt 0.993652 0.723145
vt 0.993652 0.701416
vt 0.971680 0.701416
vt 0.971680 0.723145
vt 0.993652 0.701416
vt 0.971680 0.701416
vt 0.993652 0.701416
vt 0.993652 0.679443
vt 0.971680 0.679443
vt 0.971680 0.701416
vt 0.993652 0.679443
vt 0.971680 0.679443
vt 0.993652 0.679443
vt 0.993652 0.657471
vt 0.971680 0.657471
vt 0.971680 0.679443
vt 0.993652 0.657471
vt 0.971680 0.657471
vt 0.993652 0.657471
vt 0.993652 0.635498
vt 0.971680 0.635498
vt 0.971680 0.657471
vt 0.993652 0.635498
vt 0.971680 0.635498
vt 0.993652 0.635498
vt 0.993652 0.613770
vt 0.971680 0.613770
vt 0.971680 0.635498
vt 0.993652 0.613770
vt 0.971680 0.613770
vt 0.993652 0.613770
vt 0.993652 0.591797
vt 0.971680 0.591797
vt 0.971680 0.613770
vt 0.993652 0.591797
vt 0.971680 0.591797
vt 0.993652 0.591797
vt 0.993652 0.569824
vt 0.971680 0.569824
vt 0.971680 0.591797
vt 0.993652 0.569824
vt 0.971680 0.569824
vt 0.993652 0.569824
vt 0.993652 0.548096
vt 0.971680 0.548096
vt 0.971680 0.569824
vt 0.993652 0.548096
vt 0.971680 0.548096
vt 0.993652 0.548096
vt 0.993652 0.526123
vt 0.971680 0.526123
vt 0.971680 0.548096
vt 0.993652 0.526123
vt 0.971680 0.526123
vt 0.993652 0.526123
vt 0.993652 0.504150
vt 0.971680 0.504150
vt 0.971680 0.526123
vt 0.993652 0.504150
vt 0.432373 0.068848
vt 0.438232 0.067383
vt 0.432373 0.009766
vt 0.438232 0.067383
vt 0.438232 0.011719
vt 0.432373 0.009766
vt 0.645996 0.073242
vt 0.644531 0.067383
vt 0.436768 0.073242
vt 0.644531 0.067383
vt 0.438232 0.067383
vt 0.436768 0.073242
vt 0.650391 0.009766
vt 0.644531 0.011719
vt 0.650391 0.068848
vt 0.644531 0.011719
vt 0.644531 0.067383
vt 0.650391 0.068848
vt 0.436768 0.005859
vt 0.438232 0.011719
vt 0.645996 0.005859
vt 0.438232 0.011719
vt 0.644531 0.011719
vt 0.645996 0.005859
vt 0.438232 0.067383
vt 0.644531 0.067383
vt 0.438232 0.011719
vt 0.644531 0.067383
vt 0.644531 0.011719
vt 0.438232 0.011719
vt 0.432373 0.068848
vt 0.438232 0.067383
vt 0.432373 0.009766
vt 0.438232 0.067383
vt 0.438232 0.011719
vt 0.432373 0.009766
vt 0.645996 0.073242
vt 0.644531 0.067383
vt 0.436768 0.073242
vt 0.644531 0.067383
vt 0.438232 0.067383
vt 0.436768 0.073242
vt 0.650391 0.009766
vt 0.644531 0.011719
vt 0.650391 0.068848
vt 0.644531 0.011719
vt 0.644531 0.067383
vt 0.650391 0.068848
vt 0.436768 0.005859
vt 0.438232 0.011719
vt 0.645996 0.005859
vt 0.438232 0.011719
vt 0.644531 0.011719
vt 0.645996 0.005859
vt 0.438232 0.067383
vt 0.644531 0.067383
vt 0.438232 0.011719
vt 0.644531 0.067383
vt 0.644531 0.011719
vt 0.438232 0.011719
vt 0.644531 0.011719
vt 0.644531 0.067383
vt 0.650391 0.009766
vt 0.644531 0.067383
vt 0.650391 0.068848
vt 0.650391 0.009766
vt 0.644531 0.067383
vt 0.438232 0.067383
vt 0.645996 0.073242
vt 0.438232 0.067383
vt 0.436768 0.073242
vt 0.645996 0.073242
vt 0.438477 0.067383
vt 0.438477 0.011719
vt 0.432617 0.069336
vt 0.438477 0.011719
vt 0.432617 0.009766
vt 0.432617 0.069336
vt 0.438232 0.011719
vt 0.644531 0.011719
vt 0.436768 0.005859
vt 0.644531 0.011719
vt 0.645996 0.005859
vt 0.436768 0.005859
vt 0.438232 0.011719
vt 0.438232 0.067383
vt 0.644531 0.011719
vt 0.438232 0.067383
vt 0.644531 0.067383
vt 0.644531 0.011719
vt 0.644531 0.011719
vt 0.644531 0.067383
vt 0.650391 0.009766
vt 0.644531 0.067383
vt 0.650391 0.068848
vt 0.650391 0.009766
vt 0.644531 0.067383
vt 0.438232 0.067383
vt 0.645996 0.073242
vt 0.438232 0.067383
vt 0.436768 0.073242
vt 0.645996 0.073242
vt 0.438477 0.067383
vt 0.438477 0.011719
vt 0.432617 0.069336
vt 0.438477 0.011719
vt 0.432617 0.009766
vt 0.432617 0.069336
vt 0.438232 0.011719
vt 0.644531 0.011719
vt 0.436768 0.005859
vt 0.644531 0.011719
vt 0.645996 0.005859
vt 0.436768 0.005859
vt 0.438232 0.011719
vt 0.438232 0.067383
vt 0.644531 0.011719
vt 0.438232 0.067383
vt 0.644531 0.067383
vt 0.644531 0.011719
vt 0.027237 0.044922
vt 0.000998 0.485840
vt 0.087036 0.053711
vt 0.000998 0.485840
vt 0.061829 0.485840
vt 0.087036 0.053711
vt 0.161987 0.686279
vt 0.161987 0.801270
vt 0.339111 0.686279
vt 0.161987 0.801270
vt 0.339111 0.801270
vt 0.339111 0.686279
vt 0.424316 0.105957
vt 0.424805 0.099609
vt 0.097534 0.056152
vt 0.424805 0.099609
vt 0.098999 0.049805
vt 0.097534 0.056152
vt 0.390137 0.484863
vt 0.071716 0.484375
vt 0.389160 0.492676
vt 0.071716 0.484375
vt 0.071472 0.492676
vt 0.389160 0.492676
vt 0.087036 0.053711
vt 0.061829 0.485840
vt 0.091736 0.062012
vt 0.061829 0.485840
vt 0.066956 0.478516
vt 0.091736 0.062012
vt 0.001036 0.492188
vt 0.001036 0.995571
vt 0.060974 0.493164
vt 0.001036 0.995571
vt 0.061279 0.995571
vt 0.060974 0.493164
vt 0.087036 0.053711
vt 0.088806 0.046387
vt 0.027237 0.044922
vt 0.088806 0.046387
vt 0.028290 0.036621
vt 0.027237 0.044922
vt 0.061829 0.485840
vt 0.000998 0.485840
vt 0.060913 0.493164
vt 0.000998 0.485840
vt 0.001036 0.492188
vt 0.060913 0.493164
vt 0.060974 0.493164
vt 0.061279 0.995571
vt 0.066467 0.500244
vt 0.061279 0.995571
vt 0.066467 0.987175
vt 0.066467 0.500244
vt 0.587402 -0.308594
vt 0.584473 -0.310547
vt 0.586426 -0.299805
vt 0.584473 -0.310547
vt 0.583008 -0.305664
vt 0.586426 -0.299805
vt 0.066772 0.494629
vt 0.067017 0.484375
vt 0.060913 0.493164
vt 0.067017 0.484375
vt 0.061829 0.485840
vt 0.060913 0.493164
vt 0.091736 0.062012
vt 0.066956 0.478516
vt 0.097534 0.056152
vt 0.066956 0.478516
vt 0.071716 0.484375
vt 0.097534 0.056152
vt 0.066467 0.500244
vt 0.066467 0.987175
vt 0.071472 0.492676
vt 0.066467 0.987175
vt 0.071594 0.995571
vt 0.071472 0.492676
vt 0.590332 -0.303711
vt 0.591309 -0.308594
vt 0.586426 -0.299805
vt 0.591309 -0.308594
vt 0.587402 -0.308594
vt 0.586426 -0.299805
vt 0.071716 0.484375
vt 0.067017 0.484375
vt 0.071472 0.492676
vt 0.067017 0.484375
vt 0.066772 0.494629
vt 0.071472 0.492676
vt 0.097534 0.056152
vt 0.071716 0.484375
vt 0.424316 0.105957
vt 0.071716 0.484375
vt 0.390137 0.484863
vt 0.424316 0.105957
vt 0.339111 0.686279
vt 0.339111 0.801270
vt 0.353516 0.674561
vt 0.339111 0.801270
vt 0.353516 0.812744
vt 0.353516 0.674561
vt 0.158447 0.810669
vt 0.353516 0.812744
vt 0.161987 0.801270
vt 0.353516 0.812744
vt 0.339111 0.801270
vt 0.161987 0.801270
vt 0.161987 0.801270
vt 0.161987 0.686279
vt 0.158447 0.810669
vt 0.161987 0.686279
vt 0.158447 0.676758
vt 0.158447 0.810669
vt 0.158447 0.676758
vt 0.161987 0.686279
vt 0.353516 0.674561
vt 0.161987 0.686279
vt 0.339111 0.686279
vt 0.353516 0.674561
vt 0.357422 0.667969
vt 0.353516 0.674561
vt 0.357422 0.819580
vt 0.353516 0.674561
vt 0.353516 0.812744
vt 0.357422 0.819580
vt 0.353516 0.812744
vt 0.158447 0.810669
vt 0.357422 0.819580
vt 0.158447 0.810669
vt 0.154907 0.818848
vt 0.357422 0.819580
vt 0.353516 0.674561
vt 0.357422 0.667969
vt 0.158447 0.676758
vt 0.357422 0.667969
vt 0.154907 0.668457
vt 0.158447 0.676758
vt 0.158447 0.676758
vt 0.154907 0.668457
vt 0.158447 0.810669
vt 0.154907 0.668457
vt 0.154907 0.818848
vt 0.158447 0.810669
vt 0.406250 0.508545
vt 0.408203 0.513184
vt 0.943848 0.508545
vt 0.408203 0.513184
vt 0.943359 0.513672
vt 0.943848 0.508545
vt 0.942871 0.993565
vt 0.407227 0.993568
vt 0.943848 0.998874
vt 0.407227 0.993568
vt 0.406250 0.998874
vt 0.943848 0.998874
vt 0.400391 0.521729
vt 0.408203 0.513184
vt 0.395020 0.517822
vt 0.408203 0.513184
vt 0.406250 0.508545
vt 0.395020 0.517822
vt 0.943848 0.508545
vt 0.943359 0.513672
vt 0.955566 0.517822
vt 0.943359 0.513672
vt 0.949707 0.521729
vt 0.955566 0.517822
vt 0.406250 0.998874
vt 0.407227 0.993568
vt 0.395508 0.989166
vt 0.407227 0.993568
vt 0.400879 0.985985
vt 0.395508 0.989166
vt 0.949219 0.985985
vt 0.942871 0.993565
vt 0.955078 0.989159
vt 0.942871 0.993565
vt 0.943848 0.998874
vt 0.955078 0.989159
vt 0.955566 0.517822
vt 0.949707 0.521729
vt 0.955078 0.989166
vt 0.949707 0.521729
vt 0.949219 0.985985
vt 0.955078 0.989166
vt 0.400879 0.985985
vt 0.400391 0.521729
vt 0.395508 0.989166
vt 0.400391 0.521729
vt 0.395020 0.517822
vt 0.395508 0.989166
vt 0.901855 0.663086
vt 0.907715 0.690186
vt 0.921387 0.564941
vt 0.907715 0.690186
vt 0.949707 0.521729
vt 0.921387 0.564941
vt 0.901855 0.663086
vt 0.921387 0.564941
vt 0.895508 0.648193
vt 0.921387 0.564941
vt 0.887207 0.634277
vt 0.895508 0.648193
vt 0.875977 0.621338
vt 0.887207 0.634277
vt 0.921387 0.564941
vt 0.861816 0.610107
vt 0.875977 0.621338
vt 0.921387 0.564941
vt 0.846680 0.602295
vt 0.861816 0.610107
vt 0.921387 0.564941
vt 0.831055 0.596680
vt 0.846680 0.602295
vt 0.921387 0.564941
vt 0.948730 0.309082
vt 0.988770 0.309082
vt 0.948730 0.296875
vt 0.988770 0.309082
vt 0.988770 0.296875
vt 0.948730 0.296875
vt 0.948730 0.296875
vt 0.988770 0.296875
vt 0.948730 0.285156
vt 0.988770 0.296875
vt 0.988770 0.285156
vt 0.948730 0.285156
vt 0.948730 0.285156
vt 0.988770 0.285156
vt 0.948730 0.272949
vt 0.988770 0.285156
vt 0.988770 0.272949
vt 0.948730 0.272949
vt 0.948730 0.272949
vt 0.988770 0.272949
vt 0.948730 0.260742
vt 0.988770 0.272949
vt 0.988770 0.260742
vt 0.948730 0.260742
vt 0.948730 0.260742
vt 0.988770 0.260742
vt 0.948730 0.249023
vt 0.988770 0.260742
vt 0.988770 0.249023
vt 0.948730 0.249023
vt 0.948730 0.249023
vt 0.988770 0.249023
vt 0.948730 0.236816
vt 0.988770 0.249023
vt 0.988770 0.236816
vt 0.948730 0.236816
vt 0.948730 0.236816
vt 0.988770 0.236816
vt 0.948730 0.224609
vt 0.988770 0.236816
vt 0.988770 0.224609
vt 0.948730 0.224609
vt 0.948730 0.224609
vt 0.988770 0.224609
vt 0.948730 0.212891
vt 0.988770 0.224609
vt 0.988770 0.212891
vt 0.948730 0.212891
vt 0.948730 0.212891
vt 0.988770 0.212891
vt 0.948730 0.200684
vt 0.988770 0.212891
vt 0.988770 0.200684
vt 0.948730 0.200684
vt 0.948730 0.200684
vt 0.988770 0.200684
vt 0.948730 0.188965
vt 0.988770 0.200684
vt 0.988770 0.188965
vt 0.948730 0.188965
vt 0.948730 0.188965
vt 0.988770 0.188965
vt 0.948730 0.176758
vt 0.988770 0.188965
vt 0.988770 0.176758
vt 0.948730 0.176758
vt 0.948730 0.176758
vt 0.988770 0.176758
vt 0.948730 0.164551
vt 0.988770 0.176758
vt 0.988770 0.164551
vt 0.948730 0.164551
vt 0.947266 0.411133
vt 0.956543 0.420410
vt 0.968262 0.423340
vt 0.968262 0.397949
vt 0.947266 0.411133
vt 0.968262 0.423340
vt 0.947266 0.411133
vt 0.968262 0.397949
vt 0.944336 0.398926
vt 0.968262 0.397949
vt 0.947266 0.387207
vt 0.944336 0.398926
vt 0.980469 0.420410
vt 0.968262 0.397949
vt 0.968262 0.423340
vt 0.947266 0.387207
vt 0.968262 0.397949
vt 0.968262 0.375000
vt 0.968262 0.375000
vt 0.956543 0.377930
vt 0.947266 0.387207
vt 0.968262 0.397949
vt 0.980469 0.377930
vt 0.968262 0.375000
vt 0.980469 0.420410
vt 0.992676 0.398926
vt 0.968262 0.397949
vt 0.992676 0.398926
vt 0.980469 0.377930
vt 0.968262 0.397949
vt 0.989746 0.411133
vt 0.992676 0.398926
vt 0.980469 0.420410
vt 0.992676 0.398926
vt 0.989746 0.387207
vt 0.980469 0.377930
vt 0.948730 0.309082
vt 0.988770 0.309082
vt 0.948730 0.296875
vt 0.988770 0.309082
vt 0.988770 0.296875
vt 0.948730 0.296875
vt 0.948730 0.296875
vt 0.988770 0.296875
vt 0.948730 0.285156
vt 0.988770 0.296875
vt 0.988770 0.285156
vt 0.948730 0.285156
vt 0.948730 0.285156
vt 0.988770 0.285156
vt 0.948730 0.272949
vt 0.988770 0.285156
vt 0.988770 0.272949
vt 0.948730 0.272949
vt 0.948730 0.272949
vt 0.988770 0.272949
vt 0.948730 0.260742
vt 0.988770 0.272949
vt 0.988770 0.260742
vt 0.948730 0.260742
vt 0.948730 0.260742
vt 0.988770 0.260742
vt 0.948730 0.249023
vt 0.988770 0.260742
vt 0.988770 0.249023
vt 0.948730 0.249023
vt 0.948730 0.249023
vt 0.988770 0.249023
vt 0.948730 0.236816
vt 0.988770 0.249023
vt 0.988770 0.236816
vt 0.948730 0.236816
vt 0.948730 0.236816
vt 0.988770 0.236816
vt 0.948730 0.224609
vt 0.988770 0.236816
vt 0.988770 0.224609
vt 0.948730 0.224609
vt 0.948730 0.224609
vt 0.988770 0.224609
vt 0.948730 0.212891
vt 0.988770 0.224609
vt 0.988770 0.212891
vt 0.948730 0.212891
vt 0.948730 0.212891
vt 0.988770 0.212891
vt 0.948730 0.200684
vt 0.988770 0.212891
vt 0.988770 0.200684
vt 0.948730 0.200684
vt 0.948730 0.200684
vt 0.988770 0.200684
vt 0.948730 0.188965
vt 0.988770 0.200684
vt 0.988770 0.188965
vt 0.948730 0.188965
vt 0.948730 0.188965
vt 0.988770 0.188965
vt 0.948730 0.176758
vt 0.988770 0.188965
vt 0.988770 0.176758
vt 0.948730 0.176758
vt 0.948730 0.176758
vt 0.988770 0.176758
vt 0.948730 0.164551
vt 0.988770 0.176758
vt 0.988770 0.164551
vt 0.948730 0.164551
vt 0.944336 0.398926
vt 0.947266 0.411133
vt 0.947266 0.387207
vt 0.947266 0.411133
vt 0.968262 0.397949
vt 0.947266 0.387207
vt 0.947266 0.387207
vt 0.968262 0.397949
vt 0.968262 0.375000
vt 0.968262 0.397949
vt 0.947266 0.411133
vt 0.968262 0.423340
vt 0.968262 0.375000
vt 0.956543 0.377930
vt 0.947266 0.387207
vt 0.968262 0.397949
vt 0.989746 0.387207
vt 0.968262 0.375000
vt 0.989746 0.411133
vt 0.968262 0.397949
vt 0.968262 0.423340
vt 0.989746 0.387207
vt 0.968262 0.397949
vt 0.989746 0.411133
vt 0.947266 0.411133
vt 0.956543 0.420410
vt 0.968262 0.423340
vt 0.989746 0.387207
vt 0.980469 0.377930
vt 0.968262 0.375000
vt 0.968262 0.423340
vt 0.980469 0.420410
vt 0.989746 0.411133
vt 0.992676 0.398926
vt 0.989746 0.387207
vt 0.989746 0.411133
vt 0.981445 0.367676
vt 0.962891 0.364746
vt 0.984863 0.356934
vt 0.962891 0.364746
vt 0.940430 0.356934
vt 0.984863 0.356934
vt 0.981445 0.354980
vt 0.981445 0.330078
vt 0.962891 0.354980
vt 0.981445 0.330078
vt 0.962891 0.330078
vt 0.962891 0.354980
vt 0.940430 0.356934
vt 0.962891 0.364746
vt 0.984863 0.356934
vt 0.962891 0.364746
vt 0.981445 0.367676
vt 0.984863 0.356934
vt 0.933105 0.357422
vt 0.944336 0.354980
vt 0.933105 0.327148
vt 0.944336 0.354980
vt 0.944336 0.330078
vt 0.933105 0.327148
vt 0.992188 0.327148
vt 0.981445 0.330078
vt 0.992188 0.357422
vt 0.981445 0.330078
vt 0.981445 0.354980
vt 0.992188 0.357422
vt 0.962891 0.354980
vt 0.962891 0.330078
vt 0.944336 0.354980
vt 0.962891 0.330078
vt 0.944336 0.330078
vt 0.944336 0.354980
vt 0.981445 0.367676
vt 0.962891 0.364746
vt 0.984863 0.356934
vt 0.962891 0.364746
vt 0.940430 0.356934
vt 0.984863 0.356934
vt 0.981445 0.354980
vt 0.981445 0.330078
vt 0.962891 0.354980
vt 0.981445 0.330078
vt 0.962891 0.330078
vt 0.962891 0.354980
vt 0.940430 0.356934
vt 0.962891 0.364746
vt 0.984863 0.356934
vt 0.962891 0.364746
vt 0.981445 0.367676
vt 0.984863 0.356934
vt 0.933105 0.357422
vt 0.944336 0.354980
vt 0.933105 0.327148
vt 0.944336 0.354980
vt 0.944336 0.330078
vt 0.933105 0.327148
vt 0.992188 0.327148
vt 0.981445 0.330078
vt 0.992188 0.357422
vt 0.981445 0.330078
vt 0.981445 0.354980
vt 0.992188 0.357422
vt 0.962891 0.354980
vt 0.962891 0.330078
vt 0.944336 0.354980
vt 0.962891 0.330078
vt 0.944336 0.330078
vt 0.944336 0.354980
vt 0.948730 0.309082
vt 0.988770 0.309082
vt 0.948730 0.296875
vt 0.988770 0.309082
vt 0.988770 0.296875
vt 0.948730 0.296875
vt 0.948730 0.296875
vt 0.988770 0.296875
vt 0.948730 0.285156
vt 0.988770 0.296875
vt 0.988770 0.285156
vt 0.948730 0.285156
vt 0.948730 0.285156
vt 0.988770 0.285156
vt 0.948730 0.272949
vt 0.988770 0.285156
vt 0.988770 0.272949
vt 0.948730 0.272949
vt 0.948730 0.272949
vt 0.988770 0.272949
vt 0.948730 0.260742
vt 0.988770 0.272949
vt 0.988770 0.260742
vt 0.948730 0.260742
vt 0.948730 0.260742
vt 0.988770 0.260742
vt 0.948730 0.249023
vt 0.988770 0.260742
vt 0.988770 0.249023
vt 0.948730 0.249023
vt 0.948730 0.249023
vt 0.988770 0.249023
vt 0.948730 0.236816
vt 0.988770 0.249023
vt 0.988770 0.236816
vt 0.948730 0.236816
vt 0.948730 0.236816
vt 0.988770 0.236816
vt 0.948730 0.224609
vt 0.988770 0.236816
vt 0.988770 0.224609
vt 0.948730 0.224609
vt 0.948730 0.224609
vt 0.988770 0.224609
vt 0.948730 0.212891
vt 0.988770 0.224609
vt 0.988770 0.212891
vt 0.948730 0.212891
vt 0.948730 0.212891
vt 0.988770 0.212891
vt 0.948730 0.200684
vt 0.988770 0.212891
vt 0.988770 0.200684
vt 0.948730 0.200684
vt 0.948730 0.200684
vt 0.988770 0.200684
vt 0.948730 0.188965
vt 0.988770 0.200684
vt 0.988770 0.188965
vt 0.948730 0.188965
vt 0.948730 0.188965
vt 0.988770 0.188965
vt 0.948730 0.176758
vt 0.988770 0.188965
vt 0.988770 0.176758
vt 0.948730 0.176758
vt 0.948730 0.176758
vt 0.988770 0.176758
vt 0.948730 0.164551
vt 0.988770 0.176758
vt 0.988770 0.164551
vt 0.948730 0.164551
vt 0.944336 0.398926
vt 0.947266 0.411133
vt 0.956543 0.420410
vt 0.956543 0.420410
vt 0.968262 0.397949
vt 0.944336 0.398926
vt 0.968262 0.397949
vt 0.947266 0.387207
vt 0.944336 0.398926
vt 0.947266 0.387207
vt 0.968262 0.397949
vt 0.968262 0.375000
vt 0.968262 0.397949
vt 0.956543 0.420410
vt 0.968262 0.423340
vt 0.956543 0.377930
vt 0.947266 0.387207
vt 0.968262 0.375000
vt 0.989746 0.411133
vt 0.968262 0.397949
vt 0.968262 0.423340
vt 0.968262 0.375000
vt 0.968262 0.397949
vt 0.989746 0.387207
vt 0.989746 0.411133
vt 0.992676 0.398926
vt 0.968262 0.397949
vt 0.968262 0.397949
vt 0.992676 0.398926
vt 0.989746 0.387207
vt 0.989746 0.387207
vt 0.980469 0.377930
vt 0.968262 0.375000
vt 0.968262 0.423340
vt 0.980469 0.420410
vt 0.989746 0.411133
vt 0.426758 0.523193
vt 0.426758 0.563477
vt 0.918457 0.523193
vt 0.426758 0.563477
vt 0.918457 0.563477
vt 0.918457 0.523193
vt 0.424805 0.521484
vt 0.426758 0.523193
vt 0.921387 0.521484
vt 0.426758 0.523193
vt 0.918457 0.523193
vt 0.921387 0.521484
vt 0.921387 0.521484
vt 0.918457 0.523193
vt 0.921387 0.565186
vt 0.918457 0.523193
vt 0.918457 0.562988
vt 0.921387 0.565186
vt 0.921387 0.565186
vt 0.918457 0.563477
vt 0.424805 0.565186
vt 0.918457 0.563477
vt 0.426758 0.563477
vt 0.424805 0.565186
vt 0.424805 0.565186
vt 0.426758 0.563477
vt 0.424805 0.521484
vt 0.426758 0.563477
vt 0.426758 0.523193
vt 0.424805 0.521484
vt 0.443115 0.014160
vt 0.443115 0.063477
vt 0.505371 0.014160
vt 0.443115 0.063477
vt 0.505371 0.063477
vt 0.505371 0.014160
vt 0.461426 0.176270
vt 0.883789 0.176270
vt 0.450928 0.167969
vt 0.883789 0.176270
vt 0.894531 0.167969
vt 0.450928 0.167969
vt 0.894531 0.167969
vt 0.883789 0.176270
vt 0.894531 0.481445
vt 0.450928 0.167969
vt 0.450928 0.481445
vt 0.461426 0.176270
vt 0.883789 0.176270
vt 0.883789 0.473145
vt 0.894531 0.481445
vt 0.450928 0.481445
vt 0.461426 0.473145
vt 0.461426 0.176270
vt 0.883789 0.473145
vt 0.461426 0.473145
vt 0.894531 0.481445
vt 0.461426 0.473145
vt 0.450928 0.481445
vt 0.894531 0.481445
vt 0.772949 0.068359
vt 0.717285 0.068359
vt 0.770508 0.085449
vt 0.770508 0.050781
vt 0.717285 0.068359
vt 0.772949 0.068359
vt 0.762695 0.035156
vt 0.717285 0.068359
vt 0.770508 0.050781
vt 0.750000 0.022949
vt 0.717285 0.068359
vt 0.762695 0.035156
vt 0.734375 0.015137
vt 0.717285 0.068359
vt 0.750000 0.022949
vt 0.717285 0.012207
vt 0.717285 0.068359
vt 0.734375 0.015137
vt 0.700195 0.015137
vt 0.717285 0.068359
vt 0.717285 0.012207
vt 0.684570 0.022949
vt 0.717285 0.068359
vt 0.700195 0.015137
vt 0.672363 0.035156
vt 0.717285 0.068359
vt 0.684570 0.022949
vt 0.664062 0.050781
vt 0.717285 0.068359
vt 0.672363 0.035156
vt 0.770508 0.085449
vt 0.717285 0.068359
vt 0.762695 0.101074
vt 0.661621 0.068359
vt 0.717285 0.068359
vt 0.664062 0.050781
vt 0.664062 0.085449
vt 0.717285 0.068359
vt 0.661621 0.068359
vt 0.672363 0.101074
vt 0.717285 0.068359
vt 0.664062 0.085449
vt 0.684570 0.113281
vt 0.717285 0.068359
vt 0.672363 0.101074
vt 0.700195 0.121094
vt 0.717285 0.068359
vt 0.684570 0.113281
vt 0.717285 0.124023
vt 0.717285 0.068359
vt 0.700195 0.121094
vt 0.734375 0.121094
vt 0.717285 0.068359
vt 0.717285 0.124023
vt 0.750000 0.113281
vt 0.717285 0.068359
vt 0.734375 0.121094
vt 0.762695 0.101074
vt 0.717285 0.068359
vt 0.750000 0.113281
vt 0.154907 0.818848
vt 0.154907 0.668457
vt 0.071594 0.995571
vt 0.154907 0.668457
vt 0.071472 0.492676
vt 0.071594 0.995571
vt 0.071472 0.492676
vt 0.154907 0.668457
vt 0.389160 0.492676
vt 0.071594 0.995571
vt 0.389160 0.995571
vt 0.154907 0.818848
vt 0.154907 0.668457
vt 0.357422 0.667969
vt 0.389160 0.492676
vt 0.389160 0.492676
vt 0.357422 0.667969
vt 0.389160 0.995571
vt 0.389160 0.995571
vt 0.357422 0.819580
vt 0.154907 0.818848
vt 0.357422 0.667969
vt 0.357422 0.819580
vt 0.389160 0.995571
vt 0.808105 0.601562
vt 0.806641 0.592529
vt 0.725098 0.593994
vt 0.806641 0.592529
vt 0.808105 0.601562
vt 0.831055 0.596680
vt 0.808105 0.601562
vt 0.829590 0.605225
vt 0.831055 0.596680
vt 0.831055 0.596680
vt 0.829590 0.605225
vt 0.843750 0.610596
vt 0.846680 0.602295
vt 0.831055 0.596680
vt 0.843750 0.610596
vt 0.846680 0.602295
vt 0.843750 0.610596
vt 0.857422 0.618164
vt 0.861816 0.610107
vt 0.846680 0.602295
vt 0.857422 0.618164
vt 0.861816 0.610107
vt 0.857422 0.618164
vt 0.869141 0.627441
vt 0.875977 0.621338
vt 0.861816 0.610107
vt 0.869141 0.627441
vt 0.875977 0.621338
vt 0.869141 0.627441
vt 0.878418 0.638428
vt 0.887207 0.634277
vt 0.875977 0.621338
vt 0.878418 0.638428
vt 0.887207 0.634277
vt 0.878418 0.638428
vt 0.886230 0.651123
vt 0.895508 0.648193
vt 0.887207 0.634277
vt 0.886230 0.651123
vt 0.895508 0.648193
vt 0.886230 0.651123
vt 0.892090 0.664795
vt 0.901855 0.663086
vt 0.895508 0.648193
vt 0.892090 0.664795
vt 0.901855 0.663086
vt 0.892090 0.664795
vt 0.897461 0.689209
vt 0.907715 0.690186
vt 0.901855 0.663086
vt 0.897461 0.689209
vt 0.907715 0.690186
vt 0.897461 0.689209
vt 0.901367 0.775024
vt 0.912109 0.775024
vt 0.907715 0.690186
vt 0.901367 0.775024
vt 0.907715 0.859985
vt 0.912109 0.775024
vt 0.901367 0.775024
vt 0.897461 0.860962
vt 0.907715 0.859985
vt 0.901367 0.775024
vt 0.907715 0.859985
vt 0.897461 0.860962
vt 0.901855 0.887024
vt 0.897461 0.860962
vt 0.892090 0.885376
vt 0.901855 0.887024
vt 0.901855 0.887024
vt 0.892090 0.885376
vt 0.895508 0.901978
vt 0.892090 0.885376
vt 0.886230 0.899048
vt 0.895508 0.901978
vt 0.895508 0.901978
vt 0.886230 0.899048
vt 0.887207 0.915771
vt 0.886230 0.899048
vt 0.878418 0.911743
vt 0.887207 0.915771
vt 0.887207 0.915771
vt 0.878418 0.911743
vt 0.875977 0.928833
vt 0.806641 0.592529
vt 0.724609 0.585693
vt 0.725098 0.593994
vt 0.878418 0.911743
vt 0.869141 0.922607
vt 0.875977 0.928833
vt 0.875977 0.928833
vt 0.869141 0.922607
vt 0.861816 0.939911
vt 0.869141 0.922607
vt 0.857422 0.932007
vt 0.861816 0.939911
vt 0.861816 0.939911
vt 0.857422 0.932007
vt 0.846680 0.947693
vt 0.857422 0.932007
vt 0.843750 0.939362
vt 0.846680 0.947693
vt 0.846680 0.947693
vt 0.843750 0.939362
vt 0.831055 0.953491
vt 0.843750 0.939362
vt 0.829590 0.944733
vt 0.831055 0.953491
vt 0.829590 0.944733
vt 0.808105 0.948578
vt 0.831055 0.953491
vt 0.808105 0.948578
vt 0.806641 0.957611
vt 0.831055 0.953491
vt 0.806641 0.957611
vt 0.808105 0.948578
vt 0.725098 0.955994
vt 0.724609 0.964386
vt 0.806641 0.957611
vt 0.725098 0.955994
vt 0.625977 0.964386
vt 0.724609 0.964386
vt 0.725098 0.955994
vt 0.625488 0.955994
vt 0.625977 0.964386
vt 0.725098 0.955994
vt 0.543457 0.957611
vt 0.625977 0.964386
vt 0.625488 0.955994
vt 0.541992 0.948517
vt 0.543457 0.957611
vt 0.625488 0.955994
vt 0.543457 0.957611
vt 0.541992 0.948517
vt 0.518555 0.953491
vt 0.541992 0.948517
vt 0.520508 0.944733
vt 0.518555 0.953491
vt 0.518555 0.953491
vt 0.520508 0.944733
vt 0.506348 0.939362
vt 0.503418 0.947693
vt 0.518555 0.953491
vt 0.506348 0.939362
vt 0.503418 0.947693
vt 0.506348 0.939362
vt 0.492920 0.932007
vt 0.488525 0.939911
vt 0.503418 0.947693
vt 0.492920 0.932007
vt 0.488525 0.939911
vt 0.492920 0.932007
vt 0.480957 0.922607
vt 0.474121 0.928833
vt 0.488525 0.939911
vt 0.480957 0.922607
vt 0.474121 0.928833
vt 0.480957 0.922607
vt 0.471680 0.911743
vt 0.462891 0.915771
vt 0.474121 0.928833
vt 0.471680 0.911743
vt 0.462891 0.915771
vt 0.471680 0.911743
vt 0.463867 0.899048
vt 0.454590 0.901978
vt 0.462891 0.915771
vt 0.463867 0.899048
vt 0.725098 0.593994
vt 0.724609 0.585693
vt 0.625488 0.593994
vt 0.454590 0.901978
vt 0.463867 0.899048
vt 0.458008 0.885376
vt 0.448242 0.887024
vt 0.454590 0.901978
vt 0.458008 0.885376
vt 0.448242 0.887024
vt 0.458008 0.885376
vt 0.452393 0.860962
vt 0.442383 0.859985
vt 0.448242 0.887024
vt 0.452393 0.860962
vt 0.442383 0.859985
vt 0.452393 0.860962
vt 0.447754 0.775024
vt 0.437256 0.775024
vt 0.442383 0.859985
vt 0.447754 0.775024
vt 0.442383 0.690186
vt 0.437256 0.775024
vt 0.447754 0.775024
vt 0.452393 0.689209
vt 0.442383 0.690186
vt 0.447754 0.775024
vt 0.442383 0.690186
vt 0.452393 0.689209
vt 0.448242 0.663086
vt 0.452393 0.689209
vt 0.458008 0.664795
vt 0.448242 0.663086
vt 0.448242 0.663086
vt 0.458008 0.664795
vt 0.454590 0.648193
vt 0.458008 0.664795
vt 0.463867 0.651123
vt 0.454590 0.648193
vt 0.454590 0.648193
vt 0.463867 0.651123
vt 0.462891 0.634277
vt 0.463867 0.651123
vt 0.471680 0.638428
vt 0.462891 0.634277
vt 0.462891 0.634277
vt 0.471680 0.638428
vt 0.474121 0.621338
vt 0.471680 0.638428
vt 0.480957 0.627441
vt 0.474121 0.621338
vt 0.474121 0.621338
vt 0.480957 0.627441
vt 0.488525 0.610107
vt 0.480957 0.627441
vt 0.492920 0.618164
vt 0.488525 0.610107
vt 0.488525 0.610107
vt 0.492920 0.618164
vt 0.503418 0.602295
vt 0.492920 0.618164
vt 0.506348 0.610596
vt 0.503418 0.602295
vt 0.503418 0.602295
vt 0.506348 0.610596
vt 0.519043 0.596680
vt 0.506348 0.610596
vt 0.520508 0.605225
vt 0.519043 0.596680
vt 0.520508 0.605225
vt 0.541992 0.601562
vt 0.519043 0.596680
vt 0.541992 0.601562
vt 0.543457 0.592529
vt 0.519043 0.596680
vt 0.543457 0.592529
vt 0.541992 0.601562
vt 0.625488 0.593994
vt 0.625977 0.585693
vt 0.543457 0.592529
vt 0.625488 0.593994
vt 0.724609 0.585693
vt 0.625977 0.585693
vt 0.625488 0.593994
vt 0.608398 0.751709
vt 0.608398 0.989075
vt 0.787109 0.968872
vt 0.394043 0.989075
vt 0.608398 0.989075
vt 0.608398 0.751709
vt 0.394043 0.751709
vt 0.394043 0.989075
vt 0.608398 0.751709
vt 0.807617 0.744629
vt 0.608398 0.751709
vt 0.787109 0.968872
vt 0.214355 0.968872
vt 0.394043 0.989075
vt 0.394043 0.751709
vt 0.394043 0.751709
vt 0.608398 0.751709
vt 0.608398 0.500000
vt 0.608398 0.500000
vt 0.608398 0.751709
vt 0.807617 0.744629
vt 0.198608 0.744629
vt 0.214355 0.968872
vt 0.394043 0.751709
vt 0.214355 0.968872
vt 0.198608 0.744629
vt 0.168213 0.958649
vt 0.198608 0.744629
vt 0.137573 0.944153
vt 0.168213 0.958649
vt 0.198608 0.744629
vt 0.394043 0.751709
vt 0.394043 0.500000
vt 0.394043 0.500000
vt 0.394043 0.751709
vt 0.608398 0.500000
vt 0.787109 0.968872
vt 0.833496 0.958649
vt 0.807617 0.744629
vt 0.833496 0.958649
vt 0.864258 0.944153
vt 0.807617 0.744629
vt 0.864258 0.944153
vt 0.893555 0.924316
vt 0.807617 0.744629
vt 0.893555 0.924316
vt 0.918945 0.898865
vt 0.807617 0.744629
vt 0.807617 0.500000
vt 0.608398 0.500000
vt 0.807617 0.744629
vt 0.918945 0.898865
vt 0.938965 0.869507
vt 0.807617 0.744629
vt 0.807617 0.744629
vt 0.938965 0.869507
vt 0.956055 0.835327
vt 0.394043 0.500000
vt 0.608398 0.500000
vt 0.608398 0.250488
vt 0.968262 0.798340
vt 0.807617 0.744629
vt 0.956055 0.835327
vt 0.980469 0.732422
vt 0.807617 0.744629
vt 0.968262 0.798340
vt 0.807617 0.500000
vt 0.807617 0.744629
vt 0.980469 0.732422
vt 0.608398 0.500000
vt 0.807617 0.500000
vt 0.807617 0.255859
vt 0.608398 0.250488
vt 0.608398 0.500000
vt 0.807617 0.255859
vt 0.198608 0.500000
vt 0.198608 0.744629
vt 0.394043 0.500000
vt 0.988770 0.500000
vt 0.807617 0.500000
vt 0.980469 0.732422
vt 0.980469 0.268066
vt 0.807617 0.255859
vt 0.807617 0.500000
vt 0.988770 0.500000
vt 0.980469 0.268066
vt 0.807617 0.500000
vt 0.394043 0.250488
vt 0.394043 0.500000
vt 0.608398 0.250488
vt 0.137573 0.944153
vt 0.198608 0.744629
vt 0.108337 0.924316
vt 0.968262 0.202148
vt 0.807617 0.255859
vt 0.980469 0.268066
vt 0.968262 0.202148
vt 0.956055 0.165039
vt 0.807617 0.255859
vt 0.956055 0.165039
vt 0.938965 0.130859
vt 0.807617 0.255859
vt 0.807617 0.255859
vt 0.787109 0.031250
vt 0.608398 0.250488
vt 0.938965 0.130859
vt 0.918945 0.101562
vt 0.807617 0.255859
vt 0.807617 0.255859
vt 0.918945 0.101562
vt 0.893555 0.076172
vt 0.394043 0.250488
vt 0.198608 0.255859
vt 0.394043 0.500000
vt 0.198608 0.255859
vt 0.198608 0.500000
vt 0.394043 0.500000
vt 0.864258 0.056152
vt 0.807617 0.255859
vt 0.893555 0.076172
vt 0.807617 0.255859
vt 0.864258 0.056152
vt 0.833496 0.041504
vt 0.787109 0.031250
vt 0.807617 0.255859
vt 0.833496 0.041504
vt 0.787109 0.031250
vt 0.608398 0.011230
vt 0.608398 0.250488
vt 0.608398 0.250488
vt 0.608398 0.011230
vt 0.394043 0.250488
vt 0.021317 0.732422
vt 0.198608 0.744629
vt 0.198608 0.500000
vt 0.033142 0.798340
vt 0.198608 0.744629
vt 0.021317 0.732422
vt 0.608398 0.011230
vt 0.394043 0.011230
vt 0.394043 0.250488
vt 0.033142 0.798340
vt 0.045837 0.835327
vt 0.198608 0.744629
vt 0.198608 0.255859
vt 0.394043 0.250488
vt 0.214355 0.031250
vt 0.394043 0.250488
vt 0.394043 0.011230
vt 0.214355 0.031250
vt 0.045837 0.835327
vt 0.062622 0.869507
vt 0.198608 0.744629
vt 0.198608 0.744629
vt 0.062622 0.869507
vt 0.082886 0.898865
vt 0.198608 0.744629
vt 0.082886 0.898865
vt 0.108337 0.924316
vt 0.214355 0.031250
vt 0.168213 0.041504
vt 0.198608 0.255859
vt 0.168213 0.041504
vt 0.137573 0.056152
vt 0.198608 0.255859
vt 0.137573 0.056152
vt 0.108337 0.076172
vt 0.198608 0.255859
vt 0.198608 0.500000
vt 0.198608 0.255859
vt 0.021317 0.268066
vt 0.108337 0.076172
vt 0.082886 0.101562
vt 0.198608 0.255859
vt 0.082886 0.101562
vt 0.062622 0.130859
vt 0.198608 0.255859
vt 0.198608 0.255859
vt 0.062622 0.130859
vt 0.045837 0.165039
vt 0.033142 0.202148
vt 0.198608 0.255859
vt 0.045837 0.165039
vt 0.021317 0.268066
vt 0.198608 0.255859
vt 0.033142 0.202148
vt 0.010925 0.500000
vt 0.198608 0.500000
vt 0.021317 0.268066
vt 0.010925 0.500000
vt 0.021317 0.732422
vt 0.198608 0.500000
vt 0.821289 0.075195
vt 0.818359 0.066895
vt 0.787598 0.075195
vt 0.818359 0.066895
vt 0.790527 0.066895
vt 0.787598 0.075195
vt 0.818359 0.066895
vt 0.818359 0.040527
vt 0.790527 0.066895
vt 0.818359 0.040527
vt 0.790527 0.040527
vt 0.790527 0.066895
vt 0.818359 0.040527
vt 0.821289 0.032715
vt 0.790527 0.040527
vt 0.821289 0.032715
vt 0.787598 0.032715
vt 0.790527 0.040527
vt 0.782715 0.069824
vt 0.790527 0.066895
vt 0.782715 0.038086
vt 0.790527 0.066895
vt 0.790527 0.040527
vt 0.782715 0.038086
vt 0.826660 0.038086
vt 0.818359 0.040527
vt 0.826660 0.069824
vt 0.818359 0.040527
vt 0.818359 0.066895
vt 0.826660 0.069824
vt 0.829590 0.128418
vt 0.828613 0.120117
vt 0.818848 0.128418
vt 0.828613 0.120117
vt 0.819336 0.120117
vt 0.818848 0.128418
vt 0.828613 0.120117
vt 0.828613 0.093750
vt 0.819336 0.120117
vt 0.828613 0.093750
vt 0.819336 0.093750
vt 0.819336 0.120117
vt 0.828613 0.093750
vt 0.829590 0.085938
vt 0.819336 0.093750
vt 0.829590 0.085938
vt 0.818848 0.085938
vt 0.819336 0.093750
vt 0.816895 0.123047
vt 0.819336 0.120117
vt 0.816895 0.091309
vt 0.819336 0.120117
vt 0.819336 0.093750
vt 0.816895 0.091309
vt 0.831543 0.091309
vt 0.828613 0.093750
vt 0.831543 0.123047
vt 0.828613 0.093750
vt 0.828613 0.120117
vt 0.831543 0.123047
vt 0.829590 0.128418
vt 0.828613 0.120117
vt 0.818848 0.128418
vt 0.828613 0.120117
vt 0.819336 0.120117
vt 0.818848 0.128418
vt 0.828613 0.120117
vt 0.828613 0.093750
vt 0.819336 0.120117
vt 0.828613 0.093750
vt 0.819336 0.093750
vt 0.819336 0.120117
vt 0.828613 0.093750
vt 0.829590 0.085938
vt 0.819336 0.093750
vt 0.829590 0.085938
vt 0.818848 0.085938
vt 0.819336 0.093750
vt 0.816895 0.123047
vt 0.819336 0.120117
vt 0.816895 0.091309
vt 0.819336 0.120117
vt 0.819336 0.093750
vt 0.816895 0.091309
vt 0.831543 0.091309
vt 0.828613 0.093750
vt 0.831543 0.123047
vt 0.828613 0.093750
vt 0.828613 0.120117
vt 0.831543 0.123047
vt 0.829590 0.128418
vt 0.828613 0.120117
vt 0.818848 0.128418
vt 0.828613 0.120117
vt 0.819336 0.120117
vt 0.818848 0.128418
vt 0.828613 0.120117
vt 0.828613 0.093750
vt 0.819336 0.120117
vt 0.828613 0.093750
vt 0.819336 0.093750
vt 0.819336 0.120117
vt 0.828613 0.093750
vt 0.829590 0.085938
vt 0.819336 0.093750
vt 0.829590 0.085938
vt 0.818848 0.085938
vt 0.819336 0.093750
vt 0.816895 0.123047
vt 0.819336 0.120117
vt 0.816895 0.091309
vt 0.819336 0.120117
vt 0.819336 0.093750
vt 0.816895 0.091309
vt 0.831543 0.091309
vt 0.828613 0.093750
vt 0.831543 0.123047
vt 0.828613 0.093750
vt 0.828613 0.120117
vt 0.831543 0.123047
vt 0.829590 0.128418
vt 0.828613 0.120117
vt 0.818848 0.128418
vt 0.828613 0.120117
vt 0.819336 0.120117
vt 0.818848 0.128418
vt 0.828613 0.120117
vt 0.828613 0.093750
vt 0.819336 0.120117
vt 0.828613 0.093750
vt 0.819336 0.093750
vt 0.819336 0.120117
vt 0.828613 0.093750
vt 0.829590 0.085938
vt 0.819336 0.093750
vt 0.829590 0.085938
vt 0.818848 0.085938
vt 0.819336 0.093750
vt 0.816895 0.123047
vt 0.819336 0.120117
vt 0.816895 0.091309
vt 0.819336 0.120117
vt 0.819336 0.093750
vt 0.816895 0.091309
vt 0.831543 0.091309
vt 0.828613 0.093750
vt 0.831543 0.123047
vt 0.828613 0.093750
vt 0.828613 0.120117
vt 0.831543 0.123047
vn -0.456693 -0.480315 0.748031
vn -0.456693 -0.480315 0.748031
vn -0.456693 -0.480315 0.748031
vn -0.456693 -0.480315 -0.748031
vn -0.456693 -0.480315 -0.748031
vn -0.456693 -0.480315 -0.748031
vn 0.456693 -0.488189 -0.748031
vn 0.456693 -0.488189 -0.748031
vn 0.456693 -0.488189 -0.748031
vn 0.456693 -0.488189 0.748031
vn 0.456693 -0.488189 0.748031
vn 0.456693 -0.488189 0.748031
vn -0.456693 -0.480315 0.748031
vn -0.456693 -0.480315 0.748031
vn -0.456693 -0.480315 0.748031
vn -0.456693 -0.480315 -0.748031
vn -0.456693 -0.480315 -0.748031
vn -0.456693 -0.480315 -0.748031
vn 0.456693 -0.488189 -0.748031
vn 0.456693 -0.488189 -0.748031
vn 0.456693 -0.488189 -0.748031
vn 0.456693 -0.488189 0.748031
vn 0.456693 -0.488189 0.748031
vn 0.456693 -0.488189 0.748031
vn -0.456693 -0.480315 0.748031
vn -0.456693 -0.480315 0.748031
vn -0.456693 -0.480315 0.748031
vn -0.456693 -0.480315 -0.748031
vn -0.456693 -0.480315 -0.748031
vn -0.456693 -0.480315 -0.748031
vn 0.456693 -0.488189 -0.748031
vn 0.456693 -0.488189 -0.748031
vn 0.456693 -0.488189 -0.748031
vn 0.456693 -0.488189 0.748031
vn 0.456693 -0.488189 0.748031
vn 0.456693 -0.488189 0.748031
vn -0.456693 -0.480315 0.748031
vn -0.456693 -0.480315 0.748031
vn -0.456693 -0.480315 0.748031
vn -0.456693 -0.480315 -0.748031
vn -0.456693 -0.480315 -0.748031
vn -0.456693 -0.480315 -0.748031
vn 0.456693 -0.488189 -0.748031
vn 0.456693 -0.488189 -0.748031
vn 0.456693 -0.488189 -0.748031
vn 0.456693 -0.488189 0.748031
vn 0.456693 -0.488189 0.748031
vn 0.456693 -0.488189 0.748031
vn 0.000000 0.047244 -1.000000
vn 0.000000 0.047244 -1.000000
vn 0.000000 -0.787402 -0.614173
vn 0.000000 0.047244 -1.000000
vn 0.000000 -0.787402 -0.614173
vn 0.000000 -0.787402 -0.614173
vn 0.000000 0.842520 -0.535433
vn 0.000000 0.047244 -1.000000
vn 0.000000 0.047244 -1.000000
vn 0.000000 0.842520 -0.535433
vn 0.000000 0.842520 -0.535433
vn 0.000000 0.047244 -1.000000
vn -0.023622 1.000000 -0.023622
vn -0.007874 1.000000 -0.031496
vn -0.023622 1.000000 -0.023622
vn 0.031496 1.000000 -0.007874
vn -0.007874 1.000000 -0.031496
vn 0.000000 1.000000 -0.039370
vn -0.007874 1.000000 -0.031496
vn 0.000000 1.000000 -0.039370
vn 0.000000 1.000000 -0.039370
vn 0.031496 1.000000 -0.007874
vn 0.023622 1.000000 -0.023622
vn 0.023622 1.000000 -0.023622
vn 0.031496 1.000000 -0.007874
vn 0.070866 1.000000 0.031496
vn 0.039370 1.000000 0.055118
vn 0.070866 1.000000 0.031496
vn 0.070866 1.000000 0.031496
vn 0.039370 1.000000 0.055118
vn 0.047244 1.000000 0.055118
vn 0.039370 1.000000 0.055118
vn 0.047244 1.000000 0.055118
vn -0.039370 1.000000 0.055118
vn 0.039370 1.000000 0.055118
vn 0.000000 1.000000 0.070866
vn 0.039370 1.000000 0.055118
vn 0.000000 1.000000 0.070866
vn 0.000000 1.000000 0.070866
vn -0.039370 1.000000 0.055118
vn -0.047244 1.000000 0.055118
vn -0.047244 1.000000 0.055118
vn -0.070866 1.000000 0.031496
vn -0.039370 1.000000 0.055118
vn -0.070866 1.000000 0.031496
vn -0.039370 1.000000 0.055118
vn -0.070866 1.000000 0.031496
vn -0.070866 1.000000 0.031496
vn 0.007874 -1.000000 0.039370
vn 0.007874 -1.000000 0.039370
vn 0.007874 -1.000000 0.039370
vn 0.000000 -1.000000 0.000000
vn 0.000000 -1.000000 0.000000
vn 0.000000 -1.000000 0.000000
vn 0.000000 -1.000000 0.007874
vn 0.000000 -1.000000 0.007874
vn 0.000000 -1.000000 0.000000
vn 0.000000 -1.000000 0.007874
vn 0.000000 -1.000000 0.007874
vn 0.000000 -1.000000 0.000000
vn 0.000000 -1.000000 0.000000
vn 0.000000 -1.000000 0.000000
vn 0.000000 -1.000000 0.007874
vn 0.000000 -1.000000 0.000000
vn 0.000000 -1.000000 0.000000
vn 0.000000 -1.000000 0.000000
vn 0.000000 -1.000000 0.000000
vn 0.000000 -1.000000 0.000000
vn 0.000000 -1.000000 0.000000
vn 0.000000 -1.000000 0.000000
vn 0.000000 -1.000000 0.000000
vn 0.000000 -1.000000 0.000000
vn 0.000000 -1.000000 0.000000
vn 0.000000 -1.000000 0.000000
vn 0.000000 -1.000000 0.000000
vn 0.000000 -1.000000 0.000000
vn 0.000000 -1.000000 0.000000
vn 0.000000 -1.000000 0.000000
vn 0.000000 -1.000000 0.000000
vn 0.000000 -1.000000 0.000000
vn 0.000000 -1.000000 0.000000
vn 0.000000 -1.000000 0.000000
vn 0.000000 -1.000000 0.000000
vn 0.000000 -1.000000 0.000000
vn 0.000000 -1.000000 0.000000
vn 0.000000 -1.000000 0.000000
vn 0.000000 -1.000000 0.000000
vn 0.000000 -1.000000 0.000000
vn 0.000000 -1.000000 0.000000
vn 0.000000 -1.000000 0.000000
vn 0.000000 -1.000000 0.000000
vn 0.000000 -1.000000 0.000000
vn 0.000000 -1.000000 0.000000
vn 0.000000 -1.000000 0.000000
vn 0.000000 -1.000000 0.000000
vn 0.000000 -1.000000 0.000000
vn 0.000000 -1.000000 0.000000
vn 0.000000 -1.000000 0.000000
vn 0.000000 -1.000000 0.000000
vn 0.000000 -1.000000 0.000000
vn 0.000000 -1.000000 0.000000
vn 0.000000 -1.000000 0.000000
vn 0.000000 -1.000000 0.000000
vn 0.000000 -1.000000 0.000000
vn 0.000000 -1.000000 0.000000
vn 0.000000 -1.000000 0.000000
vn 0.000000 -1.000000 0.000000
vn 0.000000 -1.000000 0.000000
vn 0.000000 -1.000000 -0.007874
vn 0.000000 -1.000000 0.000000
vn 0.000000 -1.000000 0.000000
vn 0.000000 -1.000000 -0.007874
vn 0.000000 -1.000000 0.000000
vn 0.000000 -1.000000 -0.007874
vn 0.000000 -1.000000 0.000000
vn 0.000000 -1.000000 0.000000
vn 0.000000 -1.000000 0.000000
vn -0.007874 -1.000000 0.000000
vn 0.000000 -1.000000 0.000000
vn 0.000000 -1.000000 0.000000
vn -0.007874 -1.000000 0.000000
vn -0.007874 -1.000000 0.000000
vn 0.000000 -1.000000 0.000000
vn 0.000000 -1.000000 0.000000
vn 0.000000 -1.000000 0.000000
vn 0.000000 -1.000000 0.000000
vn 0.000000 -1.000000 0.000000
vn 0.000000 -1.000000 0.000000
vn 0.000000 -1.000000 0.000000
vn 0.000000 -1.000000 0.000000
vn 0.000000 -1.000000 0.000000
vn 0.000000 -1.000000 0.000000
vn 0.000000 -1.000000 0.000000
vn 0.000000 -1.000000 0.000000
vn 0.000000 -1.000000 0.000000
vn 0.000000 -1.000000 0.000000
vn 0.000000 -1.000000 0.000000
vn 0.000000 -1.000000 0.000000
vn 0.000000 -1.000000 0.000000
vn 0.000000 -1.000000 0.000000
vn 0.000000 -1.000000 0.000000
vn 0.000000 -1.000000 0.000000
vn 0.007874 -1.000000 0.000000
vn 0.000000 -1.000000 0.000000
vn 0.007874 -1.000000 0.000000
vn 0.007874 -1.000000 0.000000
vn 0.000000 -1.000000 0.000000
vn 0.007874 -1.000000 0.000000
vn 0.007874 -1.000000 0.000000
vn 0.000000 -1.000000 0.000000
vn 0.000000 -1.000000 -0.007874
vn 0.000000 -1.000000 0.000000
vn 0.000000 -1.000000 0.000000
vn 0.000000 -1.000000 0.000000
vn 0.000000 -1.000000 -0.007874
vn 0.000000 -1.000000 -0.007874
vn 0.000000 -1.000000 0.007874
vn 0.007874 -1.000000 0.000000
vn 0.007874 -1.000000 0.000000
vn 0.000000 -1.000000 0.007874
vn 0.007874 -1.000000 0.000000
vn 0.000000 -1.000000 0.007874
vn 0.000000 -1.000000 0.007874
vn 0.000000 -1.000000 0.007874
vn 0.000000 -1.000000 0.007874
vn 0.000000 -1.000000 0.007874
vn 0.000000 -1.000000 0.007874
vn 0.000000 -1.000000 0.007874
vn 0.007874 -1.000000 0.000000
vn 0.007874 -1.000000 0.000000
vn 0.007874 -1.000000 0.000000
vn 0.007874 -1.000000 0.000000
vn 0.007874 -1.000000 0.000000
vn 0.007874 -1.000000 0.000000
vn -0.023622 -1.000000 0.007874
vn -0.023622 -1.000000 0.007874
vn -0.023622 -1.000000 0.007874
vn 0.007874 -1.000000 -0.031496
vn 0.007874 -1.000000 -0.031496
vn 0.007874 -1.000000 -0.031496
vn -0.007874 -1.000000 -0.031496
vn -0.007874 -1.000000 -0.031496
vn -0.007874 -1.000000 -0.031496
vn 0.023622 -1.000000 0.007874
vn 0.023622 -1.000000 0.007874
vn 0.023622 -1.000000 0.007874
vn 0.039370 -1.000000 -0.007874
vn 0.039370 -1.000000 -0.007874
vn 0.039370 -1.000000 -0.007874
vn -0.007874 -1.000000 0.039370
vn -0.007874 -1.000000 0.039370
vn -0.007874 -1.000000 0.039370
vn 0.039370 -0.212598 0.976378
vn 0.039370 -0.212598 0.976378
vn 0.039370 -0.212598 0.976378
vn 0.039370 -0.212598 -0.976378
vn 0.039370 -0.212598 -0.976378
vn 0.039370 -0.212598 -0.976378
vn 0.039370 -0.212598 0.976378
vn 0.039370 -0.212598 0.976378
vn 0.039370 -0.212598 0.976378
vn 0.039370 -0.212598 -0.976378
vn 0.039370 -0.212598 -0.976378
vn 0.039370 -0.212598 -0.976378
vn -0.921260 0.385827 0.000000
vn -0.921260 0.385827 0.000000
vn -0.921260 0.385827 0.000000
vn -0.921260 0.385827 0.000000
vn -0.921260 0.385827 0.000000
vn -0.921260 0.385827 0.000000
vn -0.385827 0.921260 0.000000
vn -0.385827 0.921260 0.000000
vn -0.385827 0.921260 0.000000
vn -0.385827 0.921260 0.000000
vn -0.385827 0.921260 0.000000
vn -0.385827 0.921260 0.000000
vn 0.385827 0.921260 0.000000
vn 0.385827 0.921260 0.000000
vn 0.385827 0.921260 0.000000
vn 0.385827 0.921260 0.000000
vn 0.385827 0.921260 0.000000
vn 0.385827 0.921260 0.000000
vn 0.921260 0.385827 0.000000
vn 0.921260 0.385827 0.000000
vn 0.921260 0.385827 0.000000
vn 0.921260 0.385827 0.000000
vn 0.921260 0.385827 0.000000
vn 0.921260 0.385827 0.000000
vn 0.921260 -0.385827 0.000000
vn 0.921260 -0.385827 0.000000
vn 0.921260 -0.385827 0.000000
vn 0.921260 -0.385827 0.000000
vn 0.921260 -0.385827 0.000000
vn 0.921260 -0.385827 0.000000
vn 0.385827 -0.921260 0.000000
vn 0.385827 -0.921260 0.000000
vn 0.385827 -0.921260 0.000000
vn 0.385827 -0.921260 0.000000
vn 0.385827 -0.921260 0.000000
vn 0.385827 -0.921260 0.000000
vn -0.385827 -0.921260 0.000000
vn -0.385827 -0.921260 0.000000
vn -0.385827 -0.921260 0.000000
vn -0.385827 -0.921260 0.000000
vn -0.385827 -0.921260 0.000000
vn -0.385827 -0.921260 0.000000
vn -0.921260 -0.385827 0.000000
vn -0.921260 -0.385827 0.000000
vn -0.921260 -0.385827 0.000000
vn -0.921260 -0.385827 0.000000
vn -0.921260 -0.385827 0.000000
vn -0.921260 -0.385827 0.000000
vn 0.000000 0.000000 -1.000000
vn 0.000000 0.000000 -1.000000
vn 0.000000 0.000000 -1.000000
vn 0.000000 0.000000 -1.000000
vn 0.000000 0.000000 -1.000000
vn 0.000000 0.000000 -1.000000
vn 0.000000 0.000000 -1.000000
vn 0.000000 0.000000 -1.000000
vn 0.000000 0.000000 -1.000000
vn 0.000000 0.000000 -1.000000
vn 0.000000 0.000000 -1.000000
vn 0.000000 0.000000 -1.000000
vn 0.000000 0.000000 -1.000000
vn 0.000000 0.000000 -1.000000
vn 0.000000 0.000000 -1.000000
vn 0.000000 0.000000 -1.000000
vn 0.000000 0.000000 -1.000000
vn 0.000000 0.000000 -1.000000
vn -0.921260 0.385827 0.000000
vn -0.921260 0.385827 0.000000
vn -0.921260 0.385827 0.000000
vn -0.921260 0.385827 0.000000
vn -0.921260 0.385827 0.000000
vn -0.921260 0.385827 0.000000
vn -0.385827 0.921260 0.000000
vn -0.385827 0.921260 0.000000
vn -0.385827 0.921260 0.000000
vn -0.385827 0.921260 0.000000
vn -0.385827 0.921260 0.000000
vn -0.385827 0.921260 0.000000
vn 0.385827 0.921260 0.000000
vn 0.385827 0.921260 0.000000
vn 0.385827 0.921260 0.000000
vn 0.385827 0.921260 0.000000
vn 0.385827 0.921260 0.000000
vn 0.385827 0.921260 0.000000
vn 0.921260 0.385827 0.000000
vn 0.921260 0.385827 0.000000
vn 0.921260 0.385827 0.000000
vn 0.921260 0.385827 0.000000
vn 0.921260 0.385827 0.000000
vn 0.921260 0.385827 0.000000
vn 0.921260 -0.385827 0.000000
vn 0.921260 -0.385827 0.000000
vn 0.921260 -0.385827 0.000000
vn 0.921260 -0.385827 0.000000
vn 0.921260 -0.385827 0.000000
vn 0.921260 -0.385827 0.000000
vn 0.385827 -0.921260 0.000000
vn 0.385827 -0.921260 0.000000
vn 0.385827 -0.921260 0.000000
vn 0.385827 -0.921260 0.000000
vn 0.385827 -0.921260 0.000000
vn 0.385827 -0.921260 0.000000
vn -0.385827 -0.921260 0.000000
vn -0.385827 -0.921260 0.000000
vn -0.385827 -0.921260 0.000000
vn -0.385827 -0.921260 0.000000
vn -0.385827 -0.921260 0.000000
vn -0.385827 -0.921260 0.000000
vn -0.921260 -0.385827 0.000000
vn -0.921260 -0.385827 0.000000
vn -0.921260 -0.385827 0.000000
vn -0.921260 -0.385827 0.000000
vn -0.921260 -0.385827 0.000000
vn -0.921260 -0.385827 0.000000
vn 0.000000 0.000000 -1.000000
vn 0.000000 0.000000 -1.000000
vn 0.000000 0.000000 -1.000000
vn 0.000000 0.000000 -1.000000
vn 0.000000 0.000000 -1.000000
vn 0.000000 0.000000 -1.000000
vn 0.000000 0.000000 -1.000000
vn 0.000000 0.000000 -1.000000
vn 0.000000 0.000000 -1.000000
vn 0.000000 0.000000 -1.000000
vn 0.000000 0.000000 -1.000000
vn 0.000000 0.000000 -1.000000
vn 0.000000 0.000000 -1.000000
vn 0.000000 0.000000 -1.000000
vn 0.000000 0.000000 -1.000000
vn 0.000000 0.000000 -1.000000
vn 0.000000 0.000000 -1.000000
vn 0.000000 0.000000 -1.000000
vn -0.921260 0.385827 0.000000
vn -0.921260 0.385827 0.000000
vn -0.921260 0.385827 0.000000
vn -0.921260 0.385827 0.000000
vn -0.921260 0.385827 0.000000
vn -0.921260 0.385827 0.000000
vn -0.385827 0.921260 0.000000
vn -0.385827 0.921260 0.000000
vn -0.385827 0.921260 0.000000
vn -0.385827 0.921260 0.000000
vn -0.385827 0.921260 0.000000
vn -0.385827 0.921260 0.000000
vn 0.385827 0.921260 0.000000
vn 0.385827 0.921260 0.000000
vn 0.385827 0.921260 0.000000
vn 0.385827 0.921260 0.000000
vn 0.385827 0.921260 0.000000
vn 0.385827 0.921260 0.000000
vn 0.921260 0.385827 0.000000
vn 0.921260 0.385827 0.000000
vn 0.921260 0.385827 0.000000
vn 0.921260 0.385827 0.000000
vn 0.921260 0.385827 0.000000
vn 0.921260 0.385827 0.000000
vn 0.921260 -0.385827 0.000000
vn 0.921260 -0.385827 0.000000
vn 0.921260 -0.385827 0.000000
vn 0.921260 -0.385827 0.000000
vn 0.921260 -0.385827 0.000000
vn 0.921260 -0.385827 0.000000
vn 0.385827 -0.921260 0.000000
vn 0.385827 -0.921260 0.000000
vn 0.385827 -0.921260 0.000000
vn 0.385827 -0.921260 0.000000
vn 0.385827 -0.921260 0.000000
vn 0.385827 -0.921260 0.000000
vn -0.385827 -0.921260 0.000000
vn -0.385827 -0.921260 0.000000
vn -0.385827 -0.921260 0.000000
vn -0.385827 -0.921260 0.000000
vn -0.385827 -0.921260 0.000000
vn -0.385827 -0.921260 0.000000
vn -0.921260 -0.385827 0.000000
vn -0.921260 -0.385827 0.000000
vn -0.921260 -0.385827 0.000000
vn -0.921260 -0.385827 0.000000
vn -0.921260 -0.385827 0.000000
vn -0.921260 -0.385827 0.000000
vn 0.000000 0.000000 -1.000000
vn 0.000000 0.000000 -1.000000
vn 0.000000 0.000000 -1.000000
vn 0.000000 0.000000 -1.000000
vn 0.000000 0.000000 -1.000000
vn 0.000000 0.000000 -1.000000
vn 0.000000 0.000000 -1.000000
vn 0.000000 0.000000 -1.000000
vn 0.000000 0.000000 -1.000000
vn 0.000000 0.000000 -1.000000
vn 0.000000 0.000000 -1.000000
vn 0.000000 0.000000 -1.000000
vn 0.000000 0.000000 -1.000000
vn 0.000000 0.000000 -1.000000
vn 0.000000 0.000000 -1.000000
vn 0.000000 0.000000 -1.000000
vn 0.000000 0.000000 -1.000000
vn 0.000000 0.000000 -1.000000
vn -0.921260 0.385827 0.000000
vn -0.921260 0.385827 0.000000
vn -0.921260 0.385827 0.000000
vn -0.921260 0.385827 0.000000
vn -0.921260 0.385827 0.000000
vn -0.921260 0.385827 0.000000
vn -0.385827 0.921260 0.000000
vn -0.385827 0.921260 0.000000
vn -0.385827 0.921260 0.000000
vn -0.385827 0.921260 0.000000
vn -0.385827 0.921260 0.000000
vn -0.385827 0.921260 0.000000
vn 0.385827 0.921260 0.000000
vn 0.385827 0.921260 0.000000
vn 0.385827 0.921260 0.000000
vn 0.385827 0.921260 0.000000
vn 0.385827 0.921260 0.000000
vn 0.385827 0.921260 0.000000
vn 0.921260 0.385827 0.000000
vn 0.921260 0.385827 0.000000
vn 0.921260 0.385827 0.000000
vn 0.921260 0.385827 0.000000
vn 0.921260 0.385827 0.000000
vn 0.921260 0.385827 0.000000
vn 0.921260 -0.385827 0.000000
vn 0.921260 -0.385827 0.000000
vn 0.921260 -0.385827 0.000000
vn 0.921260 -0.385827 0.000000
vn 0.921260 -0.385827 0.000000
vn 0.921260 -0.385827 0.000000
vn 0.385827 -0.921260 0.000000
vn 0.385827 -0.921260 0.000000
vn 0.385827 -0.921260 0.000000
vn 0.385827 -0.921260 0.000000
vn 0.385827 -0.921260 0.000000
vn 0.385827 -0.921260 0.000000
vn -0.385827 -0.921260 0.000000
vn -0.385827 -0.921260 0.000000
vn -0.385827 -0.921260 0.000000
vn -0.385827 -0.921260 0.000000
vn -0.385827 -0.921260 0.000000
vn -0.385827 -0.921260 0.000000
vn -0.921260 -0.385827 0.000000
vn -0.921260 -0.385827 0.000000
vn -0.921260 -0.385827 0.000000
vn -0.921260 -0.385827 0.000000
vn -0.921260 -0.385827 0.000000
vn -0.921260 -0.385827 0.000000
vn 0.000000 0.000000 -1.000000
vn 0.000000 0.000000 -1.000000
vn 0.000000 0.000000 -1.000000
vn 0.000000 0.000000 -1.000000
vn 0.000000 0.000000 -1.000000
vn 0.000000 0.000000 -1.000000
vn 0.000000 0.000000 -1.000000
vn 0.000000 0.000000 -1.000000
vn 0.000000 0.000000 -1.000000
vn 0.000000 0.000000 -1.000000
vn 0.000000 0.000000 -1.000000
vn 0.000000 0.000000 -1.000000
vn 0.000000 0.000000 -1.000000
vn 0.000000 0.000000 -1.000000
vn 0.000000 0.000000 -1.000000
vn 0.000000 0.000000 -1.000000
vn 0.000000 0.000000 -1.000000
vn 0.000000 0.000000 -1.000000
vn 0.000000 0.094488 -0.992126
vn 0.000000 0.094488 -0.992126
vn 0.000000 0.094488 -0.992126
vn 0.000000 0.094488 -0.992126
vn 0.000000 0.094488 -0.992126
vn 0.000000 0.094488 -0.992126
vn 0.629921 -0.779528 -0.015748
vn 0.811024 -0.566929 -0.141732
vn 0.708661 -0.598425 -0.370079
vn 0.543307 -0.811024 -0.228346
vn 0.629921 -0.779528 -0.015748
vn 0.708661 -0.598425 -0.370079
vn 0.228346 -0.881890 0.425197
vn 0.629921 -0.779528 -0.015748
vn 0.543307 -0.811024 -0.228346
vn 0.181102 -0.968504 0.149606
vn 0.228346 -0.881890 0.425197
vn 0.543307 -0.811024 -0.228346
vn 0.543307 -0.811024 -0.228346
vn 0.708661 -0.598425 -0.370079
vn 0.299213 -0.803150 -0.511811
vn 0.181102 -0.968504 0.149606
vn 0.000000 -0.929134 0.370079
vn 0.228346 -0.881890 0.425197
vn 0.181102 -0.968504 0.149606
vn 0.543307 -0.811024 -0.228346
vn 0.118110 -0.968504 -0.204724
vn 0.543307 -0.811024 -0.228346
vn 0.299213 -0.803150 -0.511811
vn 0.118110 -0.968504 -0.204724
vn 0.000000 -0.929134 0.370079
vn 0.181102 -0.968504 0.149606
vn 0.118110 -0.968504 -0.204724
vn 0.708661 -0.598425 -0.370079
vn 0.393701 -0.606299 -0.685039
vn 0.299213 -0.803150 -0.511811
vn 0.000000 -0.984252 -0.173228
vn 0.000000 -0.929134 0.370079
vn 0.118110 -0.968504 -0.204724
vn 0.118110 -0.968504 -0.204724
vn 0.299213 -0.803150 -0.511811
vn 0.000000 -0.984252 -0.173228
vn 0.000000 -0.929134 0.370079
vn 0.000000 -0.984252 -0.173228
vn -0.118110 -0.968504 -0.204724
vn -0.181102 -0.968504 0.149606
vn 0.000000 -0.929134 0.370079
vn -0.118110 -0.968504 -0.204724
vn 0.000000 -0.929134 0.370079
vn -0.181102 -0.968504 0.149606
vn -0.228346 -0.881890 0.425197
vn 0.299213 -0.803150 -0.511811
vn 0.000000 -0.803150 -0.590551
vn 0.000000 -0.984252 -0.173228
vn 0.000000 -0.984252 -0.173228
vn 0.000000 -0.803150 -0.590551
vn -0.118110 -0.968504 -0.204724
vn 0.299213 -0.803150 -0.511811
vn 0.393701 -0.606299 -0.685039
vn 0.000000 -0.803150 -0.590551
vn -0.118110 -0.968504 -0.204724
vn -0.299213 -0.803150 -0.511811
vn -0.181102 -0.968504 0.149606
vn 0.000000 -0.803150 -0.590551
vn -0.299213 -0.803150 -0.511811
vn -0.118110 -0.968504 -0.204724
vn -0.228346 -0.881890 0.425197
vn -0.181102 -0.968504 0.149606
vn -0.543307 -0.811024 -0.228346
vn -0.299213 -0.803150 -0.511811
vn -0.543307 -0.811024 -0.228346
vn -0.181102 -0.968504 0.149606
vn 0.393701 -0.606299 -0.685039
vn 0.000000 -0.606299 -0.795276
vn 0.000000 -0.803150 -0.590551
vn 0.000000 -0.803150 -0.590551
vn 0.000000 -0.606299 -0.795276
vn -0.299213 -0.803150 -0.511811
vn 0.000000 -0.606299 -0.795276
vn -0.393701 -0.606299 -0.685039
vn -0.299213 -0.803150 -0.511811
vn -0.299213 -0.803150 -0.511811
vn -0.393701 -0.606299 -0.685039
vn -0.543307 -0.811024 -0.228346
vn -0.622047 -0.779528 -0.015748
vn -0.228346 -0.881890 0.425197
vn -0.543307 -0.811024 -0.228346
vn -0.393701 -0.606299 -0.685039
vn -0.708661 -0.598425 -0.370079
vn -0.543307 -0.811024 -0.228346
vn -0.622047 -0.779528 -0.015748
vn -0.543307 -0.811024 -0.228346
vn -0.708661 -0.598425 -0.370079
vn -0.811024 -0.574803 -0.141732
vn -0.622047 -0.779528 -0.015748
vn -0.708661 -0.598425 -0.370079
vn -0.622047 -0.779528 0.015748
vn -0.811024 -0.574803 0.141732
vn -0.708661 -0.598425 0.370079
vn -0.543307 -0.811024 0.228346
vn -0.622047 -0.779528 0.015748
vn -0.708661 -0.598425 0.370079
vn -0.228346 -0.881890 -0.425197
vn -0.622047 -0.779528 0.015748
vn -0.543307 -0.811024 0.228346
vn -0.181102 -0.968504 -0.149606
vn -0.228346 -0.881890 -0.425197
vn -0.543307 -0.811024 0.228346
vn -0.543307 -0.811024 0.228346
vn -0.708661 -0.598425 0.370079
vn -0.299213 -0.803150 0.511811
vn -0.181102 -0.968504 -0.149606
vn 0.000000 -0.929134 -0.370079
vn -0.228346 -0.881890 -0.425197
vn -0.181102 -0.968504 -0.149606
vn -0.543307 -0.811024 0.228346
vn -0.118110 -0.968504 0.204724
vn -0.543307 -0.811024 0.228346
vn -0.299213 -0.803150 0.511811
vn -0.118110 -0.968504 0.204724
vn 0.000000 -0.929134 -0.370079
vn -0.181102 -0.968504 -0.149606
vn -0.118110 -0.968504 0.204724
vn -0.708661 -0.598425 0.370079
vn -0.393701 -0.606299 0.685039
vn -0.299213 -0.803150 0.511811
vn 0.000000 -0.984252 0.173228
vn 0.000000 -0.929134 -0.370079
vn -0.118110 -0.968504 0.204724
vn -0.118110 -0.968504 0.204724
vn -0.299213 -0.803150 0.511811
vn 0.000000 -0.984252 0.173228
vn 0.000000 -0.929134 -0.370079
vn 0.000000 -0.984252 0.173228
vn 0.118110 -0.968504 0.204724
vn 0.181102 -0.968504 -0.149606
vn 0.000000 -0.929134 -0.370079
vn 0.118110 -0.968504 0.204724
vn 0.000000 -0.929134 -0.370079
vn 0.181102 -0.968504 -0.149606
vn 0.228346 -0.881890 -0.425197
vn -0.299213 -0.803150 0.511811
vn 0.000000 -0.803150 0.590551
vn 0.000000 -0.984252 0.173228
vn 0.000000 -0.984252 0.173228
vn 0.000000 -0.803150 0.590551
vn 0.118110 -0.968504 0.204724
vn -0.299213 -0.803150 0.511811
vn -0.393701 -0.606299 0.685039
vn 0.000000 -0.803150 0.590551
vn 0.118110 -0.968504 0.204724
vn 0.299213 -0.803150 0.511811
vn 0.181102 -0.968504 -0.149606
vn 0.000000 -0.803150 0.590551
vn 0.299213 -0.803150 0.511811
vn 0.118110 -0.968504 0.204724
vn 0.228346 -0.881890 -0.425197
vn 0.181102 -0.968504 -0.149606
vn 0.543307 -0.811024 0.228346
vn 0.299213 -0.803150 0.511811
vn 0.543307 -0.811024 0.228346
vn 0.181102 -0.968504 -0.149606
vn -0.393701 -0.606299 0.685039
vn 0.000000 -0.606299 0.795276
vn 0.000000 -0.803150 0.590551
vn 0.000000 -0.803150 0.590551
vn 0.000000 -0.606299 0.795276
vn 0.299213 -0.803150 0.511811
vn 0.000000 -0.606299 0.795276
vn 0.393701 -0.606299 0.685039
vn 0.299213 -0.803150 0.511811
vn 0.299213 -0.803150 0.511811
vn 0.393701 -0.606299 0.685039
vn 0.543307 -0.811024 0.228346
vn 0.629921 -0.779528 0.015748
vn 0.228346 -0.881890 -0.425197
vn 0.543307 -0.811024 0.228346
vn 0.393701 -0.606299 0.685039
vn 0.708661 -0.598425 0.370079
vn 0.543307 -0.811024 0.228346
vn 0.629921 -0.779528 0.015748
vn 0.543307 -0.811024 0.228346
vn 0.708661 -0.598425 0.370079
vn 0.811024 -0.566929 0.141732
vn 0.629921 -0.779528 0.015748
vn 0.708661 -0.598425 0.370079
vn 0.000000 -1.000000 0.000000
vn 0.000000 -1.000000 0.000000
vn 0.000000 -1.000000 0.000000
vn 0.000000 -1.000000 0.000000
vn 0.000000 -1.000000 0.000000
vn 0.000000 -1.000000 0.000000
vn 0.000000 -1.000000 0.000000
vn 0.000000 -1.000000 0.000000
vn 0.000000 -1.000000 0.000000
vn 0.000000 -1.000000 0.000000
vn 0.000000 -1.000000 0.000000
vn 0.000000 -1.000000 0.000000
vn 0.000000 -1.000000 0.000000
vn 0.000000 -1.000000 0.000000
vn 0.000000 -1.000000 0.000000
vn 0.000000 -1.000000 0.000000
vn 0.000000 -1.000000 0.000000
vn 0.000000 -1.000000 0.000000
vn 0.000000 -1.000000 0.000000
vn 0.000000 -1.000000 0.000000
vn 0.000000 -1.000000 0.000000
vn 0.000000 -1.000000 0.000000
vn 0.000000 -1.000000 0.000000
vn 0.000000 -1.000000 0.000000
vn 0.000000 -1.000000 0.000000
vn 0.000000 -1.000000 0.000000
vn 0.000000 -1.000000 0.000000
vn 0.000000 -1.000000 0.000000
vn 0.000000 -1.000000 0.000000
vn 0.000000 -1.000000 0.000000
vn -0.653543 -0.370079 -0.653543
vn -0.653543 -0.370079 -0.653543
vn -0.653543 -0.370079 -0.653543
vn -0.653543 -0.370079 -0.653543
vn -0.653543 -0.370079 -0.653543
vn -0.653543 -0.370079 -0.653543
vn -0.244094 -0.370079 -0.897638
vn -0.244094 -0.370079 -0.897638
vn -0.244094 -0.370079 -0.897638
vn -0.244094 -0.370079 -0.897638
vn -0.244094 -0.370079 -0.897638
vn -0.244094 -0.370079 -0.897638
vn 0.244094 -0.370079 -0.897638
vn 0.244094 -0.370079 -0.897638
vn 0.244094 -0.370079 -0.897638
vn 0.244094 -0.370079 -0.897638
vn 0.244094 -0.370079 -0.897638
vn 0.244094 -0.370079 -0.897638
vn 0.653543 -0.370079 -0.653543
vn 0.653543 -0.370079 -0.653543
vn 0.653543 -0.370079 -0.653543
vn 0.653543 -0.370079 -0.653543
vn 0.653543 -0.370079 -0.653543
vn 0.653543 -0.370079 -0.653543
vn 0.874016 -0.440945 -0.188976
vn 0.874016 -0.440945 -0.188976
vn 0.874016 -0.440945 -0.188976
vn 0.874016 -0.440945 -0.188976
vn 0.874016 -0.440945 -0.188976
vn 0.874016 -0.440945 -0.188976
vn 0.874016 -0.440945 0.188976
vn 0.874016 -0.440945 0.188976
vn 0.874016 -0.440945 0.188976
vn 0.874016 -0.440945 0.188976
vn 0.874016 -0.440945 0.188976
vn 0.874016 -0.440945 0.188976
vn 0.653543 -0.370079 0.653543
vn 0.653543 -0.370079 0.653543
vn 0.653543 -0.370079 0.653543
vn 0.653543 -0.370079 0.653543
vn 0.653543 -0.370079 0.653543
vn 0.653543 -0.370079 0.653543
vn 0.244094 -0.370079 0.897638
vn 0.244094 -0.370079 0.897638
vn 0.244094 -0.370079 0.897638
vn 0.244094 -0.370079 0.897638
vn 0.244094 -0.370079 0.897638
vn 0.244094 -0.370079 0.897638
vn -0.244094 -0.370079 0.897638
vn -0.244094 -0.370079 0.897638
vn -0.244094 -0.370079 0.897638
vn -0.244094 -0.370079 0.897638
vn -0.244094 -0.370079 0.897638
vn -0.244094 -0.370079 0.897638
vn -0.653543 -0.370079 0.653543
vn -0.653543 -0.370079 0.653543
vn -0.653543 -0.370079 0.653543
vn -0.653543 -0.370079 0.653543
vn -0.653543 -0.370079 0.653543
vn -0.653543 -0.370079 0.653543
vn -0.874016 -0.440945 0.188976
vn -0.874016 -0.440945 0.188976
vn -0.874016 -0.440945 0.188976
vn -0.874016 -0.440945 0.188976
vn -0.874016 -0.440945 0.188976
vn -0.874016 -0.440945 0.188976
vn -0.874016 -0.440945 -0.188976
vn -0.874016 -0.440945 -0.188976
vn -0.874016 -0.440945 -0.188976
vn -0.874016 -0.440945 -0.188976
vn -0.874016 -0.440945 -0.188976
vn -0.874016 -0.440945 -0.188976
vn 0.078740 -0.480315 0.874016
vn 0.078740 -0.480315 0.874016
vn 0.078740 -0.480315 0.874016
vn 0.078740 -0.480315 0.874016
vn 0.078740 -0.480315 0.874016
vn 0.078740 -0.480315 0.874016
vn 0.078740 -0.480315 -0.874016
vn 0.078740 -0.480315 -0.874016
vn 0.078740 -0.480315 -0.874016
vn 0.078740 -0.480315 -0.874016
vn 0.078740 -0.480315 -0.874016
vn 0.078740 -0.480315 -0.874016
vn 0.007874 -0.409449 -0.913386
vn 0.007874 -0.409449 -0.913386
vn 0.007874 -0.409449 -0.913386
vn 0.007874 -0.409449 -0.913386
vn 0.007874 -0.409449 -0.913386
vn 0.007874 -0.409449 -0.913386
vn 0.007874 -0.409449 0.913386
vn 0.007874 -0.409449 0.913386
vn 0.007874 -0.409449 0.913386
vn 0.007874 -0.409449 0.913386
vn 0.007874 -0.409449 0.913386
vn 0.007874 -0.409449 0.913386
vn -0.078740 -0.480315 -0.874016
vn -0.078740 -0.480315 -0.874016
vn -0.078740 -0.480315 -0.874016
vn -0.078740 -0.480315 -0.874016
vn -0.078740 -0.480315 -0.874016
vn -0.078740 -0.480315 -0.874016
vn -0.078740 -0.480315 0.874016
vn -0.078740 -0.480315 0.874016
vn -0.078740 -0.480315 0.874016
vn -0.078740 -0.480315 0.874016
vn -0.078740 -0.480315 0.874016
vn -0.078740 -0.480315 0.874016
vn -0.007874 -0.409449 -0.913386
vn -0.007874 -0.409449 -0.913386
vn -0.007874 -0.409449 -0.913386
vn -0.007874 -0.409449 -0.913386
vn -0.007874 -0.409449 -0.913386
vn -0.007874 -0.409449 -0.913386
vn -0.007874 -0.409449 0.913386
vn -0.007874 -0.409449 0.913386
vn -0.007874 -0.409449 0.913386
vn -0.007874 -0.409449 0.913386
vn -0.007874 -0.409449 0.913386
vn -0.007874 -0.409449 0.913386
vn 0.629921 -0.779528 -0.015748
vn 0.811024 -0.566929 -0.141732
vn 0.708661 -0.598425 -0.370079
vn 0.543307 -0.811024 -0.228346
vn 0.629921 -0.779528 -0.015748
vn 0.708661 -0.598425 -0.370079
vn 0.228346 -0.881890 0.425197
vn 0.629921 -0.779528 -0.015748
vn 0.543307 -0.811024 -0.228346
vn 0.181102 -0.968504 0.149606
vn 0.228346 -0.881890 0.425197
vn 0.543307 -0.811024 -0.228346
vn 0.543307 -0.811024 -0.228346
vn 0.708661 -0.598425 -0.370079
vn 0.299213 -0.803150 -0.511811
vn 0.181102 -0.968504 0.149606
vn 0.000000 -0.929134 0.370079
vn 0.228346 -0.881890 0.425197
vn 0.181102 -0.968504 0.149606
vn 0.543307 -0.811024 -0.228346
vn 0.118110 -0.968504 -0.204724
vn 0.543307 -0.811024 -0.228346
vn 0.299213 -0.803150 -0.511811
vn 0.118110 -0.968504 -0.204724
vn 0.000000 -0.929134 0.370079
vn 0.181102 -0.968504 0.149606
vn 0.118110 -0.968504 -0.204724
vn 0.708661 -0.598425 -0.370079
vn 0.393701 -0.606299 -0.685039
vn 0.299213 -0.803150 -0.511811
vn 0.000000 -0.984252 -0.173228
vn 0.000000 -0.929134 0.370079
vn 0.118110 -0.968504 -0.204724
vn 0.118110 -0.968504 -0.204724
vn 0.299213 -0.803150 -0.511811
vn 0.000000 -0.984252 -0.173228
vn 0.000000 -0.929134 0.370079
vn 0.000000 -0.984252 -0.173228
vn -0.118110 -0.968504 -0.204724
vn -0.181102 -0.968504 0.149606
vn 0.000000 -0.929134 0.370079
vn -0.118110 -0.968504 -0.204724
vn 0.000000 -0.929134 0.370079
vn -0.181102 -0.968504 0.149606
vn -0.228346 -0.881890 0.425197
vn 0.299213 -0.803150 -0.511811
vn 0.000000 -0.803150 -0.590551
vn 0.000000 -0.984252 -0.173228
vn 0.000000 -0.984252 -0.173228
vn 0.000000 -0.803150 -0.590551
vn -0.118110 -0.968504 -0.204724
vn 0.299213 -0.803150 -0.511811
vn 0.393701 -0.606299 -0.685039
vn 0.000000 -0.803150 -0.590551
vn -0.118110 -0.968504 -0.204724
vn -0.299213 -0.803150 -0.511811
vn -0.181102 -0.968504 0.149606
vn 0.000000 -0.803150 -0.590551
vn -0.299213 -0.803150 -0.511811
vn -0.118110 -0.968504 -0.204724
vn -0.228346 -0.881890 0.425197
vn -0.181102 -0.968504 0.149606
vn -0.543307 -0.811024 -0.228346
vn -0.299213 -0.803150 -0.511811
vn -0.543307 -0.811024 -0.228346
vn -0.181102 -0.968504 0.149606
vn 0.393701 -0.606299 -0.685039
vn 0.000000 -0.606299 -0.795276
vn 0.000000 -0.803150 -0.590551
vn 0.000000 -0.803150 -0.590551
vn 0.000000 -0.606299 -0.795276
vn -0.299213 -0.803150 -0.511811
vn 0.000000 -0.606299 -0.795276
vn -0.393701 -0.606299 -0.685039
vn -0.299213 -0.803150 -0.511811
vn -0.299213 -0.803150 -0.511811
vn -0.393701 -0.606299 -0.685039
vn -0.543307 -0.811024 -0.228346
vn -0.622047 -0.779528 -0.015748
vn -0.228346 -0.881890 0.425197
vn -0.543307 -0.811024 -0.228346
vn -0.393701 -0.606299 -0.685039
vn -0.708661 -0.598425 -0.370079
vn -0.543307 -0.811024 -0.228346
vn -0.622047 -0.779528 -0.015748
vn -0.543307 -0.811024 -0.228346
vn -0.708661 -0.598425 -0.370079
vn -0.811024 -0.574803 -0.141732
vn -0.622047 -0.779528 -0.015748
vn -0.708661 -0.598425 -0.370079
vn -0.622047 -0.779528 0.015748
vn -0.811024 -0.574803 0.141732
vn -0.708661 -0.598425 0.370079
vn -0.543307 -0.811024 0.228346
vn -0.622047 -0.779528 0.015748
vn -0.708661 -0.598425 0.370079
vn -0.228346 -0.881890 -0.425197
vn -0.622047 -0.779528 0.015748
vn -0.543307 -0.811024 0.228346
vn -0.181102 -0.968504 -0.149606
vn -0.228346 -0.881890 -0.425197
vn -0.543307 -0.811024 0.228346
vn -0.543307 -0.811024 0.228346
vn -0.708661 -0.598425 0.370079
vn -0.299213 -0.803150 0.511811
vn -0.181102 -0.968504 -0.149606
vn 0.000000 -0.929134 -0.370079
vn -0.228346 -0.881890 -0.425197
vn -0.181102 -0.968504 -0.149606
vn -0.543307 -0.811024 0.228346
vn -0.118110 -0.968504 0.204724
vn -0.543307 -0.811024 0.228346
vn -0.299213 -0.803150 0.511811
vn -0.118110 -0.968504 0.204724
vn 0.000000 -0.929134 -0.370079
vn -0.181102 -0.968504 -0.149606
vn -0.118110 -0.968504 0.204724
vn -0.708661 -0.598425 0.370079
vn -0.393701 -0.606299 0.685039
vn -0.299213 -0.803150 0.511811
vn 0.000000 -0.984252 0.173228
vn 0.000000 -0.929134 -0.370079
vn -0.118110 -0.968504 0.204724
vn -0.118110 -0.968504 0.204724
vn -0.299213 -0.803150 0.511811
vn 0.000000 -0.984252 0.173228
vn 0.000000 -0.929134 -0.370079
vn 0.000000 -0.984252 0.173228
vn 0.118110 -0.968504 0.204724
vn 0.181102 -0.968504 -0.149606
vn 0.000000 -0.929134 -0.370079
vn 0.118110 -0.968504 0.204724
vn 0.000000 -0.929134 -0.370079
vn 0.181102 -0.968504 -0.149606
vn 0.228346 -0.881890 -0.425197
vn -0.299213 -0.803150 0.511811
vn 0.000000 -0.803150 0.590551
vn 0.000000 -0.984252 0.173228
vn 0.000000 -0.984252 0.173228
vn 0.000000 -0.803150 0.590551
vn 0.118110 -0.968504 0.204724
vn -0.299213 -0.803150 0.511811
vn -0.393701 -0.606299 0.685039
vn 0.000000 -0.803150 0.590551
vn 0.118110 -0.968504 0.204724
vn 0.299213 -0.803150 0.511811
vn 0.181102 -0.968504 -0.149606
vn 0.000000 -0.803150 0.590551
vn 0.299213 -0.803150 0.511811
vn 0.118110 -0.968504 0.204724
vn 0.228346 -0.881890 -0.425197
vn 0.181102 -0.968504 -0.149606
vn 0.543307 -0.811024 0.228346
vn 0.299213 -0.803150 0.511811
vn 0.543307 -0.811024 0.228346
vn 0.181102 -0.968504 -0.149606
vn -0.393701 -0.606299 0.685039
vn 0.000000 -0.606299 0.795276
vn 0.000000 -0.803150 0.590551
vn 0.000000 -0.803150 0.590551
vn 0.000000 -0.606299 0.795276
vn 0.299213 -0.803150 0.511811
vn 0.000000 -0.606299 0.795276
vn 0.393701 -0.606299 0.685039
vn 0.299213 -0.803150 0.511811
vn 0.299213 -0.803150 0.511811
vn 0.393701 -0.606299 0.685039
vn 0.543307 -0.811024 0.228346
vn 0.629921 -0.779528 0.015748
vn 0.228346 -0.881890 -0.425197
vn 0.543307 -0.811024 0.228346
vn 0.393701 -0.606299 0.685039
vn 0.708661 -0.598425 0.370079
vn 0.543307 -0.811024 0.228346
vn 0.629921 -0.779528 0.015748
vn 0.543307 -0.811024 0.228346
vn 0.708661 -0.598425 0.370079
vn 0.811024 -0.566929 0.141732
vn 0.629921 -0.779528 0.015748
vn 0.708661 -0.598425 0.370079
vn 0.000000 -1.000000 0.000000
vn 0.000000 -1.000000 0.000000
vn 0.000000 -1.000000 0.000000
vn 0.000000 -1.000000 0.000000
vn 0.000000 -1.000000 0.000000
vn 0.000000 -1.000000 0.000000
vn 0.000000 -1.000000 0.000000
vn 0.000000 -1.000000 0.000000
vn 0.000000 -1.000000 0.000000
vn 0.000000 -1.000000 0.000000
vn 0.000000 -1.000000 0.000000
vn 0.000000 -1.000000 0.000000
vn 0.000000 -1.000000 0.000000
vn 0.000000 -1.000000 0.000000
vn 0.000000 -1.000000 0.000000
vn 0.000000 -1.000000 0.000000
vn 0.000000 -1.000000 0.000000
vn 0.000000 -1.000000 0.000000
vn 0.000000 -1.000000 0.000000
vn 0.000000 -1.000000 0.000000
vn 0.000000 -1.000000 0.000000
vn 0.000000 -1.000000 0.000000
vn 0.000000 -1.000000 0.000000
vn 0.000000 -1.000000 0.000000
vn 0.000000 -1.000000 0.000000
vn 0.000000 -1.000000 0.000000
vn 0.000000 -1.000000 0.000000
vn 0.000000 -1.000000 0.000000
vn 0.000000 -1.000000 0.000000
vn 0.000000 -1.000000 0.000000
vn -0.653543 -0.370079 -0.653543
vn -0.653543 -0.370079 -0.653543
vn -0.653543 -0.370079 -0.653543
vn -0.653543 -0.370079 -0.653543
vn -0.653543 -0.370079 -0.653543
vn -0.653543 -0.370079 -0.653543
vn -0.244094 -0.370079 -0.897638
vn -0.244094 -0.370079 -0.897638
vn -0.244094 -0.370079 -0.897638
vn -0.244094 -0.370079 -0.897638
vn -0.244094 -0.370079 -0.897638
vn -0.244094 -0.370079 -0.897638
vn 0.244094 -0.370079 -0.897638
vn 0.244094 -0.370079 -0.897638
vn 0.244094 -0.370079 -0.897638
vn 0.244094 -0.370079 -0.897638
vn 0.244094 -0.370079 -0.897638
vn 0.244094 -0.370079 -0.897638
vn 0.653543 -0.370079 -0.653543
vn 0.653543 -0.370079 -0.653543
vn 0.653543 -0.370079 -0.653543
vn 0.653543 -0.370079 -0.653543
vn 0.653543 -0.370079 -0.653543
vn 0.653543 -0.370079 -0.653543
vn 0.874016 -0.440945 -0.188976
vn 0.874016 -0.440945 -0.188976
vn 0.874016 -0.440945 -0.188976
vn 0.874016 -0.440945 -0.188976
vn 0.874016 -0.440945 -0.188976
vn 0.874016 -0.440945 -0.188976
vn 0.874016 -0.440945 0.188976
vn 0.874016 -0.440945 0.188976
vn 0.874016 -0.440945 0.188976
vn 0.874016 -0.440945 0.188976
vn 0.874016 -0.440945 0.188976
vn 0.874016 -0.440945 0.188976
vn 0.653543 -0.370079 0.653543
vn 0.653543 -0.370079 0.653543
vn 0.653543 -0.370079 0.653543
vn 0.653543 -0.370079 0.653543
vn 0.653543 -0.370079 0.653543
vn 0.653543 -0.370079 0.653543
vn 0.244094 -0.370079 0.897638
vn 0.244094 -0.370079 0.897638
vn 0.244094 -0.370079 0.897638
vn 0.244094 -0.370079 0.897638
vn 0.244094 -0.370079 0.897638
vn 0.244094 -0.370079 0.897638
vn -0.244094 -0.370079 0.897638
vn -0.244094 -0.370079 0.897638
vn -0.244094 -0.370079 0.897638
vn -0.244094 -0.370079 0.897638
vn -0.244094 -0.370079 0.897638
vn -0.244094 -0.370079 0.897638
vn -0.653543 -0.370079 0.653543
vn -0.653543 -0.370079 0.653543
vn -0.653543 -0.370079 0.653543
vn -0.653543 -0.370079 0.653543
vn -0.653543 -0.370079 0.653543
vn -0.653543 -0.370079 0.653543
vn -0.874016 -0.440945 0.188976
vn -0.874016 -0.440945 0.188976
vn -0.874016 -0.440945 0.188976
vn -0.874016 -0.440945 0.188976
vn -0.874016 -0.440945 0.188976
vn -0.874016 -0.440945 0.188976
vn -0.874016 -0.440945 -0.188976
vn -0.874016 -0.440945 -0.188976
vn -0.874016 -0.440945 -0.188976
vn -0.874016 -0.440945 -0.188976
vn -0.874016 -0.440945 -0.188976
vn -0.874016 -0.440945 -0.188976
vn 0.078740 -0.480315 0.874016
vn 0.078740 -0.480315 0.874016
vn 0.078740 -0.480315 0.874016
vn 0.078740 -0.480315 0.874016
vn 0.078740 -0.480315 0.874016
vn 0.078740 -0.480315 0.874016
vn 0.078740 -0.480315 -0.874016
vn 0.078740 -0.480315 -0.874016
vn 0.078740 -0.480315 -0.874016
vn 0.078740 -0.480315 -0.874016
vn 0.078740 -0.480315 -0.874016
vn 0.078740 -0.480315 -0.874016
vn 0.007874 -0.409449 -0.913386
vn 0.007874 -0.409449 -0.913386
vn 0.007874 -0.409449 -0.913386
vn 0.007874 -0.409449 -0.913386
vn 0.007874 -0.409449 -0.913386
vn 0.007874 -0.409449 -0.913386
vn 0.007874 -0.409449 0.913386
vn 0.007874 -0.409449 0.913386
vn 0.007874 -0.409449 0.913386
vn 0.007874 -0.409449 0.913386
vn 0.007874 -0.409449 0.913386
vn 0.007874 -0.409449 0.913386
vn -0.078740 -0.480315 -0.874016
vn -0.078740 -0.480315 -0.874016
vn -0.078740 -0.480315 -0.874016
vn -0.078740 -0.480315 -0.874016
vn -0.078740 -0.480315 -0.874016
vn -0.078740 -0.480315 -0.874016
vn -0.078740 -0.480315 0.874016
vn -0.078740 -0.480315 0.874016
vn -0.078740 -0.480315 0.874016
vn -0.078740 -0.480315 0.874016
vn -0.078740 -0.480315 0.874016
vn -0.078740 -0.480315 0.874016
vn -0.007874 -0.409449 -0.913386
vn -0.007874 -0.409449 -0.913386
vn -0.007874 -0.409449 -0.913386
vn -0.007874 -0.409449 -0.913386
vn -0.007874 -0.409449 -0.913386
vn -0.007874 -0.409449 -0.913386
vn -0.007874 -0.409449 0.913386
vn -0.007874 -0.409449 0.913386
vn -0.007874 -0.409449 0.913386
vn -0.007874 -0.409449 0.913386
vn -0.007874 -0.409449 0.913386
vn -0.007874 -0.409449 0.913386
vn 0.629921 -0.779528 -0.015748
vn 0.811024 -0.566929 -0.141732
vn 0.708661 -0.598425 -0.370079
vn 0.543307 -0.811024 -0.228346
vn 0.629921 -0.779528 -0.015748
vn 0.708661 -0.598425 -0.370079
vn 0.228346 -0.881890 0.425197
vn 0.629921 -0.779528 -0.015748
vn 0.543307 -0.811024 -0.228346
vn 0.181102 -0.968504 0.149606
vn 0.228346 -0.881890 0.425197
vn 0.543307 -0.811024 -0.228346
vn 0.543307 -0.811024 -0.228346
vn 0.708661 -0.598425 -0.370079
vn 0.299213 -0.803150 -0.511811
vn 0.181102 -0.968504 0.149606
vn 0.000000 -0.929134 0.370079
vn 0.228346 -0.881890 0.425197
vn 0.181102 -0.968504 0.149606
vn 0.543307 -0.811024 -0.228346
vn 0.118110 -0.968504 -0.204724
vn 0.543307 -0.811024 -0.228346
vn 0.299213 -0.803150 -0.511811
vn 0.118110 -0.968504 -0.204724
vn 0.000000 -0.929134 0.370079
vn 0.181102 -0.968504 0.149606
vn 0.118110 -0.968504 -0.204724
vn 0.708661 -0.598425 -0.370079
vn 0.393701 -0.606299 -0.685039
vn 0.299213 -0.803150 -0.511811
vn 0.000000 -0.984252 -0.173228
vn 0.000000 -0.929134 0.370079
vn 0.118110 -0.968504 -0.204724
vn 0.118110 -0.968504 -0.204724
vn 0.299213 -0.803150 -0.511811
vn 0.000000 -0.984252 -0.173228
vn 0.000000 -0.929134 0.370079
vn 0.000000 -0.984252 -0.173228
vn -0.118110 -0.968504 -0.204724
vn -0.181102 -0.968504 0.149606
vn 0.000000 -0.929134 0.370079
vn -0.118110 -0.968504 -0.204724
vn 0.000000 -0.929134 0.370079
vn -0.181102 -0.968504 0.149606
vn -0.228346 -0.881890 0.425197
vn 0.299213 -0.803150 -0.511811
vn 0.000000 -0.803150 -0.590551
vn 0.000000 -0.984252 -0.173228
vn 0.000000 -0.984252 -0.173228
vn 0.000000 -0.803150 -0.590551
vn -0.118110 -0.968504 -0.204724
vn 0.299213 -0.803150 -0.511811
vn 0.393701 -0.606299 -0.685039
vn 0.000000 -0.803150 -0.590551
vn -0.118110 -0.968504 -0.204724
vn -0.299213 -0.803150 -0.511811
vn -0.181102 -0.968504 0.149606
vn 0.000000 -0.803150 -0.590551
vn -0.299213 -0.803150 -0.511811
vn -0.118110 -0.968504 -0.204724
vn -0.228346 -0.881890 0.425197
vn -0.181102 -0.968504 0.149606
vn -0.543307 -0.811024 -0.228346
vn -0.299213 -0.803150 -0.511811
vn -0.543307 -0.811024 -0.228346
vn -0.181102 -0.968504 0.149606
vn 0.393701 -0.606299 -0.685039
vn 0.000000 -0.606299 -0.795276
vn 0.000000 -0.803150 -0.590551
vn 0.000000 -0.803150 -0.590551
vn 0.000000 -0.606299 -0.795276
vn -0.299213 -0.803150 -0.511811
vn 0.000000 -0.606299 -0.795276
vn -0.393701 -0.606299 -0.685039
vn -0.299213 -0.803150 -0.511811
vn -0.299213 -0.803150 -0.511811
vn -0.393701 -0.606299 -0.685039
vn -0.543307 -0.811024 -0.228346
vn -0.622047 -0.779528 -0.015748
vn -0.228346 -0.881890 0.425197
vn -0.543307 -0.811024 -0.228346
vn -0.393701 -0.606299 -0.685039
vn -0.708661 -0.598425 -0.370079
vn -0.543307 -0.811024 -0.228346
vn -0.622047 -0.779528 -0.015748
vn -0.543307 -0.811024 -0.228346
vn -0.708661 -0.598425 -0.370079
vn -0.811024 -0.574803 -0.141732
vn -0.622047 -0.779528 -0.015748
vn -0.708661 -0.598425 -0.370079
vn -0.622047 -0.779528 0.015748
vn -0.811024 -0.574803 0.141732
vn -0.708661 -0.598425 0.370079
vn -0.543307 -0.811024 0.228346
vn -0.622047 -0.779528 0.015748
vn -0.708661 -0.598425 0.370079
vn -0.228346 -0.881890 -0.425197
vn -0.622047 -0.779528 0.015748
vn -0.543307 -0.811024 0.228346
vn -0.181102 -0.968504 -0.149606
vn -0.228346 -0.881890 -0.425197
vn -0.543307 -0.811024 0.228346
vn -0.543307 -0.811024 0.228346
vn -0.708661 -0.598425 0.370079
vn -0.299213 -0.803150 0.511811
vn -0.181102 -0.968504 -0.149606
vn 0.000000 -0.929134 -0.370079
vn -0.228346 -0.881890 -0.425197
vn -0.181102 -0.968504 -0.149606
vn -0.543307 -0.811024 0.228346
vn -0.118110 -0.968504 0.204724
vn -0.543307 -0.811024 0.228346
vn -0.299213 -0.803150 0.511811
vn -0.118110 -0.968504 0.204724
vn 0.000000 -0.929134 -0.370079
vn -0.181102 -0.968504 -0.149606
vn -0.118110 -0.968504 0.204724
vn -0.708661 -0.598425 0.370079
vn -0.393701 -0.606299 0.685039
vn -0.299213 -0.803150 0.511811
vn 0.000000 -0.984252 0.173228
vn 0.000000 -0.929134 -0.370079
vn -0.118110 -0.968504 0.204724
vn -0.118110 -0.968504 0.204724
vn -0.299213 -0.803150 0.511811
vn 0.000000 -0.984252 0.173228
vn 0.000000 -0.929134 -0.370079
vn 0.000000 -0.984252 0.173228
vn 0.118110 -0.968504 0.204724
vn 0.181102 -0.968504 -0.149606
vn 0.000000 -0.929134 -0.370079
vn 0.118110 -0.968504 0.204724
vn 0.000000 -0.929134 -0.370079
vn 0.181102 -0.968504 -0.149606
vn 0.228346 -0.881890 -0.425197
vn -0.299213 -0.803150 0.511811
vn 0.000000 -0.803150 0.590551
vn 0.000000 -0.984252 0.173228
vn 0.000000 -0.984252 0.173228
vn 0.000000 -0.803150 0.590551
vn 0.118110 -0.968504 0.204724
vn -0.299213 -0.803150 0.511811
vn -0.393701 -0.606299 0.685039
vn 0.000000 -0.803150 0.590551
vn 0.118110 -0.968504 0.204724
vn 0.299213 -0.803150 0.511811
vn 0.181102 -0.968504 -0.149606
vn 0.000000 -0.803150 0.590551
vn 0.299213 -0.803150 0.511811
vn 0.118110 -0.968504 0.204724
vn 0.228346 -0.881890 -0.425197
vn 0.181102 -0.968504 -0.149606
vn 0.543307 -0.811024 0.228346
vn 0.299213 -0.803150 0.511811
vn 0.543307 -0.811024 0.228346
vn 0.181102 -0.968504 -0.149606
vn -0.393701 -0.606299 0.685039
vn 0.000000 -0.606299 0.795276
vn 0.000000 -0.803150 0.590551
vn 0.000000 -0.803150 0.590551
vn 0.000000 -0.606299 0.795276
vn 0.299213 -0.803150 0.511811
vn 0.000000 -0.606299 0.795276
vn 0.393701 -0.606299 0.685039
vn 0.299213 -0.803150 0.511811
vn 0.299213 -0.803150 0.511811
vn 0.393701 -0.606299 0.685039
vn 0.543307 -0.811024 0.228346
vn 0.629921 -0.779528 0.015748
vn 0.228346 -0.881890 -0.425197
vn 0.543307 -0.811024 0.228346
vn 0.393701 -0.606299 0.685039
vn 0.708661 -0.598425 0.370079
vn 0.543307 -0.811024 0.228346
vn 0.629921 -0.779528 0.015748
vn 0.543307 -0.811024 0.228346
vn 0.708661 -0.598425 0.370079
vn 0.811024 -0.566929 0.141732
vn 0.629921 -0.779528 0.015748
vn 0.708661 -0.598425 0.370079
vn 0.000000 -1.000000 0.000000
vn 0.000000 -1.000000 0.000000
vn 0.000000 -1.000000 0.000000
vn 0.000000 -1.000000 0.000000
vn 0.000000 -1.000000 0.000000
vn 0.000000 -1.000000 0.000000
vn 0.000000 -1.000000 0.000000
vn 0.000000 -1.000000 0.000000
vn 0.000000 -1.000000 0.000000
vn 0.000000 -1.000000 0.000000
vn 0.000000 -1.000000 0.000000
vn 0.000000 -1.000000 0.000000
vn 0.000000 -1.000000 0.000000
vn 0.000000 -1.000000 0.000000
vn 0.000000 -1.000000 0.000000
vn 0.000000 -1.000000 0.000000
vn 0.000000 -1.000000 0.000000
vn 0.000000 -1.000000 0.000000
vn 0.000000 -1.000000 0.000000
vn 0.000000 -1.000000 0.000000
vn 0.000000 -1.000000 0.000000
vn 0.000000 -1.000000 0.000000
vn 0.000000 -1.000000 0.000000
vn 0.000000 -1.000000 0.000000
vn 0.000000 -1.000000 0.000000
vn 0.000000 -1.000000 0.000000
vn 0.000000 -1.000000 0.000000
vn 0.000000 -1.000000 0.000000
vn 0.000000 -1.000000 0.000000
vn 0.000000 -1.000000 0.000000
vn -0.653543 -0.370079 -0.653543
vn -0.653543 -0.370079 -0.653543
vn -0.653543 -0.370079 -0.653543
vn -0.653543 -0.370079 -0.653543
vn -0.653543 -0.370079 -0.653543
vn -0.653543 -0.370079 -0.653543
vn -0.244094 -0.370079 -0.897638
vn -0.244094 -0.370079 -0.897638
vn -0.244094 -0.370079 -0.897638
vn -0.244094 -0.370079 -0.897638
vn -0.244094 -0.370079 -0.897638
vn -0.244094 -0.370079 -0.897638
vn 0.244094 -0.370079 -0.897638
vn 0.244094 -0.370079 -0.897638
vn 0.244094 -0.370079 -0.897638
vn 0.244094 -0.370079 -0.897638
vn 0.244094 -0.370079 -0.897638
vn 0.244094 -0.370079 -0.897638
vn 0.653543 -0.370079 -0.653543
vn 0.653543 -0.370079 -0.653543
vn 0.653543 -0.370079 -0.653543
vn 0.653543 -0.370079 -0.653543
vn 0.653543 -0.370079 -0.653543
vn 0.653543 -0.370079 -0.653543
vn 0.874016 -0.440945 -0.188976
vn 0.874016 -0.440945 -0.188976
vn 0.874016 -0.440945 -0.188976
vn 0.874016 -0.440945 -0.188976
vn 0.874016 -0.440945 -0.188976
vn 0.874016 -0.440945 -0.188976
vn 0.874016 -0.440945 0.188976
vn 0.874016 -0.440945 0.188976
vn 0.874016 -0.440945 0.188976
vn 0.874016 -0.440945 0.188976
vn 0.874016 -0.440945 0.188976
vn 0.874016 -0.440945 0.188976
vn 0.653543 -0.370079 0.653543
vn 0.653543 -0.370079 0.653543
vn 0.653543 -0.370079 0.653543
vn 0.653543 -0.370079 0.653543
vn 0.653543 -0.370079 0.653543
vn 0.653543 -0.370079 0.653543
vn 0.244094 -0.370079 0.897638
vn 0.244094 -0.370079 0.897638
vn 0.244094 -0.370079 0.897638
vn 0.244094 -0.370079 0.897638
vn 0.244094 -0.370079 0.897638
vn 0.244094 -0.370079 0.897638
vn -0.244094 -0.370079 0.897638
vn -0.244094 -0.370079 0.897638
vn -0.244094 -0.370079 0.897638
vn -0.244094 -0.370079 0.897638
vn -0.244094 -0.370079 0.897638
vn -0.244094 -0.370079 0.897638
vn -0.653543 -0.370079 0.653543
vn -0.653543 -0.370079 0.653543
vn -0.653543 -0.370079 0.653543
vn -0.653543 -0.370079 0.653543
vn -0.653543 -0.370079 0.653543
vn -0.653543 -0.370079 0.653543
vn -0.874016 -0.440945 0.188976
vn -0.874016 -0.440945 0.188976
vn -0.874016 -0.440945 0.188976
vn -0.874016 -0.440945 0.188976
vn -0.874016 -0.440945 0.188976
vn -0.874016 -0.440945 0.188976
vn -0.874016 -0.440945 -0.188976
vn -0.874016 -0.440945 -0.188976
vn -0.874016 -0.440945 -0.188976
vn -0.874016 -0.440945 -0.188976
vn -0.874016 -0.440945 -0.188976
vn -0.874016 -0.440945 -0.188976
vn 0.078740 -0.480315 0.874016
vn 0.078740 -0.480315 0.874016
vn 0.078740 -0.480315 0.874016
vn 0.078740 -0.480315 0.874016
vn 0.078740 -0.480315 0.874016
vn 0.078740 -0.480315 0.874016
vn 0.078740 -0.480315 -0.874016
vn 0.078740 -0.480315 -0.874016
vn 0.078740 -0.480315 -0.874016
vn 0.078740 -0.480315 -0.874016
vn 0.078740 -0.480315 -0.874016
vn 0.078740 -0.480315 -0.874016
vn 0.007874 -0.409449 -0.913386
vn 0.007874 -0.409449 -0.913386
vn 0.007874 -0.409449 -0.913386
vn 0.007874 -0.409449 -0.913386
vn 0.007874 -0.409449 -0.913386
vn 0.007874 -0.409449 -0.913386
vn 0.007874 -0.409449 0.913386
vn 0.007874 -0.409449 0.913386
vn 0.007874 -0.409449 0.913386
vn 0.007874 -0.409449 0.913386
vn 0.007874 -0.409449 0.913386
vn 0.007874 -0.409449 0.913386
vn -0.078740 -0.480315 -0.874016
vn -0.078740 -0.480315 -0.874016
vn -0.078740 -0.480315 -0.874016
vn -0.078740 -0.480315 -0.874016
vn -0.078740 -0.480315 -0.874016
vn -0.078740 -0.480315 -0.874016
vn -0.078740 -0.480315 0.874016
vn -0.078740 -0.480315 0.874016
vn -0.078740 -0.480315 0.874016
vn -0.078740 -0.480315 0.874016
vn -0.078740 -0.480315 0.874016
vn -0.078740 -0.480315 0.874016
vn -0.007874 -0.409449 -0.913386
vn -0.007874 -0.409449 -0.913386
vn -0.007874 -0.409449 -0.913386
vn -0.007874 -0.409449 -0.913386
vn -0.007874 -0.409449 -0.913386
vn -0.007874 -0.409449 -0.913386
vn -0.007874 -0.409449 0.913386
vn -0.007874 -0.409449 0.913386
vn -0.007874 -0.409449 0.913386
vn -0.007874 -0.409449 0.913386
vn -0.007874 -0.409449 0.913386
vn -0.007874 -0.409449 0.913386
vn -0.700787 0.062992 -0.708661
vn -0.700787 0.062992 -0.708661
vn -0.700787 0.062992 -0.708661
vn -0.700787 0.062992 -0.708661
vn -0.700787 0.062992 -0.708661
vn -0.700787 0.062992 -0.708661
vn -0.283465 0.913386 -0.291339
vn -0.283465 0.913386 -0.291339
vn -0.700787 0.015748 -0.708661
vn -0.283465 0.913386 -0.291339
vn -0.700787 0.015748 -0.708661
vn -0.700787 0.015748 -0.708661
vn -0.700787 0.015748 -0.708661
vn -0.307087 -0.897638 -0.314961
vn -0.700787 0.015748 -0.708661
vn -0.307087 -0.897638 -0.314961
vn -0.307087 -0.897638 -0.314961
vn -0.700787 0.015748 -0.708661
vn -0.685039 0.070866 -0.724409
vn -0.685039 0.070866 -0.724409
vn -0.685039 0.070866 -0.724409
vn -0.685039 0.070866 -0.724409
vn -0.685039 0.070866 -0.724409
vn -0.685039 0.070866 -0.724409
vn -1.000000 0.000000 0.000000
vn -1.000000 0.000000 0.000000
vn -1.000000 0.000000 0.000000
vn -1.000000 0.000000 0.000000
vn -1.000000 0.000000 0.000000
vn -1.000000 0.000000 0.000000
vn -0.685039 0.039370 0.724409
vn -0.685039 0.039370 0.724409
vn -0.685039 0.039370 0.724409
vn -0.685039 0.039370 0.724409
vn -0.685039 0.039370 0.724409
vn -0.685039 0.039370 0.724409
vn -0.511811 0.858268 0.000000
vn -1.000000 0.000000 0.000000
vn -0.511811 0.858268 0.000000
vn -1.000000 0.000000 0.000000
vn -1.000000 0.000000 0.000000
vn -0.511811 0.858268 0.000000
vn -0.700787 0.039370 0.708661
vn -0.700787 0.039370 0.708661
vn -0.700787 0.039370 0.708661
vn -0.700787 0.039370 0.708661
vn -0.700787 0.039370 0.708661
vn -0.700787 0.039370 0.708661
vn -1.000000 0.000000 0.000000
vn -0.511811 -0.858268 0.000000
vn -1.000000 0.000000 0.000000
vn -0.511811 -0.858268 0.000000
vn -0.511811 -0.858268 0.000000
vn -1.000000 0.000000 0.000000
vn -1.000000 0.000000 0.000000
vn -1.000000 0.000000 0.000000
vn -1.000000 0.000000 0.000000
vn -1.000000 0.000000 0.000000
vn -1.000000 0.000000 0.000000
vn -1.000000 0.000000 0.000000
vn -0.700787 0.007874 0.716535
vn -0.291339 0.913386 0.291339
vn -0.700787 0.007874 0.716535
vn -0.291339 0.913386 0.291339
vn -0.291339 0.913386 0.291339
vn -0.700787 0.007874 0.716535
vn -0.299213 -0.905512 0.307087
vn -0.299213 -0.905512 0.307087
vn -0.700787 0.007874 0.716535
vn -0.299213 -0.905512 0.307087
vn -0.700787 0.007874 0.716535
vn -0.700787 0.007874 0.716535
vn 0.629921 -0.779528 -0.015748
vn 0.811024 -0.566929 -0.141732
vn 0.708661 -0.598425 -0.370079
vn 0.543307 -0.811024 -0.228346
vn 0.629921 -0.779528 -0.015748
vn 0.708661 -0.598425 -0.370079
vn 0.228346 -0.881890 0.425197
vn 0.629921 -0.779528 -0.015748
vn 0.543307 -0.811024 -0.228346
vn 0.181102 -0.968504 0.149606
vn 0.228346 -0.881890 0.425197
vn 0.543307 -0.811024 -0.228346
vn 0.543307 -0.811024 -0.228346
vn 0.708661 -0.598425 -0.370079
vn 0.299213 -0.803150 -0.511811
vn 0.181102 -0.968504 0.149606
vn 0.000000 -0.929134 0.370079
vn 0.228346 -0.881890 0.425197
vn 0.181102 -0.968504 0.149606
vn 0.543307 -0.811024 -0.228346
vn 0.118110 -0.968504 -0.204724
vn 0.543307 -0.811024 -0.228346
vn 0.299213 -0.803150 -0.511811
vn 0.118110 -0.968504 -0.204724
vn 0.000000 -0.929134 0.370079
vn 0.181102 -0.968504 0.149606
vn 0.118110 -0.968504 -0.204724
vn 0.708661 -0.598425 -0.370079
vn 0.393701 -0.606299 -0.685039
vn 0.299213 -0.803150 -0.511811
vn 0.000000 -0.984252 -0.173228
vn 0.000000 -0.929134 0.370079
vn 0.118110 -0.968504 -0.204724
vn 0.118110 -0.968504 -0.204724
vn 0.299213 -0.803150 -0.511811
vn 0.000000 -0.984252 -0.173228
vn 0.000000 -0.929134 0.370079
vn 0.000000 -0.984252 -0.173228
vn -0.118110 -0.968504 -0.204724
vn -0.181102 -0.968504 0.149606
vn 0.000000 -0.929134 0.370079
vn -0.118110 -0.968504 -0.204724
vn 0.000000 -0.929134 0.370079
vn -0.181102 -0.968504 0.149606
vn -0.228346 -0.881890 0.425197
vn 0.299213 -0.803150 -0.511811
vn 0.000000 -0.803150 -0.590551
vn 0.000000 -0.984252 -0.173228
vn 0.000000 -0.984252 -0.173228
vn 0.000000 -0.803150 -0.590551
vn -0.118110 -0.968504 -0.204724
vn 0.299213 -0.803150 -0.511811
vn 0.393701 -0.606299 -0.685039
vn 0.000000 -0.803150 -0.590551
vn -0.118110 -0.968504 -0.204724
vn -0.299213 -0.803150 -0.511811
vn -0.181102 -0.968504 0.149606
vn 0.000000 -0.803150 -0.590551
vn -0.299213 -0.803150 -0.511811
vn -0.118110 -0.968504 -0.204724
vn -0.228346 -0.881890 0.425197
vn -0.181102 -0.968504 0.149606
vn -0.543307 -0.811024 -0.228346
vn -0.299213 -0.803150 -0.511811
vn -0.543307 -0.811024 -0.228346
vn -0.181102 -0.968504 0.149606
vn 0.393701 -0.606299 -0.685039
vn 0.000000 -0.606299 -0.795276
vn 0.000000 -0.803150 -0.590551
vn 0.000000 -0.803150 -0.590551
vn 0.000000 -0.606299 -0.795276
vn -0.299213 -0.803150 -0.511811
vn 0.000000 -0.606299 -0.795276
vn -0.393701 -0.606299 -0.685039
vn -0.299213 -0.803150 -0.511811
vn -0.299213 -0.803150 -0.511811
vn -0.393701 -0.606299 -0.685039
vn -0.543307 -0.811024 -0.228346
vn -0.622047 -0.779528 -0.015748
vn -0.228346 -0.881890 0.425197
vn -0.543307 -0.811024 -0.228346
vn -0.393701 -0.606299 -0.685039
vn -0.708661 -0.598425 -0.370079
vn -0.543307 -0.811024 -0.228346
vn -0.622047 -0.779528 -0.015748
vn -0.543307 -0.811024 -0.228346
vn -0.708661 -0.598425 -0.370079
vn -0.811024 -0.574803 -0.141732
vn -0.622047 -0.779528 -0.015748
vn -0.708661 -0.598425 -0.370079
vn -0.622047 -0.779528 0.015748
vn -0.811024 -0.574803 0.141732
vn -0.708661 -0.598425 0.370079
vn -0.543307 -0.811024 0.228346
vn -0.622047 -0.779528 0.015748
vn -0.708661 -0.598425 0.370079
vn -0.228346 -0.881890 -0.425197
vn -0.622047 -0.779528 0.015748
vn -0.543307 -0.811024 0.228346
vn -0.181102 -0.968504 -0.149606
vn -0.228346 -0.881890 -0.425197
vn -0.543307 -0.811024 0.228346
vn -0.543307 -0.811024 0.228346
vn -0.708661 -0.598425 0.370079
vn -0.299213 -0.803150 0.511811
vn -0.181102 -0.968504 -0.149606
vn 0.000000 -0.929134 -0.370079
vn -0.228346 -0.881890 -0.425197
vn -0.181102 -0.968504 -0.149606
vn -0.543307 -0.811024 0.228346
vn -0.118110 -0.968504 0.204724
vn -0.543307 -0.811024 0.228346
vn -0.299213 -0.803150 0.511811
vn -0.118110 -0.968504 0.204724
vn 0.000000 -0.929134 -0.370079
vn -0.181102 -0.968504 -0.149606
vn -0.118110 -0.968504 0.204724
vn -0.708661 -0.598425 0.370079
vn -0.393701 -0.606299 0.685039
vn -0.299213 -0.803150 0.511811
vn 0.000000 -0.984252 0.173228
vn 0.000000 -0.929134 -0.370079
vn -0.118110 -0.968504 0.204724
vn -0.118110 -0.968504 0.204724
vn -0.299213 -0.803150 0.511811
vn 0.000000 -0.984252 0.173228
vn 0.000000 -0.929134 -0.370079
vn 0.000000 -0.984252 0.173228
vn 0.118110 -0.968504 0.204724
vn 0.181102 -0.968504 -0.149606
vn 0.000000 -0.929134 -0.370079
vn 0.118110 -0.968504 0.204724
vn 0.000000 -0.929134 -0.370079
vn 0.181102 -0.968504 -0.149606
vn 0.228346 -0.881890 -0.425197
vn -0.299213 -0.803150 0.511811
vn 0.000000 -0.803150 0.590551
vn 0.000000 -0.984252 0.173228
vn 0.000000 -0.984252 0.173228
vn 0.000000 -0.803150 0.590551
vn 0.118110 -0.968504 0.204724
vn -0.299213 -0.803150 0.511811
vn -0.393701 -0.606299 0.685039
vn 0.000000 -0.803150 0.590551
vn 0.118110 -0.968504 0.204724
vn 0.299213 -0.803150 0.511811
vn 0.181102 -0.968504 -0.149606
vn 0.000000 -0.803150 0.590551
vn 0.299213 -0.803150 0.511811
vn 0.118110 -0.968504 0.204724
vn 0.228346 -0.881890 -0.425197
vn 0.181102 -0.968504 -0.149606
vn 0.543307 -0.811024 0.228346
vn 0.299213 -0.803150 0.511811
vn 0.543307 -0.811024 0.228346
vn 0.181102 -0.968504 -0.149606
vn -0.393701 -0.606299 0.685039
vn 0.000000 -0.606299 0.795276
vn 0.000000 -0.803150 0.590551
vn 0.000000 -0.803150 0.590551
vn 0.000000 -0.606299 0.795276
vn 0.299213 -0.803150 0.511811
vn 0.000000 -0.606299 0.795276
vn 0.393701 -0.606299 0.685039
vn 0.299213 -0.803150 0.511811
vn 0.299213 -0.803150 0.511811
vn 0.393701 -0.606299 0.685039
vn 0.543307 -0.811024 0.228346
vn 0.629921 -0.779528 0.015748
vn 0.228346 -0.881890 -0.425197
vn 0.543307 -0.811024 0.228346
vn 0.393701 -0.606299 0.685039
vn 0.708661 -0.598425 0.370079
vn 0.543307 -0.811024 0.228346
vn 0.629921 -0.779528 0.015748
vn 0.543307 -0.811024 0.228346
vn 0.708661 -0.598425 0.370079
vn 0.811024 -0.566929 0.141732
vn 0.629921 -0.779528 0.015748
vn 0.708661 -0.598425 0.370079
vn 0.000000 -1.000000 0.000000
vn 0.000000 -1.000000 0.000000
vn 0.000000 -1.000000 0.000000
vn 0.000000 -1.000000 0.000000
vn 0.000000 -1.000000 0.000000
vn 0.000000 -1.000000 0.000000
vn 0.000000 -1.000000 0.000000
vn 0.000000 -1.000000 0.000000
vn 0.000000 -1.000000 0.000000
vn 0.000000 -1.000000 0.000000
vn 0.000000 -1.000000 0.000000
vn 0.000000 -1.000000 0.000000
vn 0.000000 -1.000000 0.000000
vn 0.000000 -1.000000 0.000000
vn 0.000000 -1.000000 0.000000
vn 0.000000 -1.000000 0.000000
vn 0.000000 -1.000000 0.000000
vn 0.000000 -1.000000 0.000000
vn 0.000000 -1.000000 0.000000
vn 0.000000 -1.000000 0.000000
vn 0.000000 -1.000000 0.000000
vn 0.000000 -1.000000 0.000000
vn 0.000000 -1.000000 0.000000
vn 0.000000 -1.000000 0.000000
vn 0.000000 -1.000000 0.000000
vn 0.000000 -1.000000 0.000000
vn 0.000000 -1.000000 0.000000
vn 0.000000 -1.000000 0.000000
vn 0.000000 -1.000000 0.000000
vn 0.000000 -1.000000 0.000000
vn -0.653543 -0.370079 -0.653543
vn -0.653543 -0.370079 -0.653543
vn -0.653543 -0.370079 -0.653543
vn -0.653543 -0.370079 -0.653543
vn -0.653543 -0.370079 -0.653543
vn -0.653543 -0.370079 -0.653543
vn -0.244094 -0.370079 -0.897638
vn -0.244094 -0.370079 -0.897638
vn -0.244094 -0.370079 -0.897638
vn -0.244094 -0.370079 -0.897638
vn -0.244094 -0.370079 -0.897638
vn -0.244094 -0.370079 -0.897638
vn 0.244094 -0.370079 -0.897638
vn 0.244094 -0.370079 -0.897638
vn 0.244094 -0.370079 -0.897638
vn 0.244094 -0.370079 -0.897638
vn 0.244094 -0.370079 -0.897638
vn 0.244094 -0.370079 -0.897638
vn 0.653543 -0.370079 -0.653543
vn 0.653543 -0.370079 -0.653543
vn 0.653543 -0.370079 -0.653543
vn 0.653543 -0.370079 -0.653543
vn 0.653543 -0.370079 -0.653543
vn 0.653543 -0.370079 -0.653543
vn 0.874016 -0.440945 -0.188976
vn 0.874016 -0.440945 -0.188976
vn 0.874016 -0.440945 -0.188976
vn 0.874016 -0.440945 -0.188976
vn 0.874016 -0.440945 -0.188976
vn 0.874016 -0.440945 -0.188976
vn 0.874016 -0.440945 0.188976
vn 0.874016 -0.440945 0.188976
vn 0.874016 -0.440945 0.188976
vn 0.874016 -0.440945 0.188976
vn 0.874016 -0.440945 0.188976
vn 0.874016 -0.440945 0.188976
vn 0.653543 -0.370079 0.653543
vn 0.653543 -0.370079 0.653543
vn 0.653543 -0.370079 0.653543
vn 0.653543 -0.370079 0.653543
vn 0.653543 -0.370079 0.653543
vn 0.653543 -0.370079 0.653543
vn 0.244094 -0.370079 0.897638
vn 0.244094 -0.370079 0.897638
vn 0.244094 -0.370079 0.897638
vn 0.244094 -0.370079 0.897638
vn 0.244094 -0.370079 0.897638
vn 0.244094 -0.370079 0.897638
vn -0.244094 -0.370079 0.897638
vn -0.244094 -0.370079 0.897638
vn -0.244094 -0.370079 0.897638
vn -0.244094 -0.370079 0.897638
vn -0.244094 -0.370079 0.897638
vn -0.244094 -0.370079 0.897638
vn -0.653543 -0.370079 0.653543
vn -0.653543 -0.370079 0.653543
vn -0.653543 -0.370079 0.653543
vn -0.653543 -0.370079 0.653543
vn -0.653543 -0.370079 0.653543
vn -0.653543 -0.370079 0.653543
vn -0.874016 -0.440945 0.188976
vn -0.874016 -0.440945 0.188976
vn -0.874016 -0.440945 0.188976
vn -0.874016 -0.440945 0.188976
vn -0.874016 -0.440945 0.188976
vn -0.874016 -0.440945 0.188976
vn -0.874016 -0.440945 -0.188976
vn -0.874016 -0.440945 -0.188976
vn -0.874016 -0.440945 -0.188976
vn -0.874016 -0.440945 -0.188976
vn -0.874016 -0.440945 -0.188976
vn -0.874016 -0.440945 -0.188976
vn 0.078740 -0.480315 0.874016
vn 0.078740 -0.480315 0.874016
vn 0.078740 -0.480315 0.874016
vn 0.078740 -0.480315 0.874016
vn 0.078740 -0.480315 0.874016
vn 0.078740 -0.480315 0.874016
vn 0.078740 -0.480315 -0.874016
vn 0.078740 -0.480315 -0.874016
vn 0.078740 -0.480315 -0.874016
vn 0.078740 -0.480315 -0.874016
vn 0.078740 -0.480315 -0.874016
vn 0.078740 -0.480315 -0.874016
vn 0.007874 -0.409449 -0.913386
vn 0.007874 -0.409449 -0.913386
vn 0.007874 -0.409449 -0.913386
vn 0.007874 -0.409449 -0.913386
vn 0.007874 -0.409449 -0.913386
vn 0.007874 -0.409449 -0.913386
vn 0.007874 -0.409449 0.913386
vn 0.007874 -0.409449 0.913386
vn 0.007874 -0.409449 0.913386
vn 0.007874 -0.409449 0.913386
vn 0.007874 -0.409449 0.913386
vn 0.007874 -0.409449 0.913386
vn -0.078740 -0.480315 -0.874016
vn -0.078740 -0.480315 -0.874016
vn -0.078740 -0.480315 -0.874016
vn -0.078740 -0.480315 -0.874016
vn -0.078740 -0.480315 -0.874016
vn -0.078740 -0.480315 -0.874016
vn -0.078740 -0.480315 0.874016
vn -0.078740 -0.480315 0.874016
vn -0.078740 -0.480315 0.874016
vn -0.078740 -0.480315 0.874016
vn -0.078740 -0.480315 0.874016
vn -0.078740 -0.480315 0.874016
vn -0.007874 -0.409449 -0.913386
vn -0.007874 -0.409449 -0.913386
vn -0.007874 -0.409449 -0.913386
vn -0.007874 -0.409449 -0.913386
vn -0.007874 -0.409449 -0.913386
vn -0.007874 -0.409449 -0.913386
vn -0.007874 -0.409449 0.913386
vn -0.007874 -0.409449 0.913386
vn -0.007874 -0.409449 0.913386
vn -0.007874 -0.409449 0.913386
vn -0.007874 -0.409449 0.913386
vn -0.007874 -0.409449 0.913386
vn 1.000000 0.023622 0.000000
vn 1.000000 0.023622 0.000000
vn 1.000000 0.023622 0.000000
vn 1.000000 0.023622 0.000000
vn 1.000000 0.023622 0.000000
vn 1.000000 0.023622 0.000000
vn 0.000000 1.000000 0.000000
vn 0.000000 1.000000 0.000000
vn 0.000000 1.000000 0.000000
vn 0.000000 1.000000 0.000000
vn 0.000000 1.000000 0.000000
vn 0.000000 1.000000 0.000000
vn -1.000000 0.023622 0.000000
vn -1.000000 0.023622 0.000000
vn -1.000000 0.023622 0.000000
vn -1.000000 0.023622 0.000000
vn -1.000000 0.023622 0.000000
vn -1.000000 0.023622 0.000000
vn 0.000000 0.023622 -1.000000
vn 0.000000 0.023622 -1.000000
vn 0.000000 0.023622 -1.000000
vn 0.000000 0.023622 -1.000000
vn 0.000000 0.023622 -1.000000
vn 0.000000 0.023622 -1.000000
vn 0.000000 0.086614 -0.992126
vn 0.000000 0.086614 -0.992126
vn 0.000000 0.086614 -0.992126
vn 0.000000 0.086614 -0.992126
vn 0.000000 0.086614 -0.992126
vn 0.000000 0.086614 -0.992126
vn 0.000000 1.000000 0.031496
vn 0.000000 1.000000 0.031496
vn 0.000000 1.000000 0.031496
vn 0.000000 1.000000 0.031496
vn 0.000000 1.000000 0.031496
vn 0.000000 1.000000 0.031496
vn -0.598425 0.787402 -0.149606
vn -0.480315 0.818898 -0.322835
vn -0.480315 0.818898 -0.322835
vn -0.598425 0.787402 -0.149606
vn -0.598425 0.787402 -0.149606
vn -0.480315 0.818898 -0.322835
vn -0.582677 0.779528 0.236220
vn -0.598425 0.787402 -0.149606
vn -0.598425 0.787402 -0.149606
vn -0.582677 0.779528 0.236220
vn -0.582677 0.779528 0.236220
vn -0.598425 0.787402 -0.149606
vn -0.582677 0.779528 0.236220
vn -0.228346 0.787402 0.574803
vn -0.582677 0.779528 0.236220
vn -0.228346 0.787402 0.574803
vn -0.228346 0.787402 0.574803
vn -0.582677 0.779528 0.236220
vn -0.228346 0.787402 0.574803
vn -0.228346 0.787402 0.574803
vn 0.228346 0.787402 0.574803
vn -0.228346 0.787402 0.574803
vn 0.228346 0.787402 0.574803
vn 0.228346 0.787402 0.574803
vn 0.582677 0.779528 0.236220
vn 0.228346 0.787402 0.574803
vn 0.228346 0.787402 0.574803
vn 0.582677 0.779528 0.236220
vn 0.582677 0.779528 0.236220
vn 0.228346 0.787402 0.574803
vn 0.582677 0.779528 0.236220
vn 0.598425 0.787402 -0.149606
vn 0.582677 0.779528 0.236220
vn 0.598425 0.787402 -0.149606
vn 0.598425 0.787402 -0.149606
vn 0.582677 0.779528 0.236220
vn 0.598425 0.787402 -0.149606
vn 0.480315 0.818898 -0.322835
vn 0.598425 0.787402 -0.149606
vn 0.480315 0.818898 -0.322835
vn 0.480315 0.818898 -0.322835
vn 0.598425 0.787402 -0.149606
vn 0.000000 0.763780 -0.645669
vn 0.000000 0.763780 -0.645669
vn 0.000000 0.763780 -0.645669
vn 0.000000 0.763780 -0.645669
vn 0.000000 0.763780 -0.645669
vn 0.000000 0.763780 -0.645669
vn 0.944882 0.330709 0.000000
vn 0.897638 0.330709 0.291339
vn 0.944882 0.330709 0.000000
vn 0.897638 0.330709 0.291339
vn 0.897638 0.330709 0.291339
vn 0.944882 0.330709 0.000000
vn 0.897638 0.330709 0.291339
vn 0.763780 0.330709 0.551181
vn 0.897638 0.330709 0.291339
vn 0.763780 0.330709 0.551181
vn 0.763780 0.330709 0.551181
vn 0.897638 0.330709 0.291339
vn 0.763780 0.330709 0.551181
vn 0.551181 0.330709 0.763780
vn 0.763780 0.330709 0.551181
vn 0.551181 0.330709 0.763780
vn 0.551181 0.330709 0.763780
vn 0.763780 0.330709 0.551181
vn 0.551181 0.330709 0.763780
vn 0.291339 0.330709 0.897638
vn 0.551181 0.330709 0.763780
vn 0.291339 0.330709 0.897638
vn 0.291339 0.330709 0.897638
vn 0.551181 0.330709 0.763780
vn 0.291339 0.330709 0.897638
vn 0.000000 0.330709 0.944882
vn 0.291339 0.330709 0.897638
vn 0.000000 0.330709 0.944882
vn 0.000000 0.330709 0.944882
vn 0.291339 0.330709 0.897638
vn 0.000000 0.330709 0.944882
vn -0.291339 0.330709 0.897638
vn 0.000000 0.330709 0.944882
vn -0.291339 0.330709 0.897638
vn -0.291339 0.330709 0.897638
vn 0.000000 0.330709 0.944882
vn -0.291339 0.330709 0.897638
vn -0.551181 0.330709 0.763780
vn -0.291339 0.330709 0.897638
vn -0.551181 0.330709 0.763780
vn -0.551181 0.330709 0.763780
vn -0.291339 0.330709 0.897638
vn -0.551181 0.330709 0.763780
vn -0.763780 0.330709 0.551181
vn -0.551181 0.330709 0.763780
vn -0.763780 0.330709 0.551181
vn -0.763780 0.330709 0.551181
vn -0.551181 0.330709 0.763780
vn -0.763780 0.330709 0.551181
vn -0.897638 0.330709 0.291339
vn -0.763780 0.330709 0.551181
vn -0.897638 0.330709 0.291339
vn -0.897638 0.330709 0.291339
vn -0.763780 0.330709 0.551181
vn -0.897638 0.330709 0.291339
vn -0.944882 0.330709 0.000000
vn -0.897638 0.330709 0.291339
vn -0.944882 0.330709 0.000000
vn -0.944882 0.330709 0.000000
vn -0.897638 0.330709 0.291339
vn 0.944882 0.330709 0.000000
vn 0.944882 0.330709 0.000000
vn 0.897638 0.330709 -0.291339
vn 0.897638 0.330709 -0.291339
vn 0.944882 0.330709 0.000000
vn 0.897638 0.330709 -0.291339
vn 0.897638 0.330709 -0.291339
vn 0.897638 0.330709 -0.291339
vn 0.763780 0.330709 -0.551181
vn 0.763780 0.330709 -0.551181
vn 0.897638 0.330709 -0.291339
vn 0.763780 0.330709 -0.551181
vn 0.763780 0.330709 -0.551181
vn 0.763780 0.330709 -0.551181
vn 0.551181 0.330709 -0.763780
vn 0.551181 0.330709 -0.763780
vn 0.763780 0.330709 -0.551181
vn 0.551181 0.330709 -0.763780
vn 0.551181 0.330709 -0.763780
vn 0.551181 0.330709 -0.763780
vn 0.291339 0.330709 -0.897638
vn 0.291339 0.330709 -0.897638
vn 0.551181 0.330709 -0.763780
vn 0.291339 0.330709 -0.897638
vn 0.291339 0.330709 -0.897638
vn 0.291339 0.330709 -0.897638
vn 0.000000 0.330709 -0.944882
vn 0.000000 0.330709 -0.944882
vn 0.291339 0.330709 -0.897638
vn 0.000000 0.330709 -0.944882
vn 0.000000 0.330709 -0.944882
vn 0.000000 0.330709 -0.944882
vn -0.291339 0.330709 -0.897638
vn -0.291339 0.330709 -0.897638
vn 0.000000 0.330709 -0.944882
vn -0.291339 0.330709 -0.897638
vn -0.291339 0.330709 -0.897638
vn -0.291339 0.330709 -0.897638
vn -0.551181 0.330709 -0.763780
vn -0.551181 0.330709 -0.763780
vn -0.291339 0.330709 -0.897638
vn -0.551181 0.330709 -0.763780
vn -0.551181 0.330709 -0.763780
vn -0.551181 0.330709 -0.763780
vn -0.763780 0.330709 -0.551181
vn -0.763780 0.330709 -0.551181
vn -0.551181 0.330709 -0.763780
vn -0.763780 0.330709 -0.551181
vn -0.763780 0.330709 -0.551181
vn -0.763780 0.330709 -0.551181
vn -0.897638 0.330709 -0.291339
vn -0.897638 0.330709 -0.291339
vn -0.763780 0.330709 -0.551181
vn -0.897638 0.330709 -0.291339
vn -0.897638 0.330709 -0.291339
vn -0.897638 0.330709 -0.291339
vn -0.944882 0.330709 0.000000
vn -0.944882 0.330709 0.000000
vn -0.897638 0.330709 -0.291339
vn -0.944882 0.330709 0.000000
vn 0.000000 -0.952756 0.307087
vn 0.000000 -0.952756 0.307087
vn 0.000000 -0.952756 0.307087
vn 0.000000 -0.952756 0.307087
vn 0.000000 -0.952756 0.307087
vn 0.000000 -0.952756 0.307087
vn -0.952756 0.015748 0.291339
vn -0.952756 0.015748 0.291339
vn -0.952756 0.015748 0.291339
vn -0.952756 0.015748 0.291339
vn -0.952756 0.015748 0.291339
vn -0.952756 0.015748 0.291339
vn 0.000000 0.976378 0.204724
vn 0.000000 0.976378 0.204724
vn 0.000000 0.976378 0.204724
vn 0.000000 0.976378 0.204724
vn 0.000000 0.976378 0.204724
vn 0.000000 0.976378 0.204724
vn 0.952756 0.015748 0.291339
vn 0.952756 0.015748 0.291339
vn 0.952756 0.015748 0.291339
vn 0.952756 0.015748 0.291339
vn 0.952756 0.015748 0.291339
vn 0.952756 0.015748 0.291339
vn 0.000000 0.055118 1.000000
vn 0.000000 0.055118 1.000000
vn 0.000000 0.055118 1.000000
vn 0.000000 0.055118 1.000000
vn 0.000000 0.055118 1.000000
vn 0.000000 0.055118 1.000000
vn 0.259843 -0.960630 -0.102362
vn 0.259843 -0.960630 -0.102362
vn 0.259843 -0.960630 -0.102362
vn 0.259843 -0.960630 -0.102362
vn 0.259843 -0.960630 -0.102362
vn 0.259843 -0.960630 -0.102362
vn 0.291339 -0.102362 0.952756
vn 0.291339 -0.102362 0.952756
vn 0.291339 -0.102362 0.952756
vn 0.291339 -0.102362 0.952756
vn 0.291339 -0.102362 0.952756
vn 0.291339 -0.102362 0.952756
vn 0.259843 0.960630 0.102362
vn 0.259843 0.960630 0.102362
vn 0.259843 0.960630 0.102362
vn 0.259843 0.960630 0.102362
vn 0.259843 0.960630 0.102362
vn 0.259843 0.960630 0.102362
vn 0.291339 0.102362 -0.952756
vn 0.291339 0.102362 -0.952756
vn 0.291339 0.102362 -0.952756
vn 0.291339 0.102362 -0.952756
vn 0.291339 0.102362 -0.952756
vn 0.291339 0.102362 -0.952756
vn 1.000000 0.000000 0.000000
vn 1.000000 0.000000 0.000000
vn 1.000000 0.000000 0.000000
vn 1.000000 0.000000 0.000000
vn 1.000000 0.000000 0.000000
vn 1.000000 0.000000 0.000000
vn 0.000000 -0.952756 0.307087
vn 0.000000 -0.952756 0.307087
vn 0.000000 -0.952756 0.307087
vn 0.000000 -0.952756 0.307087
vn 0.000000 -0.952756 0.307087
vn 0.000000 -0.952756 0.307087
vn 0.952756 0.015748 0.291339
vn 0.952756 0.015748 0.291339
vn 0.952756 0.015748 0.291339
vn 0.952756 0.015748 0.291339
vn 0.952756 0.015748 0.291339
vn 0.952756 0.015748 0.291339
vn 0.000000 0.976378 0.204724
vn 0.000000 0.976378 0.204724
vn 0.000000 0.976378 0.204724
vn 0.000000 0.976378 0.204724
vn 0.000000 0.976378 0.204724
vn 0.000000 0.976378 0.204724
vn -0.952756 0.015748 0.291339
vn -0.952756 0.015748 0.291339
vn -0.952756 0.015748 0.291339
vn -0.952756 0.015748 0.291339
vn -0.952756 0.015748 0.291339
vn -0.952756 0.015748 0.291339
vn 0.000000 0.055118 1.000000
vn 0.000000 0.055118 1.000000
vn 0.000000 0.055118 1.000000
vn 0.000000 0.055118 1.000000
vn 0.000000 0.055118 1.000000
vn 0.000000 0.055118 1.000000
vn -0.259843 -0.960630 -0.102362
vn -0.259843 -0.960630 -0.102362
vn -0.259843 -0.960630 -0.102362
vn -0.259843 -0.960630 -0.102362
vn -0.259843 -0.960630 -0.102362
vn -0.259843 -0.960630 -0.102362
vn -0.291339 -0.102362 0.952756
vn -0.291339 -0.102362 0.952756
vn -0.291339 -0.102362 0.952756
vn -0.291339 -0.102362 0.952756
vn -0.291339 -0.102362 0.952756
vn -0.291339 -0.102362 0.952756
vn -0.259843 0.960630 0.102362
vn -0.259843 0.960630 0.102362
vn -0.259843 0.960630 0.102362
vn -0.259843 0.960630 0.102362
vn -0.259843 0.960630 0.102362
vn -0.259843 0.960630 0.102362
vn -0.291339 0.102362 -0.952756
vn -0.291339 0.102362 -0.952756
vn -0.291339 0.102362 -0.952756
vn -0.291339 0.102362 -0.952756
vn -0.291339 0.102362 -0.952756
vn -0.291339 0.102362 -0.952756
vn -1.000000 0.000000 0.000000
vn -1.000000 0.000000 0.000000
vn -1.000000 0.000000 0.000000
vn -1.000000 0.000000 0.000000
vn -1.000000 0.000000 0.000000
vn -1.000000 0.000000 0.000000
vn 1.000000 0.000000 0.000000
vn 1.000000 0.000000 0.000000
vn 1.000000 0.000000 0.000000
vn 1.000000 0.000000 0.000000
vn 1.000000 0.000000 0.000000
vn 1.000000 0.000000 0.000000
vn 0.000000 0.181102 0.984252
vn 0.000000 0.181102 0.984252
vn 0.000000 0.181102 0.984252
vn 0.000000 0.181102 0.984252
vn 0.000000 0.181102 0.984252
vn 0.000000 0.181102 0.984252
vn 0.685039 0.070866 -0.724409
vn 0.685039 0.070866 -0.724409
vn 0.685039 0.070866 -0.724409
vn 0.685039 0.070866 -0.724409
vn 0.685039 0.070866 -0.724409
vn 0.685039 0.070866 -0.724409
vn 0.685039 0.039370 0.724409
vn 0.685039 0.039370 0.724409
vn 0.685039 0.039370 0.724409
vn 0.685039 0.039370 0.724409
vn 0.685039 0.039370 0.724409
vn 0.685039 0.039370 0.724409
vn 0.511811 0.858268 0.000000
vn 0.511811 0.858268 0.000000
vn 1.000000 0.000000 0.000000
vn 0.511811 0.858268 0.000000
vn 1.000000 0.000000 0.000000
vn 1.000000 0.000000 0.000000
vn 0.000000 0.055118 1.000000
vn 0.000000 0.055118 1.000000
vn 0.000000 0.055118 1.000000
vn 0.000000 0.055118 1.000000
vn 0.000000 0.055118 1.000000
vn 0.000000 0.055118 1.000000
vn 0.700787 0.062992 -0.708661
vn 0.700787 0.062992 -0.708661
vn 0.700787 0.062992 -0.708661
vn 0.700787 0.062992 -0.708661
vn 0.700787 0.062992 -0.708661
vn 0.700787 0.062992 -0.708661
vn 0.700787 0.039370 0.708661
vn 0.700787 0.039370 0.708661
vn 0.700787 0.039370 0.708661
vn 0.700787 0.039370 0.708661
vn 0.700787 0.039370 0.708661
vn 0.700787 0.039370 0.708661
vn 0.000000 0.834646 0.551181
vn 0.000000 0.834646 0.551181
vn 0.000000 0.031496 1.000000
vn 0.000000 0.834646 0.551181
vn 0.000000 0.031496 1.000000
vn 0.000000 0.031496 1.000000
vn 0.700787 0.015748 -0.708661
vn 0.283465 0.913386 -0.291339
vn 0.700787 0.015748 -0.708661
vn 0.283465 0.913386 -0.291339
vn 0.283465 0.913386 -0.291339
vn 0.700787 0.015748 -0.708661
vn 0.700787 0.007874 0.716535
vn 0.700787 0.007874 0.716535
vn 0.291339 0.913386 0.291339
vn 0.700787 0.007874 0.716535
vn 0.291339 0.913386 0.291339
vn 0.291339 0.913386 0.291339
vn 1.000000 0.000000 0.000000
vn 1.000000 0.000000 0.000000
vn 0.511811 -0.858268 0.000000
vn 1.000000 0.000000 0.000000
vn 0.511811 -0.858268 0.000000
vn 0.511811 -0.858268 0.000000
vn 0.000000 0.031496 1.000000
vn 0.000000 0.031496 1.000000
vn 0.000000 -0.803150 0.598425
vn 0.000000 0.031496 1.000000
vn 0.000000 -0.803150 0.598425
vn 0.000000 -0.803150 0.598425
vn 0.307087 -0.897638 -0.314961
vn 0.307087 -0.897638 -0.314961
vn 0.700787 0.015748 -0.708661
vn 0.307087 -0.897638 -0.314961
vn 0.700787 0.015748 -0.708661
vn 0.700787 0.015748 -0.708661
vn 0.299213 -0.905512 0.307087
vn 0.700787 0.007874 0.716535
vn 0.299213 -0.905512 0.307087
vn 0.700787 0.007874 0.716535
vn 0.700787 0.007874 0.716535
vn 0.299213 -0.905512 0.307087
vn 1.000000 0.000000 0.000000
vn 1.000000 0.000000 0.000000
vn 1.000000 0.000000 0.000000
vn 1.000000 0.000000 0.000000
vn 1.000000 0.000000 0.000000
vn 1.000000 0.000000 0.000000
vn 0.000000 -0.968504 0.259843
vn 0.000000 -0.968504 0.259843
vn 0.000000 -0.968504 0.259843
vn 0.000000 -0.968504 0.259843
vn 0.000000 -0.968504 0.259843
vn 0.000000 -0.968504 0.259843
vn 0.826772 0.078740 0.559055
vn 0.826772 0.078740 0.559055
vn 0.826772 0.078740 0.559055
vn 0.826772 0.078740 0.559055
vn 0.826772 0.078740 0.559055
vn 0.826772 0.078740 0.559055
vn 0.000000 0.811024 0.582677
vn 0.000000 0.811024 0.582677
vn 0.000000 0.811024 0.582677
vn 0.000000 0.811024 0.582677
vn 0.000000 0.811024 0.582677
vn 0.000000 0.811024 0.582677
vn -0.826772 0.078740 0.559055
vn -0.826772 0.078740 0.559055
vn -0.826772 0.078740 0.559055
vn -0.826772 0.078740 0.559055
vn -0.826772 0.078740 0.559055
vn -0.826772 0.078740 0.559055
vn 0.000000 -0.881890 0.464567
vn 0.000000 -0.881890 0.464567
vn 0.000000 -0.881890 0.464567
vn 0.000000 -0.881890 0.464567
vn 0.000000 -0.881890 0.464567
vn 0.000000 -0.881890 0.464567
vn 0.377953 0.062992 0.921260
vn 0.377953 0.062992 0.921260
vn 0.377953 0.062992 0.921260
vn 0.377953 0.062992 0.921260
vn 0.377953 0.062992 0.921260
vn 0.377953 0.062992 0.921260
vn -0.377953 0.062992 0.921260
vn -0.377953 0.062992 0.921260
vn -0.377953 0.062992 0.921260
vn -0.377953 0.062992 0.921260
vn -0.377953 0.062992 0.921260
vn -0.377953 0.062992 0.921260
vn 0.000000 0.535433 0.842520
vn 0.000000 0.535433 0.842520
vn 0.000000 0.535433 0.842520
vn 0.000000 0.535433 0.842520
vn 0.000000 0.535433 0.842520
vn 0.000000 0.535433 0.842520
vn 0.000000 -0.716535 -0.700787
vn 0.000000 -0.716535 -0.700787
vn 0.000000 -0.716535 -0.700787
vn 0.000000 -0.716535 -0.700787
vn 0.000000 -0.716535 -0.700787
vn 0.000000 -0.716535 -0.700787
vn 0.000000 -0.700787 0.708661
vn 0.000000 -0.700787 0.708661
vn 0.000000 -0.700787 0.708661
vn 0.000000 -0.700787 0.708661
vn 0.000000 -0.700787 0.708661
vn 0.000000 -0.700787 0.708661
vn -0.433071 -0.803150 -0.409449
vn -0.433071 -0.803150 -0.409449
vn -0.433071 -0.803150 -0.409449
vn -0.433071 -0.803150 -0.409449
vn -0.433071 -0.803150 -0.409449
vn -0.433071 -0.803150 -0.409449
vn 0.488189 -0.763780 -0.425197
vn 0.488189 -0.763780 -0.425197
vn 0.488189 -0.763780 -0.425197
vn 0.488189 -0.763780 -0.425197
vn 0.488189 -0.763780 -0.425197
vn 0.488189 -0.763780 -0.425197
vn -0.488189 -0.748031 0.448819
vn -0.488189 -0.748031 0.448819
vn -0.488189 -0.748031 0.448819
vn -0.488189 -0.748031 0.448819
vn -0.488189 -0.748031 0.448819
vn -0.488189 -0.748031 0.448819
vn 0.488189 -0.748031 0.448819
vn 0.488189 -0.748031 0.448819
vn 0.488189 -0.748031 0.448819
vn 0.488189 -0.748031 0.448819
vn 0.488189 -0.748031 0.448819
vn 0.488189 -0.748031 0.448819
vn 0.889764 -0.464567 0.000000
vn 0.889764 -0.464567 0.000000
vn 0.889764 -0.464567 0.000000
vn 0.889764 -0.464567 0.000000
vn 0.889764 -0.464567 0.000000
vn 0.889764 -0.464567 0.000000
vn -0.889764 -0.464567 0.000000
vn -0.889764 -0.464567 0.000000
vn -0.889764 -0.464567 0.000000
vn -0.889764 -0.464567 0.000000
vn -0.889764 -0.464567 0.000000
vn -0.889764 -0.464567 0.000000
vn -0.007874 -1.000000 0.000000
vn -0.007874 -1.000000 0.000000
vn -0.007874 -1.000000 0.000000
vn -0.007874 -1.000000 0.000000
vn -0.007874 -1.000000 0.000000
vn -0.007874 -1.000000 0.000000
vn -0.007874 -1.000000 0.000000
vn -0.007874 -1.000000 0.007874
vn -0.007874 -1.000000 0.000000
vn -0.007874 -1.000000 0.007874
vn -0.007874 -1.000000 0.007874
vn -0.007874 -1.000000 0.000000
vn -0.007874 -1.000000 0.007874
vn -0.007874 -1.000000 0.007874
vn -0.007874 -1.000000 0.007874
vn 0.000000 -1.000000 0.007874
vn -0.007874 -1.000000 0.007874
vn -0.007874 -1.000000 0.007874
vn 0.000000 -1.000000 0.007874
vn 0.000000 -1.000000 0.007874
vn -0.007874 -1.000000 0.007874
vn 0.000000 -1.000000 0.007874
vn 0.000000 -1.000000 0.007874
vn -0.007874 -1.000000 0.007874
vn -0.220472 -0.125984 -0.968504
vn -0.220472 -0.125984 -0.968504
vn -0.220472 -0.125984 -0.968504
vn -0.220472 -0.125984 -0.968504
vn -0.220472 -0.125984 -0.968504
vn -0.220472 -0.125984 -0.968504
vn 0.291339 -0.125984 -0.944882
vn 0.291339 -0.125984 -0.944882
vn 0.291339 -0.125984 -0.944882
vn 0.291339 -0.125984 -0.944882
vn 0.291339 -0.125984 -0.944882
vn 0.291339 -0.125984 -0.944882
vn 0.732283 -0.125984 -0.669291
vn 0.732283 -0.125984 -0.669291
vn 0.732283 -0.125984 -0.669291
vn 0.732283 -0.125984 -0.669291
vn 0.732283 -0.125984 -0.669291
vn 0.732283 -0.125984 -0.669291
vn 0.968504 -0.125984 -0.220472
vn 0.968504 -0.125984 -0.220472
vn 0.968504 -0.125984 -0.220472
vn 0.968504 -0.125984 -0.220472
vn 0.968504 -0.125984 -0.220472
vn 0.968504 -0.125984 -0.220472
vn 0.944882 -0.125984 0.291339
vn 0.944882 -0.125984 0.291339
vn 0.944882 -0.125984 0.291339
vn 0.944882 -0.125984 0.291339
vn 0.944882 -0.125984 0.291339
vn 0.944882 -0.125984 0.291339
vn 0.669291 -0.125984 0.732283
vn 0.669291 -0.125984 0.732283
vn 0.669291 -0.125984 0.732283
vn 0.669291 -0.125984 0.732283
vn 0.669291 -0.125984 0.732283
vn 0.669291 -0.125984 0.732283
vn 0.220472 -0.125984 0.968504
vn 0.220472 -0.125984 0.968504
vn 0.220472 -0.125984 0.968504
vn 0.220472 -0.125984 0.968504
vn 0.220472 -0.125984 0.968504
vn 0.220472 -0.125984 0.968504
vn -0.291339 -0.125984 0.944882
vn -0.291339 -0.125984 0.944882
vn -0.291339 -0.125984 0.944882
vn -0.291339 -0.125984 0.944882
vn -0.291339 -0.125984 0.944882
vn -0.291339 -0.125984 0.944882
vn -0.732283 -0.125984 0.669291
vn -0.732283 -0.125984 0.669291
vn -0.732283 -0.125984 0.669291
vn -0.732283 -0.125984 0.669291
vn -0.732283 -0.125984 0.669291
vn -0.732283 -0.125984 0.669291
vn -0.968504 -0.125984 0.220472
vn -0.968504 -0.125984 0.220472
vn -0.968504 -0.125984 0.220472
vn -0.968504 -0.125984 0.220472
vn -0.968504 -0.125984 0.220472
vn -0.968504 -0.125984 0.220472
vn -0.944882 -0.125984 -0.291339
vn -0.944882 -0.125984 -0.291339
vn -0.944882 -0.125984 -0.291339
vn -0.944882 -0.125984 -0.291339
vn -0.944882 -0.125984 -0.291339
vn -0.944882 -0.125984 -0.291339
vn -0.669291 -0.125984 -0.732283
vn -0.669291 -0.125984 -0.732283
vn -0.669291 -0.125984 -0.732283
vn -0.669291 -0.125984 -0.732283
vn -0.669291 -0.125984 -0.732283
vn -0.669291 -0.125984 -0.732283
vn 0.000000 -1.000000 0.000000
vn 0.000000 -1.000000 0.000000
vn 0.000000 -1.000000 0.000000
vn 0.000000 -1.000000 0.000000
vn 0.000000 -1.000000 0.000000
vn 0.000000 -1.000000 0.000000
vn 0.000000 -1.000000 0.000000
vn 0.000000 -1.000000 0.000000
vn 0.000000 -1.000000 0.000000
vn 0.000000 -1.000000 0.000000
vn 0.000000 -1.000000 0.000000
vn 0.000000 -1.000000 0.000000
vn 0.000000 -1.000000 0.000000
vn 0.000000 -1.000000 0.000000
vn 0.000000 -1.000000 0.000000
vn 0.000000 -1.000000 0.000000
vn 0.000000 -1.000000 0.000000
vn 0.000000 -1.000000 0.000000
vn 0.000000 -1.000000 0.000000
vn 0.000000 -1.000000 0.000000
vn 0.000000 -1.000000 0.000000
vn 0.000000 -1.000000 0.000000
vn 0.000000 -1.000000 0.000000
vn 0.000000 -1.000000 0.000000
vn 0.000000 -1.000000 0.000000
vn 0.000000 -1.000000 0.000000
vn 0.000000 -1.000000 0.000000
vn 0.000000 -1.000000 0.000000
vn 0.000000 -1.000000 0.000000
vn 0.000000 -1.000000 0.000000
vn 0.000000 -1.000000 0.000000
vn 0.000000 -1.000000 0.000000
vn 0.000000 -1.000000 0.000000
vn 0.000000 -1.000000 0.000000
vn 0.000000 -1.000000 0.000000
vn 0.000000 -1.000000 0.000000
vn 0.015748 -0.125984 -0.992126
vn 0.015748 -0.125984 -0.992126
vn 0.015748 -0.125984 -0.992126
vn 0.015748 -0.125984 -0.992126
vn 0.015748 -0.125984 -0.992126
vn 0.015748 -0.125984 -0.992126
vn 0.503937 -0.125984 -0.850394
vn 0.503937 -0.125984 -0.850394
vn 0.503937 -0.125984 -0.850394
vn 0.503937 -0.125984 -0.850394
vn 0.503937 -0.125984 -0.850394
vn 0.503937 -0.125984 -0.850394
vn 0.866142 -0.125984 -0.488189
vn 0.866142 -0.125984 -0.488189
vn 0.866142 -0.125984 -0.488189
vn 0.866142 -0.125984 -0.488189
vn 0.866142 -0.125984 -0.488189
vn 0.866142 -0.125984 -0.488189
vn 0.992126 -0.125984 0.015748
vn 0.992126 -0.125984 0.015748
vn 0.992126 -0.125984 0.015748
vn 0.992126 -0.125984 0.015748
vn 0.992126 -0.125984 0.015748
vn 0.992126 -0.125984 0.015748
vn 0.850394 -0.125984 0.503937
vn 0.850394 -0.125984 0.503937
vn 0.850394 -0.125984 0.503937
vn 0.850394 -0.125984 0.503937
vn 0.850394 -0.125984 0.503937
vn 0.850394 -0.125984 0.503937
vn 0.488189 -0.125984 0.866142
vn 0.488189 -0.125984 0.866142
vn 0.488189 -0.125984 0.866142
vn 0.488189 -0.125984 0.866142
vn 0.488189 -0.125984 0.866142
vn 0.488189 -0.125984 0.866142
vn -0.015748 -0.125984 0.992126
vn -0.015748 -0.125984 0.992126
vn -0.015748 -0.125984 0.992126
vn -0.015748 -0.125984 0.992126
vn -0.015748 -0.125984 0.992126
vn -0.015748 -0.125984 0.992126
vn -0.503937 -0.125984 0.850394
vn -0.503937 -0.125984 0.850394
vn -0.503937 -0.125984 0.850394
vn -0.503937 -0.125984 0.850394
vn -0.503937 -0.125984 0.850394
vn -0.503937 -0.125984 0.850394
vn -0.866142 -0.125984 0.488189
vn -0.866142 -0.125984 0.488189
vn -0.866142 -0.125984 0.488189
vn -0.866142 -0.125984 0.488189
vn -0.866142 -0.125984 0.488189
vn -0.866142 -0.125984 0.488189
vn -0.992126 -0.125984 -0.015748
vn -0.992126 -0.125984 -0.015748
vn -0.992126 -0.125984 -0.015748
vn -0.992126 -0.125984 -0.015748
vn -0.992126 -0.125984 -0.015748
vn -0.992126 -0.125984 -0.015748
vn -0.850394 -0.125984 -0.503937
vn -0.850394 -0.125984 -0.503937
vn -0.850394 -0.125984 -0.503937
vn -0.850394 -0.125984 -0.503937
vn -0.850394 -0.125984 -0.503937
vn -0.850394 -0.125984 -0.503937
vn -0.488189 -0.125984 -0.866142
vn -0.488189 -0.125984 -0.866142
vn -0.488189 -0.125984 -0.866142
vn -0.488189 -0.125984 -0.866142
vn -0.488189 -0.125984 -0.866142
vn -0.488189 -0.125984 -0.866142
vn 0.000000 -1.000000 0.000000
vn 0.000000 -1.000000 0.000000
vn 0.000000 -1.000000 0.000000
vn 0.000000 -1.000000 0.000000
vn 0.000000 -1.000000 0.000000
vn 0.000000 -1.000000 0.000000
vn 0.000000 -1.000000 0.000000
vn 0.000000 -1.000000 0.000000
vn 0.000000 -1.000000 0.000000
vn 0.000000 -1.000000 0.000000
vn 0.000000 -1.000000 0.000000
vn 0.000000 -1.000000 0.000000
vn 0.000000 -1.000000 0.000000
vn 0.000000 -1.000000 0.000000
vn 0.000000 -1.000000 0.000000
vn 0.000000 -1.000000 0.000000
vn 0.000000 -1.000000 0.000000
vn 0.000000 -1.000000 0.000000
vn 0.000000 -1.000000 0.000000
vn 0.000000 -1.000000 0.000000
vn 0.000000 -1.000000 0.000000
vn 0.000000 -1.000000 0.000000
vn 0.000000 -1.000000 0.000000
vn 0.000000 -1.000000 0.000000
vn 0.000000 -1.000000 0.000000
vn 0.000000 -1.000000 0.000000
vn 0.000000 -1.000000 0.000000
vn 0.000000 -1.000000 0.000000
vn 0.000000 -1.000000 0.000000
vn 0.000000 -1.000000 0.000000
vn 0.000000 -1.000000 0.000000
vn 0.000000 -1.000000 0.000000
vn 0.000000 -1.000000 0.000000
vn 0.000000 -1.000000 0.000000
vn 0.000000 -1.000000 0.000000
vn 0.000000 -1.000000 0.000000
vn -0.015748 -0.275591 0.960630
vn -0.015748 -0.275591 0.960630
vn -0.015748 -0.275591 0.960630
vn -0.015748 -0.275591 0.960630
vn -0.015748 -0.275591 0.960630
vn -0.015748 -0.275591 0.960630
vn -0.173228 -0.984252 0.000000
vn -0.173228 -0.984252 0.000000
vn -0.173228 -0.984252 0.000000
vn -0.173228 -0.984252 0.000000
vn -0.173228 -0.984252 0.000000
vn -0.173228 -0.984252 0.000000
vn -0.015748 -0.275591 -0.960630
vn -0.015748 -0.275591 -0.960630
vn -0.015748 -0.275591 -0.960630
vn -0.015748 -0.275591 -0.960630
vn -0.015748 -0.275591 -0.960630
vn -0.015748 -0.275591 -0.960630
vn -0.944882 -0.322835 0.000000
vn -0.944882 -0.322835 0.000000
vn -0.944882 -0.322835 0.000000
vn -0.944882 -0.322835 0.000000
vn -0.944882 -0.322835 0.000000
vn -0.944882 -0.322835 0.000000
vn 0.944882 -0.322835 0.000000
vn 0.944882 -0.322835 0.000000
vn 0.944882 -0.322835 0.000000
vn 0.944882 -0.322835 0.000000
vn 0.944882 -0.322835 0.000000
vn 0.944882 -0.322835 0.000000
vn 0.173228 -0.984252 0.000000
vn 0.173228 -0.984252 0.000000
vn 0.173228 -0.984252 0.000000
vn 0.173228 -0.984252 0.000000
vn 0.173228 -0.984252 0.000000
vn 0.173228 -0.984252 0.000000
vn -0.015748 -0.275591 0.960630
vn -0.015748 -0.275591 0.960630
vn -0.015748 -0.275591 0.960630
vn -0.015748 -0.275591 0.960630
vn -0.015748 -0.275591 0.960630
vn -0.015748 -0.275591 0.960630
vn -0.173228 -0.984252 0.000000
vn -0.173228 -0.984252 0.000000
vn -0.173228 -0.984252 0.000000
vn -0.173228 -0.984252 0.000000
vn -0.173228 -0.984252 0.000000
vn -0.173228 -0.984252 0.000000
vn -0.015748 -0.275591 -0.960630
vn -0.015748 -0.275591 -0.960630
vn -0.015748 -0.275591 -0.960630
vn -0.015748 -0.275591 -0.960630
vn -0.015748 -0.275591 -0.960630
vn -0.015748 -0.275591 -0.960630
vn -0.944882 -0.322835 0.000000
vn -0.944882 -0.322835 0.000000
vn -0.944882 -0.322835 0.000000
vn -0.944882 -0.322835 0.000000
vn -0.944882 -0.322835 0.000000
vn -0.944882 -0.322835 0.000000
vn 0.944882 -0.322835 0.000000
vn 0.944882 -0.322835 0.000000
vn 0.944882 -0.322835 0.000000
vn 0.944882 -0.322835 0.000000
vn 0.944882 -0.322835 0.000000
vn 0.944882 -0.322835 0.000000
vn 0.173228 -0.984252 0.000000
vn 0.173228 -0.984252 0.000000
vn 0.173228 -0.984252 0.000000
vn 0.173228 -0.984252 0.000000
vn 0.173228 -0.984252 0.000000
vn 0.173228 -0.984252 0.000000
vn -0.763780 -0.125984 0.629921
vn -0.763780 -0.125984 0.629921
vn -0.763780 -0.125984 0.629921
vn -0.763780 -0.125984 0.629921
vn -0.763780 -0.125984 0.629921
vn -0.763780 -0.125984 0.629921
vn -0.976378 -0.125984 0.157480
vn -0.976378 -0.125984 0.157480
vn -0.976378 -0.125984 0.157480
vn -0.976378 -0.125984 0.157480
vn -0.976378 -0.125984 0.157480
vn -0.976378 -0.125984 0.157480
vn -0.929134 -0.125984 -0.354331
vn -0.929134 -0.125984 -0.354331
vn -0.929134 -0.125984 -0.354331
vn -0.929134 -0.125984 -0.354331
vn -0.929134 -0.125984 -0.354331
vn -0.929134 -0.125984 -0.354331
vn -0.629921 -0.125984 -0.763780
vn -0.629921 -0.125984 -0.763780
vn -0.629921 -0.125984 -0.763780
vn -0.629921 -0.125984 -0.763780
vn -0.629921 -0.125984 -0.763780
vn -0.629921 -0.125984 -0.763780
vn -0.157480 -0.125984 -0.976378
vn -0.157480 -0.125984 -0.976378
vn -0.157480 -0.125984 -0.976378
vn -0.157480 -0.125984 -0.976378
vn -0.157480 -0.125984 -0.976378
vn -0.157480 -0.125984 -0.976378
vn 0.354331 -0.125984 -0.929134
vn 0.354331 -0.125984 -0.929134
vn 0.354331 -0.125984 -0.929134
vn 0.354331 -0.125984 -0.929134
vn 0.354331 -0.125984 -0.929134
vn 0.354331 -0.125984 -0.929134
vn 0.763780 -0.125984 -0.629921
vn 0.763780 -0.125984 -0.629921
vn 0.763780 -0.125984 -0.629921
vn 0.763780 -0.125984 -0.629921
vn 0.763780 -0.125984 -0.629921
vn 0.763780 -0.125984 -0.629921
vn 0.976378 -0.125984 -0.157480
vn 0.976378 -0.125984 -0.157480
vn 0.976378 -0.125984 -0.157480
vn 0.976378 -0.125984 -0.157480
vn 0.976378 -0.125984 -0.157480
vn 0.976378 -0.125984 -0.157480
vn 0.929134 -0.125984 0.354331
vn 0.929134 -0.125984 0.354331
vn 0.929134 -0.125984 0.354331
vn 0.929134 -0.125984 0.354331
vn 0.929134 -0.125984 0.354331
vn 0.929134 -0.125984 0.354331
vn 0.629921 -0.125984 0.763780
vn 0.629921 -0.125984 0.763780
vn 0.629921 -0.125984 0.763780
vn 0.629921 -0.125984 0.763780
vn 0.629921 -0.125984 0.763780
vn 0.629921 -0.125984 0.763780
vn 0.157480 -0.125984 0.976378
vn 0.157480 -0.125984 0.976378
vn 0.157480 -0.125984 0.976378
vn 0.157480 -0.125984 0.976378
vn 0.157480 -0.125984 0.976378
vn 0.157480 -0.125984 0.976378
vn -0.354331 -0.125984 0.929134
vn -0.354331 -0.125984 0.929134
vn -0.354331 -0.125984 0.929134
vn -0.354331 -0.125984 0.929134
vn -0.354331 -0.125984 0.929134
vn -0.354331 -0.125984 0.929134
vn 0.000000 -1.000000 0.000000
vn 0.000000 -1.000000 0.000000
vn 0.000000 -1.000000 0.000000
vn 0.000000 -1.000000 0.000000
vn 0.000000 -1.000000 0.000000
vn 0.000000 -1.000000 0.000000
vn 0.000000 -1.000000 0.000000
vn 0.000000 -1.000000 0.000000
vn 0.000000 -1.000000 0.000000
vn 0.000000 -1.000000 0.000000
vn 0.000000 -1.000000 0.000000
vn 0.000000 -1.000000 0.000000
vn 0.000000 -1.000000 0.000000
vn 0.000000 -1.000000 0.000000
vn 0.000000 -1.000000 0.000000
vn 0.000000 -1.000000 0.000000
vn 0.000000 -1.000000 0.000000
vn 0.000000 -1.000000 0.000000
vn 0.000000 -1.000000 0.000000
vn 0.000000 -1.000000 0.000000
vn 0.000000 -1.000000 0.000000
vn 0.000000 -1.000000 0.000000
vn 0.000000 -1.000000 0.000000
vn 0.000000 -1.000000 0.000000
vn 0.000000 -1.000000 0.000000
vn 0.000000 -1.000000 0.000000
vn 0.000000 -1.000000 0.000000
vn 0.000000 -1.000000 0.000000
vn 0.000000 -1.000000 0.000000
vn 0.000000 -1.000000 0.000000
vn 0.000000 -1.000000 0.000000
vn 0.000000 -1.000000 0.000000
vn 0.000000 -1.000000 0.000000
vn 0.000000 -1.000000 0.000000
vn 0.000000 -1.000000 0.000000
vn 0.000000 -1.000000 0.000000
vn 0.000000 -1.000000 0.000000
vn 0.000000 -1.000000 0.000000
vn 0.000000 -1.000000 0.000000
vn 0.000000 -1.000000 0.000000
vn 0.000000 -1.000000 0.000000
vn 0.000000 -1.000000 0.000000
vn 0.000000 -0.299213 0.952756
vn 0.000000 -0.299213 0.952756
vn 0.000000 -0.299213 0.952756
vn 0.000000 -0.299213 0.952756
vn 0.000000 -0.299213 0.952756
vn 0.000000 -0.299213 0.952756
vn -0.960630 -0.283465 0.000000
vn -0.960630 -0.283465 0.000000
vn -0.960630 -0.283465 0.000000
vn -0.960630 -0.283465 0.000000
vn -0.960630 -0.283465 0.000000
vn -0.960630 -0.283465 0.000000
vn 0.000000 -0.299213 -0.952756
vn 0.000000 -0.299213 -0.952756
vn 0.000000 -0.299213 -0.952756
vn 0.000000 -0.299213 -0.952756
vn 0.000000 -0.299213 -0.952756
vn 0.000000 -0.299213 -0.952756
vn 0.960630 -0.283465 0.000000
vn 0.960630 -0.283465 0.000000
vn 0.960630 -0.283465 0.000000
vn 0.960630 -0.283465 0.000000
vn 0.960630 -0.283465 0.000000
vn 0.960630 -0.283465 0.000000
vn 0.000000 -1.000000 0.000000
vn 0.000000 -1.000000 0.000000
vn 0.000000 -1.000000 0.000000
vn 0.000000 -1.000000 0.000000
vn 0.000000 -1.000000 0.000000
vn 0.000000 -1.000000 0.000000
vn -0.220472 0.937008 0.275591
vn 0.220472 0.937008 0.275591
vn -0.220472 0.937008 0.275591
vn 0.220472 0.937008 0.275591
vn 0.220472 0.937008 0.275591
vn -0.220472 0.937008 0.275591
vn 0.220472 0.937008 0.275591
vn 0.220472 0.937008 0.275591
vn 0.220472 0.944882 -0.244094
vn -0.220472 0.937008 0.275591
vn -0.220472 0.944882 -0.244094
vn -0.220472 0.937008 0.275591
vn 0.220472 0.937008 0.275591
vn 0.220472 0.944882 -0.244094
vn 0.220472 0.944882 -0.244094
vn -0.220472 0.944882 -0.244094
vn -0.220472 0.944882 -0.244094
vn -0.220472 0.937008 0.275591
vn 0.220472 0.944882 -0.244094
vn -0.220472 0.944882 -0.244094
vn 0.220472 0.944882 -0.244094
vn -0.220472 0.944882 -0.244094
vn -0.220472 0.944882 -0.244094
vn 0.220472 0.944882 -0.244094
vn 0.000000 1.000000 0.000000
vn 0.000000 1.000000 0.000000
vn 0.000000 1.000000 0.000000
vn 0.000000 1.000000 0.000000
vn 0.000000 1.000000 0.000000
vn 0.000000 1.000000 0.000000
vn 0.000000 1.000000 0.000000
vn 0.000000 1.000000 0.000000
vn 0.000000 1.000000 0.000000
vn 0.000000 1.000000 0.000000
vn 0.000000 1.000000 0.000000
vn 0.000000 1.000000 0.000000
vn 0.000000 1.000000 0.000000
vn 0.000000 1.000000 0.000000
vn 0.000000 1.000000 0.000000
vn 0.000000 1.000000 0.000000
vn 0.000000 1.000000 0.000000
vn 0.000000 1.000000 0.000000
vn 0.000000 1.000000 0.000000
vn 0.000000 1.000000 0.000000
vn 0.000000 1.000000 0.000000
vn 0.000000 1.000000 0.000000
vn 0.000000 1.000000 0.000000
vn 0.000000 1.000000 0.000000
vn 0.000000 1.000000 0.000000
vn 0.000000 1.000000 0.000000
vn 0.000000 1.000000 0.000000
vn 0.000000 1.000000 0.000000
vn 0.000000 1.000000 0.000000
vn 0.000000 1.000000 0.000000
vn 0.000000 1.000000 0.000000
vn 0.000000 1.000000 0.000000
vn 0.000000 1.000000 0.000000
vn 0.000000 1.000000 0.000000
vn 0.000000 1.000000 0.000000
vn 0.000000 1.000000 0.000000
vn 0.000000 1.000000 0.000000
vn 0.000000 1.000000 0.000000
vn 0.000000 1.000000 0.000000
vn 0.000000 1.000000 0.000000
vn 0.000000 1.000000 0.000000
vn 0.000000 1.000000 0.000000
vn 0.000000 1.000000 0.000000
vn 0.000000 1.000000 0.000000
vn 0.000000 1.000000 0.000000
vn 0.000000 1.000000 0.000000
vn 0.000000 1.000000 0.000000
vn 0.000000 1.000000 0.000000
vn 0.000000 1.000000 0.000000
vn 0.000000 1.000000 0.000000
vn 0.000000 1.000000 0.000000
vn 0.000000 1.000000 0.000000
vn 0.000000 1.000000 0.000000
vn 0.000000 1.000000 0.000000
vn 0.000000 1.000000 0.000000
vn 0.000000 1.000000 0.000000
vn 0.000000 1.000000 0.000000
vn 0.000000 1.000000 0.000000
vn 0.000000 1.000000 0.000000
vn 0.000000 1.000000 0.000000
vn 0.000000 0.062992 1.000000
vn 0.000000 0.062992 1.000000
vn 0.000000 0.062992 1.000000
vn 0.000000 0.062992 1.000000
vn 0.000000 0.062992 1.000000
vn 0.000000 0.062992 1.000000
vn 0.000000 0.062992 1.000000
vn 0.000000 0.062992 1.000000
vn 0.000000 0.062992 1.000000
vn 0.000000 0.062992 1.000000
vn 0.000000 0.062992 1.000000
vn 0.000000 0.062992 1.000000
vn 0.000000 0.062992 1.000000
vn 0.000000 0.062992 1.000000
vn 0.000000 0.062992 1.000000
vn 0.000000 0.062992 1.000000
vn 0.000000 0.062992 1.000000
vn 0.000000 0.062992 1.000000
vn 0.000000 0.062992 1.000000
vn 0.000000 0.062992 1.000000
vn 0.000000 0.062992 1.000000
vn 0.000000 0.062992 1.000000
vn 0.000000 0.062992 1.000000
vn 0.000000 0.062992 1.000000
vn -0.094488 -0.582677 0.803150
vn -0.094488 -0.582677 0.803150
vn -0.031496 -0.614173 0.787402
vn -0.094488 -0.582677 0.803150
vn -0.094488 -0.582677 0.803150
vn -0.212598 -0.574803 0.787402
vn -0.094488 -0.582677 0.803150
vn -0.212598 -0.574803 0.787402
vn -0.212598 -0.574803 0.787402
vn -0.212598 -0.574803 0.787402
vn -0.212598 -0.574803 0.787402
vn -0.330709 -0.582677 0.740157
vn -0.330709 -0.582677 0.740157
vn -0.212598 -0.574803 0.787402
vn -0.330709 -0.582677 0.740157
vn -0.330709 -0.582677 0.740157
vn -0.330709 -0.582677 0.740157
vn -0.440945 -0.590551 0.677165
vn -0.440945 -0.590551 0.677165
vn -0.330709 -0.582677 0.740157
vn -0.440945 -0.590551 0.677165
vn -0.440945 -0.590551 0.677165
vn -0.440945 -0.590551 0.677165
vn -0.551181 -0.598425 0.574803
vn -0.551181 -0.598425 0.574803
vn -0.440945 -0.590551 0.677165
vn -0.551181 -0.598425 0.574803
vn -0.551181 -0.598425 0.574803
vn -0.551181 -0.598425 0.574803
vn -0.645669 -0.606299 0.464567
vn -0.645669 -0.606299 0.464567
vn -0.551181 -0.598425 0.574803
vn -0.645669 -0.606299 0.464567
vn -0.645669 -0.606299 0.464567
vn -0.645669 -0.606299 0.464567
vn -0.700787 -0.614173 0.362205
vn -0.700787 -0.614173 0.362205
vn -0.645669 -0.606299 0.464567
vn -0.700787 -0.614173 0.362205
vn -0.700787 -0.614173 0.362205
vn -0.700787 -0.614173 0.362205
vn -0.740157 -0.637795 0.220472
vn -0.740157 -0.637795 0.220472
vn -0.700787 -0.614173 0.362205
vn -0.740157 -0.637795 0.220472
vn -0.740157 -0.637795 0.220472
vn -0.740157 -0.637795 0.220472
vn -0.716535 -0.692913 0.070866
vn -0.716535 -0.692913 0.070866
vn -0.740157 -0.637795 0.220472
vn -0.716535 -0.692913 0.070866
vn -0.716535 -0.692913 0.070866
vn -0.716535 -0.692913 0.070866
vn -0.677165 -0.732283 0.000000
vn -0.677165 -0.732283 0.000000
vn -0.716535 -0.692913 0.070866
vn -0.677165 -0.732283 0.000000
vn -0.716535 -0.692913 -0.070866
vn -0.677165 -0.732283 0.000000
vn -0.677165 -0.732283 0.000000
vn -0.716535 -0.692913 -0.070866
vn -0.716535 -0.692913 -0.070866
vn -0.677165 -0.732283 0.000000
vn -0.716535 -0.692913 -0.070866
vn -0.716535 -0.692913 -0.070866
vn -0.740157 -0.637795 -0.220472
vn -0.716535 -0.692913 -0.070866
vn -0.740157 -0.637795 -0.220472
vn -0.740157 -0.637795 -0.220472
vn -0.740157 -0.637795 -0.220472
vn -0.740157 -0.637795 -0.220472
vn -0.700787 -0.614173 -0.362205
vn -0.740157 -0.637795 -0.220472
vn -0.700787 -0.614173 -0.362205
vn -0.700787 -0.614173 -0.362205
vn -0.700787 -0.614173 -0.362205
vn -0.700787 -0.614173 -0.362205
vn -0.645669 -0.606299 -0.464567
vn -0.700787 -0.614173 -0.362205
vn -0.645669 -0.606299 -0.464567
vn -0.645669 -0.606299 -0.464567
vn -0.645669 -0.606299 -0.464567
vn -0.645669 -0.606299 -0.464567
vn -0.551181 -0.598425 -0.574803
vn -0.094488 -0.582677 0.803150
vn -0.031496 -0.614173 0.787402
vn -0.031496 -0.614173 0.787402
vn -0.645669 -0.606299 -0.464567
vn -0.551181 -0.598425 -0.574803
vn -0.551181 -0.598425 -0.574803
vn -0.551181 -0.598425 -0.574803
vn -0.551181 -0.598425 -0.574803
vn -0.440945 -0.590551 -0.677165
vn -0.551181 -0.598425 -0.574803
vn -0.440945 -0.590551 -0.677165
vn -0.440945 -0.590551 -0.677165
vn -0.440945 -0.590551 -0.677165
vn -0.440945 -0.590551 -0.677165
vn -0.330709 -0.582677 -0.740157
vn -0.440945 -0.590551 -0.677165
vn -0.330709 -0.582677 -0.740157
vn -0.330709 -0.582677 -0.740157
vn -0.330709 -0.582677 -0.740157
vn -0.330709 -0.582677 -0.740157
vn -0.212598 -0.574803 -0.787402
vn -0.330709 -0.582677 -0.740157
vn -0.212598 -0.574803 -0.787402
vn -0.212598 -0.574803 -0.787402
vn -0.212598 -0.574803 -0.787402
vn -0.094488 -0.582677 -0.803150
vn -0.212598 -0.574803 -0.787402
vn -0.094488 -0.582677 -0.803150
vn -0.094488 -0.582677 -0.803150
vn -0.212598 -0.574803 -0.787402
vn -0.094488 -0.582677 -0.803150
vn -0.094488 -0.582677 -0.803150
vn -0.031496 -0.614173 -0.787402
vn -0.031496 -0.614173 -0.787402
vn -0.094488 -0.582677 -0.803150
vn -0.031496 -0.614173 -0.787402
vn 0.031496 -0.614173 -0.787402
vn -0.031496 -0.614173 -0.787402
vn -0.031496 -0.614173 -0.787402
vn 0.031496 -0.614173 -0.787402
vn 0.031496 -0.614173 -0.787402
vn -0.031496 -0.614173 -0.787402
vn 0.094488 -0.582677 -0.803150
vn 0.031496 -0.614173 -0.787402
vn 0.031496 -0.614173 -0.787402
vn 0.094488 -0.582677 -0.803150
vn 0.094488 -0.582677 -0.803150
vn 0.031496 -0.614173 -0.787402
vn 0.094488 -0.582677 -0.803150
vn 0.094488 -0.582677 -0.803150
vn 0.212598 -0.574803 -0.787402
vn 0.094488 -0.582677 -0.803150
vn 0.212598 -0.574803 -0.787402
vn 0.212598 -0.574803 -0.787402
vn 0.212598 -0.574803 -0.787402
vn 0.212598 -0.574803 -0.787402
vn 0.330709 -0.582677 -0.740157
vn 0.330709 -0.582677 -0.740157
vn 0.212598 -0.574803 -0.787402
vn 0.330709 -0.582677 -0.740157
vn 0.330709 -0.582677 -0.740157
vn 0.330709 -0.582677 -0.740157
vn 0.440945 -0.590551 -0.677165
vn 0.440945 -0.590551 -0.677165
vn 0.330709 -0.582677 -0.740157
vn 0.440945 -0.590551 -0.677165
vn 0.440945 -0.590551 -0.677165
vn 0.440945 -0.590551 -0.677165
vn 0.551181 -0.598425 -0.574803
vn 0.551181 -0.598425 -0.574803
vn 0.440945 -0.590551 -0.677165
vn 0.551181 -0.598425 -0.574803
vn 0.551181 -0.598425 -0.574803
vn 0.551181 -0.598425 -0.574803
vn 0.645669 -0.606299 -0.464567
vn 0.645669 -0.606299 -0.464567
vn 0.551181 -0.598425 -0.574803
vn 0.645669 -0.606299 -0.464567
vn 0.645669 -0.606299 -0.464567
vn 0.645669 -0.606299 -0.464567
vn 0.700787 -0.614173 -0.362205
vn 0.700787 -0.614173 -0.362205
vn 0.645669 -0.606299 -0.464567
vn 0.700787 -0.614173 -0.362205
vn -0.031496 -0.614173 0.787402
vn -0.031496 -0.614173 0.787402
vn 0.031496 -0.614173 0.787402
vn 0.700787 -0.614173 -0.362205
vn 0.700787 -0.614173 -0.362205
vn 0.740157 -0.637795 -0.220472
vn 0.740157 -0.637795 -0.220472
vn 0.700787 -0.614173 -0.362205
vn 0.740157 -0.637795 -0.220472
vn 0.740157 -0.637795 -0.220472
vn 0.740157 -0.637795 -0.220472
vn 0.716535 -0.692913 -0.078740
vn 0.716535 -0.692913 -0.078740
vn 0.740157 -0.637795 -0.220472
vn 0.716535 -0.692913 -0.078740
vn 0.716535 -0.692913 -0.078740
vn 0.716535 -0.692913 -0.078740
vn 0.677165 -0.732283 0.000000
vn 0.677165 -0.732283 0.000000
vn 0.716535 -0.692913 -0.078740
vn 0.677165 -0.732283 0.000000
vn 0.716535 -0.692913 0.078740
vn 0.677165 -0.732283 0.000000
vn 0.677165 -0.732283 0.000000
vn 0.716535 -0.692913 0.078740
vn 0.716535 -0.692913 0.078740
vn 0.677165 -0.732283 0.000000
vn 0.716535 -0.692913 0.078740
vn 0.716535 -0.692913 0.078740
vn 0.740157 -0.637795 0.220472
vn 0.716535 -0.692913 0.078740
vn 0.740157 -0.637795 0.220472
vn 0.740157 -0.637795 0.220472
vn 0.740157 -0.637795 0.220472
vn 0.740157 -0.637795 0.220472
vn 0.700787 -0.614173 0.362205
vn 0.740157 -0.637795 0.220472
vn 0.700787 -0.614173 0.362205
vn 0.700787 -0.614173 0.362205
vn 0.700787 -0.614173 0.362205
vn 0.700787 -0.614173 0.362205
vn 0.645669 -0.606299 0.464567
vn 0.700787 -0.614173 0.362205
vn 0.645669 -0.606299 0.464567
vn 0.645669 -0.606299 0.464567
vn 0.645669 -0.606299 0.464567
vn 0.645669 -0.606299 0.464567
vn 0.551181 -0.598425 0.574803
vn 0.645669 -0.606299 0.464567
vn 0.551181 -0.598425 0.574803
vn 0.551181 -0.598425 0.574803
vn 0.551181 -0.598425 0.574803
vn 0.551181 -0.598425 0.574803
vn 0.440945 -0.590551 0.677165
vn 0.551181 -0.598425 0.574803
vn 0.440945 -0.590551 0.677165
vn 0.440945 -0.590551 0.677165
vn 0.440945 -0.590551 0.677165
vn 0.440945 -0.590551 0.677165
vn 0.330709 -0.582677 0.740157
vn 0.440945 -0.590551 0.677165
vn 0.330709 -0.582677 0.740157
vn 0.330709 -0.582677 0.740157
vn 0.330709 -0.582677 0.740157
vn 0.330709 -0.582677 0.740157
vn 0.212598 -0.574803 0.787402
vn 0.330709 -0.582677 0.740157
vn 0.212598 -0.574803 0.787402
vn 0.212598 -0.574803 0.787402
vn 0.212598 -0.574803 0.787402
vn 0.094488 -0.582677 0.803150
vn 0.212598 -0.574803 0.787402
vn 0.094488 -0.582677 0.803150
vn 0.094488 -0.582677 0.803150
vn 0.212598 -0.574803 0.787402
vn 0.094488 -0.582677 0.803150
vn 0.094488 -0.582677 0.803150
vn 0.031496 -0.614173 0.787402
vn 0.031496 -0.614173 0.787402
vn 0.094488 -0.582677 0.803150
vn 0.031496 -0.614173 0.787402
vn -0.031496 -0.614173 0.787402
vn 0.031496 -0.614173 0.787402
vn 0.031496 -0.614173 0.787402
vn 0.055118 -0.976378 0.204724
vn 0.047244 -0.944882 0.314961
vn 0.086614 -0.952756 0.283465
vn -0.047244 -0.944882 0.314961
vn 0.047244 -0.944882 0.314961
vn 0.055118 -0.976378 0.204724
vn -0.055118 -0.976378 0.204724
vn -0.047244 -0.944882 0.314961
vn 0.055118 -0.976378 0.204724
vn 0.181102 -0.968504 0.181102
vn 0.055118 -0.976378 0.204724
vn 0.086614 -0.952756 0.283465
vn -0.086614 -0.952756 0.283465
vn -0.047244 -0.944882 0.314961
vn -0.055118 -0.976378 0.204724
vn -0.055118 -0.976378 0.204724
vn 0.055118 -0.976378 0.204724
vn 0.062992 -1.000000 0.000000
vn 0.062992 -1.000000 0.000000
vn 0.055118 -0.976378 0.204724
vn 0.181102 -0.968504 0.181102
vn -0.181102 -0.968504 0.181102
vn -0.086614 -0.952756 0.283465
vn -0.055118 -0.976378 0.204724
vn -0.086614 -0.952756 0.283465
vn -0.181102 -0.968504 0.181102
vn -0.078740 -0.960630 0.267717
vn -0.181102 -0.968504 0.181102
vn -0.118110 -0.960630 0.251969
vn -0.078740 -0.960630 0.267717
vn -0.181102 -0.968504 0.181102
vn -0.055118 -0.976378 0.204724
vn -0.062992 -1.000000 0.000000
vn -0.062992 -1.000000 0.000000
vn -0.055118 -0.976378 0.204724
vn 0.062992 -1.000000 0.000000
vn 0.086614 -0.952756 0.283465
vn 0.078740 -0.960630 0.267717
vn 0.181102 -0.968504 0.181102
vn 0.078740 -0.960630 0.267717
vn 0.118110 -0.960630 0.251969
vn 0.181102 -0.968504 0.181102
vn 0.118110 -0.960630 0.251969
vn 0.157480 -0.960630 0.236220
vn 0.181102 -0.968504 0.181102
vn 0.157480 -0.960630 0.236220
vn 0.188976 -0.960630 0.212598
vn 0.181102 -0.968504 0.181102
vn 0.196850 -0.984252 0.000000
vn 0.062992 -1.000000 0.000000
vn 0.181102 -0.968504 0.181102
vn 0.188976 -0.960630 0.212598
vn 0.236220 -0.960630 0.157480
vn 0.181102 -0.968504 0.181102
vn 0.181102 -0.968504 0.181102
vn 0.236220 -0.960630 0.157480
vn 0.251969 -0.960630 0.133858
vn -0.062992 -1.000000 0.000000
vn 0.062992 -1.000000 0.000000
vn 0.055118 -0.976378 -0.204724
vn 0.251969 -0.952756 0.157480
vn 0.181102 -0.968504 0.181102
vn 0.251969 -0.960630 0.133858
vn 0.259843 -0.960630 0.125984
vn 0.181102 -0.968504 0.181102
vn 0.251969 -0.952756 0.157480
vn 0.196850 -0.984252 0.000000
vn 0.181102 -0.968504 0.181102
vn 0.259843 -0.960630 0.125984
vn 0.062992 -1.000000 0.000000
vn 0.196850 -0.984252 0.000000
vn 0.181102 -0.968504 -0.181102
vn 0.055118 -0.976378 -0.204724
vn 0.062992 -1.000000 0.000000
vn 0.181102 -0.968504 -0.181102
vn -0.188976 -0.984252 0.000000
vn -0.181102 -0.968504 0.181102
vn -0.062992 -1.000000 0.000000
vn 0.267717 -0.960630 0.000000
vn 0.196850 -0.984252 0.000000
vn 0.259843 -0.960630 0.125984
vn 0.259843 -0.960630 -0.125984
vn 0.181102 -0.968504 -0.181102
vn 0.196850 -0.984252 0.000000
vn 0.267717 -0.960630 0.000000
vn 0.259843 -0.960630 -0.125984
vn 0.196850 -0.984252 0.000000
vn -0.055118 -0.976378 -0.204724
vn -0.062992 -1.000000 0.000000
vn 0.055118 -0.976378 -0.204724
vn -0.118110 -0.960630 0.251969
vn -0.181102 -0.968504 0.181102
vn -0.157480 -0.960630 0.236220
vn 0.251969 -0.952756 -0.157480
vn 0.181102 -0.968504 -0.181102
vn 0.259843 -0.960630 -0.125984
vn 0.251969 -0.952756 -0.157480
vn 0.251969 -0.960630 -0.133858
vn 0.181102 -0.968504 -0.181102
vn 0.251969 -0.960630 -0.133858
vn 0.236220 -0.960630 -0.157480
vn 0.181102 -0.968504 -0.181102
vn 0.181102 -0.968504 -0.181102
vn 0.086614 -0.952756 -0.283465
vn 0.055118 -0.976378 -0.204724
vn 0.236220 -0.960630 -0.157480
vn 0.188976 -0.960630 -0.212598
vn 0.181102 -0.968504 -0.181102
vn 0.181102 -0.968504 -0.181102
vn 0.188976 -0.960630 -0.212598
vn 0.157480 -0.960630 -0.236220
vn -0.055118 -0.976378 -0.204724
vn -0.181102 -0.968504 -0.181102
vn -0.062992 -1.000000 0.000000
vn -0.181102 -0.968504 -0.181102
vn -0.188976 -0.984252 0.000000
vn -0.062992 -1.000000 0.000000
vn 0.118110 -0.960630 -0.251969
vn 0.181102 -0.968504 -0.181102
vn 0.157480 -0.960630 -0.236220
vn 0.181102 -0.968504 -0.181102
vn 0.118110 -0.960630 -0.251969
vn 0.078740 -0.960630 -0.267717
vn 0.086614 -0.952756 -0.283465
vn 0.181102 -0.968504 -0.181102
vn 0.078740 -0.960630 -0.267717
vn 0.086614 -0.952756 -0.283465
vn 0.047244 -0.944882 -0.314961
vn 0.055118 -0.976378 -0.204724
vn 0.055118 -0.976378 -0.204724
vn 0.047244 -0.944882 -0.314961
vn -0.055118 -0.976378 -0.204724
vn -0.251969 -0.960630 0.125984
vn -0.181102 -0.968504 0.181102
vn -0.188976 -0.984252 0.000000
vn -0.244094 -0.960630 0.157480
vn -0.181102 -0.968504 0.181102
vn -0.251969 -0.960630 0.125984
vn 0.047244 -0.944882 -0.314961
vn -0.047244 -0.944882 -0.314961
vn -0.055118 -0.976378 -0.204724
vn -0.244094 -0.960630 0.157480
vn -0.251969 -0.960630 0.125984
vn -0.181102 -0.968504 0.181102
vn -0.181102 -0.968504 -0.181102
vn -0.055118 -0.976378 -0.204724
vn -0.086614 -0.952756 -0.283465
vn -0.055118 -0.976378 -0.204724
vn -0.047244 -0.944882 -0.314961
vn -0.086614 -0.952756 -0.283465
vn -0.251969 -0.960630 0.125984
vn -0.228346 -0.960630 0.157480
vn -0.181102 -0.968504 0.181102
vn -0.181102 -0.968504 0.181102
vn -0.228346 -0.960630 0.157480
vn -0.181102 -0.960630 0.212598
vn -0.181102 -0.968504 0.181102
vn -0.181102 -0.960630 0.212598
vn -0.157480 -0.960630 0.236220
vn -0.086614 -0.952756 -0.283465
vn -0.078740 -0.960630 -0.267717
vn -0.181102 -0.968504 -0.181102
vn -0.078740 -0.960630 -0.267717
vn -0.118110 -0.960630 -0.251969
vn -0.181102 -0.968504 -0.181102
vn -0.118110 -0.960630 -0.251969
vn -0.157480 -0.960630 -0.236220
vn -0.181102 -0.968504 -0.181102
vn -0.188976 -0.984252 0.000000
vn -0.181102 -0.968504 -0.181102
vn -0.251969 -0.960630 -0.125984
vn -0.157480 -0.960630 -0.236220
vn -0.181102 -0.960630 -0.212598
vn -0.181102 -0.968504 -0.181102
vn -0.181102 -0.960630 -0.212598
vn -0.228346 -0.960630 -0.157480
vn -0.181102 -0.968504 -0.181102
vn -0.181102 -0.968504 -0.181102
vn -0.228346 -0.960630 -0.157480
vn -0.251969 -0.960630 -0.125984
vn -0.244094 -0.960630 -0.157480
vn -0.181102 -0.968504 -0.181102
vn -0.251969 -0.960630 -0.125984
vn -0.251969 -0.960630 -0.125984
vn -0.181102 -0.968504 -0.181102
vn -0.244094 -0.960630 -0.157480
vn -0.259843 -0.968504 0.000000
vn -0.188976 -0.984252 0.000000
vn -0.251969 -0.960630 -0.125984
vn -0.259843 -0.968504 0.000000
vn -0.251969 -0.960630 0.125984
vn -0.188976 -0.984252 0.000000
vn 0.000000 -0.314961 0.952756
vn 0.000000 -0.314961 0.952756
vn 0.000000 -0.314961 0.952756
vn 0.000000 -0.314961 0.952756
vn 0.000000 -0.314961 0.952756
vn 0.000000 -0.314961 0.952756
vn 0.000000 -1.000000 0.000000
vn 0.000000 -1.000000 0.000000
vn 0.000000 -1.000000 0.000000
vn 0.000000 -1.000000 0.000000
vn 0.000000 -1.000000 0.000000
vn 0.000000 -1.000000 0.000000
vn 0.000000 -0.314961 -0.952756
vn 0.000000 -0.314961 -0.952756
vn 0.000000 -0.314961 -0.952756
vn 0.000000 -0.314961 -0.952756
vn 0.000000 -0.314961 -0.952756
vn 0.000000 -0.314961 -0.952756
vn -0.944882 -0.330709 0.000000
vn -0.944882 -0.330709 0.000000
vn -0.944882 -0.330709 0.000000
vn -0.944882 -0.330709 0.000000
vn -0.944882 -0.330709 0.000000
vn -0.944882 -0.330709 0.000000
vn 0.944882 -0.330709 0.000000
vn 0.944882 -0.330709 0.000000
vn 0.944882 -0.330709 0.000000
vn 0.944882 -0.330709 0.000000
vn 0.944882 -0.330709 0.000000
vn 0.944882 -0.330709 0.000000
vn 0.000000 -0.425197 0.905512
vn 0.000000 -0.425197 0.905512
vn 0.000000 -0.425197 0.905512
vn 0.000000 -0.425197 0.905512
vn 0.000000 -0.425197 0.905512
vn 0.000000 -0.425197 0.905512
vn 0.000000 -1.000000 0.000000
vn 0.000000 -1.000000 0.000000
vn 0.000000 -1.000000 0.000000
vn 0.000000 -1.000000 0.000000
vn 0.000000 -1.000000 0.000000
vn 0.000000 -1.000000 0.000000
vn 0.000000 -0.425197 -0.905512
vn 0.000000 -0.425197 -0.905512
vn 0.000000 -0.425197 -0.905512
vn 0.000000 -0.425197 -0.905512
vn 0.000000 -0.425197 -0.905512
vn 0.000000 -0.425197 -0.905512
vn -0.992126 -0.149606 0.000000
vn -0.992126 -0.149606 0.000000
vn -0.992126 -0.149606 0.000000
vn -0.992126 -0.149606 0.000000
vn -0.992126 -0.149606 0.000000
vn -0.992126 -0.149606 0.000000
vn 0.992126 -0.149606 0.000000
vn 0.992126 -0.149606 0.000000
vn 0.992126 -0.149606 0.000000
vn 0.992126 -0.149606 0.000000
vn 0.992126 -0.149606 0.000000
vn 0.992126 -0.149606 0.000000
vn 0.000000 -0.425197 0.905512
vn 0.000000 -0.425197 0.905512
vn 0.000000 -0.425197 0.905512
vn 0.000000 -0.425197 0.905512
vn 0.000000 -0.425197 0.905512
vn 0.000000 -0.425197 0.905512
vn 0.000000 -1.000000 0.000000
vn 0.000000 -1.000000 0.000000
vn 0.000000 -1.000000 0.000000
vn 0.000000 -1.000000 0.000000
vn 0.000000 -1.000000 0.000000
vn 0.000000 -1.000000 0.000000
vn 0.000000 -0.425197 -0.905512
vn 0.000000 -0.425197 -0.905512
vn 0.000000 -0.425197 -0.905512
vn 0.000000 -0.425197 -0.905512
vn 0.000000 -0.425197 -0.905512
vn 0.000000 -0.425197 -0.905512
vn -0.992126 -0.149606 0.000000
vn -0.992126 -0.149606 0.000000
vn -0.992126 -0.149606 0.000000
vn -0.992126 -0.149606 0.000000
vn -0.992126 -0.149606 0.000000
vn -0.992126 -0.149606 0.000000
vn 0.992126 -0.149606 0.000000
vn 0.992126 -0.149606 0.000000
vn 0.992126 -0.149606 0.000000
vn 0.992126 -0.149606 0.000000
vn 0.992126 -0.149606 0.000000
vn 0.992126 -0.149606 0.000000
vn 0.000000 -0.425197 0.905512
vn 0.000000 -0.425197 0.905512
vn 0.000000 -0.425197 0.905512
vn 0.000000 -0.425197 0.905512
vn 0.000000 -0.425197 0.905512
vn 0.000000 -0.425197 0.905512
vn 0.000000 -1.000000 0.000000
vn 0.000000 -1.000000 0.000000
vn 0.000000 -1.000000 0.000000
vn 0.000000 -1.000000 0.000000
vn 0.000000 -1.000000 0.000000
vn 0.000000 -1.000000 0.000000
vn 0.000000 -0.425197 -0.905512
vn 0.000000 -0.425197 -0.905512
vn 0.000000 -0.425197 -0.905512
vn 0.000000 -0.425197 -0.905512
vn 0.000000 -0.425197 -0.905512
vn 0.000000 -0.425197 -0.905512
vn -0.992126 -0.149606 0.000000
vn -0.992126 -0.149606 0.000000
vn -0.992126 -0.149606 0.000000
vn -0.992126 -0.149606 0.000000
vn -0.992126 -0.149606 0.000000
vn -0.992126 -0.149606 0.000000
vn 0.992126 -0.149606 0.000000
vn 0.992126 -0.149606 0.000000
vn 0.992126 -0.149606 0.000000
vn 0.992126 -0.149606 0.000000
vn 0.992126 -0.149606 0.000000
vn 0.992126 -0.149606 0.000000
vn 0.000000 -0.425197 0.905512
vn 0.000000 -0.425197 0.905512
vn 0.000000 -0.425197 0.905512
vn 0.000000 -0.425197 0.905512
vn 0.000000 -0.425197 0.905512
vn 0.000000 -0.425197 0.905512
vn 0.000000 -1.000000 0.000000
vn 0.000000 -1.000000 0.000000
vn 0.000000 -1.000000 0.000000
vn 0.000000 -1.000000 0.000000
vn 0.000000 -1.000000 0.000000
vn 0.000000 -1.000000 0.000000
vn 0.000000 -0.425197 -0.905512
vn 0.000000 -0.425197 -0.905512
vn 0.000000 -0.425197 -0.905512
vn 0.000000 -0.425197 -0.905512
vn 0.000000 -0.425197 -0.905512
vn 0.000000 -0.425197 -0.905512
vn -0.992126 -0.149606 0.000000
vn -0.992126 -0.149606 0.000000
vn -0.992126 -0.149606 0.000000
vn -0.992126 -0.149606 0.000000
vn -0.992126 -0.149606 0.000000
vn -0.992126 -0.149606 0.000000
vn 0.992126 -0.149606 0.000000
vn 0.992126 -0.149606 0.000000
vn 0.992126 -0.149606 0.000000
vn 0.992126 -0.149606 0.000000
vn 0.992126 -0.149606 0.000000
vn 0.992126 -0.149606 0.000000
mtllib mtl_p_int_monitor_a.mtl
g mtl_p_int_monitor_a
usemtl mtl_p_int_monitor_a
f 3/3/3 2/2/2 1/1/1
f 6/6/6 5/5/5 4/4/4
f 9/9/9 8/8/8 7/7/7
f 12/12/12 11/11/11 10/10/10
f 15/15/15 14/14/14 13/13/13
f 18/18/18 17/17/17 16/16/16
f 21/21/21 20/20/20 19/19/19
f 24/24/24 23/23/23 22/22/22
f 27/27/27 26/26/26 25/25/25
f 30/30/30 29/29/29 28/28/28
f 33/33/33 32/32/32 31/31/31
f 36/36/36 35/35/35 34/34/34
f 39/39/39 38/38/38 37/37/37
f 42/42/42 41/41/41 40/40/40
f 45/45/45 44/44/44 43/43/43
f 48/48/48 47/47/47 46/46/46
f 51/51/51 50/50/50 49/49/49
f 54/54/54 53/53/53 52/52/52
f 57/57/57 56/56/56 55/55/55
f 60/60/60 59/59/59 58/58/58
f 63/63/63 62/62/62 61/61/61
f 66/66/66 65/65/65 64/64/64
f 69/69/69 68/68/68 67/67/67
f 72/72/72 71/71/71 70/70/70
f 75/75/75 74/74/74 73/73/73
f 78/78/78 77/77/77 76/76/76
f 81/81/81 80/80/80 79/79/79
f 84/84/84 83/83/83 82/82/82
f 87/87/87 86/86/86 85/85/85
f 90/90/90 89/89/89 88/88/88
f 93/93/93 92/92/92 91/91/91
f 96/96/96 95/95/95 94/94/94
f 99/99/99 98/98/98 97/97/97
f 102/102/102 101/101/101 100/100/100
f 105/105/105 104/104/104 103/103/103
f 108/108/108 107/107/107 106/106/106
f 111/111/111 110/110/110 109/109/109
f 114/114/114 113/113/113 112/112/112
f 117/117/117 116/116/116 115/115/115
f 120/120/120 119/119/119 118/118/118
f 123/123/123 122/122/122 121/121/121
f 126/126/126 125/125/125 124/124/124
f 129/129/129 128/128/128 127/127/127
f 132/132/132 131/131/131 130/130/130
f 135/135/135 134/134/134 133/133/133
f 138/138/138 137/137/137 136/136/136
f 141/141/141 140/140/140 139/139/139
f 144/144/144 143/143/143 142/142/142
f 147/147/147 146/146/146 145/145/145
f 150/150/150 149/149/149 148/148/148
f 153/153/153 152/152/152 151/151/151
f 156/156/156 155/155/155 154/154/154
f 159/159/159 158/158/158 157/157/157
f 162/162/162 161/161/161 160/160/160
f 165/165/165 164/164/164 163/163/163
f 168/168/168 167/167/167 166/166/166
f 171/171/171 170/170/170 169/169/169
f 174/174/174 173/173/173 172/172/172
f 177/177/177 176/176/176 175/175/175
f 180/180/180 179/179/179 178/178/178
f 183/183/183 182/182/182 181/181/181
f 186/186/186 185/185/185 184/184/184
f 189/189/189 188/188/188 187/187/187
f 192/192/192 191/191/191 190/190/190
f 195/195/195 194/194/194 193/193/193
f 198/198/198 197/197/197 196/196/196
f 201/201/201 200/200/200 199/199/199
f 204/204/204 203/203/203 202/202/202
f 207/207/207 206/206/206 205/205/205
f 210/210/210 209/209/209 208/208/208
f 213/213/213 212/212/212 211/211/211
f 216/216/216 215/215/215 214/214/214
f 219/219/219 218/218/218 217/217/217
f 222/222/222 221/221/221 220/220/220
f 225/225/225 224/224/224 223/223/223
f 228/228/228 227/227/227 226/226/226
f 231/231/231 230/230/230 229/229/229
f 234/234/234 233/233/233 232/232/232
f 237/237/237 236/236/236 235/235/235
f 240/240/240 239/239/239 238/238/238
f 243/243/243 242/242/242 241/241/241
f 246/246/246 245/245/245 244/244/244
f 249/249/249 248/248/248 247/247/247
f 252/252/252 251/251/251 250/250/250
f 255/255/255 254/254/254 253/253/253
f 258/258/258 257/257/257 256/256/256
f 261/261/261 260/260/260 259/259/259
f 264/264/264 263/263/263 262/262/262
f 267/267/267 266/266/266 265/265/265
f 270/270/270 269/269/269 268/268/268
f 273/273/273 272/272/272 271/271/271
f 276/276/276 275/275/275 274/274/274
f 279/279/279 278/278/278 277/277/277
f 282/282/282 281/281/281 280/280/280
f 285/285/285 284/284/284 283/283/283
f 288/288/288 287/287/287 286/286/286
f 291/291/291 290/290/290 289/289/289
f 294/294/294 293/293/293 292/292/292
f 297/297/297 296/296/296 295/295/295
f 300/300/300 299/299/299 298/298/298
f 303/303/303 302/302/302 301/301/301
f 306/306/306 305/305/305 304/304/304
f 309/309/309 308/308/308 307/307/307
f 312/312/312 311/311/311 310/310/310
f 315/315/315 314/314/314 313/313/313
f 318/318/318 317/317/317 316/316/316
f 321/321/321 320/320/320 319/319/319
f 324/324/324 323/323/323 322/322/322
f 327/327/327 326/326/326 325/325/325
f 330/330/330 329/329/329 328/328/328
f 333/333/333 332/332/332 331/331/331
f 336/336/336 335/335/335 334/334/334
f 339/339/339 338/338/338 337/337/337
f 342/342/342 341/341/341 340/340/340
f 345/345/345 344/344/344 343/343/343
f 348/348/348 347/347/347 346/346/346
f 351/351/351 350/350/350 349/349/349
f 354/354/354 353/353/353 352/352/352
f 357/357/357 356/356/356 355/355/355
f 360/360/360 359/359/359 358/358/358
f 363/363/363 362/362/362 361/361/361
f 366/366/366 365/365/365 364/364/364
f 369/369/369 368/368/368 367/367/367
f 372/372/372 371/371/371 370/370/370
f 375/375/375 374/374/374 373/373/373
f 378/378/378 377/377/377 376/376/376
f 381/381/381 380/380/380 379/379/379
f 384/384/384 383/383/383 382/382/382
f 387/387/387 386/386/386 385/385/385
f 390/390/390 389/389/389 388/388/388
f 393/393/393 392/392/392 391/391/391
f 396/396/396 395/395/395 394/394/394
f 399/399/399 398/398/398 397/397/397
f 402/402/402 401/401/401 400/400/400
f 405/405/405 404/404/404 403/403/403
f 408/408/408 407/407/407 406/406/406
f 411/411/411 410/410/410 409/409/409
f 414/414/414 413/413/413 412/412/412
f 417/417/417 416/416/416 415/415/415
f 420/420/420 419/419/419 418/418/418
f 423/423/423 422/422/422 421/421/421
f 426/426/426 425/425/425 424/424/424
f 429/429/429 428/428/428 427/427/427
f 432/432/432 431/431/431 430/430/430
f 435/435/435 434/434/434 433/433/433
f 438/438/438 437/437/437 436/436/436
f 441/441/441 440/440/440 439/439/439
f 444/444/444 443/443/443 442/442/442
f 447/447/447 446/446/446 445/445/445
f 450/450/450 449/449/449 448/448/448
f 453/453/453 452/452/452 451/451/451
f 456/456/456 455/455/455 454/454/454
f 459/459/459 458/458/458 457/457/457
f 462/462/462 461/461/461 460/460/460
f 465/465/465 464/464/464 463/463/463
f 468/468/468 467/467/467 466/466/466
f 471/471/471 470/470/470 469/469/469
f 474/474/474 473/473/473 472/472/472
f 477/477/477 476/476/476 475/475/475
f 480/480/480 479/479/479 478/478/478
f 483/483/483 482/482/482 481/481/481
f 486/486/486 485/485/485 484/484/484
f 489/489/489 488/488/488 487/487/487
f 492/492/492 491/491/491 490/490/490
f 495/495/495 494/494/494 493/493/493
f 498/498/498 497/497/497 496/496/496
f 501/501/501 500/500/500 499/499/499
f 504/504/504 503/503/503 502/502/502
f 507/507/507 506/506/506 505/505/505
f 510/510/510 509/509/509 508/508/508
f 513/513/513 512/512/512 511/511/511
f 516/516/516 515/515/515 514/514/514
f 519/519/519 518/518/518 517/517/517
f 522/522/522 521/521/521 520/520/520
f 525/525/525 524/524/524 523/523/523
f 528/528/528 527/527/527 526/526/526
f 531/531/531 530/530/530 529/529/529
f 534/534/534 533/533/533 532/532/532
f 537/537/537 536/536/536 535/535/535
f 540/540/540 539/539/539 538/538/538
f 543/543/543 542/542/542 541/541/541
f 546/546/546 545/545/545 544/544/544
f 549/549/549 548/548/548 547/547/547
f 552/552/552 551/551/551 550/550/550
f 555/555/555 554/554/554 553/553/553
f 558/558/558 557/557/557 556/556/556
f 561/561/561 560/560/560 559/559/559
f 564/564/564 563/563/563 562/562/562
f 567/567/567 566/566/566 565/565/565
f 570/570/570 569/569/569 568/568/568
f 573/573/573 572/572/572 571/571/571
f 576/576/576 575/575/575 574/574/574
f 579/579/579 578/578/578 577/577/577
f 582/582/582 581/581/581 580/580/580
f 585/585/585 584/584/584 583/583/583
f 588/588/588 587/587/587 586/586/586
f 591/591/591 590/590/590 589/589/589
f 594/594/594 593/593/593 592/592/592
f 597/597/597 596/596/596 595/595/595
f 600/600/600 599/599/599 598/598/598
f 603/603/603 602/602/602 601/601/601
f 606/606/606 605/605/605 604/604/604
f 609/609/609 608/608/608 607/607/607
f 612/612/612 611/611/611 610/610/610
f 615/615/615 614/614/614 613/613/613
f 618/618/618 617/617/617 616/616/616
f 621/621/621 620/620/620 619/619/619
f 624/624/624 623/623/623 622/622/622
f 627/627/627 626/626/626 625/625/625
f 630/630/630 629/629/629 628/628/628
f 633/633/633 632/632/632 631/631/631
f 636/636/636 635/635/635 634/634/634
f 639/639/639 638/638/638 637/637/637
f 642/642/642 641/641/641 640/640/640
f 645/645/645 644/644/644 643/643/643
f 648/648/648 647/647/647 646/646/646
f 651/651/651 650/650/650 649/649/649
f 654/654/654 653/653/653 652/652/652
f 657/657/657 656/656/656 655/655/655
f 660/660/660 659/659/659 658/658/658
f 663/663/663 662/662/662 661/661/661
f 666/666/666 665/665/665 664/664/664
f 669/669/669 668/668/668 667/667/667
f 672/672/672 671/671/671 670/670/670
f 675/675/675 674/674/674 673/673/673
f 678/678/678 677/677/677 676/676/676
f 681/681/681 680/680/680 679/679/679
f 684/684/684 683/683/683 682/682/682
f 687/687/687 686/686/686 685/685/685
f 690/690/690 689/689/689 688/688/688
f 693/693/693 692/692/692 691/691/691
f 696/696/696 695/695/695 694/694/694
f 699/699/699 698/698/698 697/697/697
f 702/702/702 701/701/701 700/700/700
f 705/705/705 704/704/704 703/703/703
f 708/708/708 707/707/707 706/706/706
f 711/711/711 710/710/710 709/709/709
f 714/714/714 713/713/713 712/712/712
f 717/717/717 716/716/716 715/715/715
f 720/720/720 719/719/719 718/718/718
f 723/723/723 722/722/722 721/721/721
f 726/726/726 725/725/725 724/724/724
f 729/729/729 728/728/728 727/727/727
f 732/732/732 731/731/731 730/730/730
f 735/735/735 734/734/734 733/733/733
f 738/738/738 737/737/737 736/736/736
f 741/741/741 740/740/740 739/739/739
f 744/744/744 743/743/743 742/742/742
f 747/747/747 746/746/746 745/745/745
f 750/750/750 749/749/749 748/748/748
f 753/753/753 752/752/752 751/751/751
f 756/756/756 755/755/755 754/754/754
f 759/759/759 758/758/758 757/757/757
f 762/762/762 761/761/761 760/760/760
f 765/765/765 764/764/764 763/763/763
f 768/768/768 767/767/767 766/766/766
f 771/771/771 770/770/770 769/769/769
f 774/774/774 773/773/773 772/772/772
f 777/777/777 776/776/776 775/775/775
f 780/780/780 779/779/779 778/778/778
f 783/783/783 782/782/782 781/781/781
f 786/786/786 785/785/785 784/784/784
f 789/789/789 788/788/788 787/787/787
f 792/792/792 791/791/791 790/790/790
f 795/795/795 794/794/794 793/793/793
f 798/798/798 797/797/797 796/796/796
f 801/801/801 800/800/800 799/799/799
f 804/804/804 803/803/803 802/802/802
f 807/807/807 806/806/806 805/805/805
f 810/810/810 809/809/809 808/808/808
f 813/813/813 812/812/812 811/811/811
f 816/816/816 815/815/815 814/814/814
f 819/819/819 818/818/818 817/817/817
f 822/822/822 821/821/821 820/820/820
f 825/825/825 824/824/824 823/823/823
f 828/828/828 827/827/827 826/826/826
f 831/831/831 830/830/830 829/829/829
f 834/834/834 833/833/833 832/832/832
f 837/837/837 836/836/836 835/835/835
f 840/840/840 839/839/839 838/838/838
f 843/843/843 842/842/842 841/841/841
f 846/846/846 845/845/845 844/844/844
f 849/849/849 848/848/848 847/847/847
f 852/852/852 851/851/851 850/850/850
f 855/855/855 854/854/854 853/853/853
f 858/858/858 857/857/857 856/856/856
f 861/861/861 860/860/860 859/859/859
f 864/864/864 863/863/863 862/862/862
f 867/867/867 866/866/866 865/865/865
f 870/870/870 869/869/869 868/868/868
f 873/873/873 872/872/872 871/871/871
f 876/876/876 875/875/875 874/874/874
f 879/879/879 878/878/878 877/877/877
f 882/882/882 881/881/881 880/880/880
f 885/885/885 884/884/884 883/883/883
f 888/888/888 887/887/887 886/886/886
f 891/891/891 890/890/890 889/889/889
f 894/894/894 893/893/893 892/892/892
f 897/897/897 896/896/896 895/895/895
f 900/900/900 899/899/899 898/898/898
f 903/903/903 902/902/902 901/901/901
f 906/906/906 905/905/905 904/904/904
f 909/909/909 908/908/908 907/907/907
f 912/912/912 911/911/911 910/910/910
f 915/915/915 914/914/914 913/913/913
f 918/918/918 917/917/917 916/916/916
f 921/921/921 920/920/920 919/919/919
f 924/924/924 923/923/923 922/922/922
f 927/927/927 926/926/926 925/925/925
f 930/930/930 929/929/929 928/928/928
f 933/933/933 932/932/932 931/931/931
f 936/936/936 935/935/935 934/934/934
f 939/939/939 938/938/938 937/937/937
f 942/942/942 941/941/941 940/940/940
f 945/945/945 944/944/944 943/943/943
f 948/948/948 947/947/947 946/946/946
f 951/951/951 950/950/950 949/949/949
f 954/954/954 953/953/953 952/952/952
f 957/957/957 956/956/956 955/955/955
f 960/960/960 959/959/959 958/958/958
f 963/963/963 962/962/962 961/961/961
f 966/966/966 965/965/965 964/964/964
f 969/969/969 968/968/968 967/967/967
f 972/972/972 971/971/971 970/970/970
f 975/975/975 974/974/974 973/973/973
f 978/978/978 977/977/977 976/976/976
f 981/981/981 980/980/980 979/979/979
f 984/984/984 983/983/983 982/982/982
f 987/987/987 986/986/986 985/985/985
f 990/990/990 989/989/989 988/988/988
f 993/993/993 992/992/992 991/991/991
f 996/996/996 995/995/995 994/994/994
f 999/999/999 998/998/998 997/997/997
f 1002/1002/1002 1001/1001/1001 1000/1000/1000
f 1005/1005/1005 1004/1004/1004 1003/1003/1003
f 1008/1008/1008 1007/1007/1007 1006/1006/1006
f 1011/1011/1011 1010/1010/1010 1009/1009/1009
f 1014/1014/1014 1013/1013/1013 1012/1012/1012
f 1017/1017/1017 1016/1016/1016 1015/1015/1015
f 1020/1020/1020 1019/1019/1019 1018/1018/1018
f 1023/1023/1023 1022/1022/1022 1021/1021/1021
f 1026/1026/1026 1025/1025/1025 1024/1024/1024
f 1029/1029/1029 1028/1028/1028 1027/1027/1027
f 1032/1032/1032 1031/1031/1031 1030/1030/1030
f 1035/1035/1035 1034/1034/1034 1033/1033/1033
f 1038/1038/1038 1037/1037/1037 1036/1036/1036
f 1041/1041/1041 1040/1040/1040 1039/1039/1039
f 1044/1044/1044 1043/1043/1043 1042/1042/1042
f 1047/1047/1047 1046/1046/1046 1045/1045/1045
f 1050/1050/1050 1049/1049/1049 1048/1048/1048
f 1053/1053/1053 1052/1052/1052 1051/1051/1051
f 1056/1056/1056 1055/1055/1055 1054/1054/1054
f 1059/1059/1059 1058/1058/1058 1057/1057/1057
f 1062/1062/1062 1061/1061/1061 1060/1060/1060
f 1065/1065/1065 1064/1064/1064 1063/1063/1063
f 1068/1068/1068 1067/1067/1067 1066/1066/1066
f 1071/1071/1071 1070/1070/1070 1069/1069/1069
f 1074/1074/1074 1073/1073/1073 1072/1072/1072
f 1077/1077/1077 1076/1076/1076 1075/1075/1075
f 1080/1080/1080 1079/1079/1079 1078/1078/1078
f 1083/1083/1083 1082/1082/1082 1081/1081/1081
f 1086/1086/1086 1085/1085/1085 1084/1084/1084
f 1089/1089/1089 1088/1088/1088 1087/1087/1087
f 1092/1092/1092 1091/1091/1091 1090/1090/1090
f 1095/1095/1095 1094/1094/1094 1093/1093/1093
f 1098/1098/1098 1097/1097/1097 1096/1096/1096
f 1101/1101/1101 1100/1100/1100 1099/1099/1099
f 1104/1104/1104 1103/1103/1103 1102/1102/1102
f 1107/1107/1107 1106/1106/1106 1105/1105/1105
f 1110/1110/1110 1109/1109/1109 1108/1108/1108
f 1113/1113/1113 1112/1112/1112 1111/1111/1111
f 1116/1116/1116 1115/1115/1115 1114/1114/1114
f 1119/1119/1119 1118/1118/1118 1117/1117/1117
f 1122/1122/1122 1121/1121/1121 1120/1120/1120
f 1125/1125/1125 1124/1124/1124 1123/1123/1123
f 1128/1128/1128 1127/1127/1127 1126/1126/1126
f 1131/1131/1131 1130/1130/1130 1129/1129/1129
f 1134/1134/1134 1133/1133/1133 1132/1132/1132
f 1137/1137/1137 1136/1136/1136 1135/1135/1135
f 1140/1140/1140 1139/1139/1139 1138/1138/1138
f 1143/1143/1143 1142/1142/1142 1141/1141/1141
f 1146/1146/1146 1145/1145/1145 1144/1144/1144
f 1149/1149/1149 1148/1148/1148 1147/1147/1147
f 1152/1152/1152 1151/1151/1151 1150/1150/1150
f 1155/1155/1155 1154/1154/1154 1153/1153/1153
f 1158/1158/1158 1157/1157/1157 1156/1156/1156
f 1161/1161/1161 1160/1160/1160 1159/1159/1159
f 1164/1164/1164 1163/1163/1163 1162/1162/1162
f 1167/1167/1167 1166/1166/1166 1165/1165/1165
f 1170/1170/1170 1169/1169/1169 1168/1168/1168
f 1173/1173/1173 1172/1172/1172 1171/1171/1171
f 1176/1176/1176 1175/1175/1175 1174/1174/1174
f 1179/1179/1179 1178/1178/1178 1177/1177/1177
f 1182/1182/1182 1181/1181/1181 1180/1180/1180
f 1185/1185/1185 1184/1184/1184 1183/1183/1183
f 1188/1188/1188 1187/1187/1187 1186/1186/1186
f 1191/1191/1191 1190/1190/1190 1189/1189/1189
f 1194/1194/1194 1193/1193/1193 1192/1192/1192
f 1197/1197/1197 1196/1196/1196 1195/1195/1195
f 1200/1200/1200 1199/1199/1199 1198/1198/1198
f 1203/1203/1203 1202/1202/1202 1201/1201/1201
f 1206/1206/1206 1205/1205/1205 1204/1204/1204
f 1209/1209/1209 1208/1208/1208 1207/1207/1207
f 1212/1212/1212 1211/1211/1211 1210/1210/1210
f 1215/1215/1215 1214/1214/1214 1213/1213/1213
f 1218/1218/1218 1217/1217/1217 1216/1216/1216
f 1221/1221/1221 1220/1220/1220 1219/1219/1219
f 1224/1224/1224 1223/1223/1223 1222/1222/1222
f 1227/1227/1227 1226/1226/1226 1225/1225/1225
f 1230/1230/1230 1229/1229/1229 1228/1228/1228
f 1233/1233/1233 1232/1232/1232 1231/1231/1231
f 1236/1236/1236 1235/1235/1235 1234/1234/1234
f 1239/1239/1239 1238/1238/1238 1237/1237/1237
f 1242/1242/1242 1241/1241/1241 1240/1240/1240
f 1245/1245/1245 1244/1244/1244 1243/1243/1243
f 1248/1248/1248 1247/1247/1247 1246/1246/1246
f 1251/1251/1251 1250/1250/1250 1249/1249/1249
f 1254/1254/1254 1253/1253/1253 1252/1252/1252
f 1257/1257/1257 1256/1256/1256 1255/1255/1255
f 1260/1260/1260 1259/1259/1259 1258/1258/1258
f 1263/1263/1263 1262/1262/1262 1261/1261/1261
f 1266/1266/1266 1265/1265/1265 1264/1264/1264
f 1269/1269/1269 1268/1268/1268 1267/1267/1267
f 1272/1272/1272 1271/1271/1271 1270/1270/1270
f 1275/1275/1275 1274/1274/1274 1273/1273/1273
f 1278/1278/1278 1277/1277/1277 1276/1276/1276
f 1281/1281/1281 1280/1280/1280 1279/1279/1279
f 1284/1284/1284 1283/1283/1283 1282/1282/1282
f 1287/1287/1287 1286/1286/1286 1285/1285/1285
f 1290/1290/1290 1289/1289/1289 1288/1288/1288
f 1293/1293/1293 1292/1292/1292 1291/1291/1291
f 1296/1296/1296 1295/1295/1295 1294/1294/1294
f 1299/1299/1299 1298/1298/1298 1297/1297/1297
f 1302/1302/1302 1301/1301/1301 1300/1300/1300
f 1305/1305/1305 1304/1304/1304 1303/1303/1303
f 1308/1308/1308 1307/1307/1307 1306/1306/1306
f 1311/1311/1311 1310/1310/1310 1309/1309/1309
f 1314/1314/1314 1313/1313/1313 1312/1312/1312
f 1317/1317/1317 1316/1316/1316 1315/1315/1315
f 1320/1320/1320 1319/1319/1319 1318/1318/1318
f 1323/1323/1323 1322/1322/1322 1321/1321/1321
f 1326/1326/1326 1325/1325/1325 1324/1324/1324
f 1329/1329/1329 1328/1328/1328 1327/1327/1327
f 1332/1332/1332 1331/1331/1331 1330/1330/1330
f 1335/1335/1335 1334/1334/1334 1333/1333/1333
f 1338/1338/1338 1337/1337/1337 1336/1336/1336
f 1341/1341/1341 1340/1340/1340 1339/1339/1339
f 1344/1344/1344 1343/1343/1343 1342/1342/1342
f 1347/1347/1347 1346/1346/1346 1345/1345/1345
f 1350/1350/1350 1349/1349/1349 1348/1348/1348
f 1353/1353/1353 1352/1352/1352 1351/1351/1351
f 1356/1356/1356 1355/1355/1355 1354/1354/1354
f 1359/1359/1359 1358/1358/1358 1357/1357/1357
f 1362/1362/1362 1361/1361/1361 1360/1360/1360
f 1365/1365/1365 1364/1364/1364 1363/1363/1363
f 1368/1368/1368 1367/1367/1367 1366/1366/1366
f 1371/1371/1371 1370/1370/1370 1369/1369/1369
f 1374/1374/1374 1373/1373/1373 1372/1372/1372
f 1377/1377/1377 1376/1376/1376 1375/1375/1375
f 1380/1380/1380 1379/1379/1379 1378/1378/1378
f 1383/1383/1383 1382/1382/1382 1381/1381/1381
f 1386/1386/1386 1385/1385/1385 1384/1384/1384
f 1389/1389/1389 1388/1388/1388 1387/1387/1387
f 1392/1392/1392 1391/1391/1391 1390/1390/1390
f 1395/1395/1395 1394/1394/1394 1393/1393/1393
f 1398/1398/1398 1397/1397/1397 1396/1396/1396
f 1401/1401/1401 1400/1400/1400 1399/1399/1399
f 1404/1404/1404 1403/1403/1403 1402/1402/1402
f 1407/1407/1407 1406/1406/1406 1405/1405/1405
f 1410/1410/1410 1409/1409/1409 1408/1408/1408
f 1413/1413/1413 1412/1412/1412 1411/1411/1411
f 1416/1416/1416 1415/1415/1415 1414/1414/1414
f 1419/1419/1419 1418/1418/1418 1417/1417/1417
f 1422/1422/1422 1421/1421/1421 1420/1420/1420
f 1425/1425/1425 1424/1424/1424 1423/1423/1423
f 1428/1428/1428 1427/1427/1427 1426/1426/1426
f 1431/1431/1431 1430/1430/1430 1429/1429/1429
f 1434/1434/1434 1433/1433/1433 1432/1432/1432
f 1437/1437/1437 1436/1436/1436 1435/1435/1435
f 1440/1440/1440 1439/1439/1439 1438/1438/1438
f 1443/1443/1443 1442/1442/1442 1441/1441/1441
f 1446/1446/1446 1445/1445/1445 1444/1444/1444
f 1449/1449/1449 1448/1448/1448 1447/1447/1447
f 1452/1452/1452 1451/1451/1451 1450/1450/1450
f 1455/1455/1455 1454/1454/1454 1453/1453/1453
f 1458/1458/1458 1457/1457/1457 1456/1456/1456
f 1461/1461/1461 1460/1460/1460 1459/1459/1459
f 1464/1464/1464 1463/1463/1463 1462/1462/1462
f 1467/1467/1467 1466/1466/1466 1465/1465/1465
f 1470/1470/1470 1469/1469/1469 1468/1468/1468
f 1473/1473/1473 1472/1472/1472 1471/1471/1471
f 1476/1476/1476 1475/1475/1475 1474/1474/1474
f 1479/1479/1479 1478/1478/1478 1477/1477/1477
f 1482/1482/1482 1481/1481/1481 1480/1480/1480
f 1485/1485/1485 1484/1484/1484 1483/1483/1483
f 1488/1488/1488 1487/1487/1487 1486/1486/1486
f 1491/1491/1491 1490/1490/1490 1489/1489/1489
f 1494/1494/1494 1493/1493/1493 1492/1492/1492
f 1497/1497/1497 1496/1496/1496 1495/1495/1495
f 1500/1500/1500 1499/1499/1499 1498/1498/1498
f 1503/1503/1503 1502/1502/1502 1501/1501/1501
f 1506/1506/1506 1505/1505/1505 1504/1504/1504
f 1509/1509/1509 1508/1508/1508 1507/1507/1507
f 1512/1512/1512 1511/1511/1511 1510/1510/1510
f 1515/1515/1515 1514/1514/1514 1513/1513/1513
f 1518/1518/1518 1517/1517/1517 1516/1516/1516
f 1521/1521/1521 1520/1520/1520 1519/1519/1519
f 1524/1524/1524 1523/1523/1523 1522/1522/1522
f 1527/1527/1527 1526/1526/1526 1525/1525/1525
f 1530/1530/1530 1529/1529/1529 1528/1528/1528
f 1533/1533/1533 1532/1532/1532 1531/1531/1531
f 1536/1536/1536 1535/1535/1535 1534/1534/1534
f 1539/1539/1539 1538/1538/1538 1537/1537/1537
f 1542/1542/1542 1541/1541/1541 1540/1540/1540
f 1545/1545/1545 1544/1544/1544 1543/1543/1543
f 1548/1548/1548 1547/1547/1547 1546/1546/1546
f 1551/1551/1551 1550/1550/1550 1549/1549/1549
f 1554/1554/1554 1553/1553/1553 1552/1552/1552
f 1557/1557/1557 1556/1556/1556 1555/1555/1555
f 1560/1560/1560 1559/1559/1559 1558/1558/1558
f 1563/1563/1563 1562/1562/1562 1561/1561/1561
f 1566/1566/1566 1565/1565/1565 1564/1564/1564
f 1569/1569/1569 1568/1568/1568 1567/1567/1567
f 1572/1572/1572 1571/1571/1571 1570/1570/1570
f 1575/1575/1575 1574/1574/1574 1573/1573/1573
f 1578/1578/1578 1577/1577/1577 1576/1576/1576
f 1581/1581/1581 1580/1580/1580 1579/1579/1579
f 1584/1584/1584 1583/1583/1583 1582/1582/1582
f 1587/1587/1587 1586/1586/1586 1585/1585/1585
f 1590/1590/1590 1589/1589/1589 1588/1588/1588
f 1593/1593/1593 1592/1592/1592 1591/1591/1591
f 1596/1596/1596 1595/1595/1595 1594/1594/1594
f 1599/1599/1599 1598/1598/1598 1597/1597/1597
f 1602/1602/1602 1601/1601/1601 1600/1600/1600
f 1605/1605/1605 1604/1604/1604 1603/1603/1603
f 1608/1608/1608 1607/1607/1607 1606/1606/1606
f 1611/1611/1611 1610/1610/1610 1609/1609/1609
f 1614/1614/1614 1613/1613/1613 1612/1612/1612
f 1617/1617/1617 1616/1616/1616 1615/1615/1615
f 1620/1620/1620 1619/1619/1619 1618/1618/1618
f 1623/1623/1623 1622/1622/1622 1621/1621/1621
f 1626/1626/1626 1625/1625/1625 1624/1624/1624
f 1629/1629/1629 1628/1628/1628 1627/1627/1627
f 1632/1632/1632 1631/1631/1631 1630/1630/1630
f 1635/1635/1635 1634/1634/1634 1633/1633/1633
f 1638/1638/1638 1637/1637/1637 1636/1636/1636
f 1641/1641/1641 1640/1640/1640 1639/1639/1639
f 1644/1644/1644 1643/1643/1643 1642/1642/1642
f 1647/1647/1647 1646/1646/1646 1645/1645/1645
f 1650/1650/1650 1649/1649/1649 1648/1648/1648
f 1653/1653/1653 1652/1652/1652 1651/1651/1651
f 1656/1656/1656 1655/1655/1655 1654/1654/1654
f 1659/1659/1659 1658/1658/1658 1657/1657/1657
f 1662/1662/1662 1661/1661/1661 1660/1660/1660
f 1665/1665/1665 1664/1664/1664 1663/1663/1663
f 1668/1668/1668 1667/1667/1667 1666/1666/1666
f 1671/1671/1671 1670/1670/1670 1669/1669/1669
f 1674/1674/1674 1673/1673/1673 1672/1672/1672
f 1677/1677/1677 1676/1676/1676 1675/1675/1675
f 1680/1680/1680 1679/1679/1679 1678/1678/1678
f 1683/1683/1683 1682/1682/1682 1681/1681/1681
f 1686/1686/1686 1685/1685/1685 1684/1684/1684
f 1689/1689/1689 1688/1688/1688 1687/1687/1687
f 1692/1692/1692 1691/1691/1691 1690/1690/1690
f 1695/1695/1695 1694/1694/1694 1693/1693/1693
f 1698/1698/1698 1697/1697/1697 1696/1696/1696
f 1701/1701/1701 1700/1700/1700 1699/1699/1699
f 1704/1704/1704 1703/1703/1703 1702/1702/1702
f 1707/1707/1707 1706/1706/1706 1705/1705/1705
f 1710/1710/1710 1709/1709/1709 1708/1708/1708
f 1713/1713/1713 1712/1712/1712 1711/1711/1711
f 1716/1716/1716 1715/1715/1715 1714/1714/1714
f 1719/1719/1719 1718/1718/1718 1717/1717/1717
f 1722/1722/1722 1721/1721/1721 1720/1720/1720
f 1725/1725/1725 1724/1724/1724 1723/1723/1723
f 1728/1728/1728 1727/1727/1727 1726/1726/1726
f 1731/1731/1731 1730/1730/1730 1729/1729/1729
f 1734/1734/1734 1733/1733/1733 1732/1732/1732
f 1737/1737/1737 1736/1736/1736 1735/1735/1735
f 1740/1740/1740 1739/1739/1739 1738/1738/1738
f 1743/1743/1743 1742/1742/1742 1741/1741/1741
f 1746/1746/1746 1745/1745/1745 1744/1744/1744
f 1749/1749/1749 1748/1748/1748 1747/1747/1747
f 1752/1752/1752 1751/1751/1751 1750/1750/1750
f 1755/1755/1755 1754/1754/1754 1753/1753/1753
f 1758/1758/1758 1757/1757/1757 1756/1756/1756
f 1761/1761/1761 1760/1760/1760 1759/1759/1759
f 1764/1764/1764 1763/1763/1763 1762/1762/1762
f 1767/1767/1767 1766/1766/1766 1765/1765/1765
f 1770/1770/1770 1769/1769/1769 1768/1768/1768
f 1773/1773/1773 1772/1772/1772 1771/1771/1771
f 1776/1776/1776 1775/1775/1775 1774/1774/1774
f 1779/1779/1779 1778/1778/1778 1777/1777/1777
f 1782/1782/1782 1781/1781/1781 1780/1780/1780
f 1785/1785/1785 1784/1784/1784 1783/1783/1783
f 1788/1788/1788 1787/1787/1787 1786/1786/1786
f 1791/1791/1791 1790/1790/1790 1789/1789/1789
f 1794/1794/1794 1793/1793/1793 1792/1792/1792
f 1797/1797/1797 1796/1796/1796 1795/1795/1795
f 1800/1800/1800 1799/1799/1799 1798/1798/1798
f 1803/1803/1803 1802/1802/1802 1801/1801/1801
f 1806/1806/1806 1805/1805/1805 1804/1804/1804
f 1809/1809/1809 1808/1808/1808 1807/1807/1807
f 1812/1812/1812 1811/1811/1811 1810/1810/1810
f 1815/1815/1815 1814/1814/1814 1813/1813/1813
f 1818/1818/1818 1817/1817/1817 1816/1816/1816
f 1821/1821/1821 1820/1820/1820 1819/1819/1819
f 1824/1824/1824 1823/1823/1823 1822/1822/1822
f 1827/1827/1827 1826/1826/1826 1825/1825/1825
f 1830/1830/1830 1829/1829/1829 1828/1828/1828
f 1833/1833/1833 1832/1832/1832 1831/1831/1831
f 1836/1836/1836 1835/1835/1835 1834/1834/1834
f 1839/1839/1839 1838/1838/1838 1837/1837/1837
f 1842/1842/1842 1841/1841/1841 1840/1840/1840
f 1845/1845/1845 1844/1844/1844 1843/1843/1843
f 1848/1848/1848 1847/1847/1847 1846/1846/1846
f 1851/1851/1851 1850/1850/1850 1849/1849/1849
f 1854/1854/1854 1853/1853/1853 1852/1852/1852
f 1857/1857/1857 1856/1856/1856 1855/1855/1855
f 1860/1860/1860 1859/1859/1859 1858/1858/1858
f 1863/1863/1863 1862/1862/1862 1861/1861/1861
f 1866/1866/1866 1865/1865/1865 1864/1864/1864
f 1869/1869/1869 1868/1868/1868 1867/1867/1867
f 1872/1872/1872 1871/1871/1871 1870/1870/1870
f 1875/1875/1875 1874/1874/1874 1873/1873/1873
f 1878/1878/1878 1877/1877/1877 1876/1876/1876
f 1881/1881/1881 1880/1880/1880 1879/1879/1879
f 1884/1884/1884 1883/1883/1883 1882/1882/1882
f 1887/1887/1887 1886/1886/1886 1885/1885/1885
f 1890/1890/1890 1889/1889/1889 1888/1888/1888
f 1893/1893/1893 1892/1892/1892 1891/1891/1891
f 1896/1896/1896 1895/1895/1895 1894/1894/1894
f 1899/1899/1899 1898/1898/1898 1897/1897/1897
f 1902/1902/1902 1901/1901/1901 1900/1900/1900
f 1905/1905/1905 1904/1904/1904 1903/1903/1903
f 1908/1908/1908 1907/1907/1907 1906/1906/1906
f 1911/1911/1911 1910/1910/1910 1909/1909/1909
f 1914/1914/1914 1913/1913/1913 1912/1912/1912
f 1917/1917/1917 1916/1916/1916 1915/1915/1915
f 1920/1920/1920 1919/1919/1919 1918/1918/1918
f 1923/1923/1923 1922/1922/1922 1921/1921/1921
f 1926/1926/1926 1925/1925/1925 1924/1924/1924
f 1929/1929/1929 1928/1928/1928 1927/1927/1927
f 1932/1932/1932 1931/1931/1931 1930/1930/1930
f 1935/1935/1935 1934/1934/1934 1933/1933/1933
f 1938/1938/1938 1937/1937/1937 1936/1936/1936
f 1941/1941/1941 1940/1940/1940 1939/1939/1939
f 1944/1944/1944 1943/1943/1943 1942/1942/1942
f 1947/1947/1947 1946/1946/1946 1945/1945/1945
f 1950/1950/1950 1949/1949/1949 1948/1948/1948
f 1953/1953/1953 1952/1952/1952 1951/1951/1951
f 1956/1956/1956 1955/1955/1955 1954/1954/1954
f 1959/1959/1959 1958/1958/1958 1957/1957/1957
f 1962/1962/1962 1961/1961/1961 1960/1960/1960
f 1965/1965/1965 1964/1964/1964 1963/1963/1963
f 1968/1968/1968 1967/1967/1967 1966/1966/1966
f 1971/1971/1971 1970/1970/1970 1969/1969/1969
f 1974/1974/1974 1973/1973/1973 1972/1972/1972
f 1977/1977/1977 1976/1976/1976 1975/1975/1975
f 1980/1980/1980 1979/1979/1979 1978/1978/1978
f 1983/1983/1983 1982/1982/1982 1981/1981/1981
f 1986/1986/1986 1985/1985/1985 1984/1984/1984
f 1989/1989/1989 1988/1988/1988 1987/1987/1987
f 1992/1992/1992 1991/1991/1991 1990/1990/1990
f 1995/1995/1995 1994/1994/1994 1993/1993/1993
f 1998/1998/1998 1997/1997/1997 1996/1996/1996
f 2001/2001/2001 2000/2000/2000 1999/1999/1999
f 2004/2004/2004 2003/2003/2003 2002/2002/2002
f 2007/2007/2007 2006/2006/2006 2005/2005/2005
f 2010/2010/2010 2009/2009/2009 2008/2008/2008
f 2013/2013/2013 2012/2012/2012 2011/2011/2011
f 2016/2016/2016 2015/2015/2015 2014/2014/2014
f 2019/2019/2019 2018/2018/2018 2017/2017/2017
f 2022/2022/2022 2021/2021/2021 2020/2020/2020
f 2025/2025/2025 2024/2024/2024 2023/2023/2023
f 2028/2028/2028 2027/2027/2027 2026/2026/2026
f 2031/2031/2031 2030/2030/2030 2029/2029/2029
f 2034/2034/2034 2033/2033/2033 2032/2032/2032
f 2037/2037/2037 2036/2036/2036 2035/2035/2035
f 2040/2040/2040 2039/2039/2039 2038/2038/2038
f 2043/2043/2043 2042/2042/2042 2041/2041/2041
f 2046/2046/2046 2045/2045/2045 2044/2044/2044
f 2049/2049/2049 2048/2048/2048 2047/2047/2047
f 2052/2052/2052 2051/2051/2051 2050/2050/2050
f 2055/2055/2055 2054/2054/2054 2053/2053/2053
f 2058/2058/2058 2057/2057/2057 2056/2056/2056
f 2061/2061/2061 2060/2060/2060 2059/2059/2059
f 2064/2064/2064 2063/2063/2063 2062/2062/2062
f 2067/2067/2067 2066/2066/2066 2065/2065/2065
f 2070/2070/2070 2069/2069/2069 2068/2068/2068
f 2073/2073/2073 2072/2072/2072 2071/2071/2071
f 2076/2076/2076 2075/2075/2075 2074/2074/2074
f 2079/2079/2079 2078/2078/2078 2077/2077/2077
f 2082/2082/2082 2081/2081/2081 2080/2080/2080
f 2085/2085/2085 2084/2084/2084 2083/2083/2083
f 2088/2088/2088 2087/2087/2087 2086/2086/2086
f 2091/2091/2091 2090/2090/2090 2089/2089/2089
f 2094/2094/2094 2093/2093/2093 2092/2092/2092
f 2097/2097/2097 2096/2096/2096 2095/2095/2095
f 2100/2100/2100 2099/2099/2099 2098/2098/2098
f 2103/2103/2103 2102/2102/2102 2101/2101/2101
f 2106/2106/2106 2105/2105/2105 2104/2104/2104
f 2109/2109/2109 2108/2108/2108 2107/2107/2107
f 2112/2112/2112 2111/2111/2111 2110/2110/2110
f 2115/2115/2115 2114/2114/2114 2113/2113/2113
f 2118/2118/2118 2117/2117/2117 2116/2116/2116
f 2121/2121/2121 2120/2120/2120 2119/2119/2119
f 2124/2124/2124 2123/2123/2123 2122/2122/2122
f 2127/2127/2127 2126/2126/2126 2125/2125/2125
f 2130/2130/2130 2129/2129/2129 2128/2128/2128
f 2133/2133/2133 2132/2132/2132 2131/2131/2131
f 2136/2136/2136 2135/2135/2135 2134/2134/2134
f 2139/2139/2139 2138/2138/2138 2137/2137/2137
f 2142/2142/2142 2141/2141/2141 2140/2140/2140
f 2145/2145/2145 2144/2144/2144 2143/2143/2143
f 2148/2148/2148 2147/2147/2147 2146/2146/2146
f 2151/2151/2151 2150/2150/2150 2149/2149/2149
f 2154/2154/2154 2153/2153/2153 2152/2152/2152
f 2157/2157/2157 2156/2156/2156 2155/2155/2155
f 2160/2160/2160 2159/2159/2159 2158/2158/2158
f 2163/2163/2163 2162/2162/2162 2161/2161/2161
f 2166/2166/2166 2165/2165/2165 2164/2164/2164
f 2169/2169/2169 2168/2168/2168 2167/2167/2167
f 2172/2172/2172 2171/2171/2171 2170/2170/2170
f 2175/2175/2175 2174/2174/2174 2173/2173/2173
f 2178/2178/2178 2177/2177/2177 2176/2176/2176
f 2181/2181/2181 2180/2180/2180 2179/2179/2179
f 2184/2184/2184 2183/2183/2183 2182/2182/2182
f 2187/2187/2187 2186/2186/2186 2185/2185/2185
f 2190/2190/2190 2189/2189/2189 2188/2188/2188
f 2193/2193/2193 2192/2192/2192 2191/2191/2191
f 2196/2196/2196 2195/2195/2195 2194/2194/2194
f 2199/2199/2199 2198/2198/2198 2197/2197/2197
f 2202/2202/2202 2201/2201/2201 2200/2200/2200
f 2205/2205/2205 2204/2204/2204 2203/2203/2203
f 2208/2208/2208 2207/2207/2207 2206/2206/2206
f 2211/2211/2211 2210/2210/2210 2209/2209/2209
f 2214/2214/2214 2213/2213/2213 2212/2212/2212
f 2217/2217/2217 2216/2216/2216 2215/2215/2215
f 2220/2220/2220 2219/2219/2219 2218/2218/2218
f 2223/2223/2223 2222/2222/2222 2221/2221/2221
f 2226/2226/2226 2225/2225/2225 2224/2224/2224
f 2229/2229/2229 2228/2228/2228 2227/2227/2227
f 2232/2232/2232 2231/2231/2231 2230/2230/2230
f 2235/2235/2235 2234/2234/2234 2233/2233/2233
f 2238/2238/2238 2237/2237/2237 2236/2236/2236
f 2241/2241/2241 2240/2240/2240 2239/2239/2239
f 2244/2244/2244 2243/2243/2243 2242/2242/2242
f 2247/2247/2247 2246/2246/2246 2245/2245/2245
f 2250/2250/2250 2249/2249/2249 2248/2248/2248
f 2253/2253/2253 2252/2252/2252 2251/2251/2251
f 2256/2256/2256 2255/2255/2255 2254/2254/2254
f 2259/2259/2259 2258/2258/2258 2257/2257/2257
f 2262/2262/2262 2261/2261/2261 2260/2260/2260
f 2265/2265/2265 2264/2264/2264 2263/2263/2263
f 2268/2268/2268 2267/2267/2267 2266/2266/2266
f 2271/2271/2271 2270/2270/2270 2269/2269/2269
f 2274/2274/2274 2273/2273/2273 2272/2272/2272
f 2277/2277/2277 2276/2276/2276 2275/2275/2275
f 2280/2280/2280 2279/2279/2279 2278/2278/2278
f 2283/2283/2283 2282/2282/2282 2281/2281/2281
f 2286/2286/2286 2285/2285/2285 2284/2284/2284
f 2289/2289/2289 2288/2288/2288 2287/2287/2287
f 2292/2292/2292 2291/2291/2291 2290/2290/2290
f 2295/2295/2295 2294/2294/2294 2293/2293/2293
f 2298/2298/2298 2297/2297/2297 2296/2296/2296
f 2301/2301/2301 2300/2300/2300 2299/2299/2299
f 2304/2304/2304 2303/2303/2303 2302/2302/2302
f 2307/2307/2307 2306/2306/2306 2305/2305/2305
f 2310/2310/2310 2309/2309/2309 2308/2308/2308
f 2313/2313/2313 2312/2312/2312 2311/2311/2311
f 2316/2316/2316 2315/2315/2315 2314/2314/2314
f 2319/2319/2319 2318/2318/2318 2317/2317/2317
f 2322/2322/2322 2321/2321/2321 2320/2320/2320
f 2325/2325/2325 2324/2324/2324 2323/2323/2323
f 2328/2328/2328 2327/2327/2327 2326/2326/2326
f 2331/2331/2331 2330/2330/2330 2329/2329/2329
f 2334/2334/2334 2333/2333/2333 2332/2332/2332
f 2337/2337/2337 2336/2336/2336 2335/2335/2335
f 2340/2340/2340 2339/2339/2339 2338/2338/2338
f 2343/2343/2343 2342/2342/2342 2341/2341/2341
f 2346/2346/2346 2345/2345/2345 2344/2344/2344
f 2349/2349/2349 2348/2348/2348 2347/2347/2347
f 2352/2352/2352 2351/2351/2351 2350/2350/2350
f 2355/2355/2355 2354/2354/2354 2353/2353/2353
f 2358/2358/2358 2357/2357/2357 2356/2356/2356
f 2361/2361/2361 2360/2360/2360 2359/2359/2359
f 2364/2364/2364 2363/2363/2363 2362/2362/2362
f 2367/2367/2367 2366/2366/2366 2365/2365/2365
f 2370/2370/2370 2369/2369/2369 2368/2368/2368
f 2373/2373/2373 2372/2372/2372 2371/2371/2371
f 2376/2376/2376 2375/2375/2375 2374/2374/2374
f 2379/2379/2379 2378/2378/2378 2377/2377/2377
f 2382/2382/2382 2381/2381/2381 2380/2380/2380
f 2385/2385/2385 2384/2384/2384 2383/2383/2383
f 2388/2388/2388 2387/2387/2387 2386/2386/2386
f 2391/2391/2391 2390/2390/2390 2389/2389/2389
f 2394/2394/2394 2393/2393/2393 2392/2392/2392
f 2397/2397/2397 2396/2396/2396 2395/2395/2395
f 2400/2400/2400 2399/2399/2399 2398/2398/2398
f 2403/2403/2403 2402/2402/2402 2401/2401/2401
f 2406/2406/2406 2405/2405/2405 2404/2404/2404
f 2409/2409/2409 2408/2408/2408 2407/2407/2407
f 2412/2412/2412 2411/2411/2411 2410/2410/2410
f 2415/2415/2415 2414/2414/2414 2413/2413/2413
f 2418/2418/2418 2417/2417/2417 2416/2416/2416
f 2421/2421/2421 2420/2420/2420 2419/2419/2419
f 2424/2424/2424 2423/2423/2423 2422/2422/2422
f 2427/2427/2427 2426/2426/2426 2425/2425/2425
f 2430/2430/2430 2429/2429/2429 2428/2428/2428
f 2433/2433/2433 2432/2432/2432 2431/2431/2431
f 2436/2436/2436 2435/2435/2435 2434/2434/2434
f 2439/2439/2439 2438/2438/2438 2437/2437/2437
f 2442/2442/2442 2441/2441/2441 2440/2440/2440
f 2445/2445/2445 2444/2444/2444 2443/2443/2443
f 2448/2448/2448 2447/2447/2447 2446/2446/2446
f 2451/2451/2451 2450/2450/2450 2449/2449/2449
f 2454/2454/2454 2453/2453/2453 2452/2452/2452
f 2457/2457/2457 2456/2456/2456 2455/2455/2455
f 2460/2460/2460 2459/2459/2459 2458/2458/2458
f 2463/2463/2463 2462/2462/2462 2461/2461/2461
f 2466/2466/2466 2465/2465/2465 2464/2464/2464
f 2469/2469/2469 2468/2468/2468 2467/2467/2467
f 2472/2472/2472 2471/2471/2471 2470/2470/2470
f 2475/2475/2475 2474/2474/2474 2473/2473/2473
f 2478/2478/2478 2477/2477/2477 2476/2476/2476
f 2481/2481/2481 2480/2480/2480 2479/2479/2479
f 2484/2484/2484 2483/2483/2483 2482/2482/2482
f 2487/2487/2487 2486/2486/2486 2485/2485/2485
f 2490/2490/2490 2489/2489/2489 2488/2488/2488
f 2493/2493/2493 2492/2492/2492 2491/2491/2491
f 2496/2496/2496 2495/2495/2495 2494/2494/2494
f 2499/2499/2499 2498/2498/2498 2497/2497/2497
f 2502/2502/2502 2501/2501/2501 2500/2500/2500
f 2505/2505/2505 2504/2504/2504 2503/2503/2503
f 2508/2508/2508 2507/2507/2507 2506/2506/2506
f 2511/2511/2511 2510/2510/2510 2509/2509/2509
f 2514/2514/2514 2513/2513/2513 2512/2512/2512
f 2517/2517/2517 2516/2516/2516 2515/2515/2515
f 2520/2520/2520 2519/2519/2519 2518/2518/2518
f 2523/2523/2523 2522/2522/2522 2521/2521/2521
f 2526/2526/2526 2525/2525/2525 2524/2524/2524
f 2529/2529/2529 2528/2528/2528 2527/2527/2527
f 2532/2532/2532 2531/2531/2531 2530/2530/2530
f 2535/2535/2535 2534/2534/2534 2533/2533/2533
f 2538/2538/2538 2537/2537/2537 2536/2536/2536
f 2541/2541/2541 2540/2540/2540 2539/2539/2539
f 2544/2544/2544 2543/2543/2543 2542/2542/2542
f 2547/2547/2547 2546/2546/2546 2545/2545/2545
f 2550/2550/2550 2549/2549/2549 2548/2548/2548
f 2553/2553/2553 2552/2552/2552 2551/2551/2551
f 2556/2556/2556 2555/2555/2555 2554/2554/2554
f 2559/2559/2559 2558/2558/2558 2557/2557/2557
f 2562/2562/2562 2561/2561/2561 2560/2560/2560
f 2565/2565/2565 2564/2564/2564 2563/2563/2563
f 2568/2568/2568 2567/2567/2567 2566/2566/2566
f 2571/2571/2571 2570/2570/2570 2569/2569/2569
f 2574/2574/2574 2573/2573/2573 2572/2572/2572
f 2577/2577/2577 2576/2576/2576 2575/2575/2575
f 2580/2580/2580 2579/2579/2579 2578/2578/2578
f 2583/2583/2583 2582/2582/2582 2581/2581/2581
f 2586/2586/2586 2585/2585/2585 2584/2584/2584
f 2589/2589/2589 2588/2588/2588 2587/2587/2587
f 2592/2592/2592 2591/2591/2591 2590/2590/2590
f 2595/2595/2595 2594/2594/2594 2593/2593/2593
f 2598/2598/2598 2597/2597/2597 2596/2596/2596
f 2601/2601/2601 2600/2600/2600 2599/2599/2599
f 2604/2604/2604 2603/2603/2603 2602/2602/2602
f 2607/2607/2607 2606/2606/2606 2605/2605/2605
f 2610/2610/2610 2609/2609/2609 2608/2608/2608
f 2613/2613/2613 2612/2612/2612 2611/2611/2611
f 2616/2616/2616 2615/2615/2615 2614/2614/2614
f 2619/2619/2619 2618/2618/2618 2617/2617/2617
f 2622/2622/2622 2621/2621/2621 2620/2620/2620
f 2625/2625/2625 2624/2624/2624 2623/2623/2623
f 2628/2628/2628 2627/2627/2627 2626/2626/2626
f 2631/2631/2631 2630/2630/2630 2629/2629/2629
f 2634/2634/2634 2633/2633/2633 2632/2632/2632
f 2637/2637/2637 2636/2636/2636 2635/2635/2635
f 2640/2640/2640 2639/2639/2639 2638/2638/2638
f 2643/2643/2643 2642/2642/2642 2641/2641/2641
f 2646/2646/2646 2645/2645/2645 2644/2644/2644
f 2649/2649/2649 2648/2648/2648 2647/2647/2647
f 2652/2652/2652 2651/2651/2651 2650/2650/2650
f 2655/2655/2655 2654/2654/2654 2653/2653/2653
f 2658/2658/2658 2657/2657/2657 2656/2656/2656
f 2661/2661/2661 2660/2660/2660 2659/2659/2659
f 2664/2664/2664 2663/2663/2663 2662/2662/2662
f 2667/2667/2667 2666/2666/2666 2665/2665/2665
f 2670/2670/2670 2669/2669/2669 2668/2668/2668
f 2673/2673/2673 2672/2672/2672 2671/2671/2671
f 2676/2676/2676 2675/2675/2675 2674/2674/2674
f 2679/2679/2679 2678/2678/2678 2677/2677/2677
f 2682/2682/2682 2681/2681/2681 2680/2680/2680
f 2685/2685/2685 2684/2684/2684 2683/2683/2683
f 2688/2688/2688 2687/2687/2687 2686/2686/2686
f 2691/2691/2691 2690/2690/2690 2689/2689/2689
f 2694/2694/2694 2693/2693/2693 2692/2692/2692
f 2697/2697/2697 2696/2696/2696 2695/2695/2695
f 2700/2700/2700 2699/2699/2699 2698/2698/2698
f 2703/2703/2703 2702/2702/2702 2701/2701/2701
f 2706/2706/2706 2705/2705/2705 2704/2704/2704
f 2709/2709/2709 2708/2708/2708 2707/2707/2707
f 2712/2712/2712 2711/2711/2711 2710/2710/2710
f 2715/2715/2715 2714/2714/2714 2713/2713/2713
f 2718/2718/2718 2717/2717/2717 2716/2716/2716
f 2721/2721/2721 2720/2720/2720 2719/2719/2719
f 2724/2724/2724 2723/2723/2723 2722/2722/2722
f 2727/2727/2727 2726/2726/2726 2725/2725/2725
f 2730/2730/2730 2729/2729/2729 2728/2728/2728
f 2733/2733/2733 2732/2732/2732 2731/2731/2731
f 2736/2736/2736 2735/2735/2735 2734/2734/2734
f 2739/2739/2739 2738/2738/2738 2737/2737/2737
f 2742/2742/2742 2741/2741/2741 2740/2740/2740
f 2745/2745/2745 2744/2744/2744 2743/2743/2743
f 2748/2748/2748 2747/2747/2747 2746/2746/2746
f 2751/2751/2751 2750/2750/2750 2749/2749/2749
f 2754/2754/2754 2753/2753/2753 2752/2752/2752
f 2757/2757/2757 2756/2756/2756 2755/2755/2755
f 2760/2760/2760 2759/2759/2759 2758/2758/2758
f 2763/2763/2763 2762/2762/2762 2761/2761/2761
f 2766/2766/2766 2765/2765/2765 2764/2764/2764
f 2769/2769/2769 2768/2768/2768 2767/2767/2767
f 2772/2772/2772 2771/2771/2771 2770/2770/2770
f 2775/2775/2775 2774/2774/2774 2773/2773/2773
f 2778/2778/2778 2777/2777/2777 2776/2776/2776
f 2781/2781/2781 2780/2780/2780 2779/2779/2779
f 2784/2784/2784 2783/2783/2783 2782/2782/2782
f 2787/2787/2787 2786/2786/2786 2785/2785/2785
f 2790/2790/2790 2789/2789/2789 2788/2788/2788
f 2793/2793/2793 2792/2792/2792 2791/2791/2791
f 2796/2796/2796 2795/2795/2795 2794/2794/2794
f 2799/2799/2799 2798/2798/2798 2797/2797/2797
f 2802/2802/2802 2801/2801/2801 2800/2800/2800
f 2805/2805/2805 2804/2804/2804 2803/2803/2803
f 2808/2808/2808 2807/2807/2807 2806/2806/2806
f 2811/2811/2811 2810/2810/2810 2809/2809/2809
f 2814/2814/2814 2813/2813/2813 2812/2812/2812
f 2817/2817/2817 2816/2816/2816 2815/2815/2815
f 2820/2820/2820 2819/2819/2819 2818/2818/2818
f 2823/2823/2823 2822/2822/2822 2821/2821/2821
f 2826/2826/2826 2825/2825/2825 2824/2824/2824
f 2829/2829/2829 2828/2828/2828 2827/2827/2827
f 2832/2832/2832 2831/2831/2831 2830/2830/2830
f 2835/2835/2835 2834/2834/2834 2833/2833/2833
f 2838/2838/2838 2837/2837/2837 2836/2836/2836
f 2841/2841/2841 2840/2840/2840 2839/2839/2839
f 2844/2844/2844 2843/2843/2843 2842/2842/2842
f 2847/2847/2847 2846/2846/2846 2845/2845/2845
f 2850/2850/2850 2849/2849/2849 2848/2848/2848
f 2853/2853/2853 2852/2852/2852 2851/2851/2851
f 2856/2856/2856 2855/2855/2855 2854/2854/2854
f 2859/2859/2859 2858/2858/2858 2857/2857/2857
f 2862/2862/2862 2861/2861/2861 2860/2860/2860
f 2865/2865/2865 2864/2864/2864 2863/2863/2863
f 2868/2868/2868 2867/2867/2867 2866/2866/2866
f 2871/2871/2871 2870/2870/2870 2869/2869/2869
f 2874/2874/2874 2873/2873/2873 2872/2872/2872
f 2877/2877/2877 2876/2876/2876 2875/2875/2875
f 2880/2880/2880 2879/2879/2879 2878/2878/2878
f 2883/2883/2883 2882/2882/2882 2881/2881/2881
f 2886/2886/2886 2885/2885/2885 2884/2884/2884
f 2889/2889/2889 2888/2888/2888 2887/2887/2887
f 2892/2892/2892 2891/2891/2891 2890/2890/2890
f 2895/2895/2895 2894/2894/2894 2893/2893/2893
f 2898/2898/2898 2897/2897/2897 2896/2896/2896
f 2901/2901/2901 2900/2900/2900 2899/2899/2899
f 2904/2904/2904 2903/2903/2903 2902/2902/2902
f 2907/2907/2907 2906/2906/2906 2905/2905/2905
f 2910/2910/2910 2909/2909/2909 2908/2908/2908
f 2913/2913/2913 2912/2912/2912 2911/2911/2911
f 2916/2916/2916 2915/2915/2915 2914/2914/2914
f 2919/2919/2919 2918/2918/2918 2917/2917/2917
f 2922/2922/2922 2921/2921/2921 2920/2920/2920
f 2925/2925/2925 2924/2924/2924 2923/2923/2923
f 2928/2928/2928 2927/2927/2927 2926/2926/2926
f 2931/2931/2931 2930/2930/2930 2929/2929/2929
f 2934/2934/2934 2933/2933/2933 2932/2932/2932
f 2937/2937/2937 2936/2936/2936 2935/2935/2935
f 2940/2940/2940 2939/2939/2939 2938/2938/2938
f 2943/2943/2943 2942/2942/2942 2941/2941/2941
f 2946/2946/2946 2945/2945/2945 2944/2944/2944
f 2949/2949/2949 2948/2948/2948 2947/2947/2947
f 2952/2952/2952 2951/2951/2951 2950/2950/2950
f 2955/2955/2955 2954/2954/2954 2953/2953/2953
f 2958/2958/2958 2957/2957/2957 2956/2956/2956
f 2961/2961/2961 2960/2960/2960 2959/2959/2959
f 2964/2964/2964 2963/2963/2963 2962/2962/2962
f 2967/2967/2967 2966/2966/2966 2965/2965/2965
f 2970/2970/2970 2969/2969/2969 2968/2968/2968
f 2973/2973/2973 2972/2972/2972 2971/2971/2971
f 2976/2976/2976 2975/2975/2975 2974/2974/2974
f 2979/2979/2979 2978/2978/2978 2977/2977/2977
f 2982/2982/2982 2981/2981/2981 2980/2980/2980
f 2985/2985/2985 2984/2984/2984 2983/2983/2983
f 2988/2988/2988 2987/2987/2987 2986/2986/2986
f 2991/2991/2991 2990/2990/2990 2989/2989/2989
f 2994/2994/2994 2993/2993/2993 2992/2992/2992
f 2997/2997/2997 2996/2996/2996 2995/2995/2995
f 3000/3000/3000 2999/2999/2999 2998/2998/2998
f 3003/3003/3003 3002/3002/3002 3001/3001/3001
f 3006/3006/3006 3005/3005/3005 3004/3004/3004
f 3009/3009/3009 3008/3008/3008 3007/3007/3007
f 3012/3012/3012 3011/3011/3011 3010/3010/3010
f 3015/3015/3015 3014/3014/3014 3013/3013/3013
f 3018/3018/3018 3017/3017/3017 3016/3016/3016
f 3021/3021/3021 3020/3020/3020 3019/3019/3019
f 3024/3024/3024 3023/3023/3023 3022/3022/3022
f 3027/3027/3027 3026/3026/3026 3025/3025/3025
f 3030/3030/3030 3029/3029/3029 3028/3028/3028
f 3033/3033/3033 3032/3032/3032 3031/3031/3031
f 3036/3036/3036 3035/3035/3035 3034/3034/3034
f 3039/3039/3039 3038/3038/3038 3037/3037/3037
f 3042/3042/3042 3041/3041/3041 3040/3040/3040
f 3045/3045/3045 3044/3044/3044 3043/3043/3043
f 3048/3048/3048 3047/3047/3047 3046/3046/3046
f 3051/3051/3051 3050/3050/3050 3049/3049/3049
f 3054/3054/3054 3053/3053/3053 3052/3052/3052
f 3057/3057/3057 3056/3056/3056 3055/3055/3055
f 3060/3060/3060 3059/3059/3059 3058/3058/3058
f 3063/3063/3063 3062/3062/3062 3061/3061/3061
f 3066/3066/3066 3065/3065/3065 3064/3064/3064
f 3069/3069/3069 3068/3068/3068 3067/3067/3067
f 3072/3072/3072 3071/3071/3071 3070/3070/3070
f 3075/3075/3075 3074/3074/3074 3073/3073/3073
f 3078/3078/3078 3077/3077/3077 3076/3076/3076
f 3081/3081/3081 3080/3080/3080 3079/3079/3079
f 3084/3084/3084 3083/3083/3083 3082/3082/3082
f 3087/3087/3087 3086/3086/3086 3085/3085/3085
f 3090/3090/3090 3089/3089/3089 3088/3088/3088
f 3093/3093/3093 3092/3092/3092 3091/3091/3091
f 3096/3096/3096 3095/3095/3095 3094/3094/3094
f 3099/3099/3099 3098/3098/3098 3097/3097/3097
f 3102/3102/3102 3101/3101/3101 3100/3100/3100
f 3105/3105/3105 3104/3104/3104 3103/3103/3103
f 3108/3108/3108 3107/3107/3107 3106/3106/3106
f 3111/3111/3111 3110/3110/3110 3109/3109/3109
f 3114/3114/3114 3113/3113/3113 3112/3112/3112
f 3117/3117/3117 3116/3116/3116 3115/3115/3115
f 3120/3120/3120 3119/3119/3119 3118/3118/3118
f 3123/3123/3123 3122/3122/3122 3121/3121/3121
f 3126/3126/3126 3125/3125/3125 3124/3124/3124
f 3129/3129/3129 3128/3128/3128 3127/3127/3127
f 3132/3132/3132 3131/3131/3131 3130/3130/3130
f 3135/3135/3135 3134/3134/3134 3133/3133/3133
f 3138/3138/3138 3137/3137/3137 3136/3136/3136
f 3141/3141/3141 3140/3140/3140 3139/3139/3139
f 3144/3144/3144 3143/3143/3143 3142/3142/3142
f 3147/3147/3147 3146/3146/3146 3145/3145/3145
f 3150/3150/3150 3149/3149/3149 3148/3148/3148
f 3153/3153/3153 3152/3152/3152 3151/3151/3151
f 3156/3156/3156 3155/3155/3155 3154/3154/3154
f 3159/3159/3159 3158/3158/3158 3157/3157/3157
f 3162/3162/3162 3161/3161/3161 3160/3160/3160
f 3165/3165/3165 3164/3164/3164 3163/3163/3163
f 3168/3168/3168 3167/3167/3167 3166/3166/3166
f 3171/3171/3171 3170/3170/3170 3169/3169/3169
f 3174/3174/3174 3173/3173/3173 3172/3172/3172
f 3177/3177/3177 3176/3176/3176 3175/3175/3175
f 3180/3180/3180 3179/3179/3179 3178/3178/3178
f 3183/3183/3183 3182/3182/3182 3181/3181/3181
f 3186/3186/3186 3185/3185/3185 3184/3184/3184
f 3189/3189/3189 3188/3188/3188 3187/3187/3187
f 3192/3192/3192 3191/3191/3191 3190/3190/3190
f 3195/3195/3195 3194/3194/3194 3193/3193/3193
f 3198/3198/3198 3197/3197/3197 3196/3196/3196
f 3201/3201/3201 3200/3200/3200 3199/3199/3199
f 3204/3204/3204 3203/3203/3203 3202/3202/3202
f 3207/3207/3207 3206/3206/3206 3205/3205/3205
f 3210/3210/3210 3209/3209/3209 3208/3208/3208
f 3213/3213/3213 3212/3212/3212 3211/3211/3211
f 3216/3216/3216 3215/3215/3215 3214/3214/3214
f 3219/3219/3219 3218/3218/3218 3217/3217/3217
f 3222/3222/3222 3221/3221/3221 3220/3220/3220
f 3225/3225/3225 3224/3224/3224 3223/3223/3223
f 3228/3228/3228 3227/3227/3227 3226/3226/3226
f 3231/3231/3231 3230/3230/3230 3229/3229/3229
f 3234/3234/3234 3233/3233/3233 3232/3232/3232
f 3237/3237/3237 3236/3236/3236 3235/3235/3235
f 3240/3240/3240 3239/3239/3239 3238/3238/3238
f 3243/3243/3243 3242/3242/3242 3241/3241/3241
f 3246/3246/3246 3245/3245/3245 3244/3244/3244
mtllib mtl_bink_4x4.mtl
g mtl_bink_4x4
usemtl mtl_bink_4x4
f 3249/3249/3249 3248/3248/3248 3247/3247/3247
f 3252/3252/3252 3251/3251/3251 3250/3250/3250
f 3255/3255/3255 3254/3254/3254 3253/3253/3253
f 3258/3258/3258 3257/3257/3257 3256/3256/3256
f 3261/3261/3261 3260/3260/3260 3259/3259/3259
f 3264/3264/3264 3263/3263/3263 3262/3262/3262
f 3267/3267/3267 3266/3266/3266 3265/3265/3265
f 3270/3270/3270 3269/3269/3269 3268/3268/3268
f 3273/3273/3273 3272/3272/3272 3271/3271/3271
f 3276/3276/3276 3275/3275/3275 3274/3274/3274
f 3279/3279/3279 3278/3278/3278 3277/3277/3277
f 3282/3282/3282 3281/3281/3281 3280/3280/3280
f 3285/3285/3285 3284/3284/3284 3283/3283/3283
f 3288/3288/3288 3287/3287/3287 3286/3286/3286
f 3291/3291/3291 3290/3290/3290 3289/3289/3289
f 3294/3294/3294 3293/3293/3293 3292/3292/3292
f 3297/3297/3297 3296/3296/3296 3295/3295/3295
f 3300/3300/3300 3299/3299/3299 3298/3298/3298
f 3303/3303/3303 3302/3302/3302 3301/3301/3301
f 3306/3306/3306 3305/3305/3305 3304/3304/3304
f 3309/3309/3309 3308/3308/3308 3307/3307/3307
f 3312/3312/3312 3311/3311/3311 3310/3310/3310
f 3315/3315/3315 3314/3314/3314 3313/3313/3313
f 3318/3318/3318 3317/3317/3317 3316/3316/3316
f 3321/3321/3321 3320/3320/3320 3319/3319/3319
f 3324/3324/3324 3323/3323/3323 3322/3322/3322
f 3327/3327/3327 3326/3326/3326 3325/3325/3325
f 3330/3330/3330 3329/3329/3329 3328/3328/3328
f 3333/3333/3333 3332/3332/3332 3331/3331/3331
f 3336/3336/3336 3335/3335/3335 3334/3334/3334
f 3339/3339/3339 3338/3338/3338 3337/3337/3337
f 3342/3342/3342 3341/3341/3341 3340/3340/3340
f 3345/3345/3345 3344/3344/3344 3343/3343/3343
f 3348/3348/3348 3347/3347/3347 3346/3346/3346
f 3351/3351/3351 3350/3350/3350 3349/3349/3349
f 3354/3354/3354 3353/3353/3353 3352/3352/3352
f 3357/3357/3357 3356/3356/3356 3355/3355/3355
f 3360/3360/3360 3359/3359/3359 3358/3358/3358
f 3363/3363/3363 3362/3362/3362 3361/3361/3361
f 3366/3366/3366 3365/3365/3365 3364/3364/3364
f 3369/3369/3369 3368/3368/3368 3367/3367/3367
f 3372/3372/3372 3371/3371/3371 3370/3370/3370
f 3375/3375/3375 3374/3374/3374 3373/3373/3373
f 3378/3378/3378 3377/3377/3377 3376/3376/3376
f 3381/3381/3381 3380/3380/3380 3379/3379/3379
f 3384/3384/3384 3383/3383/3383 3382/3382/3382
f 3387/3387/3387 3386/3386/3386 3385/3385/3385
f 3390/3390/3390 3389/3389/3389 3388/3388/3388
f 3393/3393/3393 3392/3392/3392 3391/3391/3391
f 3396/3396/3396 3395/3395/3395 3394/3394/3394
f 3399/3399/3399 3398/3398/3398 3397/3397/3397
f 3402/3402/3402 3401/3401/3401 3400/3400/3400
f 3405/3405/3405 3404/3404/3404 3403/3403/3403
f 3408/3408/3408 3407/3407/3407 3406/3406/3406
f 3411/3411/3411 3410/3410/3410 3409/3409/3409
f 3414/3414/3414 3413/3413/3413 3412/3412/3412
f 3417/3417/3417 3416/3416/3416 3415/3415/3415
f 3420/3420/3420 3419/3419/3419 3418/3418/3418
f 3423/3423/3423 3422/3422/3422 3421/3421/3421
f 3426/3426/3426 3425/3425/3425 3424/3424/3424
f 3429/3429/3429 3428/3428/3428 3427/3427/3427
f 3432/3432/3432 3431/3431/3431 3430/3430/3430
f 3435/3435/3435 3434/3434/3434 3433/3433/3433
f 3438/3438/3438 3437/3437/3437 3436/3436/3436
mtllib mtl_p_int_monitor_a_unlit.mtl
g mtl_p_int_monitor_a_unlit
usemtl mtl_p_int_monitor_a_unlit
f 3441/3441/3441 3440/3440/3440 3439/3439/3439
f 3444/3444/3444 3443/3443/3443 3442/3442/3442
f 3447/3447/3447 3446/3446/3446 3445/3445/3445
f 3450/3450/3450 3449/3449/3449 3448/3448/3448
f 3453/3453/3453 3452/3452/3452 3451/3451/3451
f 3456/3456/3456 3455/3455/3455 3454/3454/3454
f 3459/3459/3459 3458/3458/3458 3457/3457/3457
f 3462/3462/3462 3461/3461/3461 3460/3460/3460
f 3465/3465/3465 3464/3464/3464 3463/3463/3463
f 3468/3468/3468 3467/3467/3467 3466/3466/3466
f 3471/3471/3471 3470/3470/3470 3469/3469/3469
f 3474/3474/3474 3473/3473/3473 3472/3472/3472
f 3477/3477/3477 3476/3476/3476 3475/3475/3475
f 3480/3480/3480 3479/3479/3479 3478/3478/3478
f 3483/3483/3483 3482/3482/3482 3481/3481/3481
f 3486/3486/3486 3485/3485/3485 3484/3484/3484
f 3489/3489/3489 3488/3488/3488 3487/3487/3487
f 3492/3492/3492 3491/3491/3491 3490/3490/3490
f 3495/3495/3495 3494/3494/3494 3493/3493/3493
f 3498/3498/3498 3497/3497/3497 3496/3496/3496
f 3501/3501/3501 3500/3500/3500 3499/3499/3499
f 3504/3504/3504 3503/3503/3503 3502/3502/3502
f 3507/3507/3507 3506/3506/3506 3505/3505/3505
f 3510/3510/3510 3509/3509/3509 3508/3508/3508
f 3513/3513/3513 3512/3512/3512 3511/3511/3511
f 3516/3516/3516 3515/3515/3515 3514/3514/3514
f 3519/3519/3519 3518/3518/3518 3517/3517/3517
f 3522/3522/3522 3521/3521/3521 3520/3520/3520
f 3525/3525/3525 3524/3524/3524 3523/3523/3523
f 3528/3528/3528 3527/3527/3527 3526/3526/3526
f 3531/3531/3531 3530/3530/3530 3529/3529/3529
f 3534/3534/3534 3533/3533/3533 3532/3532/3532
f 3537/3537/3537 3536/3536/3536 3535/3535/3535
f 3540/3540/3540 3539/3539/3539 3538/3538/3538
f 3543/3543/3543 3542/3542/3542 3541/3541/3541
f 3546/3546/3546 3545/3545/3545 3544/3544/3544
f 3549/3549/3549 3548/3548/3548 3547/3547/3547
f 3552/3552/3552 3551/3551/3551 3550/3550/3550
f 3555/3555/3555 3554/3554/3554 3553/3553/3553
f 3558/3558/3558 3557/3557/3557 3556/3556/3556
f 3561/3561/3561 3560/3560/3560 3559/3559/3559
f 3564/3564/3564 3563/3563/3563 3562/3562/3562
f 3567/3567/3567 3566/3566/3566 3565/3565/3565
f 3570/3570/3570 3569/3569/3569 3568/3568/3568
f 3573/3573/3573 3572/3572/3572 3571/3571/3571
f 3576/3576/3576 3575/3575/3575 3574/3574/3574
f 3579/3579/3579 3578/3578/3578 3577/3577/3577
f 3582/3582/3582 3581/3581/3581 3580/3580/3580
f 3585/3585/3585 3584/3584/3584 3583/3583/3583
f 3588/3588/3588 3587/3587/3587 3586/3586/3586
