# Generated by Wraith - Game extraction tools
# Please credit DTZxPorter for using it!

v 56.644806 -17.591385 0.679171
v 56.166412 44.456085 0.478394
v 55.965637 -17.591385 0.000005
v 55.965637 -17.591385 76.199982
v 56.166412 44.456085 75.721588
v 56.644806 -17.591385 75.520813
v -46.426762 53.009369 5.449837
v -46.417904 53.033173 66.731514
v -48.403614 47.358711 3.824455
v -46.417904 53.033173 66.731514
v -48.749115 47.358711 69.069336
v -48.403614 47.358711 3.824455
v 48.749115 47.358711 69.069336
v 46.417904 53.033173 66.731514
v 48.403614 47.358711 3.824455
v 46.417904 53.033173 66.731514
v 46.426762 53.009369 5.449837
v 48.403614 47.358711 3.824455
v 46.426762 53.009369 5.449837
v -46.426762 53.009369 5.449837
v 48.403614 47.358711 3.824455
v -46.426762 53.009369 5.449837
v -48.403614 47.358711 3.824455
v 48.403614 47.358711 3.824455
v -41.082653 -19.203070 18.856754
v -40.987217 -18.585306 18.863012
v -40.462910 -18.585306 14.880523
v -40.555893 -19.203070 14.855610
v -41.082653 -19.203070 18.856754
v -40.462910 -18.585306 14.880523
v -41.769829 -19.458363 18.811714
v -41.082653 -19.203070 18.856754
v -40.555893 -19.203070 14.855610
v -41.225380 -19.458363 14.676219
v -41.769829 -19.458363 18.811714
v -40.555893 -19.203070 14.855610
v -42.556896 -18.585260 18.760128
v -41.769829 -19.458363 18.811714
v -41.225380 -19.458363 14.676219
v -40.462910 -18.585306 14.880523
v -38.925842 -18.585306 11.169705
v -40.555893 -19.203070 14.855610
v -41.992188 -18.585260 14.470753
v -42.556896 -18.585260 18.760128
v -41.225380 -19.458363 14.676219
v -40.555893 -19.203070 14.855610
v -39.009201 -19.203070 11.121572
v -41.225380 -19.458363 14.676219
v -38.925842 -18.585306 11.169705
v -39.009201 -19.203070 11.121572
v -40.555893 -19.203070 14.855610
v -41.225380 -19.458363 14.676219
v -39.609455 -19.458363 10.775021
v -41.992188 -18.585260 14.470753
v -39.009201 -19.203070 11.121572
v -39.609455 -19.458363 10.775021
v -41.225380 -19.458363 14.676219
v -39.609455 -19.458363 10.775021
v -40.296951 -18.585260 10.378095
v -41.992188 -18.585260 14.470753
v -39.609455 -19.458363 10.775021
v -37.038879 -19.458363 7.424986
v -40.296951 -18.585260 10.378095
v -39.009201 -19.203070 11.121572
v -36.548779 -19.203070 7.915087
v -39.609455 -19.458363 10.775021
v -36.548779 -19.203070 7.915087
v -37.038879 -19.458363 7.424986
v -39.609455 -19.458363 10.775021
v -37.038879 -19.458363 7.424986
v -37.600220 -18.585260 6.863647
v -40.296951 -18.585260 10.378095
v -38.925842 -18.585306 11.169705
v -36.480713 -18.585306 7.983154
v -39.009201 -19.203070 11.121572
v -36.480713 -18.585306 7.983154
v -36.548779 -19.203070 7.915087
v -39.009201 -19.203070 11.121572
v -37.038879 -19.458363 7.424986
v -33.688847 -19.458363 4.854415
v -37.600220 -18.585260 6.863647
v -36.548779 -19.203070 7.915087
v -33.342293 -19.203070 5.454663
v -37.038879 -19.458363 7.424986
v -33.342293 -19.203070 5.454663
v -33.688847 -19.458363 4.854415
v -37.038879 -19.458363 7.424986
v -33.688847 -19.458363 4.854415
v -34.085773 -18.585260 4.166918
v -37.600220 -18.585260 6.863647
v -36.480713 -18.585306 7.983154
v -33.294163 -18.585306 5.538028
v -36.548779 -19.203070 7.915087
v -33.294163 -18.585306 5.538028
v -33.342293 -19.203070 5.454663
v -36.548779 -19.203070 7.915087
v -33.688847 -19.458363 4.854415
v -29.787649 -19.458363 3.238487
v -34.085773 -18.585260 4.166918
v -33.342293 -19.203070 5.454663
v -29.608257 -19.203070 3.907975
v -33.688847 -19.458363 4.854415
v -29.608257 -19.203070 3.907975
v -29.787649 -19.458363 3.238487
v -33.688847 -19.458363 4.854415
v -29.787649 -19.458363 3.238487
v -29.993113 -18.585260 2.471684
v -34.085773 -18.585260 4.166918
v -33.294163 -18.585306 5.538028
v -29.583347 -18.585306 4.000957
v -33.342293 -19.203070 5.454663
v -29.583347 -18.585306 4.000957
v -29.608257 -19.203070 3.907975
v -33.342293 -19.203070 5.454663
v -29.787649 -19.458363 3.238487
v -29.608257 -19.203070 3.907975
v -25.652153 -19.458363 2.694038
v -29.993113 -18.585260 2.471684
v -29.787649 -19.458363 3.238487
v -25.703741 -18.585260 1.906976
v -29.787649 -19.458363 3.238487
v -25.652153 -19.458363 2.694038
v -25.703741 -18.585260 1.906976
v -29.608257 -19.203070 3.907975
v -25.607109 -19.203070 3.381215
v -25.652153 -19.458363 2.694038
v -29.608257 -19.203070 3.907975
v -29.583347 -18.585306 4.000957
v -25.607109 -19.203070 3.381215
v -29.583347 -18.585306 4.000957
v -25.600853 -18.585306 3.476653
v -25.607109 -19.203070 3.381215
v -25.600853 -18.585306 3.476653
v 25.600853 -18.585306 3.476655
v -25.607109 -19.203070 3.381215
v 25.600853 -18.585306 3.476655
v 25.607109 -19.203070 3.381215
v -25.607109 -19.203070 3.381215
v -25.607109 -19.203070 3.381215
v 25.607109 -19.203070 3.381215
v -25.652153 -19.458363 2.694038
v 25.607109 -19.203070 3.381215
v 25.652149 -19.458363 2.694038
v -25.652153 -19.458363 2.694038
v 25.607109 -19.203070 3.381215
v 25.600853 -18.585306 3.476655
v 29.583208 -18.585306 4.000901
v -25.652153 -19.458363 2.694038
v 25.652149 -19.458363 2.694038
v -25.703741 -18.585260 1.906976
v 25.652149 -19.458363 2.694038
v 25.703733 -18.585260 1.906976
v -25.703741 -18.585260 1.906976
v 25.652149 -19.458363 2.694038
v 25.607109 -19.203070 3.381215
v 29.608250 -19.203070 3.907975
v 29.608250 -19.203070 3.907975
v 25.607109 -19.203070 3.381215
v 29.583208 -18.585306 4.000901
v 25.703733 -18.585260 1.906976
v 25.652149 -19.458363 2.694038
v 29.787645 -19.458363 3.238487
v 29.787645 -19.458363 3.238487
v 25.652149 -19.458363 2.694038
v 29.608250 -19.203070 3.907975
v 29.993105 -18.585260 2.471684
v 25.703733 -18.585260 1.906976
v 29.787645 -19.458363 3.238487
v 29.787645 -19.458363 3.238487
v 33.688839 -19.458363 4.854415
v 29.993105 -18.585260 2.471684
v 29.608250 -19.203070 3.907975
v 33.342289 -19.203070 5.454663
v 29.787645 -19.458363 3.238487
v 33.342289 -19.203070 5.454663
v 33.688839 -19.458363 4.854415
v 29.787645 -19.458363 3.238487
v 33.688839 -19.458363 4.854415
v 34.085770 -18.585260 4.166918
v 29.993105 -18.585260 2.471684
v 29.583208 -18.585306 4.000901
v 33.294159 -18.585306 5.538028
v 29.608250 -19.203070 3.907975
v 33.294159 -18.585306 5.538028
v 33.342289 -19.203070 5.454663
v 29.608250 -19.203070 3.907975
v 33.688839 -19.458363 4.854415
v 37.038876 -19.458363 7.424986
v 34.085770 -18.585260 4.166918
v 33.342289 -19.203070 5.454663
v 36.548775 -19.203070 7.915087
v 33.688839 -19.458363 4.854415
v 36.548775 -19.203070 7.915087
v 37.038876 -19.458363 7.424986
v 33.688839 -19.458363 4.854415
v 37.038876 -19.458363 7.424986
v 37.600216 -18.585260 6.863647
v 34.085770 -18.585260 4.166918
v 33.294159 -18.585306 5.538028
v 36.480713 -18.585306 7.983157
v 33.342289 -19.203070 5.454663
v 36.480713 -18.585306 7.983157
v 36.548775 -19.203070 7.915087
v 33.342289 -19.203070 5.454663
v 37.038876 -19.458363 7.424986
v 39.609447 -19.458363 10.775021
v 37.600216 -18.585260 6.863647
v 36.548775 -19.203070 7.915087
v 39.009197 -19.203070 11.121572
v 37.038876 -19.458363 7.424986
v 39.009197 -19.203070 11.121572
v 39.609447 -19.458363 10.775021
v 37.038876 -19.458363 7.424986
v 39.609447 -19.458363 10.775021
v 40.296944 -18.585260 10.378095
v 37.600216 -18.585260 6.863647
v 36.480713 -18.585306 7.983157
v 38.925831 -18.585306 11.169708
v 36.548775 -19.203070 7.915087
v 38.925831 -18.585306 11.169708
v 39.009197 -19.203070 11.121572
v 36.548775 -19.203070 7.915087
v 39.609447 -19.458363 10.775021
v 41.225380 -19.458363 14.676219
v 40.296944 -18.585260 10.378095
v 41.225380 -19.458363 14.676219
v 41.992180 -18.585260 14.470753
v 40.296944 -18.585260 10.378095
v 39.009197 -19.203070 11.121572
v 40.555889 -19.203070 14.855610
v 39.609447 -19.458363 10.775021
v 40.555889 -19.203070 14.855610
v 41.225380 -19.458363 14.676219
v 39.609447 -19.458363 10.775021
v 41.992180 -18.585260 14.470753
v 41.225380 -19.458363 14.676219
v 42.556889 -18.585260 18.760128
v 38.925831 -18.585306 11.169708
v 40.462910 -18.585306 14.880527
v 39.009197 -19.203070 11.121572
v 40.462910 -18.585306 14.880527
v 40.555889 -19.203070 14.855610
v 39.009197 -19.203070 11.121572
v 41.225380 -19.458363 14.676219
v 41.769817 -19.458363 18.811714
v 42.556889 -18.585260 18.760128
v 41.225380 -19.458363 14.676219
v 40.555889 -19.203070 14.855610
v 41.769817 -19.458363 18.811714
v 40.555889 -19.203070 14.855610
v 40.462910 -18.585306 14.880527
v 41.082645 -19.203070 18.856754
v 40.555889 -19.203070 14.855610
v 41.082645 -19.203070 18.856754
v 41.769817 -19.458363 18.811714
v 40.462910 -18.585306 14.880527
v 40.987213 -18.585306 18.863012
v 41.082645 -19.203070 18.856754
v 55.965637 -17.591385 76.199982
v 42.956509 -18.586147 75.251862
v -55.965637 -17.591385 76.199982
v 42.956509 -18.586147 75.251862
v -42.956509 -18.586147 75.251862
v -55.965637 -17.591385 76.199982
v -55.965637 -17.591385 76.199982
v -42.956509 -18.586147 75.251862
v -56.080330 -18.586147 75.251862
v -56.644806 -17.591385 75.520813
v -55.965637 -17.591385 76.199982
v -56.080330 -18.586147 75.251862
v -25.600853 -18.585306 72.723343
v -42.956509 -18.586147 75.251862
v 42.956509 -18.586147 75.251862
v -56.644806 -17.591385 75.520813
v -56.080330 -18.586147 75.251862
v -56.644806 -17.591385 0.679171
v -56.080330 -18.586147 75.251862
v -56.080330 -18.586147 0.948136
v -56.644806 -17.591385 0.679171
v -56.644806 -17.591385 0.679171
v -56.080330 -18.586147 0.948136
v -55.965637 -17.591385 0.000005
v -25.600853 -18.585306 72.723343
v -29.582806 -18.585306 72.199265
v -42.956509 -18.586147 75.251862
v -53.063412 -18.586147 62.198547
v -56.080330 -18.586147 75.251862
v -42.956509 -18.586147 75.251862
v -29.582806 -18.585306 72.199265
v -33.294163 -18.585306 70.661972
v -42.956509 -18.586147 75.251862
v -33.294163 -18.585306 70.661972
v -36.480713 -18.585306 68.216843
v -42.956509 -18.586147 75.251862
v 25.600853 -18.585306 72.723358
v -25.600853 -18.585306 72.723343
v 42.956509 -18.586147 75.251862
v -42.956509 -18.586147 75.251862
v -36.480713 -18.585306 68.216843
v -38.925842 -18.585306 65.030289
v -42.956509 -18.586147 75.251862
v -38.925842 -18.585306 65.030289
v -40.462910 -18.585306 61.319477
v -44.900600 -18.586147 62.198547
v -42.956509 -18.586147 75.251862
v -40.462910 -18.585306 61.319477
v -44.900600 -18.586147 62.198547
v -53.063412 -18.586147 62.198547
v -42.956509 -18.586147 75.251862
v 42.956509 -18.586147 75.251862
v 29.583344 -18.585306 72.199051
v 25.600853 -18.585306 72.723358
v 42.956509 -18.586147 75.251862
v 33.294159 -18.585306 70.661987
v 29.583344 -18.585306 72.199051
v 42.956509 -18.586147 75.251862
v 36.480713 -18.585306 68.216843
v 33.294159 -18.585306 70.661987
v 38.925838 -18.585306 65.030304
v 36.480713 -18.585306 68.216843
v 42.956509 -18.586147 75.251862
v 40.462910 -18.585306 61.319485
v 38.925838 -18.585306 65.030304
v 42.956509 -18.586147 75.251862
v 40.462910 -18.585306 61.319485
v 42.956509 -18.586147 75.251862
v 44.900600 -18.586147 62.198547
v 44.900600 -18.586147 62.198547
v 42.956509 -18.586147 75.251862
v 53.063412 -18.586147 62.198547
v -56.080330 -18.586147 0.948136
v -42.956509 -18.586147 0.948136
v -55.965637 -17.591385 0.000005
v -53.063412 -18.586147 14.001457
v -56.080330 -18.586147 0.948136
v -56.080330 -18.586147 75.251862
v -53.063412 -18.586147 62.198547
v -53.063412 -18.586147 14.001457
v -56.080330 -18.586147 75.251862
v -56.080330 -18.586147 0.948136
v -53.063412 -18.586147 14.001457
v -42.956509 -18.586147 0.948136
v 42.956509 -18.586147 75.251862
v 56.080330 -18.586147 75.251862
v 53.063412 -18.586147 62.198547
v 55.965637 -17.591385 76.199982
v 56.080330 -18.586147 75.251862
v 42.956509 -18.586147 75.251862
v 40.462910 -18.585306 61.319485
v 44.900600 -18.586147 62.198547
v 40.987213 -18.585306 57.336994
v 40.987213 -18.585306 57.336994
v 44.900600 -18.586147 62.198547
v 44.900600 -18.586147 14.001457
v 40.987213 -18.585306 18.863012
v 40.987213 -18.585306 57.336994
v 44.900600 -18.586147 14.001457
v 40.462910 -18.585306 14.880527
v 40.987213 -18.585306 18.863012
v 44.900600 -18.586147 14.001457
v -42.956509 -18.586147 0.948136
v 42.956509 -18.586147 0.948136
v -55.965637 -17.591385 0.000005
v 44.900600 -18.586147 14.001457
v 42.956509 -18.586147 0.948136
v 40.462910 -18.585306 14.880527
v -40.462910 -18.585306 61.319477
v -40.987217 -18.585306 57.336983
v -44.900600 -18.586147 62.198547
v 42.956509 -18.586147 0.948136
v 38.925831 -18.585306 11.169708
v 40.462910 -18.585306 14.880527
v 42.956509 -18.586147 0.948136
v 44.900600 -18.586147 14.001457
v 53.063412 -18.586147 14.001457
v 53.063412 -18.586147 62.198547
v 56.080330 -18.586147 75.251862
v 53.063412 -18.586147 14.001457
v 42.956509 -18.586147 0.948136
v 55.965637 -17.591385 0.000005
v -55.965637 -17.591385 0.000005
v 56.080330 -18.586147 0.948136
v 42.956509 -18.586147 0.948136
v 53.063412 -18.586147 14.001457
v 56.080330 -18.586147 75.251862
v 56.080330 -18.586147 0.948136
v 53.063412 -18.586147 14.001457
v 56.080330 -18.586147 0.948136
v 55.965637 -17.591385 0.000005
v 42.956509 -18.586147 0.948136
v 42.956509 -18.586147 0.948136
v 36.480713 -18.585306 7.983157
v 38.925831 -18.585306 11.169708
v 56.644806 -17.591385 0.679171
v 56.080330 -18.586147 0.948136
v 56.080330 -18.586147 75.251862
v 56.644806 -17.591385 75.520813
v 56.080330 -18.586147 75.251862
v 55.965637 -17.591385 76.199982
v 56.644806 -17.591385 75.520813
v 56.644806 -17.591385 0.679171
v 56.080330 -18.586147 75.251862
v 33.294159 -18.585306 5.538028
v 36.480713 -18.585306 7.983157
v 42.956509 -18.586147 0.948136
v 29.583208 -18.585306 4.000901
v 33.294159 -18.585306 5.538028
v 42.956509 -18.586147 0.948136
v 25.600853 -18.585306 3.476655
v 29.583208 -18.585306 4.000901
v 42.956509 -18.586147 0.948136
v 25.600853 -18.585306 3.476655
v 42.956509 -18.586147 0.948136
v -25.600853 -18.585306 3.476653
v 42.956509 -18.586147 0.948136
v -42.956509 -18.586147 0.948136
v -25.600853 -18.585306 3.476653
v -40.987217 -18.585306 57.336983
v -40.987217 -18.585306 18.863012
v -44.900600 -18.586147 62.198547
v -40.987217 -18.585306 18.863012
v -44.900600 -18.586147 14.001457
v -44.900600 -18.586147 62.198547
v -53.063412 -18.586147 14.001457
v -44.900600 -18.586147 14.001457
v -42.956509 -18.586147 0.948136
v -29.583347 -18.585306 4.000957
v -25.600853 -18.585306 3.476653
v -42.956509 -18.586147 0.948136
v -42.956509 -18.586147 0.948136
v -33.294163 -18.585306 5.538028
v -29.583347 -18.585306 4.000957
v -42.956509 -18.586147 0.948136
v -36.480713 -18.585306 7.983154
v -33.294163 -18.585306 5.538028
v -38.925842 -18.585306 11.169705
v -36.480713 -18.585306 7.983154
v -42.956509 -18.586147 0.948136
v -40.462910 -18.585306 14.880523
v -38.925842 -18.585306 11.169705
v -42.956509 -18.586147 0.948136
v -40.462910 -18.585306 14.880523
v -42.956509 -18.586147 0.948136
v -44.900600 -18.586147 14.001457
v -40.462910 -18.585306 14.880523
v -44.900600 -18.586147 14.001457
v -40.987217 -18.585306 18.863012
v 56.644806 -17.591385 0.679171
v 55.965637 -17.591385 0.000005
v 56.080330 -18.586147 0.948136
v -56.644806 -17.591385 0.679171
v -55.965637 -17.591385 0.000005
v -56.166412 44.456085 0.478394
v -56.166412 44.456085 0.478394
v -56.166412 44.456085 75.721588
v -56.644806 -17.591385 0.679171
v -56.166412 44.456085 75.721588
v -56.644806 -17.591385 75.520813
v -56.644806 -17.591385 0.679171
v -55.965637 -17.591385 76.199982
v -56.644806 -17.591385 75.520813
v -56.166412 44.456085 75.721588
v 52.484543 -19.513853 57.956272
v 52.194885 -17.714815 57.158871
v 51.144630 -17.714815 57.584850
v 51.368435 -19.513853 58.400074
v 52.484543 -19.513853 57.956272
v 51.144630 -17.714815 57.584850
v 51.144630 -17.714815 57.584850
v 46.819328 -17.714815 57.584850
v 51.368435 -19.513853 58.400074
v 46.819328 -17.714815 57.584850
v 46.595528 -19.513853 58.400074
v 51.368435 -19.513853 58.400074
v 46.595528 -19.513853 58.400074
v 46.819328 -17.714815 57.584850
v 45.479443 -19.513853 57.956272
v 46.819328 -17.714815 57.584850
v 45.769089 -17.714815 57.158871
v 45.479443 -19.513853 57.956272
v 45.479443 -19.513853 57.956272
v 45.769089 -17.714815 57.158871
v 45.017143 -19.513853 56.884846
v 45.769089 -17.714815 57.158871
v 45.334057 -17.714815 56.130463
v 45.017143 -19.513853 56.884846
v 45.334057 -17.714815 56.130463
v 45.334057 -17.714815 20.069517
v 45.017143 -19.513853 56.884846
v 45.334057 -17.714815 20.069517
v 45.017143 -19.513853 19.315140
v 45.017143 -19.513853 56.884846
v 45.017143 -19.513853 19.315140
v 45.334057 -17.714815 20.069517
v 45.769089 -17.714815 19.041117
v 45.479443 -19.513853 18.243715
v 45.017143 -19.513853 19.315140
v 45.769089 -17.714815 19.041117
v 45.479443 -19.513853 18.243715
v 45.769089 -17.714815 19.041117
v 46.819328 -17.714815 18.615137
v 46.595528 -19.513853 17.799913
v 45.479443 -19.513853 18.243715
v 46.819328 -17.714815 18.615137
v 46.819328 -17.714815 18.615137
v 51.144630 -17.714815 18.615137
v 46.595528 -19.513853 17.799913
v 51.144630 -17.714815 18.615137
v 51.368435 -19.513853 17.799913
v 46.595528 -19.513853 17.799913
v 51.368435 -19.513853 17.799913
v 51.144630 -17.714815 18.615137
v 52.484543 -19.513853 18.243715
v 51.144630 -17.714815 18.615137
v 52.194885 -17.714815 19.041117
v 52.484543 -19.513853 18.243715
v 52.484543 -19.513853 57.956272
v 52.946835 -19.513853 56.884846
v 52.194885 -17.714815 57.158871
v 52.946835 -19.513853 56.884846
v 52.629913 -17.714815 56.130463
v 52.194885 -17.714815 57.158871
v 52.629913 -17.714815 56.130463
v 52.946835 -19.513853 56.884846
v 52.946835 -19.513853 19.315140
v 52.629913 -17.714815 20.069517
v 52.629913 -17.714815 56.130463
v 52.946835 -19.513853 19.315140
v 52.194885 -17.714815 19.041117
v 52.629913 -17.714815 20.069517
v 52.946835 -19.513853 19.315140
v 52.484543 -19.513853 18.243715
v 52.194885 -17.714815 19.041117
v 52.946835 -19.513853 19.315140
v -25.600853 -18.585306 3.476653
v -24.178865 -10.950877 5.396730
v 24.178865 -10.950877 5.395973
v 25.600853 -18.585306 3.476655
v -25.600853 -18.585306 3.476653
v 24.178865 -10.950877 5.395973
v 25.600853 -18.585306 3.476655
v 24.178865 -10.950877 5.395973
v 27.940922 -10.950877 5.891258
v 29.583208 -18.585306 4.000901
v 25.600853 -18.585306 3.476655
v 27.940922 -10.950877 5.891258
v 29.583208 -18.585306 4.000901
v 27.940922 -10.950877 5.891258
v 31.446602 -10.950877 7.343353
v 33.294159 -18.585306 5.538028
v 29.583208 -18.585306 4.000901
v 31.446602 -10.950877 7.343353
v 33.294159 -18.585306 5.538028
v 31.446602 -10.950877 7.343353
v 34.457001 -10.950877 9.653320
v 36.480713 -18.585306 7.983157
v 33.294159 -18.585306 5.538028
v 34.457001 -10.950877 9.653320
v 36.480713 -18.585306 7.983157
v 34.457001 -10.950877 9.653320
v 36.766964 -10.950877 12.663718
v 38.925831 -18.585306 11.169708
v 36.480713 -18.585306 7.983157
v 36.766964 -10.950877 12.663718
v 40.462910 -18.585306 14.880527
v 38.925831 -18.585306 11.169708
v 36.766964 -10.950877 12.663718
v 38.219067 -10.950877 16.169397
v 40.462910 -18.585306 14.880527
v 36.766964 -10.950877 12.663718
v 40.987213 -18.585306 18.863012
v 40.462910 -18.585306 14.880527
v 38.219067 -10.950877 16.169397
v 38.714352 -10.950877 19.931469
v 40.987213 -18.585306 18.863012
v 38.219067 -10.950877 16.169397
v 40.987213 -18.585306 18.863012
v 38.714352 -10.950877 19.931469
v 38.709747 -10.950877 56.268547
v 40.987213 -18.585306 57.336994
v 40.987213 -18.585306 18.863012
v 38.709747 -10.950877 56.268547
v 40.987213 -18.585306 57.336994
v 38.709747 -10.950877 56.268547
v 38.219067 -10.950877 60.030609
v 40.462910 -18.585306 61.319485
v 40.987213 -18.585306 57.336994
v 38.219067 -10.950877 60.030609
v 40.462910 -18.585306 61.319485
v 38.219067 -10.950877 60.030609
v 36.766964 -10.950877 63.536289
v 38.925838 -18.585306 65.030304
v 40.462910 -18.585306 61.319485
v 36.766964 -10.950877 63.536289
v 36.480713 -18.585306 68.216843
v 38.925838 -18.585306 65.030304
v 36.766964 -10.950877 63.536289
v 34.457001 -10.950877 66.546692
v 36.480713 -18.585306 68.216843
v 36.766964 -10.950877 63.536289
v 33.294159 -18.585306 70.661987
v 36.480713 -18.585306 68.216843
v 34.457001 -10.950877 66.546692
v 31.446602 -10.950877 68.856651
v 33.294159 -18.585306 70.661987
v 34.457001 -10.950877 66.546692
v 29.583344 -18.585306 72.199051
v 33.294159 -18.585306 70.661987
v 31.446602 -10.950877 68.856651
v 27.940922 -10.950877 70.308754
v 29.583344 -18.585306 72.199051
v 31.446602 -10.950877 68.856651
v 25.600853 -18.585306 72.723358
v 29.583344 -18.585306 72.199051
v 27.940922 -10.950877 70.308754
v 24.178865 -10.950877 70.803276
v 25.600853 -18.585306 72.723358
v 27.940922 -10.950877 70.308754
v 47.645996 -20.218252 41.150795
v 47.207787 -20.218252 40.795944
v 47.395386 -17.961092 41.663509
v 47.207787 -20.218252 40.795944
v 46.758377 -17.961092 41.147671
v 47.395386 -17.961092 41.663509
v 50.598213 -17.961092 38.056076
v 49.621071 -17.961092 37.264797
v 50.095512 -20.219263 38.364975
v 49.621071 -17.961092 37.264797
v 49.423454 -20.219263 37.820755
v 50.095512 -20.219263 38.364975
v 46.758377 -17.961092 41.147671
v 47.207787 -20.218252 40.795944
v 48.042740 -17.961092 38.808708
v 47.207787 -20.218252 40.795944
v 48.294586 -20.116735 39.078972
v 48.042740 -17.961092 38.808708
v 48.294586 -20.116735 39.078972
v 49.423454 -20.219263 37.820755
v 48.042740 -17.961092 38.808708
v 49.423454 -20.219263 37.820755
v 49.621071 -17.961092 37.264797
v 48.042740 -17.961092 38.808708
v 50.598213 -17.961092 38.056076
v 50.095512 -20.219263 38.364975
v 49.416206 -17.961092 39.920921
v 50.095512 -20.219263 38.364975
v 49.099491 -20.116735 39.730778
v 49.416206 -17.961092 39.920921
v 49.099491 -20.116735 39.730778
v 47.645996 -20.218252 41.150795
v 49.416206 -17.961092 39.920921
v 47.645996 -20.218252 41.150795
v 47.395386 -17.961092 41.663509
v 49.416206 -17.961092 39.920921
v 47.207787 -20.218252 40.795944
v 47.645996 -20.218252 41.150795
v 49.099491 -20.116735 39.730778
v 48.294586 -20.116735 39.078972
v 47.207787 -20.218252 40.795944
v 49.099491 -20.116735 39.730778
v 49.099491 -20.116735 39.730778
v 50.095512 -20.219263 38.364975
v 48.294586 -20.116735 39.078972
v 50.095512 -20.219263 38.364975
v 49.423454 -20.219263 37.820755
v 48.294586 -20.116735 39.078972
v 50.476158 -20.218252 53.128242
v 49.978294 -20.218252 53.392967
v 50.850189 -17.961092 53.559273
v 49.978294 -20.218252 53.392967
v 50.126465 -17.961092 53.944084
v 50.850189 -17.961092 53.559273
v 48.780975 -17.961092 49.201515
v 47.670799 -17.961092 49.791801
v 48.868896 -20.219263 49.784950
v 47.670799 -17.961092 49.791801
v 48.105347 -20.219263 50.190933
v 48.868896 -20.219263 49.784950
v 50.126465 -17.961092 53.944084
v 49.978294 -20.218252 53.392967
v 48.475281 -17.961092 51.847916
v 49.978294 -20.218252 53.392967
v 48.822456 -20.116735 51.721691
v 48.475281 -17.961092 51.847916
v 48.822456 -20.116735 51.721691
v 48.105347 -20.219263 50.190933
v 48.475281 -17.961092 51.847916
v 48.105347 -20.219263 50.190933
v 47.670799 -17.961092 49.791801
v 48.475281 -17.961092 51.847916
v 48.780975 -17.961092 49.201515
v 48.868896 -20.219263 49.784950
v 50.035728 -17.961092 51.018211
v 48.868896 -20.219263 49.784950
v 49.736954 -20.116735 51.235451
v 50.035728 -17.961092 51.018211
v 49.736954 -20.116735 51.235451
v 50.476158 -20.218252 53.128242
v 50.035728 -17.961092 51.018211
v 50.476158 -20.218252 53.128242
v 50.850189 -17.961092 53.559273
v 50.035728 -17.961092 51.018211
v 49.978294 -20.218252 53.392967
v 50.476158 -20.218252 53.128242
v 49.736954 -20.116735 51.235451
v 48.822456 -20.116735 51.721691
v 49.978294 -20.218252 53.392967
v 49.736954 -20.116735 51.235451
v 49.736954 -20.116735 51.235451
v 48.868896 -20.219263 49.784950
v 48.822456 -20.116735 51.721691
v 48.868896 -20.219263 49.784950
v 48.105347 -20.219263 50.190933
v 48.822456 -20.116735 51.721691
v -50.558067 -19.919851 27.217007
v -50.977104 -19.919851 26.839706
v -50.835171 -17.662689 27.715904
v -50.977104 -19.919851 26.839706
v -51.444309 -17.662689 27.167435
v -50.835171 -17.662689 27.715904
v -47.447926 -17.662689 24.281033
v -48.382332 -17.662689 23.439701
v -47.966106 -19.920858 24.563202
v -48.382332 -17.662689 23.439701
v -48.608757 -19.920858 23.984556
v -47.966106 -19.920858 24.563202
v -51.444309 -17.662689 27.167435
v -50.977104 -19.919851 26.839706
v -50.039291 -17.662689 24.898893
v -50.977104 -19.919851 26.839706
v -49.801941 -19.818335 25.181969
v -50.039291 -17.662689 24.898893
v -49.801941 -19.818335 25.181969
v -48.608757 -19.920858 23.984556
v -50.039291 -17.662689 24.898893
v -48.608757 -19.920858 23.984556
v -48.382332 -17.662689 23.439701
v -50.039291 -17.662689 24.898893
v -47.447926 -17.662689 24.281033
v -47.966106 -19.920858 24.563202
v -48.725914 -17.662689 26.081459
v -47.966106 -19.920858 24.563202
v -49.032238 -19.818335 25.875004
v -48.725914 -17.662689 26.081459
v -49.032238 -19.818335 25.875004
v -50.558067 -19.919851 27.217007
v -48.725914 -17.662689 26.081459
v -50.558067 -19.919851 27.217007
v -50.835171 -17.662689 27.715904
v -48.725914 -17.662689 26.081459
v -50.977104 -19.919851 26.839706
v -50.558067 -19.919851 27.217007
v -49.032238 -19.818335 25.875004
v -49.801941 -19.818335 25.181969
v -50.977104 -19.919851 26.839706
v -49.032238 -19.818335 25.875004
v -49.032238 -19.818335 25.875004
v -47.966106 -19.920858 24.563202
v -49.801941 -19.818335 25.181969
v -47.966106 -19.920858 24.563202
v -48.608757 -19.920858 23.984556
v -49.801941 -19.818335 25.181969
v -50.580700 -19.919851 32.315453
v -50.092377 -19.919851 32.033524
v -50.969547 -17.662689 31.897747
v -50.092377 -19.919851 32.033524
v -50.259693 -17.662689 31.487915
v -50.969547 -17.662689 31.897747
v -48.749508 -17.662689 36.180641
v -47.660614 -17.662689 35.551964
v -48.857742 -19.920858 35.600632
v -47.660614 -17.662689 35.551964
v -48.108826 -19.920858 35.168243
v -48.857742 -19.920858 35.600632
v -50.259693 -17.662689 31.487915
v -50.092377 -19.919851 32.033524
v -48.536358 -17.662689 33.525177
v -50.092377 -19.919851 32.033524
v -48.878922 -19.818335 33.663437
v -48.536358 -17.662689 33.525177
v -48.878922 -19.818335 33.663437
v -48.108826 -19.920858 35.168243
v -48.536358 -17.662689 33.525177
v -48.108826 -19.920858 35.168243
v -47.660614 -17.662689 35.551964
v -48.536358 -17.662689 33.525177
v -48.749508 -17.662689 36.180641
v -48.857742 -19.920858 35.600632
v -50.066898 -17.662689 34.408844
v -48.857742 -19.920858 35.600632
v -49.775890 -19.818335 34.181305
v -50.066898 -17.662689 34.408844
v -49.775890 -19.818335 34.181305
v -50.580700 -19.919851 32.315453
v -50.066898 -17.662689 34.408844
v -50.580700 -19.919851 32.315453
v -50.969547 -17.662689 31.897747
v -50.066898 -17.662689 34.408844
v -50.092377 -19.919851 32.033524
v -50.580700 -19.919851 32.315453
v -49.775890 -19.818335 34.181305
v -48.878922 -19.818335 33.663437
v -50.092377 -19.919851 32.033524
v -49.775890 -19.818335 34.181305
v -49.775890 -19.818335 34.181305
v -48.857742 -19.920858 35.600632
v -48.878922 -19.818335 33.663437
v -48.857742 -19.920858 35.600632
v -48.108826 -19.920858 35.168243
v -48.878922 -19.818335 33.663437
v -46.880402 -19.919851 43.758980
v -47.227558 -19.919851 44.203308
v -46.363396 -17.662689 44.000603
v -47.227558 -19.919851 44.203308
v -46.868034 -17.662689 44.646515
v -46.363396 -17.662689 44.000603
v -50.026180 -17.662689 40.861221
v -50.800282 -17.662689 41.852020
v -49.708553 -19.920858 41.358452
v -50.800282 -17.662689 41.852020
v -50.240959 -19.920858 42.039898
v -49.708553 -19.920858 41.358452
v -46.868034 -17.662689 44.646515
v -47.227558 -19.919851 44.203308
v -49.229057 -17.662689 43.403168
v -47.227558 -19.919851 44.203308
v -48.963230 -19.818335 43.146645
v -49.229057 -17.662689 43.403168
v -48.963230 -19.818335 43.146645
v -50.240959 -19.920858 42.039898
v -49.229057 -17.662689 43.403168
v -50.240959 -19.920858 42.039898
v -50.800282 -17.662689 41.852020
v -49.229057 -17.662689 43.403168
v -50.026180 -17.662689 40.861221
v -49.708553 -19.920858 41.358452
v -48.140984 -17.662689 42.010498
v -49.708553 -19.920858 41.358452
v -48.325577 -19.818335 42.330482
v -48.140984 -17.662689 42.010498
v -48.325577 -19.818335 42.330482
v -46.880402 -19.919851 43.758980
v -48.140984 -17.662689 42.010498
v -46.880402 -19.919851 43.758980
v -46.363396 -17.662689 44.000603
v -48.140984 -17.662689 42.010498
v -47.227558 -19.919851 44.203308
v -46.880402 -19.919851 43.758980
v -48.325577 -19.818335 42.330482
v -48.963230 -19.818335 43.146645
v -47.227558 -19.919851 44.203308
v -48.325577 -19.818335 42.330482
v -48.325577 -19.818335 42.330482
v -49.708553 -19.920858 41.358452
v -48.963230 -19.818335 43.146645
v -49.708553 -19.920858 41.358452
v -50.240959 -19.920858 42.039898
v -48.963230 -19.818335 43.146645
v -14.150864 53.419647 62.135258
v -14.150864 53.419647 35.961693
v -9.976261 65.941902 56.132904
v -14.150864 53.419647 35.961693
v -9.990391 65.902367 39.805477
v -9.976261 65.941902 56.132904
v -14.150864 53.419647 35.961693
v 14.150864 53.419647 35.961693
v -9.990391 65.902367 39.805477
v 14.150864 53.419647 35.961693
v 9.990391 65.902367 39.805477
v -9.990391 65.902367 39.805477
v -41.769829 -19.458363 18.811714
v -42.556896 -18.585260 18.760128
v -42.556896 -18.585260 57.439869
v -41.769829 -19.458363 57.388283
v -41.769829 -19.458363 18.811714
v -42.556896 -18.585260 57.439869
v -41.082653 -19.203070 18.856754
v -41.769829 -19.458363 18.811714
v -41.769829 -19.458363 57.388283
v -41.082653 -19.203070 57.343243
v -41.082653 -19.203070 18.856754
v -41.769829 -19.458363 57.388283
v -40.987217 -18.585306 18.863012
v -41.082653 -19.203070 18.856754
v -41.082653 -19.203070 57.343243
v -40.987217 -18.585306 57.336983
v -40.987217 -18.585306 18.863012
v -41.082653 -19.203070 57.343243
v 41.769817 -19.458363 57.388283
v 42.556889 -18.585260 57.439869
v 42.556889 -18.585260 18.760128
v 41.769817 -19.458363 18.811714
v 41.769817 -19.458363 57.388283
v 42.556889 -18.585260 18.760128
v 41.082645 -19.203070 57.343243
v 41.769817 -19.458363 57.388283
v 41.769817 -19.458363 18.811714
v 41.082645 -19.203070 18.856754
v 41.082645 -19.203070 57.343243
v 41.769817 -19.458363 18.811714
v 40.987213 -18.585306 57.336994
v 41.082645 -19.203070 57.343243
v 41.082645 -19.203070 18.856754
v 40.987213 -18.585306 18.863012
v 40.987213 -18.585306 57.336994
v 41.082645 -19.203070 18.856754
v 41.082645 -19.203070 57.343243
v 40.987213 -18.585306 57.336994
v 40.462910 -18.585306 61.319485
v 40.555889 -19.203070 61.344395
v 41.082645 -19.203070 57.343243
v 40.462910 -18.585306 61.319485
v 41.769817 -19.458363 57.388283
v 41.082645 -19.203070 57.343243
v 40.555889 -19.203070 61.344395
v 41.225380 -19.458363 61.523777
v 41.769817 -19.458363 57.388283
v 40.555889 -19.203070 61.344395
v 42.556889 -18.585260 57.439869
v 41.769817 -19.458363 57.388283
v 41.225380 -19.458363 61.523777
v 40.462910 -18.585306 61.319485
v 38.925838 -18.585306 65.030304
v 40.555889 -19.203070 61.344395
v 41.992180 -18.585260 61.729244
v 42.556889 -18.585260 57.439869
v 41.225380 -19.458363 61.523777
v 40.555889 -19.203070 61.344395
v 39.009197 -19.203070 65.078423
v 41.225380 -19.458363 61.523777
v 38.925838 -18.585306 65.030304
v 39.009197 -19.203070 65.078423
v 40.555889 -19.203070 61.344395
v 41.225380 -19.458363 61.523777
v 39.609447 -19.458363 65.424980
v 41.992180 -18.585260 61.729244
v 39.009197 -19.203070 65.078423
v 39.609447 -19.458363 65.424980
v 41.225380 -19.458363 61.523777
v 39.609447 -19.458363 65.424980
v 40.296944 -18.585260 65.821907
v 41.992180 -18.585260 61.729244
v 39.609447 -19.458363 65.424980
v 37.038876 -19.458363 68.775009
v 40.296944 -18.585260 65.821907
v 39.009197 -19.203070 65.078423
v 36.548775 -19.203070 68.284912
v 39.609447 -19.458363 65.424980
v 36.548775 -19.203070 68.284912
v 37.038876 -19.458363 68.775009
v 39.609447 -19.458363 65.424980
v 37.038876 -19.458363 68.775009
v 37.600216 -18.585260 69.336349
v 40.296944 -18.585260 65.821907
v 38.925838 -18.585306 65.030304
v 36.480713 -18.585306 68.216843
v 39.009197 -19.203070 65.078423
v 36.480713 -18.585306 68.216843
v 36.548775 -19.203070 68.284912
v 39.009197 -19.203070 65.078423
v 37.038876 -19.458363 68.775009
v 33.688839 -19.458363 71.345589
v 37.600216 -18.585260 69.336349
v 36.548775 -19.203070 68.284912
v 33.342289 -19.203070 70.745338
v 37.038876 -19.458363 68.775009
v 33.342289 -19.203070 70.745338
v 33.688839 -19.458363 71.345589
v 37.038876 -19.458363 68.775009
v 33.688839 -19.458363 71.345589
v 34.085770 -18.585260 72.033089
v 37.600216 -18.585260 69.336349
v 36.480713 -18.585306 68.216843
v 33.294159 -18.585306 70.661987
v 36.548775 -19.203070 68.284912
v 33.294159 -18.585306 70.661987
v 33.342289 -19.203070 70.745338
v 36.548775 -19.203070 68.284912
v 33.688839 -19.458363 71.345589
v 29.787645 -19.458363 72.961510
v 34.085770 -18.585260 72.033089
v 33.342289 -19.203070 70.745338
v 29.608250 -19.203070 72.292023
v 33.688839 -19.458363 71.345589
v 29.608250 -19.203070 72.292023
v 29.787645 -19.458363 72.961510
v 33.688839 -19.458363 71.345589
v 29.787645 -19.458363 72.961510
v 29.993105 -18.585260 73.728317
v 34.085770 -18.585260 72.033089
v 33.294159 -18.585306 70.661987
v 29.583344 -18.585306 72.199051
v 33.342289 -19.203070 70.745338
v 29.583344 -18.585306 72.199051
v 29.608250 -19.203070 72.292023
v 33.342289 -19.203070 70.745338
v 29.787645 -19.458363 72.961510
v 29.608250 -19.203070 72.292023
v 25.652149 -19.458363 73.505966
v 29.993105 -18.585260 73.728317
v 29.787645 -19.458363 72.961510
v 25.703733 -18.585260 74.293022
v 29.787645 -19.458363 72.961510
v 25.652149 -19.458363 73.505966
v 25.703733 -18.585260 74.293022
v 29.608250 -19.203070 72.292023
v 25.607109 -19.203070 72.818787
v 25.652149 -19.458363 73.505966
v 29.608250 -19.203070 72.292023
v 29.583344 -18.585306 72.199051
v 25.607109 -19.203070 72.818787
v 29.583344 -18.585306 72.199051
v 25.600853 -18.585306 72.723358
v 25.607109 -19.203070 72.818787
v 9.990391 65.902367 39.805477
v 14.150864 53.419647 35.961693
v 9.976261 65.941902 56.132904
v 14.150864 53.419647 35.961693
v 14.150864 53.419647 62.135258
v 9.976261 65.941902 56.132904
v 9.976261 65.941902 56.132904
v -9.976261 65.941902 56.132904
v 9.990391 65.902367 39.805477
v -9.976261 65.941902 56.132904
v -9.990391 65.902367 39.805477
v 9.990391 65.902367 39.805477
v -9.976261 65.941902 56.132904
v 9.976261 65.941902 56.132904
v -14.150864 53.419647 62.135258
v 9.976261 65.941902 56.132904
v 14.150864 53.419647 62.135258
v -14.150864 53.419647 62.135258
v -46.417904 53.033173 66.731514
v 46.417904 53.033173 66.731514
v -48.749115 47.358711 69.069336
v 46.417904 53.033173 66.731514
v 48.749115 47.358711 69.069336
v -48.749115 47.358711 69.069336
v -46.417904 53.033173 66.731514
v -46.426762 53.009369 5.449837
v 46.417904 53.033173 66.731514
v -46.426762 53.009369 5.449837
v 46.426762 53.009369 5.449837
v 46.417904 53.033173 66.731514
v 47.170326 -18.857843 25.883476
v 47.388786 -17.666588 25.012123
v 46.885422 -17.666588 25.765465
v 47.170326 -18.857843 25.883476
v 48.260143 -18.857843 24.793663
v 47.388786 -17.666588 25.012123
v 48.260143 -18.857843 24.793663
v 49.030746 -17.666588 24.332001
v 47.388786 -17.666588 25.012123
v 48.260143 -18.857843 24.793663
v 49.030746 -18.857843 24.640381
v 49.030746 -17.666588 24.332001
v 49.030746 -18.857843 24.640381
v 49.919369 -17.666588 24.508759
v 49.030746 -17.666588 24.332001
v 49.030746 -18.857843 24.640381
v 50.454651 -18.857843 25.230179
v 49.919369 -17.666588 24.508759
v 50.454651 -18.857843 25.230179
v 51.176075 -17.666588 25.765457
v 49.919369 -17.666588 24.508759
v 50.454651 -18.857843 25.230179
v 50.891174 -18.857843 25.883476
v 51.176075 -17.666588 25.765457
v 50.891174 -18.857843 25.883476
v 51.352833 -17.666588 26.654089
v 51.176075 -17.666588 25.765457
v 50.891174 -18.857843 25.883476
v 50.891174 -18.857843 27.424696
v 51.352833 -17.666588 26.654089
v 50.891174 -18.857843 27.424696
v 50.672726 -17.666588 28.296053
v 51.352833 -17.666588 26.654089
v 50.891174 -18.857843 27.424696
v 50.454651 -18.857843 28.077988
v 50.672726 -17.666588 28.296053
v 50.454651 -18.857843 28.077988
v 49.919384 -17.666588 28.799414
v 50.672726 -17.666588 28.296053
v 50.454651 -18.857843 28.077988
v 49.030746 -18.857843 28.667784
v 49.919384 -17.666588 28.799414
v 49.030746 -18.857843 28.667784
v 48.142128 -17.666588 28.799414
v 49.919384 -17.666588 28.799414
v 49.030746 -18.857843 28.667784
v 48.260143 -18.857843 28.514511
v 48.142128 -17.666588 28.799414
v 48.260143 -18.857843 28.514511
v 47.388786 -17.666588 28.296053
v 48.142128 -17.666588 28.799414
v 48.260143 -18.857843 28.514511
v 47.170341 -18.857843 27.424696
v 47.388786 -17.666588 28.296053
v 47.170341 -18.857843 27.424696
v 46.885422 -17.666588 27.542717
v 47.388786 -17.666588 28.296053
v 47.170341 -18.857843 27.424696
v 47.017048 -18.857843 26.654089
v 46.885422 -17.666588 27.542717
v 47.017048 -18.857843 26.654089
v 46.885422 -17.666588 25.765465
v 46.885422 -17.666588 27.542717
v 47.017048 -18.857843 26.654089
v 47.170326 -18.857843 25.883476
v 46.885422 -17.666588 25.765465
v -40.462910 -18.585306 61.319477
v -40.987217 -18.585306 57.336983
v -41.082653 -19.203070 57.343243
v -40.555893 -19.203070 61.344395
v -40.462910 -18.585306 61.319477
v -41.082653 -19.203070 57.343243
v -40.462910 -18.585306 61.319477
v -40.555893 -19.203070 61.344395
v -39.009201 -19.203070 65.078423
v -38.925842 -18.585306 65.030289
v -40.462910 -18.585306 61.319477
v -39.009201 -19.203070 65.078423
v -38.925842 -18.585306 65.030289
v -39.009201 -19.203070 65.078423
v -36.548779 -19.203070 68.284912
v -40.555893 -19.203070 61.344395
v -41.082653 -19.203070 57.343243
v -41.769829 -19.458363 57.388283
v -36.480713 -18.585306 68.216843
v -38.925842 -18.585306 65.030289
v -36.548779 -19.203070 68.284912
v -39.009201 -19.203070 65.078423
v -40.555893 -19.203070 61.344395
v -39.609455 -19.458363 65.424980
v -36.480713 -18.585306 68.216843
v -36.548779 -19.203070 68.284912
v -33.342293 -19.203070 70.745338
v -36.548779 -19.203070 68.284912
v -39.009201 -19.203070 65.078423
v -37.038879 -19.458363 68.775009
v -39.009201 -19.203070 65.078423
v -39.609455 -19.458363 65.424980
v -37.038879 -19.458363 68.775009
v -33.294163 -18.585306 70.661972
v -36.480713 -18.585306 68.216843
v -33.342293 -19.203070 70.745338
v -41.225380 -19.458363 61.523777
v -40.555893 -19.203070 61.344395
v -41.769829 -19.458363 57.388283
v -40.555893 -19.203070 61.344395
v -41.225380 -19.458363 61.523777
v -39.609455 -19.458363 65.424980
v -33.342293 -19.203070 70.745338
v -36.548779 -19.203070 68.284912
v -33.688847 -19.458363 71.345589
v -36.548779 -19.203070 68.284912
v -37.038879 -19.458363 68.775009
v -33.688847 -19.458363 71.345589
v -33.342293 -19.203070 70.745338
v -29.619326 -19.203070 72.287437
v -33.294163 -18.585306 70.661972
v -33.688847 -19.458363 71.345589
v -29.882296 -19.458363 72.922310
v -33.342293 -19.203070 70.745338
v -29.882296 -19.458363 72.922310
v -29.619326 -19.203070 72.287437
v -33.342293 -19.203070 70.745338
v -41.225380 -19.458363 61.523777
v -41.769829 -19.458363 57.388283
v -42.556896 -18.585260 57.439869
v -29.619326 -19.203070 72.287437
v -29.582806 -18.585306 72.199265
v -33.294163 -18.585306 70.661972
v -39.609455 -19.458363 65.424980
v -41.225380 -19.458363 61.523777
v -40.296951 -18.585260 65.821907
v -37.038879 -19.458363 68.775009
v -39.609455 -19.458363 65.424980
v -37.600220 -18.585260 69.336349
v -39.609455 -19.458363 65.424980
v -40.296951 -18.585260 65.821907
v -37.600220 -18.585260 69.336349
v -41.992188 -18.585260 61.729244
v -41.225380 -19.458363 61.523777
v -42.556896 -18.585260 57.439869
v -41.225380 -19.458363 61.523777
v -41.992188 -18.585260 61.729244
v -40.296951 -18.585260 65.821907
v -33.688847 -19.458363 71.345589
v -37.038879 -19.458363 68.775009
v -34.085773 -18.585260 72.033089
v -37.038879 -19.458363 68.775009
v -37.600220 -18.585260 69.336349
v -34.085773 -18.585260 72.033089
v -30.183491 -18.585260 73.649460
v -29.882296 -19.458363 72.922310
v -33.688847 -19.458363 71.345589
v -34.085773 -18.585260 72.033089
v -30.183491 -18.585260 73.649460
v -33.688847 -19.458363 71.345589
v -29.882296 -19.458363 72.922310
v -25.652153 -19.458363 73.505966
v -29.619326 -19.203070 72.287437
v -29.619326 -19.203070 72.287437
v -25.607109 -19.203070 72.818787
v -29.582806 -18.585306 72.199265
v -25.652153 -19.458363 73.505966
v -25.607109 -19.203070 72.818787
v -29.619326 -19.203070 72.287437
v -30.183491 -18.585260 73.649460
v -25.703741 -18.585260 74.293022
v -29.882296 -19.458363 72.922310
v -25.703741 -18.585260 74.293022
v -25.652153 -19.458363 73.505966
v -29.882296 -19.458363 72.922310
v -25.607109 -19.203070 72.818787
v -25.600853 -18.585306 72.723343
v -29.582806 -18.585306 72.199265
v -25.652153 -19.458363 73.505966
v -25.703741 -18.585260 74.293022
v 25.703733 -18.585260 74.293022
v -25.600853 -18.585306 72.723343
v -25.607109 -19.203070 72.818787
v 25.607109 -19.203070 72.818787
v -25.607109 -19.203070 72.818787
v -25.652153 -19.458363 73.505966
v 25.652149 -19.458363 73.505966
v 25.607109 -19.203070 72.818787
v -25.607109 -19.203070 72.818787
v 25.652149 -19.458363 73.505966
v 25.652149 -19.458363 73.505966
v -25.652153 -19.458363 73.505966
v 25.703733 -18.585260 74.293022
v 25.600853 -18.585306 72.723358
v -25.600853 -18.585306 72.723343
v 25.607109 -19.203070 72.818787
v 25.600853 -18.585306 72.723358
v 24.178865 -10.950877 70.803276
v -24.178865 -10.950877 70.804031
v -25.600853 -18.585306 72.723343
v 25.600853 -18.585306 72.723358
v -24.178865 -10.950877 70.804031
v -25.600853 -18.585306 72.723343
v -24.178865 -10.950877 70.804031
v -27.940922 -10.950877 70.308746
v -29.582806 -18.585306 72.199265
v -25.600853 -18.585306 72.723343
v -27.940922 -10.950877 70.308746
v -29.582806 -18.585306 72.199265
v -27.940922 -10.950877 70.308746
v -31.446602 -10.950877 68.856651
v -33.294163 -18.585306 70.661972
v -29.582806 -18.585306 72.199265
v -31.446602 -10.950877 68.856651
v -33.294163 -18.585306 70.661972
v -31.446602 -10.950877 68.856651
v -34.457001 -10.950877 66.546684
v -36.480713 -18.585306 68.216843
v -33.294163 -18.585306 70.661972
v -34.457001 -10.950877 66.546684
v -36.480713 -18.585306 68.216843
v -34.457001 -10.950877 66.546684
v -36.766964 -10.950877 63.536285
v -38.925842 -18.585306 65.030289
v -36.480713 -18.585306 68.216843
v -36.766964 -10.950877 63.536285
v -40.462910 -18.585306 61.319477
v -38.925842 -18.585306 65.030289
v -36.766964 -10.950877 63.536285
v -38.219067 -10.950877 60.030602
v -40.462910 -18.585306 61.319477
v -36.766964 -10.950877 63.536285
v -40.987217 -18.585306 57.336983
v -40.462910 -18.585306 61.319477
v -38.219067 -10.950877 60.030602
v -38.714352 -10.950877 56.268536
v -40.987217 -18.585306 57.336983
v -38.219067 -10.950877 60.030602
v -40.987217 -18.585306 57.336983
v -38.714352 -10.950877 56.268536
v -38.709747 -10.950877 19.931459
v -40.987217 -18.585306 18.863012
v -40.987217 -18.585306 57.336983
v -38.709747 -10.950877 19.931459
v -40.987217 -18.585306 18.863012
v -38.709747 -10.950877 19.931459
v -38.219067 -10.950877 16.169395
v -40.462910 -18.585306 14.880523
v -40.987217 -18.585306 18.863012
v -38.219067 -10.950877 16.169395
v -40.462910 -18.585306 14.880523
v -38.219067 -10.950877 16.169395
v -36.766964 -10.950877 12.663711
v -38.925842 -18.585306 11.169705
v -40.462910 -18.585306 14.880523
v -36.766964 -10.950877 12.663711
v -36.480713 -18.585306 7.983154
v -38.925842 -18.585306 11.169705
v -36.766964 -10.950877 12.663711
v -34.457001 -10.950877 9.653316
v -36.480713 -18.585306 7.983154
v -36.766964 -10.950877 12.663711
v -33.294163 -18.585306 5.538028
v -36.480713 -18.585306 7.983154
v -34.457001 -10.950877 9.653316
v -31.446602 -10.950877 7.343356
v -33.294163 -18.585306 5.538028
v -34.457001 -10.950877 9.653316
v -29.583347 -18.585306 4.000957
v -33.294163 -18.585306 5.538028
v -31.446602 -10.950877 7.343356
v -27.940922 -10.950877 5.891253
v -29.583347 -18.585306 4.000957
v -31.446602 -10.950877 7.343356
v -25.600853 -18.585306 3.476653
v -29.583347 -18.585306 4.000957
v -27.940922 -10.950877 5.891253
v -24.178865 -10.950877 5.396730
v -25.600853 -18.585306 3.476653
v -27.940922 -10.950877 5.891253
v 45.769089 -17.714815 19.041117
v 45.334057 -17.714815 20.069517
v 46.819328 -17.714815 18.615137
v 45.334057 -17.714815 20.069517
v 51.144630 -17.714815 18.615137
v 46.819328 -17.714815 18.615137
v 45.334057 -17.714815 56.130463
v 51.144630 -17.714815 18.615137
v 45.334057 -17.714815 20.069517
v 52.629913 -17.714815 20.069517
v 51.144630 -17.714815 18.615137
v 45.334057 -17.714815 56.130463
v 52.194885 -17.714815 19.041117
v 51.144630 -17.714815 18.615137
v 52.629913 -17.714815 20.069517
v 45.769089 -17.714815 57.158871
v 52.629913 -17.714815 20.069517
v 45.334057 -17.714815 56.130463
v 46.819328 -17.714815 57.584850
v 52.629913 -17.714815 20.069517
v 45.769089 -17.714815 57.158871
v 52.629913 -17.714815 20.069517
v 46.819328 -17.714815 57.584850
v 52.629913 -17.714815 56.130463
v 52.629913 -17.714815 56.130463
v 46.819328 -17.714815 57.584850
v 51.144630 -17.714815 57.584850
v 52.194885 -17.714815 57.158871
v 52.629913 -17.714815 56.130463
v 51.144630 -17.714815 57.584850
v -48.780334 -19.919851 53.558914
v -49.344208 -19.919851 53.558914
v -48.652435 -17.662689 54.115082
v -49.344208 -19.919851 53.558914
v -49.472111 -17.662689 54.115082
v -48.652435 -17.662689 54.115082
v -48.433601 -17.662689 49.295967
v -49.690952 -17.662689 49.295967
v -48.629879 -19.920858 49.852386
v -49.690952 -17.662689 49.295967
v -49.494652 -19.920858 49.852386
v -48.629879 -19.920858 49.852386
v -49.472111 -17.662689 54.115082
v -49.344208 -19.919851 53.558914
v -49.945927 -17.662689 51.489090
v -49.344208 -19.919851 53.558914
v -49.580132 -19.818335 51.540634
v -49.945927 -17.662689 51.489090
v -49.580132 -19.818335 51.540634
v -49.494652 -19.920858 49.852386
v -49.945927 -17.662689 51.489090
v -49.494652 -19.920858 49.852386
v -49.690952 -17.662689 49.295967
v -49.945927 -17.662689 51.489090
v -48.433601 -17.662689 49.295967
v -48.629879 -19.920858 49.852386
v -48.178608 -17.662689 51.489090
v -48.629879 -19.920858 49.852386
v -48.544399 -19.818335 51.540634
v -48.178608 -17.662689 51.489090
v -48.544399 -19.818335 51.540634
v -48.780334 -19.919851 53.558914
v -48.178608 -17.662689 51.489090
v -48.780334 -19.919851 53.558914
v -48.652435 -17.662689 54.115082
v -48.178608 -17.662689 51.489090
v -49.344208 -19.919851 53.558914
v -48.780334 -19.919851 53.558914
v -48.544399 -19.818335 51.540634
v -49.580132 -19.818335 51.540634
v -49.344208 -19.919851 53.558914
v -48.544399 -19.818335 51.540634
v -48.544399 -19.818335 51.540634
v -48.629879 -19.920858 49.852386
v -49.580132 -19.818335 51.540634
v -48.629879 -19.920858 49.852386
v -49.494652 -19.920858 49.852386
v -49.580132 -19.818335 51.540634
v -52.194901 -17.714815 19.041117
v -52.629925 -17.714815 20.069517
v -51.144657 -17.714815 18.615137
v -52.629925 -17.714815 20.069517
v -46.819359 -17.714815 18.615137
v -51.144657 -17.714815 18.615137
v -52.629925 -17.714815 56.130463
v -46.819359 -17.714815 18.615137
v -52.629925 -17.714815 20.069517
v -45.334072 -17.714815 20.069517
v -46.819359 -17.714815 18.615137
v -52.629925 -17.714815 56.130463
v -45.769104 -17.714815 19.041117
v -46.819359 -17.714815 18.615137
v -45.334072 -17.714815 20.069517
v -52.194901 -17.714815 57.158871
v -45.334072 -17.714815 20.069517
v -52.629925 -17.714815 56.130463
v -51.144657 -17.714815 57.584850
v -45.334072 -17.714815 20.069517
v -52.194901 -17.714815 57.158871
v -45.334072 -17.714815 20.069517
v -51.144657 -17.714815 57.584850
v -45.334072 -17.714815 56.130463
v -45.334072 -17.714815 56.130463
v -51.144657 -17.714815 57.584850
v -46.819359 -17.714815 57.584850
v -45.769104 -17.714815 57.158871
v -45.334072 -17.714815 56.130463
v -46.819359 -17.714815 57.584850
v -45.479446 -19.513853 57.956272
v -45.769104 -17.714815 57.158871
v -46.819359 -17.714815 57.584850
v -46.595551 -19.513853 58.400074
v -45.479446 -19.513853 57.956272
v -46.819359 -17.714815 57.584850
v -46.819359 -17.714815 57.584850
v -51.144657 -17.714815 57.584850
v -46.595551 -19.513853 58.400074
v -51.144657 -17.714815 57.584850
v -51.368462 -19.513853 58.400074
v -46.595551 -19.513853 58.400074
v -51.368462 -19.513853 58.400074
v -51.144657 -17.714815 57.584850
v -52.484547 -19.513853 57.956272
v -51.144657 -17.714815 57.584850
v -52.194901 -17.714815 57.158871
v -52.484547 -19.513853 57.956272
v -52.484547 -19.513853 57.956272
v -52.194901 -17.714815 57.158871
v -52.946850 -19.513853 56.884846
v -52.194901 -17.714815 57.158871
v -52.629925 -17.714815 56.130463
v -52.946850 -19.513853 56.884846
v -52.629925 -17.714815 56.130463
v -52.629925 -17.714815 20.069517
v -52.946850 -19.513853 56.884846
v -52.629925 -17.714815 20.069517
v -52.946850 -19.513853 19.315140
v -52.946850 -19.513853 56.884846
v -52.946850 -19.513853 19.315140
v -52.629925 -17.714815 20.069517
v -52.194901 -17.714815 19.041117
v -52.484547 -19.513853 18.243715
v -52.946850 -19.513853 19.315140
v -52.194901 -17.714815 19.041117
v -52.484547 -19.513853 18.243715
v -52.194901 -17.714815 19.041117
v -51.144657 -17.714815 18.615137
v -51.368462 -19.513853 17.799913
v -52.484547 -19.513853 18.243715
v -51.144657 -17.714815 18.615137
v -51.144657 -17.714815 18.615137
v -46.819359 -17.714815 18.615137
v -51.368462 -19.513853 17.799913
v -46.819359 -17.714815 18.615137
v -46.595551 -19.513853 17.799913
v -51.368462 -19.513853 17.799913
v -46.595551 -19.513853 17.799913
v -46.819359 -17.714815 18.615137
v -45.479446 -19.513853 18.243715
v -46.819359 -17.714815 18.615137
v -45.769104 -17.714815 19.041117
v -45.479446 -19.513853 18.243715
v -45.479446 -19.513853 57.956272
v -45.017155 -19.513853 56.884846
v -45.769104 -17.714815 57.158871
v -45.017155 -19.513853 56.884846
v -45.334072 -17.714815 56.130463
v -45.769104 -17.714815 57.158871
v -45.334072 -17.714815 56.130463
v -45.017155 -19.513853 56.884846
v -45.017155 -19.513853 19.315140
v -45.334072 -17.714815 20.069517
v -45.334072 -17.714815 56.130463
v -45.017155 -19.513853 19.315140
v -45.769104 -17.714815 19.041117
v -45.334072 -17.714815 20.069517
v -45.017155 -19.513853 19.315140
v -45.479446 -19.513853 18.243715
v -45.769104 -17.714815 19.041117
v -45.017155 -19.513853 19.315140
v 56.644806 -17.591385 0.679171
v 56.644806 -17.591385 75.520813
v 56.166412 44.456085 75.721588
v 56.166412 44.456085 0.478394
v 56.644806 -17.591385 0.679171
v 56.166412 44.456085 75.721588
v -56.166412 44.456085 0.478394
v -55.965637 -17.591385 0.000005
v 56.166412 44.456085 0.478394
v -55.965637 -17.591385 0.000005
v 55.965637 -17.591385 0.000005
v 56.166412 44.456085 0.478394
v 55.965637 -17.591385 76.199982
v -55.965637 -17.591385 76.199982
v 56.166412 44.456085 75.721588
v -55.965637 -17.591385 76.199982
v -56.166412 44.456085 75.721588
v 56.166412 44.456085 75.721588
v -50.809242 -17.579693 49.379189
v -50.382805 -19.210720 49.805622
v -49.170330 -17.579693 48.700333
v -50.382805 -19.210720 49.805622
v -49.170330 -19.210720 49.303398
v -49.170330 -17.579693 48.700333
v -49.170330 -17.579693 48.700333
v -49.170330 -19.210720 49.303398
v -47.531425 -17.579693 49.379189
v -49.170330 -19.210720 49.303398
v -47.957855 -19.210720 49.805622
v -47.531425 -17.579693 49.379189
v -47.531425 -17.579693 49.379189
v -47.957855 -19.210720 49.805622
v -46.852570 -17.579693 51.018097
v -47.957855 -19.210720 49.805622
v -47.455635 -19.210720 51.018097
v -46.852570 -17.579693 51.018097
v -46.852570 -17.579693 51.018097
v -47.455635 -19.210720 51.018097
v -47.531425 -17.579693 52.657001
v -47.455635 -19.210720 51.018097
v -47.957855 -19.210720 52.230572
v -47.531425 -17.579693 52.657001
v -47.531425 -17.579693 52.657001
v -47.957855 -19.210720 52.230572
v -49.170330 -17.579693 53.335861
v -47.957855 -19.210720 52.230572
v -49.170330 -19.210720 52.732792
v -49.170330 -17.579693 53.335861
v -49.170330 -17.579693 53.335861
v -49.170330 -19.210720 52.732792
v -50.809242 -17.579693 52.657001
v -49.170330 -19.210720 52.732792
v -50.382805 -19.210720 52.230572
v -50.809242 -17.579693 52.657001
v -50.809242 -17.579693 52.657001
v -50.382805 -19.210720 52.230572
v -51.488098 -17.579693 51.018097
v -50.382805 -19.210720 52.230572
v -50.885033 -19.210720 51.018097
v -51.488098 -17.579693 51.018097
v -51.488098 -17.579693 51.018097
v -50.885033 -19.210720 51.018097
v -50.809242 -17.579693 49.379189
v -50.885033 -19.210720 51.018097
v -50.382805 -19.210720 49.805622
v -50.809242 -17.579693 49.379189
v -50.809242 -17.579693 40.698551
v -50.382805 -19.210720 41.124989
v -49.170330 -17.579693 40.019699
v -50.382805 -19.210720 41.124989
v -49.170330 -19.210720 40.622765
v -49.170330 -17.579693 40.019699
v -49.170330 -17.579693 40.019699
v -49.170330 -19.210720 40.622765
v -47.531425 -17.579693 40.698551
v -49.170330 -19.210720 40.622765
v -47.957855 -19.210720 41.124989
v -47.531425 -17.579693 40.698551
v -47.531425 -17.579693 40.698551
v -47.957855 -19.210720 41.124989
v -46.852570 -17.579693 42.337463
v -47.957855 -19.210720 41.124989
v -47.455635 -19.210720 42.337463
v -46.852570 -17.579693 42.337463
v -46.852570 -17.579693 42.337463
v -47.455635 -19.210720 42.337463
v -47.531425 -17.579693 43.976372
v -47.455635 -19.210720 42.337463
v -47.957855 -19.210720 43.549938
v -47.531425 -17.579693 43.976372
v -47.531425 -17.579693 43.976372
v -47.957855 -19.210720 43.549938
v -49.170330 -17.579693 44.655228
v -47.957855 -19.210720 43.549938
v -49.170330 -19.210720 44.052155
v -49.170330 -17.579693 44.655228
v -49.170330 -17.579693 44.655228
v -49.170330 -19.210720 44.052155
v -50.809242 -17.579693 43.976372
v -49.170330 -19.210720 44.052155
v -50.382805 -19.210720 43.549938
v -50.809242 -17.579693 43.976372
v -50.809242 -17.579693 43.976372
v -50.382805 -19.210720 43.549938
v -51.488098 -17.579693 42.337463
v -50.382805 -19.210720 43.549938
v -50.885033 -19.210720 42.337463
v -51.488098 -17.579693 42.337463
v -51.488098 -17.579693 42.337463
v -50.885033 -19.210720 42.337463
v -50.809242 -17.579693 40.698551
v -50.885033 -19.210720 42.337463
v -50.382805 -19.210720 41.124989
v -50.809242 -17.579693 40.698551
v -50.809242 -17.579693 32.840435
v -50.382805 -19.210720 33.266869
v -49.170330 -17.579693 32.161579
v -50.382805 -19.210720 33.266869
v -49.170330 -19.210720 32.764648
v -49.170330 -17.579693 32.161579
v -49.170330 -17.579693 32.161579
v -49.170330 -19.210720 32.764648
v -47.531425 -17.579693 32.840435
v -49.170330 -19.210720 32.764648
v -47.957855 -19.210720 33.266869
v -47.531425 -17.579693 32.840435
v -47.531425 -17.579693 32.840435
v -47.957855 -19.210720 33.266869
v -46.852570 -17.579693 34.479343
v -47.957855 -19.210720 33.266869
v -47.455635 -19.210720 34.479343
v -46.852570 -17.579693 34.479343
v -46.852570 -17.579693 34.479343
v -47.455635 -19.210720 34.479343
v -47.531425 -17.579693 36.118252
v -47.455635 -19.210720 34.479343
v -47.957855 -19.210720 35.691818
v -47.531425 -17.579693 36.118252
v -47.531425 -17.579693 36.118252
v -47.957855 -19.210720 35.691818
v -49.170330 -17.579693 36.797108
v -47.957855 -19.210720 35.691818
v -49.170330 -19.210720 36.194042
v -49.170330 -17.579693 36.797108
v -49.170330 -17.579693 36.797108
v -49.170330 -19.210720 36.194042
v -50.809242 -17.579693 36.118252
v -49.170330 -19.210720 36.194042
v -50.382805 -19.210720 35.691818
v -50.809242 -17.579693 36.118252
v -50.809242 -17.579693 36.118252
v -50.382805 -19.210720 35.691818
v -51.488098 -17.579693 34.479343
v -50.382805 -19.210720 35.691818
v -50.885033 -19.210720 34.479343
v -51.488098 -17.579693 34.479343
v -51.488098 -17.579693 34.479343
v -50.885033 -19.210720 34.479343
v -50.809242 -17.579693 32.840435
v -50.885033 -19.210720 34.479343
v -50.382805 -19.210720 33.266869
v -50.809242 -17.579693 32.840435
v -50.809242 -17.579693 23.559683
v -50.382805 -19.210720 23.986116
v -49.170330 -17.579693 22.880827
v -50.382805 -19.210720 23.986116
v -49.170330 -19.210720 23.483892
v -49.170330 -17.579693 22.880827
v -49.170330 -17.579693 22.880827
v -49.170330 -19.210720 23.483892
v -47.531425 -17.579693 23.559683
v -49.170330 -19.210720 23.483892
v -47.957855 -19.210720 23.986116
v -47.531425 -17.579693 23.559683
v -47.531425 -17.579693 23.559683
v -47.957855 -19.210720 23.986116
v -46.852570 -17.579693 25.198589
v -47.957855 -19.210720 23.986116
v -47.455635 -19.210720 25.198589
v -46.852570 -17.579693 25.198589
v -46.852570 -17.579693 25.198589
v -47.455635 -19.210720 25.198589
v -47.531425 -17.579693 26.837496
v -47.455635 -19.210720 25.198589
v -47.957855 -19.210720 26.411066
v -47.531425 -17.579693 26.837496
v -47.531425 -17.579693 26.837496
v -47.957855 -19.210720 26.411066
v -49.170330 -17.579693 27.516356
v -47.957855 -19.210720 26.411066
v -49.170330 -19.210720 26.913286
v -49.170330 -17.579693 27.516356
v -49.170330 -17.579693 27.516356
v -49.170330 -19.210720 26.913286
v -50.809242 -17.579693 26.837500
v -49.170330 -19.210720 26.913286
v -50.382805 -19.210720 26.411066
v -50.809242 -17.579693 26.837500
v -50.809242 -17.579693 26.837500
v -50.382805 -19.210720 26.411066
v -51.488098 -17.579693 25.198589
v -50.382805 -19.210720 26.411066
v -50.885033 -19.210720 25.198589
v -51.488098 -17.579693 25.198589
v -51.488098 -17.579693 25.198589
v -50.885033 -19.210720 25.198589
v -50.809242 -17.579693 23.559683
v -50.885033 -19.210720 25.198589
v -50.382805 -19.210720 23.986116
v -50.809242 -17.579693 23.559683
v 47.429787 -17.833464 37.321022
v 47.856224 -19.464493 37.747456
v 49.068699 -17.833464 36.642166
v 47.856224 -19.464493 37.747456
v 49.068699 -19.464493 37.245232
v 49.068699 -17.833464 36.642166
v 49.068699 -17.833464 36.642166
v 49.068699 -19.464493 37.245232
v 50.707607 -17.833464 37.321022
v 49.068699 -19.464493 37.245232
v 50.281174 -19.464493 37.747456
v 50.707607 -17.833464 37.321022
v 50.707607 -17.833464 37.321022
v 50.281174 -19.464493 37.747456
v 51.386459 -17.833464 38.959930
v 50.281174 -19.464493 37.747456
v 50.783398 -19.464493 38.959930
v 51.386459 -17.833464 38.959930
v 51.386459 -17.833464 38.959930
v 50.783398 -19.464493 38.959930
v 50.707607 -17.833464 40.598839
v 50.783398 -19.464493 38.959930
v 50.281174 -19.464493 40.172401
v 50.707607 -17.833464 40.598839
v 50.707607 -17.833464 40.598839
v 50.281174 -19.464493 40.172401
v 49.068699 -17.833464 41.277687
v 50.281174 -19.464493 40.172401
v 49.068699 -19.464493 40.674629
v 49.068699 -17.833464 41.277687
v 49.068699 -17.833464 41.277687
v 49.068699 -19.464493 40.674629
v 47.429787 -17.833464 40.598839
v 49.068699 -19.464493 40.674629
v 47.856224 -19.464493 40.172401
v 47.429787 -17.833464 40.598839
v 47.429787 -17.833464 40.598839
v 47.856224 -19.464493 40.172401
v 46.750935 -17.833464 38.959930
v 47.856224 -19.464493 40.172401
v 47.354000 -19.464493 38.959930
v 46.750935 -17.833464 38.959930
v 46.750935 -17.833464 38.959930
v 47.354000 -19.464493 38.959930
v 47.429787 -17.833464 37.321022
v 47.354000 -19.464493 38.959930
v 47.856224 -19.464493 37.747456
v 47.429787 -17.833464 37.321022
v 47.429787 -17.833464 49.314911
v 47.856224 -19.464493 49.741344
v 49.068699 -17.833464 48.636051
v 47.856224 -19.464493 49.741344
v 49.068699 -19.464493 49.239120
v 49.068699 -17.833464 48.636051
v 49.068699 -17.833464 48.636051
v 49.068699 -19.464493 49.239120
v 50.707607 -17.833464 49.314911
v 49.068699 -19.464493 49.239120
v 50.281174 -19.464493 49.741344
v 50.707607 -17.833464 49.314911
v 50.707607 -17.833464 49.314911
v 50.281174 -19.464493 49.741344
v 51.386459 -17.833464 50.953812
v 50.281174 -19.464493 49.741344
v 50.783398 -19.464493 50.953812
v 51.386459 -17.833464 50.953812
v 51.386459 -17.833464 50.953812
v 50.783398 -19.464493 50.953812
v 50.707607 -17.833464 52.592728
v 50.783398 -19.464493 50.953812
v 50.281174 -19.464493 52.166290
v 50.707607 -17.833464 52.592728
v 50.707607 -17.833464 52.592728
v 50.281174 -19.464493 52.166290
v 49.068699 -17.833464 53.271584
v 50.281174 -19.464493 52.166290
v 49.068699 -19.464493 52.668518
v 49.068699 -17.833464 53.271584
v 49.068699 -17.833464 53.271584
v 49.068699 -19.464493 52.668518
v 47.429787 -17.833464 52.592728
v 49.068699 -19.464493 52.668518
v 47.856224 -19.464493 52.166290
v 47.429787 -17.833464 52.592728
v 47.429787 -17.833464 52.592728
v 47.856224 -19.464493 52.166290
v 46.750935 -17.833464 50.953812
v 47.856224 -19.464493 52.166290
v 47.354000 -19.464493 50.953812
v 46.750935 -17.833464 50.953812
v 46.750935 -17.833464 50.953812
v 47.354000 -19.464493 50.953812
v 47.429787 -17.833464 49.314911
v 47.354000 -19.464493 50.953812
v 47.856224 -19.464493 49.741344
v 47.429787 -17.833464 49.314911
v 49.030746 -19.389069 26.654089
v 49.519379 -19.607185 27.833729
v 50.210400 -19.607185 27.142717
v 49.030746 -19.389069 26.654089
v 49.030746 -19.607185 27.930925
v 49.519379 -19.607185 27.833729
v 49.030746 -19.607185 27.930925
v 49.030746 -19.389069 26.654089
v 48.127884 -19.607185 27.556953
v 49.030746 -19.389069 26.654089
v 47.851109 -19.607185 27.142717
v 48.127884 -19.607185 27.556953
v 49.030746 -19.389069 26.654089
v 47.753906 -19.607185 26.654089
v 47.851109 -19.607185 27.142717
v 49.030746 -19.389069 26.654089
v 50.210400 -19.607185 27.142717
v 50.307587 -19.607185 26.654089
v 47.753906 -19.607185 26.654089
v 49.030746 -19.389069 26.654089
v 48.127884 -19.607185 25.751228
v 49.030746 -19.389069 26.654089
v 48.542122 -19.607185 25.474440
v 48.127884 -19.607185 25.751228
v 49.933617 -19.607185 25.751221
v 49.030746 -19.389069 26.654089
v 50.307587 -19.607185 26.654089
v 49.030746 -19.389069 26.654089
v 49.519379 -19.607185 25.474440
v 48.542122 -19.607185 25.474440
v 49.030746 -19.389069 26.654089
v 49.933617 -19.607185 25.751221
v 49.519379 -19.607185 25.474440
v 49.651203 -19.161596 25.156197
v 49.030746 -18.857843 24.640381
v 49.030746 -19.161596 25.032776
v 49.651203 -19.161596 25.156197
v 50.454651 -18.857843 25.230179
v 49.030746 -18.857843 24.640381
v 49.651203 -19.161596 25.156197
v 50.528641 -19.161596 26.033646
v 50.454651 -18.857843 25.230179
v 50.528641 -19.161596 26.033646
v 50.891174 -18.857843 25.883476
v 50.454651 -18.857843 25.230179
v 50.652042 -19.161596 26.654089
v 50.891174 -18.857843 25.883476
v 50.528641 -19.161596 26.033646
v 50.652042 -19.161596 26.654089
v 50.891174 -18.857843 27.424696
v 50.891174 -18.857843 25.883476
v 50.652042 -19.161596 26.654089
v 50.177189 -19.161596 27.800522
v 50.891174 -18.857843 27.424696
v 50.177189 -19.161596 27.800522
v 50.454651 -18.857843 28.077988
v 50.891174 -18.857843 27.424696
v 49.030746 -19.161596 25.032776
v 49.030746 -18.857843 24.640381
v 48.260143 -18.857843 24.793663
v 49.651203 -19.161596 28.151970
v 50.454651 -18.857843 28.077988
v 50.177189 -19.161596 27.800522
v 49.651203 -19.161596 28.151970
v 49.030746 -18.857843 28.667784
v 50.454651 -18.857843 28.077988
v 49.651203 -19.161596 28.151970
v 48.410309 -19.161596 28.151970
v 49.030746 -18.857843 28.667784
v 48.410309 -19.161596 28.151970
v 48.260143 -18.857843 28.514511
v 49.030746 -18.857843 28.667784
v 47.884315 -19.161596 27.800522
v 48.260143 -18.857843 28.514511
v 48.410309 -19.161596 28.151970
v 47.170341 -18.857843 27.424696
v 48.260143 -18.857843 28.514511
v 47.884315 -19.161596 27.800522
v 47.884315 -19.161596 25.507652
v 49.030746 -19.161596 25.032776
v 48.260143 -18.857843 24.793663
v 47.532867 -19.161596 27.274538
v 47.170341 -18.857843 27.424696
v 47.884315 -19.161596 27.800522
v 47.532867 -19.161596 27.274538
v 47.017048 -18.857843 26.654089
v 47.170341 -18.857843 27.424696
v 47.017048 -18.857843 26.654089
v 47.532867 -19.161596 27.274538
v 47.532852 -19.161596 26.033646
v 47.170326 -18.857843 25.883476
v 47.017048 -18.857843 26.654089
v 47.532852 -19.161596 26.033646
v 47.884315 -19.161596 25.507652
v 47.170326 -18.857843 25.883476
v 47.532852 -19.161596 26.033646
v 47.884315 -19.161596 25.507652
v 48.260143 -18.857843 24.793663
v 47.170326 -18.857843 25.883476
v 47.532852 -19.161596 26.033646
v 47.753906 -19.607185 26.654089
v 48.127884 -19.607185 25.751228
v 47.532867 -19.161596 27.274538
v 47.753906 -19.607185 26.654089
v 47.532852 -19.161596 26.033646
v 47.532867 -19.161596 27.274538
v 47.851109 -19.607185 27.142717
v 47.753906 -19.607185 26.654089
v 47.884315 -19.161596 25.507652
v 47.532852 -19.161596 26.033646
v 48.127884 -19.607185 25.751228
v 48.127884 -19.607185 27.556953
v 47.851109 -19.607185 27.142717
v 47.532867 -19.161596 27.274538
v 47.884315 -19.161596 27.800522
v 48.127884 -19.607185 27.556953
v 47.532867 -19.161596 27.274538
v 47.884315 -19.161596 27.800522
v 48.410309 -19.161596 28.151970
v 48.127884 -19.607185 27.556953
v 48.410309 -19.161596 28.151970
v 49.030746 -19.607185 27.930925
v 48.127884 -19.607185 27.556953
v 47.884315 -19.161596 25.507652
v 48.127884 -19.607185 25.751228
v 48.542122 -19.607185 25.474440
v 47.884315 -19.161596 25.507652
v 48.542122 -19.607185 25.474440
v 49.030746 -19.161596 25.032776
v 49.030746 -19.161596 25.032776
v 48.542122 -19.607185 25.474440
v 49.519379 -19.607185 25.474440
v 49.651203 -19.161596 25.156197
v 49.030746 -19.161596 25.032776
v 49.519379 -19.607185 25.474440
v 49.651203 -19.161596 28.151970
v 49.030746 -19.607185 27.930925
v 48.410309 -19.161596 28.151970
v 49.651203 -19.161596 25.156197
v 49.519379 -19.607185 25.474440
v 49.933617 -19.607185 25.751221
v 49.651203 -19.161596 25.156197
v 49.933617 -19.607185 25.751221
v 50.528641 -19.161596 26.033646
v 50.528641 -19.161596 26.033646
v 49.933617 -19.607185 25.751221
v 50.307587 -19.607185 26.654089
v 50.652042 -19.161596 26.654089
v 50.528641 -19.161596 26.033646
v 50.307587 -19.607185 26.654089
v 49.651203 -19.161596 28.151970
v 49.519379 -19.607185 27.833729
v 49.030746 -19.607185 27.930925
v 50.652042 -19.161596 26.654089
v 50.307587 -19.607185 26.654089
v 50.210400 -19.607185 27.142717
v 50.652042 -19.161596 26.654089
v 50.210400 -19.607185 27.142717
v 50.177189 -19.161596 27.800522
v 50.177189 -19.161596 27.800522
v 50.210400 -19.607185 27.142717
v 49.519379 -19.607185 27.833729
v 49.651203 -19.161596 28.151970
v 50.177189 -19.161596 27.800522
v 49.519379 -19.607185 27.833729
v 53.813492 -18.586147 13.174698
v 53.298290 -19.513853 13.987282
v 54.352425 -18.586147 14.001451
v 52.490704 -19.513853 13.448344
v 53.298290 -19.513853 13.987282
v 53.813492 -18.586147 13.174698
v 53.063389 -18.586147 12.635763
v 52.490704 -19.513853 13.448344
v 53.813492 -18.586147 13.174698
v 52.490704 -19.513853 13.448344
v 53.063389 -18.586147 12.635763
v 45.473286 -19.513853 13.448344
v 53.063389 -18.586147 12.635763
v 44.900574 -18.586147 12.635763
v 45.473286 -19.513853 13.448344
v 44.900574 -18.586147 12.635763
v 44.150486 -18.586147 13.174698
v 45.473286 -19.513853 13.448344
v 44.150486 -18.586147 13.174698
v 44.665684 -19.513853 13.987282
v 45.473286 -19.513853 13.448344
v 44.150486 -18.586147 13.174698
v 43.611557 -18.586147 14.001451
v 44.665684 -19.513853 13.987282
v 53.298290 -19.513853 13.987282
v 53.837223 -19.513853 14.830348
v 54.352425 -18.586147 14.001451
v 43.611557 -18.586147 14.001451
v 44.126755 -19.513853 14.830348
v 44.665684 -19.513853 13.987282
v 44.126755 -19.513853 14.830348
v 43.611557 -18.586147 14.001451
v 44.126755 -19.513853 61.369648
v 43.611557 -18.586147 14.001451
v 43.611557 -18.586147 62.198532
v 44.126755 -19.513853 61.369648
v 44.665684 -19.513853 62.212708
v 44.126755 -19.513853 61.369648
v 43.611557 -18.586147 62.198532
v 44.150486 -18.586147 63.025284
v 44.665684 -19.513853 62.212708
v 43.611557 -18.586147 62.198532
v 45.473286 -19.513853 62.751644
v 44.665684 -19.513853 62.212708
v 44.150486 -18.586147 63.025284
v 44.900574 -18.586147 63.564220
v 45.473286 -19.513853 62.751644
v 44.150486 -18.586147 63.025284
v 54.352425 -18.586147 62.198532
v 54.352425 -18.586147 14.001451
v 53.837223 -19.513853 14.830348
v 45.473286 -19.513853 62.751644
v 44.900574 -18.586147 63.564220
v 52.490704 -19.513853 62.751644
v 44.900574 -18.586147 63.564220
v 53.063389 -18.586147 63.564220
v 52.490704 -19.513853 62.751644
v 53.063389 -18.586147 63.564220
v 53.813492 -18.586147 63.025284
v 52.490704 -19.513853 62.751644
v 53.813492 -18.586147 63.025284
v 53.298290 -19.513853 62.212708
v 52.490704 -19.513853 62.751644
v 53.813492 -18.586147 63.025284
v 54.352425 -18.586147 62.198532
v 53.298290 -19.513853 62.212708
v 54.352425 -18.586147 62.198532
v 53.837223 -19.513853 61.369648
v 53.298290 -19.513853 62.212708
v 53.837223 -19.513853 61.369648
v 54.352425 -18.586147 62.198532
v 53.837223 -19.513853 14.830348
v 53.298290 -19.513853 13.987282
v 52.484543 -19.513853 18.243715
v 53.837223 -19.513853 14.830348
v 51.368435 -19.513853 17.799913
v 52.484543 -19.513853 18.243715
v 53.298290 -19.513853 13.987282
v 52.490704 -19.513853 13.448344
v 51.368435 -19.513853 17.799913
v 53.298290 -19.513853 13.987282
v 51.368435 -19.513853 17.799913
v 52.490704 -19.513853 13.448344
v 45.473286 -19.513853 13.448344
v 46.595528 -19.513853 17.799913
v 51.368435 -19.513853 17.799913
v 45.473286 -19.513853 13.448344
v 45.473286 -19.513853 13.448344
v 44.665684 -19.513853 13.987282
v 46.595528 -19.513853 17.799913
v 44.665684 -19.513853 13.987282
v 45.479443 -19.513853 18.243715
v 46.595528 -19.513853 17.799913
v 44.665684 -19.513853 13.987282
v 44.126755 -19.513853 14.830348
v 45.479443 -19.513853 18.243715
v 52.484543 -19.513853 18.243715
v 52.946835 -19.513853 19.315140
v 53.837223 -19.513853 14.830348
v 44.126755 -19.513853 14.830348
v 45.017143 -19.513853 19.315140
v 45.479443 -19.513853 18.243715
v 45.017143 -19.513853 19.315140
v 44.126755 -19.513853 14.830348
v 44.126755 -19.513853 61.369648
v 45.017143 -19.513853 56.884846
v 45.017143 -19.513853 19.315140
v 44.126755 -19.513853 61.369648
v 45.479443 -19.513853 57.956272
v 45.017143 -19.513853 56.884846
v 44.126755 -19.513853 61.369648
v 44.665684 -19.513853 62.212708
v 45.479443 -19.513853 57.956272
v 44.126755 -19.513853 61.369648
v 46.595528 -19.513853 58.400074
v 45.479443 -19.513853 57.956272
v 44.665684 -19.513853 62.212708
v 45.473286 -19.513853 62.751644
v 46.595528 -19.513853 58.400074
v 44.665684 -19.513853 62.212708
v 52.946835 -19.513853 19.315140
v 52.946835 -19.513853 56.884846
v 53.837223 -19.513853 14.830348
v 52.946835 -19.513853 56.884846
v 53.837223 -19.513853 61.369648
v 53.837223 -19.513853 14.830348
v 46.595528 -19.513853 58.400074
v 45.473286 -19.513853 62.751644
v 52.490704 -19.513853 62.751644
v 51.368435 -19.513853 58.400074
v 46.595528 -19.513853 58.400074
v 52.490704 -19.513853 62.751644
v 52.490704 -19.513853 62.751644
v 53.298290 -19.513853 62.212708
v 51.368435 -19.513853 58.400074
v 53.298290 -19.513853 62.212708
v 52.484543 -19.513853 57.956272
v 51.368435 -19.513853 58.400074
v 53.298290 -19.513853 62.212708
v 53.837223 -19.513853 61.369648
v 52.484543 -19.513853 57.956272
v 53.837223 -19.513853 61.369648
v 52.946835 -19.513853 56.884846
v 52.484543 -19.513853 57.956272
v -44.150494 -18.586147 13.174698
v -44.665695 -19.513853 13.987282
v -43.611561 -18.586147 14.001451
v -45.473286 -19.513853 13.448344
v -44.665695 -19.513853 13.987282
v -44.150494 -18.586147 13.174698
v -44.900600 -18.586147 12.635763
v -45.473286 -19.513853 13.448344
v -44.150494 -18.586147 13.174698
v -45.473286 -19.513853 13.448344
v -44.900600 -18.586147 12.635763
v -52.490704 -19.513853 13.448344
v -44.900600 -18.586147 12.635763
v -53.063412 -18.586147 12.635763
v -52.490704 -19.513853 13.448344
v -53.063412 -18.586147 12.635763
v -53.813496 -18.586147 13.174698
v -52.490704 -19.513853 13.448344
v -53.813496 -18.586147 13.174698
v -53.298306 -19.513853 13.987282
v -52.490704 -19.513853 13.448344
v -53.813496 -18.586147 13.174698
v -54.352432 -18.586147 14.001451
v -53.298306 -19.513853 13.987282
v -44.665695 -19.513853 13.987282
v -44.126762 -19.513853 14.830348
v -43.611561 -18.586147 14.001451
v -54.352432 -18.586147 14.001451
v -53.837231 -19.513853 14.830348
v -53.298306 -19.513853 13.987282
v -53.837231 -19.513853 14.830348
v -54.352432 -18.586147 14.001451
v -53.837231 -19.513853 61.369648
v -54.352432 -18.586147 14.001451
v -54.352432 -18.586147 62.198532
v -53.837231 -19.513853 61.369648
v -53.298306 -19.513853 62.212708
v -53.837231 -19.513853 61.369648
v -54.352432 -18.586147 62.198532
v -53.813496 -18.586147 63.025284
v -53.298306 -19.513853 62.212708
v -54.352432 -18.586147 62.198532
v -52.490704 -19.513853 62.751644
v -53.298306 -19.513853 62.212708
v -53.813496 -18.586147 63.025284
v -53.063412 -18.586147 63.564220
v -52.490704 -19.513853 62.751644
v -53.813496 -18.586147 63.025284
v -43.611561 -18.586147 62.198532
v -43.611561 -18.586147 14.001451
v -44.126762 -19.513853 14.830348
v -52.490704 -19.513853 62.751644
v -53.063412 -18.586147 63.564220
v -45.473286 -19.513853 62.751644
v -53.063412 -18.586147 63.564220
v -44.900600 -18.586147 63.564220
v -45.473286 -19.513853 62.751644
v -44.900600 -18.586147 63.564220
v -44.150494 -18.586147 63.025284
v -45.473286 -19.513853 62.751644
v -44.150494 -18.586147 63.025284
v -44.665695 -19.513853 62.212708
v -45.473286 -19.513853 62.751644
v -44.150494 -18.586147 63.025284
v -43.611561 -18.586147 62.198532
v -44.665695 -19.513853 62.212708
v -43.611561 -18.586147 62.198532
v -44.126762 -19.513853 61.369648
v -44.665695 -19.513853 62.212708
v -44.126762 -19.513853 61.369648
v -43.611561 -18.586147 62.198532
v -44.126762 -19.513853 14.830348
v -44.665695 -19.513853 13.987282
v -45.479446 -19.513853 18.243715
v -44.126762 -19.513853 14.830348
v -46.595551 -19.513853 17.799913
v -45.479446 -19.513853 18.243715
v -44.665695 -19.513853 13.987282
v -45.473286 -19.513853 13.448344
v -46.595551 -19.513853 17.799913
v -44.665695 -19.513853 13.987282
v -46.595551 -19.513853 17.799913
v -45.473286 -19.513853 13.448344
v -52.490704 -19.513853 13.448344
v -51.368462 -19.513853 17.799913
v -46.595551 -19.513853 17.799913
v -52.490704 -19.513853 13.448344
v -52.490704 -19.513853 13.448344
v -53.298306 -19.513853 13.987282
v -51.368462 -19.513853 17.799913
v -53.298306 -19.513853 13.987282
v -52.484547 -19.513853 18.243715
v -51.368462 -19.513853 17.799913
v -53.298306 -19.513853 13.987282
v -53.837231 -19.513853 14.830348
v -52.484547 -19.513853 18.243715
v -45.479446 -19.513853 18.243715
v -45.017155 -19.513853 19.315140
v -44.126762 -19.513853 14.830348
v -53.837231 -19.513853 14.830348
v -52.946850 -19.513853 19.315140
v -52.484547 -19.513853 18.243715
v -52.946850 -19.513853 19.315140
v -53.837231 -19.513853 14.830348
v -53.837231 -19.513853 61.369648
v -52.946850 -19.513853 56.884846
v -52.946850 -19.513853 19.315140
v -53.837231 -19.513853 61.369648
v -52.484547 -19.513853 57.956272
v -52.946850 -19.513853 56.884846
v -53.837231 -19.513853 61.369648
v -53.298306 -19.513853 62.212708
v -52.484547 -19.513853 57.956272
v -53.837231 -19.513853 61.369648
v -51.368462 -19.513853 58.400074
v -52.484547 -19.513853 57.956272
v -53.298306 -19.513853 62.212708
v -52.490704 -19.513853 62.751644
v -51.368462 -19.513853 58.400074
v -53.298306 -19.513853 62.212708
v -45.017155 -19.513853 19.315140
v -45.017155 -19.513853 56.884846
v -44.126762 -19.513853 14.830348
v -45.017155 -19.513853 56.884846
v -44.126762 -19.513853 61.369648
v -44.126762 -19.513853 14.830348
v -51.368462 -19.513853 58.400074
v -52.490704 -19.513853 62.751644
v -45.473286 -19.513853 62.751644
v -46.595551 -19.513853 58.400074
v -51.368462 -19.513853 58.400074
v -45.473286 -19.513853 62.751644
v -45.473286 -19.513853 62.751644
v -44.665695 -19.513853 62.212708
v -46.595551 -19.513853 58.400074
v -44.665695 -19.513853 62.212708
v -45.479446 -19.513853 57.956272
v -46.595551 -19.513853 58.400074
v -44.665695 -19.513853 62.212708
v -44.126762 -19.513853 61.369648
v -45.479446 -19.513853 57.956272
v -44.126762 -19.513853 61.369648
v -45.017155 -19.513853 56.884846
v -45.479446 -19.513853 57.956272
v 56.166412 44.456085 0.478394
v 48.403614 47.358711 3.824455
v -56.166412 44.456085 0.478394
v 48.749115 47.358711 69.069336
v 48.403614 47.358711 3.824455
v 56.166412 44.456085 0.478394
v 56.166412 44.456085 75.721588
v 48.749115 47.358711 69.069336
v 56.166412 44.456085 0.478394
v 48.403614 47.358711 3.824455
v -48.403614 47.358711 3.824455
v -56.166412 44.456085 0.478394
v -48.749115 47.358711 69.069336
v 48.749115 47.358711 69.069336
v 56.166412 44.456085 75.721588
v -56.166412 44.456085 0.478394
v -48.403614 47.358711 3.824455
v -48.749115 47.358711 69.069336
v -56.166412 44.456085 75.721588
v -56.166412 44.456085 0.478394
v -48.749115 47.358711 69.069336
v -56.166412 44.456085 75.721588
v -48.749115 47.358711 69.069336
v 56.166412 44.456085 75.721588
v -50.382805 -19.210720 49.805622
v -49.170330 -19.210720 51.018097
v -49.170330 -19.210720 49.303398
v -50.885033 -19.210720 51.018097
v -49.170330 -19.210720 51.018097
v -50.382805 -19.210720 49.805622
v -50.382805 -19.210720 52.230572
v -49.170330 -19.210720 51.018097
v -50.885033 -19.210720 51.018097
v -49.170330 -19.210720 52.732792
v -49.170330 -19.210720 51.018097
v -50.382805 -19.210720 52.230572
v -49.170330 -19.210720 49.303398
v -49.170330 -19.210720 51.018097
v -47.957855 -19.210720 49.805622
v -47.957855 -19.210720 52.230572
v -49.170330 -19.210720 51.018097
v -49.170330 -19.210720 52.732792
v -47.455635 -19.210720 51.018097
v -49.170330 -19.210720 51.018097
v -47.957855 -19.210720 52.230572
v -47.957855 -19.210720 49.805622
v -49.170330 -19.210720 51.018097
v -47.455635 -19.210720 51.018097
v -50.382805 -19.210720 41.124989
v -49.170330 -19.210720 42.337463
v -49.170330 -19.210720 40.622765
v -50.885033 -19.210720 42.337463
v -49.170330 -19.210720 42.337463
v -50.382805 -19.210720 41.124989
v -50.382805 -19.210720 43.549938
v -49.170330 -19.210720 42.337463
v -50.885033 -19.210720 42.337463
v -49.170330 -19.210720 44.052155
v -49.170330 -19.210720 42.337463
v -50.382805 -19.210720 43.549938
v -49.170330 -19.210720 40.622765
v -49.170330 -19.210720 42.337463
v -47.957855 -19.210720 41.124989
v -47.957855 -19.210720 43.549938
v -49.170330 -19.210720 42.337463
v -49.170330 -19.210720 44.052155
v -47.455635 -19.210720 42.337463
v -49.170330 -19.210720 42.337463
v -47.957855 -19.210720 43.549938
v -47.957855 -19.210720 41.124989
v -49.170330 -19.210720 42.337463
v -47.455635 -19.210720 42.337463
v -50.382805 -19.210720 33.266869
v -49.170330 -19.210720 34.479343
v -49.170330 -19.210720 32.764648
v -50.885033 -19.210720 34.479343
v -49.170330 -19.210720 34.479343
v -50.382805 -19.210720 33.266869
v -50.382805 -19.210720 35.691818
v -49.170330 -19.210720 34.479343
v -50.885033 -19.210720 34.479343
v -49.170330 -19.210720 36.194042
v -49.170330 -19.210720 34.479343
v -50.382805 -19.210720 35.691818
v -49.170330 -19.210720 32.764648
v -49.170330 -19.210720 34.479343
v -47.957855 -19.210720 33.266869
v -47.957855 -19.210720 35.691818
v -49.170330 -19.210720 34.479343
v -49.170330 -19.210720 36.194042
v -47.455635 -19.210720 34.479343
v -49.170330 -19.210720 34.479343
v -47.957855 -19.210720 35.691818
v -47.957855 -19.210720 33.266869
v -49.170330 -19.210720 34.479343
v -47.455635 -19.210720 34.479343
v -50.382805 -19.210720 23.986116
v -49.170330 -19.210720 25.198589
v -49.170330 -19.210720 23.483892
v -50.885033 -19.210720 25.198589
v -49.170330 -19.210720 25.198589
v -50.382805 -19.210720 23.986116
v -50.382805 -19.210720 26.411066
v -49.170330 -19.210720 25.198589
v -50.885033 -19.210720 25.198589
v -49.170330 -19.210720 26.913286
v -49.170330 -19.210720 25.198589
v -50.382805 -19.210720 26.411066
v -49.170330 -19.210720 23.483892
v -49.170330 -19.210720 25.198589
v -47.957855 -19.210720 23.986116
v -47.957855 -19.210720 26.411066
v -49.170330 -19.210720 25.198589
v -49.170330 -19.210720 26.913286
v -47.455635 -19.210720 25.198589
v -49.170330 -19.210720 25.198589
v -47.957855 -19.210720 26.411066
v -47.957855 -19.210720 23.986116
v -49.170330 -19.210720 25.198589
v -47.455635 -19.210720 25.198589
v 47.856224 -19.464493 37.747456
v 49.068699 -19.464493 38.959930
v 49.068699 -19.464493 37.245232
v 47.354000 -19.464493 38.959930
v 49.068699 -19.464493 38.959930
v 47.856224 -19.464493 37.747456
v 47.856224 -19.464493 40.172401
v 49.068699 -19.464493 38.959930
v 47.354000 -19.464493 38.959930
v 49.068699 -19.464493 40.674629
v 49.068699 -19.464493 38.959930
v 47.856224 -19.464493 40.172401
v 49.068699 -19.464493 37.245232
v 49.068699 -19.464493 38.959930
v 50.281174 -19.464493 37.747456
v 50.281174 -19.464493 40.172401
v 49.068699 -19.464493 38.959930
v 49.068699 -19.464493 40.674629
v 50.783398 -19.464493 38.959930
v 49.068699 -19.464493 38.959930
v 50.281174 -19.464493 40.172401
v 50.281174 -19.464493 37.747456
v 49.068699 -19.464493 38.959930
v 50.783398 -19.464493 38.959930
v 47.856224 -19.464493 49.741344
v 49.068699 -19.464493 50.953812
v 49.068699 -19.464493 49.239120
v 47.354000 -19.464493 50.953812
v 49.068699 -19.464493 50.953812
v 47.856224 -19.464493 49.741344
v 47.856224 -19.464493 52.166290
v 49.068699 -19.464493 50.953812
v 47.354000 -19.464493 50.953812
v 49.068699 -19.464493 52.668518
v 49.068699 -19.464493 50.953812
v 47.856224 -19.464493 52.166290
v 49.068699 -19.464493 49.239120
v 49.068699 -19.464493 50.953812
v 50.281174 -19.464493 49.741344
v 50.281174 -19.464493 52.166290
v 49.068699 -19.464493 50.953812
v 49.068699 -19.464493 52.668518
v 50.783398 -19.464493 50.953812
v 49.068699 -19.464493 50.953812
v 50.281174 -19.464493 52.166290
v 50.281174 -19.464493 49.741344
v 49.068699 -19.464493 50.953812
v 50.783398 -19.464493 50.953812
v 50.783398 -19.464493 50.953812
v 50.783398 -19.464493 50.953812
v 50.783398 -19.464493 50.953812
v -36.766964 -10.950877 12.663711
v -38.219067 -10.950877 16.169395
v -38.709747 -10.950877 19.931459
v -34.457001 -10.950877 9.653316
v -36.766964 -10.950877 12.663711
v -38.709747 -10.950877 19.931459
v -34.457001 -10.950877 9.653316
v -38.709747 -10.950877 19.931459
v -25.912863 -15.952345 31.737444
v -34.457001 -10.950877 9.653316
v -25.912863 -15.952345 31.737444
v -8.592665 -16.541666 16.897640
v -24.178865 -10.950877 5.395968
v -34.457001 -10.950877 9.653316
v -8.592665 -16.541666 16.897640
v -38.709747 -10.950877 19.931459
v -38.711128 -11.801337 31.737444
v -25.912863 -15.952345 31.737444
v -24.178865 -10.950877 5.395968
v -27.940922 -10.950877 5.891253
v -34.457001 -10.950877 9.653316
v -34.457001 -10.950877 9.653316
v -27.940922 -10.950877 5.891253
v -31.446606 -10.950877 7.343356
v -25.912863 -15.952345 31.737444
v -9.347169 -18.137466 31.171883
v -8.592665 -16.541666 16.897640
v -38.711128 -11.801337 31.737444
v -38.714352 -11.801337 44.462551
v -25.912863 -15.952345 31.737444
v -38.714352 -11.801337 44.462551
v -25.912863 -15.952345 44.462551
v -25.912863 -15.952345 31.737444
v -25.912863 -15.952345 31.737444
v -25.912863 -15.952345 44.462551
v -9.347169 -18.137466 31.171883
v -8.592668 -12.259673 5.395968
v -24.178865 -10.950877 5.395968
v -8.592665 -16.541666 16.897640
v -8.592665 -16.541666 16.897640
v -9.347169 -18.137466 31.171883
v 8.383617 -16.541666 16.897640
v -8.592665 -16.541666 16.897640
v 8.383617 -16.541666 16.897640
v 8.383615 -12.259673 5.395968
v -8.592668 -12.259673 5.395968
v -8.592665 -16.541666 16.897640
v 8.383615 -12.259673 5.395968
v -25.912863 -15.952345 44.462551
v -38.714352 -11.801337 44.462551
v -38.714352 -10.950877 56.268536
v -25.912863 -15.952345 44.462551
v -9.347169 -18.137466 45.028114
v -9.347169 -18.137466 31.171883
v -34.457001 -10.950877 66.546684
v -25.912863 -15.952345 44.462551
v -38.714352 -10.950877 56.268536
v -9.347169 -18.137466 31.171883
v 9.138120 -18.137466 31.171883
v 8.383617 -16.541666 16.897640
v -9.347169 -18.137466 31.171883
v -9.347169 -18.137466 45.028114
v 9.138120 -18.137466 31.171883
v -25.912863 -15.952345 44.462551
v -34.457001 -10.950877 66.546684
v -8.592670 -16.541666 59.302357
v -9.347169 -18.137466 45.028114
v -25.912863 -15.952345 44.462551
v -8.592670 -16.541666 59.302357
v 24.178860 -10.950877 5.397487
v 8.383615 -12.259673 5.395968
v 8.383617 -16.541666 16.897640
v 24.998545 -13.955558 18.197033
v 8.383617 -16.541666 16.897640
v 9.138120 -18.137466 31.171883
v 24.998545 -13.955558 18.197033
v 24.178860 -10.950877 5.397487
v 8.383617 -16.541666 16.897640
v -36.766964 -10.950877 63.536285
v -34.457001 -10.950877 66.546684
v -38.714352 -10.950877 56.268536
v -38.219067 -10.950877 60.030602
v -36.766964 -10.950877 63.536285
v -38.714352 -10.950877 56.268536
v 24.178860 -10.950877 5.397487
v 24.998545 -13.955558 18.197033
v 27.940920 -10.950877 5.891253
v 31.446602 -10.950877 7.343356
v 27.940920 -10.950877 5.891253
v 24.998545 -13.955558 18.197033
v 25.912861 -15.952345 31.737444
v 24.998545 -13.955558 18.197033
v 9.138120 -18.137466 31.171883
v -9.347169 -18.137466 45.028114
v -8.592670 -16.541666 59.302357
v 9.138120 -18.137466 45.028114
v -9.347169 -18.137466 45.028114
v 9.138120 -18.137466 45.028114
v 9.138120 -18.137466 31.171883
v 9.138120 -18.137466 31.171883
v 9.138120 -18.137466 45.028114
v 25.912861 -15.952345 31.737444
v 34.457001 -10.950877 9.653316
v 31.446602 -10.950877 7.343356
v 24.998545 -13.955558 18.197033
v 36.766960 -10.950877 12.663711
v 34.457001 -10.950877 9.653316
v 24.998545 -13.955558 18.197033
v 38.219063 -10.950877 16.169395
v 36.766960 -10.950877 12.663711
v 24.998545 -13.955558 18.197033
v 38.709743 -10.950877 19.931459
v 38.219063 -10.950877 16.169395
v 24.998545 -13.955558 18.197033
v 38.709743 -10.950877 19.931459
v 24.998545 -13.955558 18.197033
v 25.912861 -15.952345 31.737444
v -34.457001 -10.950877 66.546684
v -24.178865 -10.950877 70.804031
v -8.592670 -16.541666 59.302357
v -8.592670 -16.541666 59.302357
v 8.383615 -16.541666 59.302357
v 9.138120 -18.137466 45.028114
v 38.711121 -11.801337 31.737444
v 38.709743 -10.950877 19.931459
v 25.912861 -15.952345 31.737444
v 25.912861 -15.952345 31.737444
v 25.912861 -15.952345 44.462551
v 38.711121 -11.801337 31.737444
v 9.138120 -18.137466 45.028114
v 25.912861 -15.952345 44.462551
v 25.912861 -15.952345 31.737444
v 9.138120 -18.137466 45.028114
v 8.383615 -16.541666 59.302357
v 25.912861 -15.952345 44.462551
v 8.383615 -16.541666 59.302357
v -8.592670 -16.541666 59.302357
v -8.592668 -12.259673 70.804031
v -24.178865 -10.950877 70.804031
v -8.592668 -12.259673 70.804031
v -8.592670 -16.541666 59.302357
v 25.912861 -15.952345 44.462551
v 38.714352 -11.801337 44.462551
v 38.711121 -11.801337 31.737444
v 38.714344 -10.950877 56.268536
v 38.714352 -11.801337 44.462551
v 25.912861 -15.952345 44.462551
v 34.457001 -10.950877 66.546684
v 38.714344 -10.950877 56.268536
v 25.912861 -15.952345 44.462551
v 8.383615 -16.541666 59.302357
v 34.457001 -10.950877 66.546684
v 25.912861 -15.952345 44.462551
v -24.178865 -10.950877 70.804031
v -34.457001 -10.950877 66.546684
v -27.940922 -10.950877 70.308746
v 34.457001 -10.950877 66.546684
v 36.766960 -10.950877 63.536285
v 38.714344 -10.950877 56.268536
v -31.446606 -10.950877 68.856651
v -27.940922 -10.950877 70.308746
v -34.457001 -10.950877 66.546684
v 36.766960 -10.950877 63.536285
v 38.219063 -10.950877 60.030602
v 38.714344 -10.950877 56.268536
v 24.178860 -10.950877 70.802513
v 34.457001 -10.950877 66.546684
v 8.383615 -16.541666 59.302357
v 8.383615 -12.259673 70.804031
v 8.383615 -16.541666 59.302357
v -8.592668 -12.259673 70.804031
v 8.383615 -12.259673 70.804031
v 24.178860 -10.950877 70.802513
v 8.383615 -16.541666 59.302357
v 24.178860 -10.950877 70.802513
v 27.940920 -10.950877 70.308746
v 34.457001 -10.950877 66.546684
v 34.457001 -10.950877 66.546684
v 27.940920 -10.950877 70.308746
v 31.446602 -10.950877 68.856651
vt 0.787109 0.005371
vt 0.997559 0.002930
vt 0.787109 0.000977
vt 0.787109 0.459961
vt 0.997559 0.458008
vt 0.787109 0.456055
vt 0.751953 0.958008
vt 0.215088 0.957825
vt 0.763672 0.995800
vt 0.215088 0.957825
vt 0.194214 0.995800
vt 0.763672 0.995800
vt 0.780273 0.998888
vt 0.759277 0.958435
vt 0.199463 0.996548
vt 0.759277 0.958435
vt 0.211670 0.958466
vt 0.199463 0.996548
vt 0.760742 0.962372
vt 0.219727 0.962372
vt 0.772461 0.994370
vt 0.219727 0.962372
vt 0.207764 0.994370
vt 0.772461 0.994370
vt 0.084595 0.116211
vt 0.089233 0.116211
vt 0.089233 0.097656
vt 0.084595 0.097656
vt 0.084595 0.116211
vt 0.089233 0.097656
vt 0.079590 0.116211
vt 0.084595 0.116211
vt 0.084595 0.097656
vt 0.079590 0.097656
vt 0.079590 0.116211
vt 0.084595 0.097656
vt 0.072266 0.116211
vt 0.079590 0.116211
vt 0.079590 0.097656
vt 0.089233 0.097656
vt 0.089233 0.078613
vt 0.084595 0.097656
vt 0.072266 0.097656
vt 0.072266 0.116211
vt 0.079590 0.097656
vt 0.084595 0.097656
vt 0.084595 0.078613
vt 0.079590 0.097656
vt 0.089233 0.078613
vt 0.084595 0.078613
vt 0.084595 0.097656
vt 0.079590 0.097656
vt 0.079590 0.078613
vt 0.072266 0.097656
vt 0.084595 0.078613
vt 0.079590 0.078613
vt 0.079590 0.097656
vt 0.079590 0.078613
vt 0.072266 0.078613
vt 0.072266 0.097656
vt 0.079590 0.078613
vt 0.079590 0.060059
vt 0.072266 0.078613
vt 0.084595 0.078613
vt 0.084595 0.060059
vt 0.079590 0.078613
vt 0.084595 0.060059
vt 0.079590 0.060059
vt 0.079590 0.078613
vt 0.079590 0.060059
vt 0.072266 0.060059
vt 0.072266 0.078613
vt 0.089233 0.078613
vt 0.089233 0.060059
vt 0.084595 0.078613
vt 0.089233 0.060059
vt 0.084595 0.060059
vt 0.084595 0.078613
vt 0.079590 0.060059
vt 0.079590 0.041016
vt 0.072266 0.060059
vt 0.084595 0.060059
vt 0.084595 0.041016
vt 0.079590 0.060059
vt 0.084595 0.041016
vt 0.079590 0.041016
vt 0.079590 0.060059
vt 0.079590 0.041016
vt 0.072266 0.041016
vt 0.072266 0.060059
vt 0.089233 0.060059
vt 0.089233 0.041016
vt 0.084595 0.060059
vt 0.089233 0.041016
vt 0.084595 0.041016
vt 0.084595 0.060059
vt 0.079590 0.041016
vt 0.079590 0.022461
vt 0.072266 0.041016
vt 0.084595 0.041016
vt 0.084595 0.022461
vt 0.079590 0.041016
vt 0.084595 0.022461
vt 0.079590 0.022461
vt 0.079590 0.041016
vt 0.079590 0.022461
vt 0.072266 0.022461
vt 0.072266 0.041016
vt 0.089233 0.041016
vt 0.089233 0.022461
vt 0.084595 0.041016
vt 0.089233 0.022461
vt 0.084595 0.022461
vt 0.084595 0.041016
vt 0.079590 0.022461
vt 0.084595 0.022461
vt 0.079590 0.003418
vt 0.072266 0.022461
vt 0.079590 0.022461
vt 0.074524 0.003418
vt 0.079590 0.022461
vt 0.079590 0.003418
vt 0.074524 0.003418
vt 0.084595 0.022461
vt 0.084595 0.003418
vt 0.079590 0.003418
vt 0.084595 0.022461
vt 0.089233 0.022461
vt 0.084595 0.003418
vt 0.089233 0.022461
vt 0.089233 0.003418
vt 0.084595 0.003418
vt 0.089233 0.410645
vt 0.089233 0.114746
vt 0.084595 0.410645
vt 0.089233 0.114746
vt 0.084595 0.114746
vt 0.084595 0.410645
vt 0.084595 0.410645
vt 0.084595 0.114746
vt 0.079590 0.410645
vt 0.084595 0.114746
vt 0.079590 0.114746
vt 0.079590 0.410645
vt 0.084595 0.114746
vt 0.089233 0.114746
vt 0.089233 0.095703
vt 0.079590 0.410645
vt 0.079590 0.114746
vt 0.074524 0.410645
vt 0.079590 0.114746
vt 0.072266 0.114746
vt 0.074524 0.410645
vt 0.079590 0.114746
vt 0.084595 0.114746
vt 0.084595 0.095703
vt 0.084595 0.095703
vt 0.084595 0.114746
vt 0.089233 0.095703
vt 0.072266 0.114746
vt 0.079590 0.114746
vt 0.079590 0.095703
vt 0.079590 0.095703
vt 0.079590 0.114746
vt 0.084595 0.095703
vt 0.072266 0.095703
vt 0.072266 0.114746
vt 0.079590 0.095703
vt 0.079590 0.095703
vt 0.079590 0.077148
vt 0.072266 0.095703
vt 0.084595 0.095703
vt 0.084595 0.077148
vt 0.079590 0.095703
vt 0.084595 0.077148
vt 0.079590 0.077148
vt 0.079590 0.095703
vt 0.079590 0.077148
vt 0.072266 0.077148
vt 0.072266 0.095703
vt 0.089233 0.095703
vt 0.089233 0.077148
vt 0.084595 0.095703
vt 0.089233 0.077148
vt 0.084595 0.077148
vt 0.084595 0.095703
vt 0.079590 0.077148
vt 0.079590 0.058105
vt 0.072266 0.077148
vt 0.084595 0.077148
vt 0.084595 0.058105
vt 0.079590 0.077148
vt 0.084595 0.058105
vt 0.079590 0.058105
vt 0.079590 0.077148
vt 0.079590 0.058105
vt 0.072266 0.058105
vt 0.072266 0.077148
vt 0.089233 0.077148
vt 0.089233 0.058105
vt 0.084595 0.077148
vt 0.089233 0.058105
vt 0.084595 0.058105
vt 0.084595 0.077148
vt 0.079590 0.058105
vt 0.079590 0.039551
vt 0.072266 0.058105
vt 0.084595 0.058105
vt 0.084595 0.039551
vt 0.079590 0.058105
vt 0.084595 0.039551
vt 0.079590 0.039551
vt 0.079590 0.058105
vt 0.079590 0.039551
vt 0.072327 0.039551
vt 0.072266 0.058105
vt 0.089233 0.058105
vt 0.089233 0.039551
vt 0.084595 0.058105
vt 0.089233 0.039551
vt 0.084595 0.039551
vt 0.084595 0.058105
vt 0.079590 0.039551
vt 0.079590 0.020508
vt 0.072327 0.039551
vt 0.079590 0.020508
vt 0.072327 0.020508
vt 0.072327 0.039551
vt 0.084595 0.039551
vt 0.084595 0.020508
vt 0.079590 0.039551
vt 0.084595 0.020508
vt 0.079590 0.020508
vt 0.079590 0.039551
vt 0.072327 0.020508
vt 0.079590 0.020508
vt 0.074524 0.001953
vt 0.089233 0.039551
vt 0.089233 0.020508
vt 0.084595 0.039551
vt 0.089233 0.020508
vt 0.084595 0.020508
vt 0.084595 0.039551
vt 0.079590 0.020508
vt 0.079590 0.001953
vt 0.074524 0.001953
vt 0.079590 0.020508
vt 0.084595 0.020508
vt 0.079590 0.001953
vt 0.084595 0.020508
vt 0.089233 0.020508
vt 0.084595 0.001953
vt 0.084595 0.020508
vt 0.084595 0.001953
vt 0.079590 0.001953
vt 0.089233 0.020508
vt 0.089233 0.001953
vt 0.084595 0.001953
vt 0.780762 0.459961
vt 0.702148 0.454590
vt 0.106506 0.459961
vt 0.702148 0.454590
vt 0.184814 0.454590
vt 0.106506 0.459961
vt 0.106506 0.459961
vt 0.184814 0.454590
vt 0.105835 0.454590
vt 0.099792 0.456055
vt 0.106506 0.459961
vt 0.105835 0.454590
vt 0.289307 0.439453
vt 0.184814 0.454590
vt 0.702148 0.454590
vt 0.099792 0.456055
vt 0.105835 0.454590
vt 0.099792 0.005371
vt 0.105835 0.454590
vt 0.105835 0.006836
vt 0.099792 0.005371
vt 0.099792 0.005371
vt 0.105835 0.006836
vt 0.106506 0.000977
vt 0.289307 0.439453
vt 0.265381 0.436035
vt 0.184814 0.454590
vt 0.123962 0.375977
vt 0.105835 0.454590
vt 0.184814 0.454590
vt 0.265381 0.436035
vt 0.243042 0.426758
vt 0.184814 0.454590
vt 0.243042 0.426758
vt 0.223877 0.412109
vt 0.184814 0.454590
vt 0.594727 0.439453
vt 0.289307 0.439453
vt 0.702148 0.454590
vt 0.184814 0.454590
vt 0.223877 0.412109
vt 0.209106 0.393066
vt 0.184814 0.454590
vt 0.209106 0.393066
vt 0.199829 0.370605
vt 0.173096 0.375977
vt 0.184814 0.454590
vt 0.199829 0.370605
vt 0.173096 0.375977
vt 0.123962 0.375977
vt 0.184814 0.454590
vt 0.702148 0.454590
vt 0.621582 0.436035
vt 0.594727 0.439453
vt 0.702148 0.454590
vt 0.644043 0.426758
vt 0.621582 0.436035
vt 0.702148 0.454590
vt 0.663086 0.412109
vt 0.644043 0.426758
vt 0.677734 0.393066
vt 0.663086 0.412109
vt 0.702148 0.454590
vt 0.687012 0.370605
vt 0.677734 0.393066
vt 0.702148 0.454590
vt 0.687012 0.370605
vt 0.702148 0.454590
vt 0.713867 0.375977
vt 0.713867 0.375977
vt 0.702148 0.454590
vt 0.763184 0.375977
vt 0.105835 0.006836
vt 0.184814 0.006836
vt 0.106506 0.000977
vt 0.123962 0.085449
vt 0.105835 0.006836
vt 0.105835 0.454590
vt 0.123962 0.375977
vt 0.123962 0.085449
vt 0.105835 0.454590
vt 0.105835 0.006836
vt 0.123962 0.085449
vt 0.184814 0.006836
vt 0.702148 0.454590
vt 0.781250 0.454590
vt 0.763184 0.375977
vt 0.780762 0.459961
vt 0.781250 0.454590
vt 0.702148 0.454590
vt 0.687012 0.370605
vt 0.713867 0.375977
vt 0.690430 0.346680
vt 0.690430 0.346680
vt 0.713867 0.375977
vt 0.713867 0.085449
vt 0.690430 0.114746
vt 0.690430 0.346680
vt 0.713867 0.085449
vt 0.687012 0.090820
vt 0.690430 0.114746
vt 0.713867 0.085449
vt 0.184814 0.006836
vt 0.702148 0.006836
vt 0.106506 0.000977
vt 0.713867 0.085449
vt 0.702148 0.006836
vt 0.687012 0.090820
vt 0.199829 0.370605
vt 0.196655 0.346680
vt 0.173096 0.375977
vt 0.702148 0.006836
vt 0.677734 0.068359
vt 0.687012 0.090820
vt 0.702148 0.006836
vt 0.713867 0.085449
vt 0.763184 0.085449
vt 0.763184 0.375977
vt 0.781250 0.454590
vt 0.763184 0.085449
vt 0.702148 0.006836
vt 0.780762 0.000977
vt 0.106506 0.000977
vt 0.781250 0.006836
vt 0.702148 0.006836
vt 0.763184 0.085449
vt 0.781250 0.454590
vt 0.781250 0.006836
vt 0.763184 0.085449
vt 0.781250 0.006836
vt 0.780762 0.000977
vt 0.702148 0.006836
vt 0.702148 0.006836
vt 0.663086 0.049316
vt 0.677734 0.068359
vt 0.787109 0.005371
vt 0.781250 0.006836
vt 0.781250 0.454590
vt 0.787109 0.456055
vt 0.781250 0.454590
vt 0.780762 0.459961
vt 0.787109 0.456055
vt 0.787109 0.005371
vt 0.781250 0.454590
vt 0.644043 0.034668
vt 0.663086 0.049316
vt 0.702148 0.006836
vt 0.621582 0.025391
vt 0.644043 0.034668
vt 0.702148 0.006836
vt 0.597656 0.021973
vt 0.621582 0.025391
vt 0.702148 0.006836
vt 0.597656 0.021973
vt 0.702148 0.006836
vt 0.289307 0.021973
vt 0.702148 0.006836
vt 0.184814 0.006836
vt 0.289307 0.021973
vt 0.196655 0.346680
vt 0.196655 0.114746
vt 0.173096 0.375977
vt 0.196655 0.114746
vt 0.173096 0.085449
vt 0.173096 0.375977
vt 0.123962 0.085449
vt 0.173096 0.085449
vt 0.184814 0.006836
vt 0.265381 0.025391
vt 0.289307 0.021973
vt 0.184814 0.006836
vt 0.184814 0.006836
vt 0.243042 0.034668
vt 0.265381 0.025391
vt 0.184814 0.006836
vt 0.223877 0.049316
vt 0.243042 0.034668
vt 0.209106 0.068359
vt 0.223877 0.049316
vt 0.184814 0.006836
vt 0.199829 0.090820
vt 0.209106 0.068359
vt 0.184814 0.006836
vt 0.199829 0.090820
vt 0.184814 0.006836
vt 0.173096 0.085449
vt 0.199829 0.090820
vt 0.173096 0.085449
vt 0.196655 0.114746
vt 0.787109 0.005371
vt 0.780762 0.000977
vt 0.781250 0.006836
vt 0.787109 0.005371
vt 0.787109 0.000977
vt 0.997559 0.002930
vt 0.997559 0.002930
vt 0.997559 0.458008
vt 0.787109 0.005371
vt 0.997559 0.458008
vt 0.787109 0.456055
vt 0.787109 0.005371
vt 0.787109 0.459961
vt 0.787109 0.456055
vt 0.997559 0.458008
vt 0.400635 0.045410
vt 0.398438 0.032227
vt 0.390869 0.032227
vt 0.392334 0.045410
vt 0.400635 0.045410
vt 0.390869 0.032227
vt 0.390869 0.032227
vt 0.358887 0.032227
vt 0.392334 0.045410
vt 0.358887 0.032227
vt 0.357178 0.045410
vt 0.392334 0.045410
vt 0.357178 0.045410
vt 0.358887 0.032227
vt 0.348877 0.045410
vt 0.358887 0.032227
vt 0.351074 0.032227
vt 0.348877 0.045410
vt 0.224365 0.081055
vt 0.211060 0.086914
vt 0.224365 0.088867
vt 0.211060 0.086914
vt 0.211060 0.094238
vt 0.224365 0.088867
vt 0.211060 0.094238
vt 0.211060 0.360840
vt 0.224365 0.088867
vt 0.211060 0.360840
vt 0.224365 0.366211
vt 0.224365 0.088867
vt 0.224365 0.366211
vt 0.211060 0.360840
vt 0.211060 0.368652
vt 0.224365 0.374512
vt 0.224365 0.366211
vt 0.211060 0.368652
vt 0.318848 0.045410
vt 0.316650 0.032227
vt 0.309082 0.032227
vt 0.310547 0.045410
vt 0.318848 0.045410
vt 0.309082 0.032227
vt 0.309082 0.032227
vt 0.277100 0.032227
vt 0.310547 0.045410
vt 0.277100 0.032227
vt 0.275391 0.045410
vt 0.310547 0.045410
vt 0.275391 0.045410
vt 0.277100 0.032227
vt 0.267090 0.045410
vt 0.277100 0.032227
vt 0.269287 0.032227
vt 0.267090 0.045410
vt 0.240479 0.374512
vt 0.240479 0.366211
vt 0.227173 0.368652
vt 0.240479 0.366211
vt 0.227173 0.360840
vt 0.227173 0.368652
vt 0.227173 0.360840
vt 0.240479 0.366211
vt 0.240479 0.088867
vt 0.227173 0.094238
vt 0.227173 0.360840
vt 0.240479 0.088867
vt 0.227173 0.086914
vt 0.227173 0.094238
vt 0.240479 0.088867
vt 0.240479 0.081055
vt 0.227173 0.086914
vt 0.240479 0.088867
vt 0.001397 0.998740
vt 0.057617 0.998740
vt 0.057617 0.621582
vt 0.001397 0.621582
vt 0.001397 0.998740
vt 0.057617 0.621582
vt 0.001397 0.621582
vt 0.057617 0.621582
vt 0.057617 0.593262
vt 0.001397 0.593262
vt 0.001397 0.621582
vt 0.057617 0.593262
vt 0.001397 0.593262
vt 0.057617 0.593262
vt 0.057617 0.562988
vt 0.001397 0.562988
vt 0.001397 0.593262
vt 0.057617 0.562988
vt 0.001397 0.562988
vt 0.057617 0.562988
vt 0.057617 0.533203
vt 0.001397 0.533203
vt 0.001397 0.562988
vt 0.057617 0.533203
vt 0.001397 0.533203
vt 0.057617 0.533203
vt 0.057617 0.505127
vt 0.001397 0.505127
vt 0.001397 0.533203
vt 0.057617 0.505127
vt 0.001397 0.478027
vt 0.001397 0.505127
vt 0.057617 0.505127
vt 0.057617 0.478027
vt 0.001397 0.478027
vt 0.057617 0.505127
vt 0.001397 0.450684
vt 0.001397 0.478027
vt 0.057617 0.478027
vt 0.057617 0.450684
vt 0.001397 0.450684
vt 0.057617 0.478027
vt 0.001397 0.450684
vt 0.057617 0.450684
vt 0.057617 0.167480
vt 0.001397 0.167480
vt 0.001397 0.450684
vt 0.057617 0.167480
vt 0.001397 0.167480
vt 0.057617 0.167480
vt 0.057617 0.138184
vt 0.001397 0.138184
vt 0.001397 0.167480
vt 0.057617 0.138184
vt 0.001397 0.138184
vt 0.057617 0.138184
vt 0.057617 0.110840
vt 0.001397 0.110840
vt 0.001397 0.138184
vt 0.057617 0.110840
vt 0.001397 0.082031
vt 0.001397 0.110840
vt 0.057617 0.110840
vt 0.057617 0.082031
vt 0.001397 0.082031
vt 0.057617 0.110840
vt 0.001397 0.054199
vt 0.001397 0.082031
vt 0.057617 0.082031
vt 0.057617 0.054199
vt 0.001397 0.054199
vt 0.057617 0.082031
vt 0.001397 0.027344
vt 0.001397 0.054199
vt 0.057617 0.054199
vt 0.057617 0.027344
vt 0.001397 0.027344
vt 0.057617 0.054199
vt 0.001397 0.000977
vt 0.001397 0.027344
vt 0.057617 0.027344
vt 0.057617 0.000977
vt 0.001397 0.000977
vt 0.057617 0.027344
vt 0.487305 0.396973
vt 0.481445 0.396484
vt 0.489746 0.428223
vt 0.481445 0.396484
vt 0.478760 0.428223
vt 0.489746 0.428223
vt 0.492676 0.318848
vt 0.476074 0.318848
vt 0.489990 0.348633
vt 0.476074 0.318848
vt 0.479492 0.350098
vt 0.489990 0.348633
vt 0.451416 0.407227
vt 0.480713 0.397949
vt 0.448730 0.371582
vt 0.480713 0.397949
vt 0.477295 0.371094
vt 0.448730 0.371582
vt 0.477295 0.371094
vt 0.478760 0.348633
vt 0.448730 0.371582
vt 0.478760 0.348633
vt 0.448975 0.341309
vt 0.448730 0.371582
vt 0.519531 0.341309
vt 0.488770 0.350098
vt 0.519531 0.371582
vt 0.488770 0.350098
vt 0.491211 0.371094
vt 0.519531 0.371582
vt 0.491211 0.371094
vt 0.487305 0.396973
vt 0.519531 0.371582
vt 0.487305 0.396973
vt 0.517090 0.407715
vt 0.519531 0.371582
vt 0.481445 0.396484
vt 0.487305 0.396973
vt 0.491211 0.371094
vt 0.477295 0.371094
vt 0.481445 0.396484
vt 0.491211 0.371094
vt 0.491211 0.371094
vt 0.488770 0.350098
vt 0.477295 0.371094
vt 0.488770 0.350098
vt 0.479492 0.350098
vt 0.477295 0.371094
vt 0.487305 0.396973
vt 0.481445 0.396484
vt 0.489746 0.428223
vt 0.481445 0.396484
vt 0.478760 0.428223
vt 0.489746 0.428223
vt 0.492676 0.318848
vt 0.476074 0.318848
vt 0.489990 0.348633
vt 0.476074 0.318848
vt 0.479492 0.350098
vt 0.489990 0.348633
vt 0.451416 0.407227
vt 0.480713 0.397949
vt 0.448730 0.371582
vt 0.480713 0.397949
vt 0.477295 0.371094
vt 0.448730 0.371582
vt 0.477295 0.371094
vt 0.478760 0.348633
vt 0.448730 0.371582
vt 0.478760 0.348633
vt 0.448975 0.341309
vt 0.448730 0.371582
vt 0.519531 0.341309
vt 0.488770 0.350098
vt 0.519531 0.371582
vt 0.488770 0.350098
vt 0.491211 0.371094
vt 0.519531 0.371582
vt 0.491211 0.371094
vt 0.487305 0.396973
vt 0.519531 0.371582
vt 0.487305 0.396973
vt 0.517090 0.407715
vt 0.519531 0.371582
vt 0.481445 0.396484
vt 0.487305 0.396973
vt 0.491211 0.371094
vt 0.477295 0.371094
vt 0.481445 0.396484
vt 0.491211 0.371094
vt 0.491211 0.371094
vt 0.488770 0.350098
vt 0.477295 0.371094
vt 0.488770 0.350098
vt 0.479492 0.350098
vt 0.477295 0.371094
vt 0.487305 0.396973
vt 0.481445 0.396484
vt 0.489746 0.428223
vt 0.481445 0.396484
vt 0.478760 0.428223
vt 0.489746 0.428223
vt 0.492676 0.318848
vt 0.476074 0.318848
vt 0.489990 0.348633
vt 0.476074 0.318848
vt 0.479492 0.350098
vt 0.489990 0.348633
vt 0.451416 0.407227
vt 0.480713 0.397949
vt 0.448730 0.371582
vt 0.480713 0.397949
vt 0.477295 0.371094
vt 0.448730 0.371582
vt 0.477295 0.371094
vt 0.478760 0.348633
vt 0.448730 0.371582
vt 0.478760 0.348633
vt 0.448975 0.341309
vt 0.448730 0.371582
vt 0.519531 0.341309
vt 0.488770 0.350098
vt 0.519531 0.371582
vt 0.488770 0.350098
vt 0.491211 0.371094
vt 0.519531 0.371582
vt 0.491211 0.371094
vt 0.487305 0.396973
vt 0.519531 0.371582
vt 0.487305 0.396973
vt 0.517090 0.407715
vt 0.519531 0.371582
vt 0.481445 0.396484
vt 0.487305 0.396973
vt 0.491211 0.371094
vt 0.477295 0.371094
vt 0.481445 0.396484
vt 0.491211 0.371094
vt 0.491211 0.371094
vt 0.488770 0.350098
vt 0.477295 0.371094
vt 0.488770 0.350098
vt 0.479492 0.350098
vt 0.477295 0.371094
vt 0.487305 0.396973
vt 0.481445 0.396484
vt 0.489746 0.428223
vt 0.481445 0.396484
vt 0.478760 0.428223
vt 0.489746 0.428223
vt 0.492676 0.318848
vt 0.476074 0.318848
vt 0.489990 0.348633
vt 0.476074 0.318848
vt 0.479492 0.350098
vt 0.489990 0.348633
vt 0.451416 0.407227
vt 0.480713 0.397949
vt 0.448730 0.371582
vt 0.480713 0.397949
vt 0.477295 0.371094
vt 0.448730 0.371582
vt 0.477295 0.371094
vt 0.478760 0.348633
vt 0.448730 0.371582
vt 0.478760 0.348633
vt 0.448975 0.341309
vt 0.448730 0.371582
vt 0.519531 0.341309
vt 0.488770 0.350098
vt 0.519531 0.371582
vt 0.488770 0.350098
vt 0.491211 0.371094
vt 0.519531 0.371582
vt 0.491211 0.371094
vt 0.487305 0.396973
vt 0.519531 0.371582
vt 0.487305 0.396973
vt 0.517090 0.407715
vt 0.519531 0.371582
vt 0.481445 0.396484
vt 0.487305 0.396973
vt 0.491211 0.371094
vt 0.477295 0.371094
vt 0.481445 0.396484
vt 0.491211 0.371094
vt 0.491211 0.371094
vt 0.488770 0.350098
vt 0.477295 0.371094
vt 0.488770 0.350098
vt 0.479492 0.350098
vt 0.477295 0.371094
vt 0.487305 0.396973
vt 0.481445 0.396484
vt 0.489746 0.428223
vt 0.481445 0.396484
vt 0.478760 0.428223
vt 0.489746 0.428223
vt 0.492676 0.318848
vt 0.476074 0.318848
vt 0.489990 0.348633
vt 0.476074 0.318848
vt 0.479492 0.350098
vt 0.489990 0.348633
vt 0.451416 0.407227
vt 0.480713 0.397949
vt 0.448730 0.371582
vt 0.480713 0.397949
vt 0.477295 0.371094
vt 0.448730 0.371582
vt 0.477295 0.371094
vt 0.478760 0.348633
vt 0.448730 0.371582
vt 0.478760 0.348633
vt 0.448975 0.341309
vt 0.448730 0.371582
vt 0.519531 0.341309
vt 0.488770 0.350098
vt 0.519531 0.371582
vt 0.488770 0.350098
vt 0.491211 0.371094
vt 0.519531 0.371582
vt 0.491211 0.371094
vt 0.487305 0.396973
vt 0.519531 0.371582
vt 0.487305 0.396973
vt 0.517090 0.407715
vt 0.519531 0.371582
vt 0.481445 0.396484
vt 0.487305 0.396973
vt 0.491211 0.371094
vt 0.477295 0.371094
vt 0.481445 0.396484
vt 0.491211 0.371094
vt 0.491211 0.371094
vt 0.488770 0.350098
vt 0.477295 0.371094
vt 0.488770 0.350098
vt 0.479492 0.350098
vt 0.477295 0.371094
vt 0.444092 0.182617
vt 0.444092 0.041016
vt 0.515625 0.152832
vt 0.444092 0.041016
vt 0.515137 0.060059
vt 0.515625 0.152832
vt 0.445312 0.044922
vt 0.445312 0.181152
vt 0.515137 0.062988
vt 0.445312 0.181152
vt 0.515137 0.152832
vt 0.515137 0.062988
vt 0.079590 0.000488
vt 0.072266 0.000488
vt 0.074524 0.200195
vt 0.079590 0.200195
vt 0.079590 0.000488
vt 0.074524 0.200195
vt 0.084595 0.000488
vt 0.079590 0.000488
vt 0.079590 0.200195
vt 0.084595 0.200195
vt 0.084595 0.000488
vt 0.079590 0.200195
vt 0.089233 0.000488
vt 0.084595 0.000488
vt 0.084595 0.200195
vt 0.089233 0.200195
vt 0.089233 0.000488
vt 0.084595 0.200195
vt 0.079651 0.723877
vt 0.072327 0.723877
vt 0.074646 0.925964
vt 0.079651 0.925964
vt 0.079651 0.723877
vt 0.074646 0.925964
vt 0.084656 0.723877
vt 0.079651 0.723877
vt 0.079651 0.925964
vt 0.084717 0.925964
vt 0.084656 0.723877
vt 0.079651 0.925964
vt 0.089294 0.723877
vt 0.084656 0.723877
vt 0.084717 0.925964
vt 0.089355 0.925964
vt 0.089294 0.723877
vt 0.084717 0.925964
vt 0.084656 0.723877
vt 0.089294 0.723877
vt 0.089294 0.705078
vt 0.084656 0.705078
vt 0.084656 0.723877
vt 0.089294 0.705078
vt 0.079651 0.723877
vt 0.084656 0.723877
vt 0.084656 0.705078
vt 0.079651 0.705078
vt 0.079651 0.723877
vt 0.084656 0.705078
vt 0.072327 0.723877
vt 0.079651 0.723877
vt 0.079651 0.705078
vt 0.089294 0.705078
vt 0.089294 0.686279
vt 0.084656 0.705078
vt 0.072327 0.705078
vt 0.072327 0.723877
vt 0.079651 0.705078
vt 0.084656 0.705078
vt 0.084656 0.686279
vt 0.079651 0.705078
vt 0.089294 0.686279
vt 0.084656 0.686279
vt 0.084656 0.705078
vt 0.079651 0.705078
vt 0.079651 0.686279
vt 0.072327 0.705078
vt 0.084656 0.686279
vt 0.079651 0.686279
vt 0.079651 0.705078
vt 0.079651 0.686279
vt 0.072327 0.686279
vt 0.072327 0.705078
vt 0.079651 0.686279
vt 0.079651 0.667480
vt 0.072327 0.686279
vt 0.084656 0.686279
vt 0.084656 0.667480
vt 0.079651 0.686279
vt 0.084656 0.667480
vt 0.079651 0.667480
vt 0.079651 0.686279
vt 0.079651 0.667480
vt 0.072327 0.667480
vt 0.072327 0.686279
vt 0.089294 0.686279
vt 0.089294 0.667480
vt 0.084656 0.686279
vt 0.089294 0.667480
vt 0.084656 0.667480
vt 0.084656 0.686279
vt 0.079651 0.667480
vt 0.079651 0.648682
vt 0.072327 0.667480
vt 0.084656 0.667480
vt 0.084656 0.648682
vt 0.079651 0.667480
vt 0.084656 0.648682
vt 0.079651 0.648682
vt 0.079651 0.667480
vt 0.079651 0.648682
vt 0.072327 0.648682
vt 0.072327 0.667480
vt 0.089294 0.667480
vt 0.089294 0.648682
vt 0.084656 0.667480
vt 0.089294 0.648682
vt 0.084656 0.648682
vt 0.084656 0.667480
vt 0.079651 0.648682
vt 0.079651 0.629883
vt 0.072327 0.648682
vt 0.084656 0.648682
vt 0.084656 0.629883
vt 0.079651 0.648682
vt 0.084656 0.629883
vt 0.079651 0.629883
vt 0.079651 0.648682
vt 0.079651 0.629883
vt 0.072327 0.629883
vt 0.072327 0.648682
vt 0.089294 0.648682
vt 0.089294 0.629883
vt 0.084656 0.648682
vt 0.089294 0.629883
vt 0.084656 0.629883
vt 0.084656 0.648682
vt 0.079651 0.629883
vt 0.084656 0.629883
vt 0.079590 0.611084
vt 0.072327 0.629883
vt 0.079651 0.629883
vt 0.074585 0.611084
vt 0.079651 0.629883
vt 0.079590 0.611084
vt 0.074585 0.611084
vt 0.084656 0.629883
vt 0.084656 0.611084
vt 0.079590 0.611084
vt 0.084656 0.629883
vt 0.089294 0.629883
vt 0.084656 0.611084
vt 0.089294 0.629883
vt 0.089294 0.611084
vt 0.084656 0.611084
vt 0.518555 0.058594
vt 0.444092 0.041016
vt 0.515625 0.152832
vt 0.444092 0.041016
vt 0.444092 0.182617
vt 0.515625 0.152832
vt 0.518066 0.154785
vt 0.634766 0.153320
vt 0.518555 0.058594
vt 0.634766 0.153320
vt 0.633301 0.058594
vt 0.518555 0.058594
vt 0.634766 0.153320
vt 0.518066 0.154785
vt 0.661133 0.227539
vt 0.518066 0.154785
vt 0.490967 0.227539
vt 0.661133 0.227539
vt 0.765625 0.957367
vt 0.210205 0.957245
vt 0.777832 0.996897
vt 0.210205 0.957245
vt 0.197876 0.996788
vt 0.777832 0.996897
vt 0.714355 0.868652
vt 0.714355 0.504639
vt 0.162354 0.868652
vt 0.714355 0.504639
vt 0.162231 0.504639
vt 0.162354 0.868652
vt 0.485107 0.267090
vt 0.491211 0.238281
vt 0.479004 0.238281
vt 0.485107 0.267090
vt 0.503418 0.267090
vt 0.491211 0.238281
vt 0.503418 0.267090
vt 0.509766 0.238281
vt 0.491211 0.238281
vt 0.503418 0.267090
vt 0.521973 0.267090
vt 0.509766 0.238281
vt 0.521973 0.267090
vt 0.528320 0.238281
vt 0.509766 0.238281
vt 0.521973 0.267090
vt 0.540527 0.267090
vt 0.528320 0.238281
vt 0.540527 0.267090
vt 0.546875 0.238281
vt 0.528320 0.238281
vt 0.540527 0.267090
vt 0.559082 0.267090
vt 0.546875 0.238281
vt 0.559082 0.267090
vt 0.565430 0.238281
vt 0.546875 0.238281
vt 0.559082 0.267090
vt 0.577637 0.267090
vt 0.565430 0.238281
vt 0.577637 0.267090
vt 0.583984 0.238281
vt 0.565430 0.238281
vt 0.577637 0.267090
vt 0.596191 0.267090
vt 0.583984 0.238281
vt 0.596191 0.267090
vt 0.602539 0.238281
vt 0.583984 0.238281
vt 0.596191 0.267090
vt 0.614746 0.267090
vt 0.602539 0.238281
vt 0.614746 0.267090
vt 0.621094 0.238281
vt 0.602539 0.238281
vt 0.614746 0.267090
vt 0.633301 0.267090
vt 0.621094 0.238281
vt 0.633301 0.267090
vt 0.639648 0.238281
vt 0.621094 0.238281
vt 0.633301 0.267090
vt 0.651855 0.267090
vt 0.639648 0.238281
vt 0.651855 0.267090
vt 0.651855 0.238281
vt 0.639648 0.238281
vt 0.651855 0.267090
vt 0.664062 0.267090
vt 0.651855 0.238281
vt 0.664062 0.267090
vt 0.670410 0.238281
vt 0.651855 0.238281
vt 0.664062 0.267090
vt 0.676270 0.267090
vt 0.670410 0.238281
vt 0.089233 0.218262
vt 0.089233 0.200195
vt 0.084595 0.200195
vt 0.084595 0.218262
vt 0.089233 0.218262
vt 0.084595 0.200195
vt 0.089233 0.218262
vt 0.084595 0.218262
vt 0.084595 0.236328
vt 0.089233 0.236328
vt 0.089233 0.218262
vt 0.084595 0.236328
vt 0.089233 0.236328
vt 0.084595 0.236328
vt 0.084595 0.254395
vt 0.084595 0.218262
vt 0.084595 0.200195
vt 0.079590 0.200195
vt 0.089233 0.254395
vt 0.089233 0.236328
vt 0.084595 0.254395
vt 0.084595 0.236328
vt 0.084595 0.218262
vt 0.079590 0.236328
vt 0.089233 0.254395
vt 0.084595 0.254395
vt 0.084595 0.272461
vt 0.084595 0.254395
vt 0.084595 0.236328
vt 0.079590 0.254395
vt 0.084595 0.236328
vt 0.079590 0.236328
vt 0.079590 0.254395
vt 0.089233 0.272461
vt 0.089233 0.254395
vt 0.084595 0.272461
vt 0.079590 0.218262
vt 0.084595 0.218262
vt 0.079590 0.200195
vt 0.084595 0.218262
vt 0.079590 0.218262
vt 0.079590 0.236328
vt 0.084595 0.272461
vt 0.084595 0.254395
vt 0.079590 0.272461
vt 0.084595 0.254395
vt 0.079590 0.254395
vt 0.079590 0.272461
vt 0.084595 0.272461
vt 0.084595 0.292969
vt 0.089233 0.272461
vt 0.079590 0.272461
vt 0.079590 0.292969
vt 0.084595 0.272461
vt 0.079590 0.292969
vt 0.084595 0.292969
vt 0.084595 0.272461
vt 0.079590 0.218262
vt 0.079590 0.200195
vt 0.074524 0.200195
vt 0.084595 0.292969
vt 0.089233 0.292969
vt 0.089233 0.272461
vt 0.079590 0.236328
vt 0.079590 0.218262
vt 0.072266 0.236328
vt 0.079590 0.254395
vt 0.079590 0.236328
vt 0.072266 0.254395
vt 0.079590 0.236328
vt 0.072266 0.236328
vt 0.072266 0.254395
vt 0.072266 0.218262
vt 0.079590 0.218262
vt 0.074524 0.200195
vt 0.079590 0.218262
vt 0.072266 0.218262
vt 0.072266 0.236328
vt 0.079590 0.272461
vt 0.079590 0.254395
vt 0.072266 0.272461
vt 0.079590 0.254395
vt 0.072266 0.254395
vt 0.072266 0.272461
vt 0.072266 0.292969
vt 0.079590 0.292969
vt 0.079590 0.272461
vt 0.072266 0.272461
vt 0.072266 0.292969
vt 0.079590 0.272461
vt 0.079590 0.292969
vt 0.079590 0.313965
vt 0.084595 0.292969
vt 0.084595 0.292969
vt 0.084595 0.313965
vt 0.089233 0.292969
vt 0.079590 0.313965
vt 0.084595 0.313965
vt 0.084595 0.292969
vt 0.072266 0.292969
vt 0.072266 0.313965
vt 0.079590 0.292969
vt 0.072266 0.313965
vt 0.079590 0.313965
vt 0.079590 0.292969
vt 0.084595 0.313965
vt 0.089233 0.313965
vt 0.089233 0.292969
vt 0.079590 0.313965
vt 0.072266 0.313965
vt 0.074585 0.611084
vt 0.089233 0.313965
vt 0.084595 0.313965
vt 0.084656 0.611084
vt 0.084595 0.313965
vt 0.079590 0.313965
vt 0.079590 0.611084
vt 0.084656 0.611084
vt 0.084595 0.313965
vt 0.079590 0.611084
vt 0.079590 0.611084
vt 0.079590 0.313965
vt 0.074585 0.611084
vt 0.089294 0.611084
vt 0.089233 0.313965
vt 0.084656 0.611084
vt 0.001397 0.998740
vt 0.057617 0.998740
vt 0.057617 0.621582
vt 0.001397 0.621582
vt 0.001397 0.998740
vt 0.057617 0.621582
vt 0.001397 0.621582
vt 0.057617 0.621582
vt 0.057617 0.593262
vt 0.001397 0.593262
vt 0.001397 0.621582
vt 0.057617 0.593262
vt 0.001397 0.593262
vt 0.057617 0.593262
vt 0.057617 0.562988
vt 0.001397 0.562988
vt 0.001397 0.593262
vt 0.057617 0.562988
vt 0.001397 0.562988
vt 0.057617 0.562988
vt 0.057617 0.533203
vt 0.001397 0.533203
vt 0.001397 0.562988
vt 0.057617 0.533203
vt 0.001397 0.533203
vt 0.057617 0.533203
vt 0.057617 0.505127
vt 0.001397 0.505127
vt 0.001397 0.533203
vt 0.057617 0.505127
vt 0.001397 0.478027
vt 0.001397 0.505127
vt 0.057617 0.505127
vt 0.057617 0.478027
vt 0.001397 0.478027
vt 0.057617 0.505127
vt 0.001397 0.450684
vt 0.001397 0.478027
vt 0.057617 0.478027
vt 0.057617 0.450684
vt 0.001397 0.450684
vt 0.057617 0.478027
vt 0.001397 0.450684
vt 0.057617 0.450684
vt 0.057617 0.167480
vt 0.001397 0.167480
vt 0.001397 0.450684
vt 0.057617 0.167480
vt 0.001397 0.167480
vt 0.057617 0.167480
vt 0.057617 0.138184
vt 0.001397 0.138184
vt 0.001397 0.167480
vt 0.057617 0.138184
vt 0.001397 0.138184
vt 0.057617 0.138184
vt 0.057617 0.110840
vt 0.001397 0.110840
vt 0.001397 0.138184
vt 0.057617 0.110840
vt 0.001397 0.082031
vt 0.001397 0.110840
vt 0.057617 0.110840
vt 0.057617 0.082031
vt 0.001397 0.082031
vt 0.057617 0.110840
vt 0.001397 0.054199
vt 0.001397 0.082031
vt 0.057617 0.082031
vt 0.057617 0.054199
vt 0.001397 0.054199
vt 0.057617 0.082031
vt 0.001397 0.027344
vt 0.001397 0.054199
vt 0.057617 0.054199
vt 0.057617 0.027344
vt 0.001397 0.027344
vt 0.057617 0.054199
vt 0.001397 0.000977
vt 0.001397 0.027344
vt 0.057617 0.027344
vt 0.057617 0.000977
vt 0.001397 0.000977
vt 0.057617 0.027344
vt 0.269287 0.098633
vt 0.266113 0.105957
vt 0.277100 0.095215
vt 0.266113 0.105957
vt 0.309082 0.095215
vt 0.277100 0.095215
vt 0.266113 0.372559
vt 0.309082 0.095215
vt 0.266113 0.105957
vt 0.320068 0.105957
vt 0.309082 0.095215
vt 0.266113 0.372559
vt 0.316895 0.098633
vt 0.309082 0.095215
vt 0.320068 0.105957
vt 0.269287 0.380371
vt 0.320068 0.105957
vt 0.266113 0.372559
vt 0.277100 0.383301
vt 0.320068 0.105957
vt 0.269287 0.380371
vt 0.320068 0.105957
vt 0.277100 0.383301
vt 0.320068 0.372559
vt 0.320068 0.372559
vt 0.277100 0.383301
vt 0.309082 0.383301
vt 0.316895 0.380371
vt 0.320068 0.372559
vt 0.309082 0.383301
vt 0.487305 0.396973
vt 0.481445 0.396484
vt 0.489746 0.428223
vt 0.481445 0.396484
vt 0.478760 0.428223
vt 0.489746 0.428223
vt 0.492676 0.318848
vt 0.476074 0.318848
vt 0.489990 0.348633
vt 0.476074 0.318848
vt 0.479492 0.350098
vt 0.489990 0.348633
vt 0.451416 0.407227
vt 0.480713 0.397949
vt 0.448730 0.371582
vt 0.480713 0.397949
vt 0.477295 0.371094
vt 0.448730 0.371582
vt 0.477295 0.371094
vt 0.478760 0.348633
vt 0.448730 0.371582
vt 0.478760 0.348633
vt 0.448975 0.341309
vt 0.448730 0.371582
vt 0.519531 0.341309
vt 0.488770 0.350098
vt 0.519531 0.371582
vt 0.488770 0.350098
vt 0.491211 0.371094
vt 0.519531 0.371582
vt 0.491211 0.371094
vt 0.487305 0.396973
vt 0.519531 0.371582
vt 0.487305 0.396973
vt 0.517090 0.407715
vt 0.519531 0.371582
vt 0.481445 0.396484
vt 0.487305 0.396973
vt 0.491211 0.371094
vt 0.477295 0.371094
vt 0.481445 0.396484
vt 0.491211 0.371094
vt 0.491211 0.371094
vt 0.488770 0.350098
vt 0.477295 0.371094
vt 0.488770 0.350098
vt 0.479492 0.350098
vt 0.477295 0.371094
vt 0.364258 0.098633
vt 0.361084 0.105957
vt 0.372070 0.095215
vt 0.361084 0.105957
vt 0.404053 0.095215
vt 0.372070 0.095215
vt 0.361084 0.372559
vt 0.404053 0.095215
vt 0.361084 0.105957
vt 0.415039 0.105957
vt 0.404053 0.095215
vt 0.361084 0.372559
vt 0.411865 0.098633
vt 0.404053 0.095215
vt 0.415039 0.105957
vt 0.364258 0.380371
vt 0.415039 0.105957
vt 0.361084 0.372559
vt 0.372070 0.383301
vt 0.415039 0.105957
vt 0.364258 0.380371
vt 0.415039 0.105957
vt 0.372070 0.383301
vt 0.415039 0.372559
vt 0.415039 0.372559
vt 0.372070 0.383301
vt 0.404053 0.383301
vt 0.411865 0.380371
vt 0.415039 0.372559
vt 0.404053 0.383301
vt 0.400635 0.045410
vt 0.398438 0.032227
vt 0.390869 0.032227
vt 0.392334 0.045410
vt 0.400635 0.045410
vt 0.390869 0.032227
vt 0.390869 0.032227
vt 0.358887 0.032227
vt 0.392334 0.045410
vt 0.358887 0.032227
vt 0.357178 0.045410
vt 0.392334 0.045410
vt 0.357178 0.045410
vt 0.358887 0.032227
vt 0.348877 0.045410
vt 0.358887 0.032227
vt 0.351074 0.032227
vt 0.348877 0.045410
vt 0.224365 0.081055
vt 0.211060 0.086914
vt 0.224365 0.088867
vt 0.211060 0.086914
vt 0.211060 0.094238
vt 0.224365 0.088867
vt 0.211060 0.094238
vt 0.211060 0.360840
vt 0.224365 0.088867
vt 0.211060 0.360840
vt 0.224365 0.366211
vt 0.224365 0.088867
vt 0.224365 0.366211
vt 0.211060 0.360840
vt 0.211060 0.368652
vt 0.224365 0.374512
vt 0.224365 0.366211
vt 0.211060 0.368652
vt 0.318848 0.045410
vt 0.316650 0.032227
vt 0.309082 0.032227
vt 0.310547 0.045410
vt 0.318848 0.045410
vt 0.309082 0.032227
vt 0.309082 0.032227
vt 0.277100 0.032227
vt 0.310547 0.045410
vt 0.277100 0.032227
vt 0.275391 0.045410
vt 0.310547 0.045410
vt 0.275391 0.045410
vt 0.277100 0.032227
vt 0.267090 0.045410
vt 0.277100 0.032227
vt 0.269287 0.032227
vt 0.267090 0.045410
vt 0.240479 0.374512
vt 0.240479 0.366211
vt 0.227173 0.368652
vt 0.240479 0.366211
vt 0.227173 0.360840
vt 0.227173 0.368652
vt 0.227173 0.360840
vt 0.240479 0.366211
vt 0.240479 0.088867
vt 0.227173 0.094238
vt 0.227173 0.360840
vt 0.240479 0.088867
vt 0.227173 0.086914
vt 0.227173 0.094238
vt 0.240479 0.088867
vt 0.240479 0.081055
vt 0.227173 0.086914
vt 0.240479 0.088867
vt 0.787109 0.005371
vt 0.787109 0.456055
vt 0.997559 0.458008
vt 0.997559 0.002930
vt 0.787109 0.005371
vt 0.997559 0.458008
vt 0.466553 0.196777
vt 0.443848 0.196777
vt 0.466553 0.266113
vt 0.443848 0.196777
vt 0.443848 0.266113
vt 0.466553 0.266113
vt 0.787109 0.459961
vt 0.787109 1.000565
vt 0.997559 0.458008
vt 0.787109 1.000565
vt 0.997559 1.000566
vt 0.997559 0.458008
vt 0.322754 1.323242
vt 0.322754 1.353760
vt 0.324707 1.323242
vt 0.322754 1.353760
vt 0.324707 1.353760
vt 0.324707 1.323242
vt 0.324707 1.323242
vt 0.324707 1.353760
vt 0.326416 1.323242
vt 0.324707 1.353760
vt 0.326416 1.353760
vt 0.326416 1.323242
vt 0.326416 1.323242
vt 0.326416 1.353760
vt 0.328125 1.323242
vt 0.326416 1.353760
vt 0.328125 1.353760
vt 0.328125 1.323242
vt 0.328125 1.323242
vt 0.328125 1.353760
vt 0.330078 1.323242
vt 0.328125 1.353760
vt 0.330078 1.353760
vt 0.330078 1.323242
vt 0.330078 1.323242
vt 0.330078 1.353760
vt 0.331787 1.323242
vt 0.330078 1.353760
vt 0.331787 1.353760
vt 0.331787 1.323242
vt 0.331787 1.323242
vt 0.331787 1.353760
vt 0.333496 1.323242
vt 0.331787 1.353760
vt 0.333496 1.353760
vt 0.333496 1.323242
vt 0.333496 1.323242
vt 0.333496 1.353760
vt 0.335205 1.323242
vt 0.333496 1.353760
vt 0.335205 1.353760
vt 0.335205 1.323242
vt 0.335205 1.323242
vt 0.335205 1.353760
vt 0.337158 1.323242
vt 0.335205 1.353760
vt 0.337158 1.353760
vt 0.337158 1.323242
vt 0.322754 1.323242
vt 0.322754 1.353760
vt 0.324707 1.323242
vt 0.322754 1.353760
vt 0.324707 1.353760
vt 0.324707 1.323242
vt 0.324707 1.323242
vt 0.324707 1.353760
vt 0.326416 1.323242
vt 0.324707 1.353760
vt 0.326416 1.353760
vt 0.326416 1.323242
vt 0.326416 1.323242
vt 0.326416 1.353760
vt 0.328125 1.323242
vt 0.326416 1.353760
vt 0.328125 1.353760
vt 0.328125 1.323242
vt 0.328125 1.323242
vt 0.328125 1.353760
vt 0.330078 1.323242
vt 0.328125 1.353760
vt 0.330078 1.353760
vt 0.330078 1.323242
vt 0.330078 1.323242
vt 0.330078 1.353760
vt 0.331787 1.323242
vt 0.330078 1.353760
vt 0.331787 1.353760
vt 0.331787 1.323242
vt 0.331787 1.323242
vt 0.331787 1.353760
vt 0.333496 1.323242
vt 0.331787 1.353760
vt 0.333496 1.353760
vt 0.333496 1.323242
vt 0.333496 1.323242
vt 0.333496 1.353760
vt 0.335205 1.323242
vt 0.333496 1.353760
vt 0.335205 1.353760
vt 0.335205 1.323242
vt 0.335205 1.323242
vt 0.335205 1.353760
vt 0.337158 1.323242
vt 0.335205 1.353760
vt 0.337158 1.353760
vt 0.337158 1.323242
vt 0.322754 1.323242
vt 0.322754 1.353760
vt 0.324707 1.323242
vt 0.322754 1.353760
vt 0.324707 1.353760
vt 0.324707 1.323242
vt 0.324707 1.323242
vt 0.324707 1.353760
vt 0.326416 1.323242
vt 0.324707 1.353760
vt 0.326416 1.353760
vt 0.326416 1.323242
vt 0.326416 1.323242
vt 0.326416 1.353760
vt 0.328125 1.323242
vt 0.326416 1.353760
vt 0.328125 1.353760
vt 0.328125 1.323242
vt 0.328125 1.323242
vt 0.328125 1.353760
vt 0.330078 1.323242
vt 0.328125 1.353760
vt 0.330078 1.353760
vt 0.330078 1.323242
vt 0.330078 1.323242
vt 0.330078 1.353760
vt 0.331787 1.323242
vt 0.330078 1.353760
vt 0.331787 1.353760
vt 0.331787 1.323242
vt 0.331787 1.323242
vt 0.331787 1.353760
vt 0.333496 1.323242
vt 0.331787 1.353760
vt 0.333496 1.353760
vt 0.333496 1.323242
vt 0.333496 1.323242
vt 0.333496 1.353760
vt 0.335205 1.323242
vt 0.333496 1.353760
vt 0.335205 1.353760
vt 0.335205 1.323242
vt 0.335205 1.323242
vt 0.335205 1.353760
vt 0.337158 1.323242
vt 0.335205 1.353760
vt 0.337158 1.353760
vt 0.337158 1.323242
vt 0.322754 1.323242
vt 0.322754 1.353760
vt 0.324707 1.323242
vt 0.322754 1.353760
vt 0.324707 1.353760
vt 0.324707 1.323242
vt 0.324707 1.323242
vt 0.324707 1.353760
vt 0.326416 1.323242
vt 0.324707 1.353760
vt 0.326416 1.353760
vt 0.326416 1.323242
vt 0.326416 1.323242
vt 0.326416 1.353760
vt 0.328125 1.323242
vt 0.326416 1.353760
vt 0.328125 1.353760
vt 0.328125 1.323242
vt 0.328125 1.323242
vt 0.328125 1.353760
vt 0.330078 1.323242
vt 0.328125 1.353760
vt 0.330078 1.353760
vt 0.330078 1.323242
vt 0.330078 1.323242
vt 0.330078 1.353760
vt 0.331787 1.323242
vt 0.330078 1.353760
vt 0.331787 1.353760
vt 0.331787 1.323242
vt 0.331787 1.323242
vt 0.331787 1.353760
vt 0.333496 1.323242
vt 0.331787 1.353760
vt 0.333496 1.353760
vt 0.333496 1.323242
vt 0.333496 1.323242
vt 0.333496 1.353760
vt 0.335205 1.323242
vt 0.333496 1.353760
vt 0.335205 1.353760
vt 0.335205 1.323242
vt 0.335205 1.323242
vt 0.335205 1.353760
vt 0.337158 1.323242
vt 0.335205 1.353760
vt 0.337158 1.353760
vt 0.337158 1.323242
vt 0.322754 1.323242
vt 0.322754 1.353760
vt 0.324707 1.323242
vt 0.322754 1.353760
vt 0.324707 1.353760
vt 0.324707 1.323242
vt 0.324707 1.323242
vt 0.324707 1.353760
vt 0.326416 1.323242
vt 0.324707 1.353760
vt 0.326416 1.353760
vt 0.326416 1.323242
vt 0.326416 1.323242
vt 0.326416 1.353760
vt 0.328125 1.323242
vt 0.326416 1.353760
vt 0.328125 1.353760
vt 0.328125 1.323242
vt 0.328125 1.323242
vt 0.328125 1.353760
vt 0.330078 1.323242
vt 0.328125 1.353760
vt 0.330078 1.353760
vt 0.330078 1.323242
vt 0.330078 1.323242
vt 0.330078 1.353760
vt 0.331787 1.323242
vt 0.330078 1.353760
vt 0.331787 1.353760
vt 0.331787 1.323242
vt 0.331787 1.323242
vt 0.331787 1.353760
vt 0.333496 1.323242
vt 0.331787 1.353760
vt 0.333496 1.353760
vt 0.333496 1.323242
vt 0.333496 1.323242
vt 0.333496 1.353760
vt 0.335205 1.323242
vt 0.333496 1.353760
vt 0.335205 1.353760
vt 0.335205 1.323242
vt 0.335205 1.323242
vt 0.335205 1.353760
vt 0.337158 1.323242
vt 0.335205 1.353760
vt 0.337158 1.353760
vt 0.337158 1.323242
vt 0.322754 1.323242
vt 0.322754 1.353760
vt 0.324707 1.323242
vt 0.322754 1.353760
vt 0.324707 1.353760
vt 0.324707 1.323242
vt 0.324707 1.323242
vt 0.324707 1.353760
vt 0.326416 1.323242
vt 0.324707 1.353760
vt 0.326416 1.353760
vt 0.326416 1.323242
vt 0.326416 1.323242
vt 0.326416 1.353760
vt 0.328125 1.323242
vt 0.326416 1.353760
vt 0.328125 1.353760
vt 0.328125 1.323242
vt 0.328125 1.323242
vt 0.328125 1.353760
vt 0.330078 1.323242
vt 0.328125 1.353760
vt 0.330078 1.353760
vt 0.330078 1.323242
vt 0.330078 1.323242
vt 0.330078 1.353760
vt 0.331787 1.323242
vt 0.330078 1.353760
vt 0.331787 1.353760
vt 0.331787 1.323242
vt 0.331787 1.323242
vt 0.331787 1.353760
vt 0.333496 1.323242
vt 0.331787 1.353760
vt 0.333496 1.353760
vt 0.333496 1.323242
vt 0.333496 1.323242
vt 0.333496 1.353760
vt 0.335205 1.323242
vt 0.333496 1.353760
vt 0.335205 1.353760
vt 0.335205 1.323242
vt 0.335205 1.323242
vt 0.335205 1.353760
vt 0.337158 1.323242
vt 0.335205 1.353760
vt 0.337158 1.353760
vt 0.337158 1.323242
vt 0.647461 0.342285
vt 0.652832 0.355469
vt 0.659180 0.350098
vt 0.647461 0.342285
vt 0.644531 0.355957
vt 0.652832 0.355469
vt 0.644531 0.355957
vt 0.647461 0.342285
vt 0.636719 0.352539
vt 0.647461 0.342285
vt 0.633789 0.347656
vt 0.636719 0.352539
vt 0.647461 0.342285
vt 0.633301 0.339355
vt 0.633789 0.347656
vt 0.647461 0.342285
vt 0.659180 0.350098
vt 0.661621 0.342285
vt 0.633301 0.339355
vt 0.647461 0.342285
vt 0.636719 0.332031
vt 0.647461 0.342285
vt 0.644531 0.328125
vt 0.636719 0.332031
vt 0.659180 0.334473
vt 0.647461 0.342285
vt 0.661621 0.342285
vt 0.647461 0.342285
vt 0.652832 0.328613
vt 0.644531 0.328125
vt 0.647461 0.342285
vt 0.659180 0.334473
vt 0.652832 0.328613
vt 0.657227 0.327148
vt 0.651855 0.319824
vt 0.647461 0.323730
vt 0.657227 0.327148
vt 0.663574 0.325684
vt 0.651855 0.319824
vt 0.657227 0.327148
vt 0.664551 0.334961
vt 0.663574 0.325684
vt 0.664551 0.334961
vt 0.669434 0.337891
vt 0.663574 0.325684
vt 0.665039 0.345703
vt 0.669434 0.337891
vt 0.664551 0.334961
vt 0.665039 0.345703
vt 0.668457 0.351074
vt 0.669434 0.337891
vt 0.665039 0.345703
vt 0.660156 0.355469
vt 0.668457 0.351074
vt 0.660156 0.355469
vt 0.659668 0.360840
vt 0.668457 0.351074
vt 0.647461 0.323730
vt 0.651855 0.319824
vt 0.638672 0.320801
vt 0.650879 0.359863
vt 0.659668 0.360840
vt 0.660156 0.355469
vt 0.650879 0.359863
vt 0.647461 0.365234
vt 0.659668 0.360840
vt 0.650879 0.359863
vt 0.640137 0.359375
vt 0.647461 0.365234
vt 0.640137 0.359375
vt 0.634766 0.360840
vt 0.647461 0.365234
vt 0.634277 0.355469
vt 0.634766 0.360840
vt 0.640137 0.359375
vt 0.625977 0.351074
vt 0.634766 0.360840
vt 0.634277 0.355469
vt 0.637207 0.327148
vt 0.647461 0.323730
vt 0.638672 0.320801
vt 0.629395 0.345703
vt 0.625977 0.351074
vt 0.634277 0.355469
vt 0.629395 0.345703
vt 0.624023 0.342285
vt 0.625977 0.351074
vt 0.624023 0.342285
vt 0.629395 0.345703
vt 0.630371 0.334961
vt 0.628418 0.329590
vt 0.624023 0.342285
vt 0.630371 0.334961
vt 0.637207 0.327148
vt 0.628418 0.329590
vt 0.630371 0.334961
vt 0.637207 0.327148
vt 0.638672 0.320801
vt 0.628418 0.329590
vt 0.630371 0.334961
vt 0.633301 0.339355
vt 0.636719 0.332031
vt 0.629395 0.345703
vt 0.633301 0.339355
vt 0.630371 0.334961
vt 0.629395 0.345703
vt 0.633789 0.347656
vt 0.633301 0.339355
vt 0.637207 0.327148
vt 0.630371 0.334961
vt 0.636719 0.332031
vt 0.636719 0.352539
vt 0.633789 0.347656
vt 0.629395 0.345703
vt 0.634277 0.355469
vt 0.636719 0.352539
vt 0.629395 0.345703
vt 0.634277 0.355469
vt 0.640137 0.359375
vt 0.636719 0.352539
vt 0.640137 0.359375
vt 0.644531 0.355957
vt 0.636719 0.352539
vt 0.637207 0.327148
vt 0.636719 0.332031
vt 0.644531 0.328125
vt 0.637207 0.327148
vt 0.644531 0.328125
vt 0.647461 0.323730
vt 0.647461 0.323730
vt 0.644531 0.328125
vt 0.652832 0.328613
vt 0.657227 0.327148
vt 0.647461 0.323730
vt 0.652832 0.328613
vt 0.650879 0.359863
vt 0.644531 0.355957
vt 0.640137 0.359375
vt 0.657227 0.327148
vt 0.652832 0.328613
vt 0.659180 0.334473
vt 0.657227 0.327148
vt 0.659180 0.334473
vt 0.664551 0.334961
vt 0.664551 0.334961
vt 0.659180 0.334473
vt 0.661621 0.342285
vt 0.665039 0.345703
vt 0.664551 0.334961
vt 0.661621 0.342285
vt 0.650879 0.359863
vt 0.652832 0.355469
vt 0.644531 0.355957
vt 0.665039 0.345703
vt 0.661621 0.342285
vt 0.659180 0.350098
vt 0.665039 0.345703
vt 0.659180 0.350098
vt 0.660156 0.355469
vt 0.660156 0.355469
vt 0.659180 0.350098
vt 0.652832 0.355469
vt 0.650879 0.359863
vt 0.660156 0.355469
vt 0.652832 0.355469
vt 0.329346 0.054199
vt 0.325684 0.060547
vt 0.336426 0.060547
vt 0.319580 0.056641
vt 0.325684 0.060547
vt 0.329346 0.054199
vt 0.323975 0.050293
vt 0.319580 0.056641
vt 0.329346 0.054199
vt 0.319580 0.056641
vt 0.323975 0.050293
vt 0.267822 0.056641
vt 0.323975 0.050293
vt 0.263428 0.050293
vt 0.267822 0.056641
vt 0.263428 0.050293
vt 0.258057 0.054199
vt 0.267822 0.056641
vt 0.258057 0.054199
vt 0.261719 0.060547
vt 0.267822 0.056641
vt 0.258057 0.054199
vt 0.250977 0.060547
vt 0.261719 0.060547
vt 0.325684 0.060547
vt 0.329346 0.066406
vt 0.336426 0.060547
vt 0.250977 0.060547
vt 0.258057 0.066406
vt 0.261719 0.060547
vt 0.258057 0.066406
vt 0.250977 0.060547
vt 0.258057 0.410645
vt 0.250977 0.060547
vt 0.250977 0.416504
vt 0.258057 0.410645
vt 0.261719 0.416504
vt 0.258057 0.410645
vt 0.250977 0.416504
vt 0.258057 0.422852
vt 0.261719 0.416504
vt 0.250977 0.416504
vt 0.267822 0.420898
vt 0.261719 0.416504
vt 0.258057 0.422852
vt 0.263428 0.426758
vt 0.267822 0.420898
vt 0.258057 0.422852
vt 0.336426 0.416504
vt 0.336426 0.060547
vt 0.329346 0.066406
vt 0.267822 0.420898
vt 0.263428 0.426758
vt 0.319580 0.420898
vt 0.263428 0.426758
vt 0.323975 0.426758
vt 0.319580 0.420898
vt 0.323975 0.426758
vt 0.329346 0.422852
vt 0.319580 0.420898
vt 0.329346 0.422852
vt 0.325684 0.416504
vt 0.319580 0.420898
vt 0.329346 0.422852
vt 0.336426 0.416504
vt 0.325684 0.416504
vt 0.336426 0.416504
vt 0.329346 0.410645
vt 0.325684 0.416504
vt 0.329346 0.410645
vt 0.336426 0.416504
vt 0.329346 0.066406
vt 0.325684 0.060547
vt 0.319580 0.091797
vt 0.329346 0.066406
vt 0.311279 0.088379
vt 0.319580 0.091797
vt 0.325684 0.060547
vt 0.319580 0.056641
vt 0.311279 0.088379
vt 0.325684 0.060547
vt 0.311279 0.088379
vt 0.319580 0.056641
vt 0.267822 0.056641
vt 0.276123 0.088379
vt 0.311279 0.088379
vt 0.267822 0.056641
vt 0.267822 0.056641
vt 0.261719 0.060547
vt 0.276123 0.088379
vt 0.261719 0.060547
vt 0.267822 0.091797
vt 0.276123 0.088379
vt 0.261719 0.060547
vt 0.258057 0.066406
vt 0.267822 0.091797
vt 0.319580 0.091797
vt 0.322998 0.099609
vt 0.329346 0.066406
vt 0.258057 0.066406
vt 0.264404 0.099609
vt 0.267822 0.091797
vt 0.264404 0.099609
vt 0.258057 0.066406
vt 0.258057 0.410645
vt 0.264404 0.377441
vt 0.264404 0.099609
vt 0.258057 0.410645
vt 0.267822 0.385254
vt 0.264404 0.377441
vt 0.258057 0.410645
vt 0.261719 0.416504
vt 0.267822 0.385254
vt 0.258057 0.410645
vt 0.276123 0.388672
vt 0.267822 0.385254
vt 0.261719 0.416504
vt 0.267822 0.420898
vt 0.276123 0.388672
vt 0.261719 0.416504
vt 0.322998 0.099609
vt 0.322998 0.377441
vt 0.329346 0.066406
vt 0.322998 0.377441
vt 0.329346 0.410645
vt 0.329346 0.066406
vt 0.276123 0.388672
vt 0.267822 0.420898
vt 0.319580 0.420898
vt 0.311279 0.388672
vt 0.276123 0.388672
vt 0.319580 0.420898
vt 0.319580 0.420898
vt 0.325684 0.416504
vt 0.311279 0.388672
vt 0.325684 0.416504
vt 0.319580 0.385254
vt 0.311279 0.388672
vt 0.325684 0.416504
vt 0.329346 0.410645
vt 0.319580 0.385254
vt 0.329346 0.410645
vt 0.322998 0.377441
vt 0.319580 0.385254
vt 0.424561 0.054199
vt 0.420898 0.060547
vt 0.431396 0.060547
vt 0.414795 0.056641
vt 0.420898 0.060547
vt 0.424561 0.054199
vt 0.418945 0.050293
vt 0.414795 0.056641
vt 0.424561 0.054199
vt 0.414795 0.056641
vt 0.418945 0.050293
vt 0.362793 0.056641
vt 0.418945 0.050293
vt 0.358643 0.050293
vt 0.362793 0.056641
vt 0.358643 0.050293
vt 0.353027 0.054199
vt 0.362793 0.056641
vt 0.353027 0.054199
vt 0.356689 0.060547
vt 0.362793 0.056641
vt 0.353027 0.054199
vt 0.345947 0.060547
vt 0.356689 0.060547
vt 0.420898 0.060547
vt 0.424561 0.066406
vt 0.431396 0.060547
vt 0.345947 0.060547
vt 0.353027 0.066406
vt 0.356689 0.060547
vt 0.353027 0.066406
vt 0.345947 0.060547
vt 0.353027 0.410645
vt 0.345947 0.060547
vt 0.345947 0.416504
vt 0.353027 0.410645
vt 0.356689 0.416504
vt 0.353027 0.410645
vt 0.345947 0.416504
vt 0.353027 0.422852
vt 0.356689 0.416504
vt 0.345947 0.416504
vt 0.362793 0.420898
vt 0.356689 0.416504
vt 0.353027 0.422852
vt 0.358643 0.426758
vt 0.362793 0.420898
vt 0.353027 0.422852
vt 0.431396 0.416504
vt 0.431396 0.060547
vt 0.424561 0.066406
vt 0.362793 0.420898
vt 0.358643 0.426758
vt 0.414795 0.420898
vt 0.358643 0.426758
vt 0.418945 0.426758
vt 0.414795 0.420898
vt 0.418945 0.426758
vt 0.424561 0.422852
vt 0.414795 0.420898
vt 0.424561 0.422852
vt 0.420898 0.416504
vt 0.414795 0.420898
vt 0.424561 0.422852
vt 0.431396 0.416504
vt 0.420898 0.416504
vt 0.431396 0.416504
vt 0.424561 0.410645
vt 0.420898 0.416504
vt 0.424561 0.410645
vt 0.431396 0.416504
vt 0.424561 0.066406
vt 0.420898 0.060547
vt 0.414551 0.091797
vt 0.424561 0.066406
vt 0.406494 0.088379
vt 0.414551 0.091797
vt 0.420898 0.060547
vt 0.414795 0.056641
vt 0.406494 0.088379
vt 0.420898 0.060547
vt 0.406494 0.088379
vt 0.414795 0.056641
vt 0.362793 0.056641
vt 0.371094 0.088379
vt 0.406494 0.088379
vt 0.362793 0.056641
vt 0.362793 0.056641
vt 0.356689 0.060547
vt 0.371094 0.088379
vt 0.356689 0.060547
vt 0.362793 0.091797
vt 0.371094 0.088379
vt 0.356689 0.060547
vt 0.353027 0.066406
vt 0.362793 0.091797
vt 0.414551 0.091797
vt 0.417969 0.099609
vt 0.424561 0.066406
vt 0.353027 0.066406
vt 0.359375 0.099609
vt 0.362793 0.091797
vt 0.359375 0.099609
vt 0.353027 0.066406
vt 0.353027 0.410645
vt 0.359375 0.377441
vt 0.359375 0.099609
vt 0.353027 0.410645
vt 0.362793 0.385254
vt 0.359375 0.377441
vt 0.353027 0.410645
vt 0.356689 0.416504
vt 0.362793 0.385254
vt 0.353027 0.410645
vt 0.371094 0.388672
vt 0.362793 0.385254
vt 0.356689 0.416504
vt 0.362793 0.420898
vt 0.371094 0.388672
vt 0.356689 0.416504
vt 0.417969 0.099609
vt 0.417969 0.377441
vt 0.424561 0.066406
vt 0.417969 0.377441
vt 0.424561 0.410645
vt 0.424561 0.066406
vt 0.371094 0.388672
vt 0.362793 0.420898
vt 0.414795 0.420898
vt 0.406494 0.388672
vt 0.371094 0.388672
vt 0.414795 0.420898
vt 0.414795 0.420898
vt 0.420898 0.416504
vt 0.406494 0.388672
vt 0.420898 0.416504
vt 0.414551 0.385254
vt 0.406494 0.388672
vt 0.420898 0.416504
vt 0.424561 0.410645
vt 0.414551 0.385254
vt 0.424561 0.410645
vt 0.417969 0.377441
vt 0.414551 0.385254
vt 0.102417 0.471191
vt 0.146973 0.491211
vt 0.776855 0.471191
vt 0.146973 0.882935
vt 0.146973 0.491211
vt 0.102417 0.471191
vt 0.102417 0.922852
vt 0.146973 0.882935
vt 0.102417 0.471191
vt 0.146973 0.491211
vt 0.729980 0.491211
vt 0.776855 0.471191
vt 0.729980 0.882935
vt 0.146973 0.882935
vt 0.102417 0.922852
vt 0.776855 0.471191
vt 0.729980 0.491211
vt 0.729980 0.882935
vt 0.776855 0.922791
vt 0.776855 0.471191
vt 0.729980 0.882935
vt 0.776855 0.922791
vt 0.729980 0.882935
vt 0.102417 0.922852
vt 0.303467 1.344971
vt 0.293457 1.334229
vt 0.293457 1.348877
vt 0.307617 1.334961
vt 0.293457 1.334229
vt 0.303467 1.344971
vt 0.303467 1.324951
vt 0.293457 1.334229
vt 0.307617 1.334961
vt 0.293701 1.320068
vt 0.293457 1.334229
vt 0.303467 1.324951
vt 0.293457 1.348877
vt 0.293457 1.334229
vt 0.283447 1.344971
vt 0.283447 1.324951
vt 0.293457 1.334229
vt 0.293701 1.320068
vt 0.279297 1.334961
vt 0.293457 1.334229
vt 0.283447 1.324951
vt 0.283447 1.344971
vt 0.293457 1.334229
vt 0.279297 1.334961
vt 0.303467 1.344971
vt 0.293457 1.334229
vt 0.293457 1.348877
vt 0.307617 1.334961
vt 0.293457 1.334229
vt 0.303467 1.344971
vt 0.303467 1.324951
vt 0.293457 1.334229
vt 0.307617 1.334961
vt 0.293701 1.320068
vt 0.293457 1.334229
vt 0.303467 1.324951
vt 0.293457 1.348877
vt 0.293457 1.334229
vt 0.283447 1.344971
vt 0.283447 1.324951
vt 0.293457 1.334229
vt 0.293701 1.320068
vt 0.279297 1.334961
vt 0.293457 1.334229
vt 0.283447 1.324951
vt 0.283447 1.344971
vt 0.293457 1.334229
vt 0.279297 1.334961
vt 0.303467 1.344971
vt 0.293457 1.334229
vt 0.293457 1.348877
vt 0.307617 1.334961
vt 0.293457 1.334229
vt 0.303467 1.344971
vt 0.303467 1.324951
vt 0.293457 1.334229
vt 0.307617 1.334961
vt 0.293701 1.320068
vt 0.293457 1.334229
vt 0.303467 1.324951
vt 0.293457 1.348877
vt 0.293457 1.334229
vt 0.283447 1.344971
vt 0.283447 1.324951
vt 0.293457 1.334229
vt 0.293701 1.320068
vt 0.279297 1.334961
vt 0.293457 1.334229
vt 0.283447 1.324951
vt 0.283447 1.344971
vt 0.293457 1.334229
vt 0.279297 1.334961
vt 0.303467 1.344971
vt 0.293457 1.334229
vt 0.293457 1.348877
vt 0.307617 1.334961
vt 0.293457 1.334229
vt 0.303467 1.344971
vt 0.303467 1.324951
vt 0.293457 1.334229
vt 0.307617 1.334961
vt 0.293701 1.320068
vt 0.293457 1.334229
vt 0.303467 1.324951
vt 0.293457 1.348877
vt 0.293457 1.334229
vt 0.283447 1.344971
vt 0.283447 1.324951
vt 0.293457 1.334229
vt 0.293701 1.320068
vt 0.279297 1.334961
vt 0.293457 1.334229
vt 0.283447 1.324951
vt 0.283447 1.344971
vt 0.293457 1.334229
vt 0.279297 1.334961
vt 0.303467 1.344971
vt 0.293457 1.334229
vt 0.293457 1.348877
vt 0.307617 1.334961
vt 0.293457 1.334229
vt 0.303467 1.344971
vt 0.303467 1.324951
vt 0.293457 1.334229
vt 0.307617 1.334961
vt 0.293701 1.320068
vt 0.293457 1.334229
vt 0.303467 1.324951
vt 0.293457 1.348877
vt 0.293457 1.334229
vt 0.283447 1.344971
vt 0.283447 1.324951
vt 0.293457 1.334229
vt 0.293701 1.320068
vt 0.279297 1.334961
vt 0.293457 1.334229
vt 0.283447 1.324951
vt 0.283447 1.344971
vt 0.293457 1.334229
vt 0.279297 1.334961
vt 0.303467 1.344971
vt 0.293457 1.334229
vt 0.293457 1.348877
vt 0.307617 1.334961
vt 0.293457 1.334229
vt 0.303467 1.344971
vt 0.303467 1.324951
vt 0.293457 1.334229
vt 0.307617 1.334961
vt 0.293701 1.320068
vt 0.293457 1.334229
vt 0.303467 1.324951
vt 0.293457 1.348877
vt 0.293457 1.334229
vt 0.283447 1.344971
vt 0.283447 1.324951
vt 0.293457 1.334229
vt 0.293701 1.320068
vt 0.279297 1.334961
vt 0.293457 1.334229
vt 0.283447 1.324951
vt 0.283447 1.344971
vt 0.293457 1.334229
vt 0.279297 1.334961
vt 0.279297 1.334961
vt 0.279297 1.334961
vt 0.279297 1.334961
vt 0.030334 0.115723
vt 0.011787 0.168457
vt 0.005520 0.225586
vt 0.059845 0.070312
vt 0.030334 0.115723
vt 0.005520 0.225586
vt 0.059845 0.070312
vt 0.005520 0.225586
vt 0.168945 0.403809
vt 0.059845 0.070312
vt 0.168945 0.403809
vt 0.390137 0.179688
vt 0.191040 0.005859
vt 0.059845 0.070312
vt 0.390137 0.179688
vt 0.005520 0.225586
vt 0.005505 0.403809
vt 0.168945 0.403809
vt 0.191040 0.005859
vt 0.143066 0.013184
vt 0.059845 0.070312
vt 0.059845 0.070312
vt 0.143066 0.013184
vt 0.098267 0.035156
vt 0.168945 0.403809
vt 0.380371 0.395508
vt 0.390137 0.179688
vt 0.005505 0.403809
vt 0.005463 0.596436
vt 0.168945 0.403809
vt 0.005463 0.596436
vt 0.168945 0.596436
vt 0.168945 0.403809
vt 0.168945 0.403809
vt 0.168945 0.596436
vt 0.380371 0.395508
vt 0.390137 0.005859
vt 0.191040 0.005859
vt 0.390137 0.179688
vt 0.390137 0.179688
vt 0.380371 0.395508
vt 0.606934 0.179688
vt 0.390137 0.179688
vt 0.606934 0.179688
vt 0.606934 0.005859
vt 0.390137 0.005859
vt 0.390137 0.179688
vt 0.606934 0.005859
vt 0.168945 0.596436
vt 0.005463 0.596436
vt 0.005463 0.774780
vt 0.168945 0.596436
vt 0.380371 0.604980
vt 0.380371 0.395508
vt 0.059845 0.930176
vt 0.168945 0.596436
vt 0.005463 0.774780
vt 0.380371 0.395508
vt 0.616699 0.395508
vt 0.606934 0.179688
vt 0.380371 0.395508
vt 0.380371 0.604980
vt 0.616699 0.395508
vt 0.168945 0.596436
vt 0.059845 0.930176
vt 0.390137 0.820679
vt 0.380371 0.604980
vt 0.168945 0.596436
vt 0.390137 0.820679
vt 0.808594 0.005859
vt 0.606934 0.005859
vt 0.606934 0.179688
vt 0.818848 0.199219
vt 0.606934 0.179688
vt 0.616699 0.395508
vt 0.818848 0.199219
vt 0.808594 0.005859
vt 0.606934 0.179688
vt 0.030334 0.884644
vt 0.059845 0.930176
vt 0.005463 0.774780
vt 0.011787 0.831665
vt 0.030334 0.884644
vt 0.005463 0.774780
vt 0.808594 0.005859
vt 0.818848 0.199219
vt 0.856445 0.013184
vt 0.901367 0.035156
vt 0.856445 0.013184
vt 0.818848 0.199219
vt 0.830566 0.403809
vt 0.818848 0.199219
vt 0.616699 0.395508
vt 0.380371 0.604980
vt 0.390137 0.820679
vt 0.616699 0.604980
vt 0.380371 0.604980
vt 0.616699 0.604980
vt 0.616699 0.395508
vt 0.616699 0.395508
vt 0.616699 0.604980
vt 0.830566 0.403809
vt 0.939941 0.070312
vt 0.901367 0.035156
vt 0.818848 0.199219
vt 0.969238 0.115723
vt 0.939941 0.070312
vt 0.818848 0.199219
vt 0.987793 0.168457
vt 0.969238 0.115723
vt 0.818848 0.199219
vt 0.994141 0.225586
vt 0.987793 0.168457
vt 0.818848 0.199219
vt 0.994141 0.225586
vt 0.818848 0.199219
vt 0.830566 0.403809
vt 0.059845 0.930176
vt 0.191040 0.994537
vt 0.390137 0.820679
vt 0.390137 0.820679
vt 0.606934 0.820679
vt 0.616699 0.604980
vt 0.994141 0.403809
vt 0.994141 0.225586
vt 0.830566 0.403809
vt 0.830566 0.403809
vt 0.830566 0.596436
vt 0.994141 0.403809
vt 0.616699 0.604980
vt 0.830566 0.596436
vt 0.830566 0.403809
vt 0.616699 0.604980
vt 0.606934 0.820679
vt 0.830566 0.596436
vt 0.606934 0.820679
vt 0.390137 0.820679
vt 0.390137 0.994537
vt 0.191040 0.994537
vt 0.390137 0.994537
vt 0.390137 0.820679
vt 0.830566 0.596436
vt 0.994141 0.596436
vt 0.994141 0.403809
vt 0.994141 0.774780
vt 0.994141 0.596436
vt 0.830566 0.596436
vt 0.939941 0.930176
vt 0.994141 0.774780
vt 0.830566 0.596436
vt 0.606934 0.820679
vt 0.939941 0.930176
vt 0.830566 0.596436
vt 0.191040 0.994537
vt 0.059845 0.930176
vt 0.143066 0.987053
vt 0.939941 0.930176
vt 0.969238 0.884644
vt 0.994141 0.774780
vt 0.098267 0.965118
vt 0.143066 0.987053
vt 0.059845 0.930176
vt 0.969238 0.884644
vt 0.987793 0.831665
vt 0.994141 0.774780
vt 0.808594 0.994514
vt 0.939941 0.930176
vt 0.606934 0.820679
vt 0.606934 0.994537
vt 0.606934 0.820679
vt 0.390137 0.994537
vt 0.606934 0.994537
vt 0.808594 0.994514
vt 0.606934 0.820679
vt 0.808594 0.994514
vt 0.856445 0.987053
vt 0.939941 0.930176
vt 0.939941 0.930176
vt 0.856445 0.987053
vt 0.901367 0.965118
vn 0.708661 0.000000 -0.708661
vn 0.708661 0.000000 -0.708661
vn 0.708661 0.000000 -0.708661
vn 0.708661 0.000000 0.708661
vn 0.708661 0.000000 0.708661
vn 0.708661 0.000000 0.708661
vn -0.440945 0.771654 -0.456693
vn -0.433071 0.795276 0.425197
vn -0.629921 0.425197 -0.645669
vn -0.433071 0.795276 0.425197
vn -0.622047 0.488189 0.614173
vn -0.629921 0.425197 -0.645669
vn 0.622047 0.488189 0.614173
vn 0.433071 0.795276 0.425197
vn 0.629921 0.425197 -0.645669
vn 0.433071 0.795276 0.425197
vn 0.440945 0.771654 -0.456693
vn 0.629921 0.425197 -0.645669
vn 0.440945 0.771654 -0.456693
vn -0.440945 0.771654 -0.456693
vn 0.629921 0.425197 -0.645669
vn -0.440945 0.771654 -0.456693
vn -0.629921 0.425197 -0.645669
vn 0.629921 0.425197 -0.645669
vn 0.771654 -0.629921 0.102362
vn 0.976378 -0.149606 0.125984
vn 0.952756 -0.157480 0.251969
vn 0.748031 -0.637795 0.196850
vn 0.771654 -0.629921 0.102362
vn 0.952756 -0.157480 0.251969
vn -0.236220 -0.968504 -0.031496
vn 0.771654 -0.629921 0.102362
vn 0.748031 -0.637795 0.196850
vn -0.228346 -0.968504 -0.062992
vn -0.236220 -0.968504 -0.031496
vn 0.748031 -0.637795 0.196850
vn -0.740157 -0.669291 -0.094488
vn -0.236220 -0.968504 -0.031496
vn -0.228346 -0.968504 -0.062992
vn 0.952756 -0.157480 0.251969
vn 0.858268 -0.157480 0.496063
vn 0.748031 -0.637795 0.196850
vn -0.716535 -0.669291 -0.188976
vn -0.740157 -0.669291 -0.094488
vn -0.228346 -0.968504 -0.062992
vn 0.748031 -0.637795 0.196850
vn 0.669291 -0.637795 0.385827
vn -0.228346 -0.968504 -0.062992
vn 0.858268 -0.157480 0.496063
vn 0.669291 -0.637795 0.385827
vn 0.748031 -0.637795 0.196850
vn -0.228346 -0.968504 -0.062992
vn -0.204724 -0.968504 -0.118110
vn -0.716535 -0.669291 -0.188976
vn 0.669291 -0.637795 0.385827
vn -0.204724 -0.968504 -0.118110
vn -0.228346 -0.968504 -0.062992
vn -0.204724 -0.968504 -0.118110
vn -0.637795 -0.669291 -0.370079
vn -0.716535 -0.669291 -0.188976
vn -0.204724 -0.968504 -0.118110
vn -0.165354 -0.968504 -0.165354
vn -0.637795 -0.669291 -0.370079
vn 0.669291 -0.637795 0.385827
vn 0.543307 -0.637795 0.543307
vn -0.204724 -0.968504 -0.118110
vn 0.543307 -0.637795 0.543307
vn -0.165354 -0.968504 -0.165354
vn -0.204724 -0.968504 -0.118110
vn -0.165354 -0.968504 -0.165354
vn -0.519685 -0.669291 -0.519685
vn -0.637795 -0.669291 -0.370079
vn 0.858268 -0.157480 0.496063
vn 0.700787 -0.157480 0.700787
vn 0.669291 -0.637795 0.385827
vn 0.700787 -0.157480 0.700787
vn 0.543307 -0.637795 0.543307
vn 0.669291 -0.637795 0.385827
vn -0.165354 -0.968504 -0.165354
vn -0.118110 -0.968504 -0.204724
vn -0.519685 -0.669291 -0.519685
vn 0.543307 -0.637795 0.543307
vn 0.385827 -0.637795 0.669291
vn -0.165354 -0.968504 -0.165354
vn 0.385827 -0.637795 0.669291
vn -0.118110 -0.968504 -0.204724
vn -0.165354 -0.968504 -0.165354
vn -0.118110 -0.968504 -0.204724
vn -0.370079 -0.669291 -0.637795
vn -0.519685 -0.669291 -0.519685
vn 0.700787 -0.157480 0.700787
vn 0.496063 -0.157480 0.858268
vn 0.543307 -0.637795 0.543307
vn 0.496063 -0.157480 0.858268
vn 0.385827 -0.637795 0.669291
vn 0.543307 -0.637795 0.543307
vn -0.118110 -0.968504 -0.204724
vn -0.062992 -0.968504 -0.228346
vn -0.370079 -0.669291 -0.637795
vn 0.385827 -0.637795 0.669291
vn 0.196850 -0.637795 0.748031
vn -0.118110 -0.968504 -0.204724
vn 0.196850 -0.637795 0.748031
vn -0.062992 -0.968504 -0.228346
vn -0.118110 -0.968504 -0.204724
vn -0.062992 -0.968504 -0.228346
vn -0.188976 -0.669291 -0.716535
vn -0.370079 -0.669291 -0.637795
vn 0.496063 -0.157480 0.858268
vn 0.251969 -0.157480 0.952756
vn 0.385827 -0.637795 0.669291
vn 0.251969 -0.157480 0.952756
vn 0.196850 -0.637795 0.748031
vn 0.385827 -0.637795 0.669291
vn -0.062992 -0.968504 -0.228346
vn 0.196850 -0.637795 0.748031
vn -0.015748 -0.968504 -0.236220
vn -0.188976 -0.669291 -0.716535
vn -0.062992 -0.968504 -0.228346
vn -0.047244 -0.669291 -0.740157
vn -0.062992 -0.968504 -0.228346
vn -0.015748 -0.968504 -0.236220
vn -0.047244 -0.669291 -0.740157
vn 0.196850 -0.637795 0.748031
vn 0.047244 -0.629921 0.771654
vn -0.015748 -0.968504 -0.236220
vn 0.196850 -0.637795 0.748031
vn 0.251969 -0.157480 0.952756
vn 0.047244 -0.629921 0.771654
vn 0.251969 -0.157480 0.952756
vn 0.062992 -0.149606 0.984252
vn 0.047244 -0.629921 0.771654
vn 0.062992 -0.149606 0.984252
vn -0.062992 -0.149606 0.984252
vn 0.047244 -0.629921 0.771654
vn -0.062992 -0.149606 0.984252
vn -0.047244 -0.629921 0.771654
vn 0.047244 -0.629921 0.771654
vn 0.047244 -0.629921 0.771654
vn -0.047244 -0.629921 0.771654
vn -0.015748 -0.968504 -0.236220
vn -0.047244 -0.629921 0.771654
vn 0.015748 -0.968504 -0.236220
vn -0.015748 -0.968504 -0.236220
vn -0.047244 -0.629921 0.771654
vn -0.062992 -0.149606 0.984252
vn -0.251969 -0.157480 0.952756
vn -0.015748 -0.968504 -0.236220
vn 0.015748 -0.968504 -0.236220
vn -0.047244 -0.669291 -0.740157
vn 0.015748 -0.968504 -0.236220
vn 0.047244 -0.669291 -0.740157
vn -0.047244 -0.669291 -0.740157
vn 0.015748 -0.968504 -0.236220
vn -0.047244 -0.629921 0.771654
vn -0.196850 -0.637795 0.748031
vn -0.196850 -0.637795 0.748031
vn -0.047244 -0.629921 0.771654
vn -0.251969 -0.157480 0.952756
vn 0.047244 -0.669291 -0.740157
vn 0.015748 -0.968504 -0.236220
vn 0.062992 -0.968504 -0.228346
vn 0.062992 -0.968504 -0.228346
vn 0.015748 -0.968504 -0.236220
vn -0.196850 -0.637795 0.748031
vn 0.188976 -0.669291 -0.716535
vn 0.047244 -0.669291 -0.740157
vn 0.062992 -0.968504 -0.228346
vn 0.062992 -0.968504 -0.228346
vn 0.118110 -0.968504 -0.204724
vn 0.188976 -0.669291 -0.716535
vn -0.196850 -0.637795 0.748031
vn -0.385827 -0.637795 0.669291
vn 0.062992 -0.968504 -0.228346
vn -0.385827 -0.637795 0.669291
vn 0.118110 -0.968504 -0.204724
vn 0.062992 -0.968504 -0.228346
vn 0.118110 -0.968504 -0.204724
vn 0.370079 -0.669291 -0.637795
vn 0.188976 -0.669291 -0.716535
vn -0.251969 -0.157480 0.952756
vn -0.496063 -0.157480 0.858268
vn -0.196850 -0.637795 0.748031
vn -0.496063 -0.157480 0.858268
vn -0.385827 -0.637795 0.669291
vn -0.196850 -0.637795 0.748031
vn 0.118110 -0.968504 -0.204724
vn 0.165354 -0.968504 -0.165354
vn 0.370079 -0.669291 -0.637795
vn -0.385827 -0.637795 0.669291
vn -0.543307 -0.637795 0.543307
vn 0.118110 -0.968504 -0.204724
vn -0.543307 -0.637795 0.543307
vn 0.165354 -0.968504 -0.165354
vn 0.118110 -0.968504 -0.204724
vn 0.165354 -0.968504 -0.165354
vn 0.519685 -0.669291 -0.519685
vn 0.370079 -0.669291 -0.637795
vn -0.496063 -0.157480 0.858268
vn -0.700787 -0.157480 0.700787
vn -0.385827 -0.637795 0.669291
vn -0.700787 -0.157480 0.700787
vn -0.543307 -0.637795 0.543307
vn -0.385827 -0.637795 0.669291
vn 0.165354 -0.968504 -0.165354
vn 0.204724 -0.968504 -0.118110
vn 0.519685 -0.669291 -0.519685
vn -0.543307 -0.637795 0.543307
vn -0.669291 -0.637795 0.385827
vn 0.165354 -0.968504 -0.165354
vn -0.669291 -0.637795 0.385827
vn 0.204724 -0.968504 -0.118110
vn 0.165354 -0.968504 -0.165354
vn 0.204724 -0.968504 -0.118110
vn 0.637795 -0.669291 -0.370079
vn 0.519685 -0.669291 -0.519685
vn -0.700787 -0.157480 0.700787
vn -0.858268 -0.157480 0.496063
vn -0.543307 -0.637795 0.543307
vn -0.858268 -0.157480 0.496063
vn -0.669291 -0.637795 0.385827
vn -0.543307 -0.637795 0.543307
vn 0.204724 -0.968504 -0.118110
vn 0.228346 -0.968504 -0.062992
vn 0.637795 -0.669291 -0.370079
vn 0.228346 -0.968504 -0.062992
vn 0.716535 -0.669291 -0.188976
vn 0.637795 -0.669291 -0.370079
vn -0.669291 -0.637795 0.385827
vn -0.748031 -0.637795 0.196850
vn 0.204724 -0.968504 -0.118110
vn -0.748031 -0.637795 0.196850
vn 0.228346 -0.968504 -0.062992
vn 0.204724 -0.968504 -0.118110
vn 0.716535 -0.669291 -0.188976
vn 0.228346 -0.968504 -0.062992
vn 0.740157 -0.669291 -0.094488
vn -0.858268 -0.157480 0.496063
vn -0.952756 -0.157480 0.251969
vn -0.669291 -0.637795 0.385827
vn -0.952756 -0.157480 0.251969
vn -0.748031 -0.637795 0.196850
vn -0.669291 -0.637795 0.385827
vn 0.228346 -0.968504 -0.062992
vn 0.236220 -0.968504 -0.031496
vn 0.740157 -0.669291 -0.094488
vn 0.228346 -0.968504 -0.062992
vn -0.748031 -0.637795 0.196850
vn 0.236220 -0.968504 -0.031496
vn -0.748031 -0.637795 0.196850
vn -0.952756 -0.157480 0.251969
vn -0.771654 -0.629921 0.102362
vn -0.748031 -0.637795 0.196850
vn -0.771654 -0.629921 0.102362
vn 0.236220 -0.968504 -0.031496
vn -0.952756 -0.157480 0.251969
vn -0.976378 -0.149606 0.125984
vn -0.771654 -0.629921 0.102362
vn 0.000000 -0.370079 0.929134
vn 0.000000 -0.992126 0.149606
vn -0.212598 -0.385827 0.897638
vn 0.000000 -0.992126 0.149606
vn 0.000000 -0.992126 0.149606
vn -0.212598 -0.385827 0.897638
vn -0.212598 -0.385827 0.897638
vn 0.000000 -0.992126 0.149606
vn -0.267717 -0.937008 0.212598
vn -0.818898 -0.362205 0.448819
vn -0.212598 -0.385827 0.897638
vn -0.267717 -0.937008 0.212598
vn 0.000000 -1.000000 0.000000
vn 0.000000 -0.992126 0.149606
vn 0.000000 -0.992126 0.149606
vn -0.818898 -0.362205 0.448819
vn -0.267717 -0.937008 0.212598
vn -0.811024 -0.370079 -0.448819
vn -0.267717 -0.937008 0.212598
vn -0.259843 -0.944882 -0.212598
vn -0.811024 -0.370079 -0.448819
vn -0.811024 -0.370079 -0.448819
vn -0.259843 -0.944882 -0.212598
vn -0.204724 -0.385827 -0.897638
vn 0.000000 -1.000000 0.000000
vn 0.000000 -1.000000 0.000000
vn 0.000000 -0.992126 0.149606
vn 0.000000 -1.000000 0.000000
vn -0.267717 -0.937008 0.212598
vn 0.000000 -0.992126 0.149606
vn 0.000000 -1.000000 0.000000
vn 0.000000 -1.000000 0.000000
vn 0.000000 -0.992126 0.149606
vn 0.000000 -1.000000 0.000000
vn 0.000000 -1.000000 0.000000
vn 0.000000 -0.992126 0.149606
vn 0.000000 -1.000000 0.000000
vn 0.000000 -1.000000 0.000000
vn 0.000000 -0.992126 0.149606
vn 0.000000 -0.992126 0.149606
vn 0.000000 -1.000000 0.000000
vn 0.000000 -1.000000 0.000000
vn 0.000000 -0.992126 0.149606
vn 0.000000 -1.000000 0.000000
vn 0.000000 -1.000000 0.000000
vn 0.000000 -1.000000 0.000000
vn 0.000000 -0.992126 0.149606
vn 0.000000 -1.000000 0.000000
vn 0.000000 -1.000000 0.000000
vn 0.000000 -1.000000 0.000000
vn 0.000000 -0.992126 0.149606
vn 0.000000 -0.992126 0.149606
vn 0.000000 -1.000000 0.000000
vn 0.000000 -1.000000 0.000000
vn 0.000000 -0.992126 0.149606
vn 0.000000 -1.000000 0.000000
vn 0.000000 -1.000000 0.000000
vn 0.000000 -0.992126 0.149606
vn 0.000000 -1.000000 0.000000
vn 0.000000 -1.000000 0.000000
vn 0.000000 -1.000000 0.000000
vn 0.000000 -1.000000 0.000000
vn 0.000000 -0.992126 0.149606
vn 0.000000 -1.000000 0.000000
vn 0.000000 -1.000000 0.000000
vn 0.000000 -0.992126 0.149606
vn 0.000000 -1.000000 0.000000
vn 0.000000 -0.992126 0.149606
vn 0.000000 -1.000000 0.000000
vn 0.000000 -1.000000 0.000000
vn 0.000000 -0.992126 0.149606
vn 0.000000 -1.000000 0.000000
vn -0.259843 -0.944882 -0.212598
vn 0.000000 -1.000000 -0.086614
vn -0.204724 -0.385827 -0.897638
vn 0.000000 -1.000000 0.000000
vn -0.259843 -0.944882 -0.212598
vn -0.267717 -0.937008 0.212598
vn 0.000000 -1.000000 0.000000
vn 0.000000 -1.000000 0.000000
vn -0.267717 -0.937008 0.212598
vn -0.259843 -0.944882 -0.212598
vn 0.000000 -1.000000 0.000000
vn 0.000000 -1.000000 -0.086614
vn 0.000000 -0.992126 0.149606
vn 0.267717 -0.937008 0.212598
vn 0.000000 -1.000000 0.000000
vn 0.039370 -0.685039 0.724409
vn 0.267717 -0.937008 0.212598
vn 0.000000 -0.992126 0.149606
vn 0.000000 -1.000000 0.000000
vn 0.000000 -1.000000 0.000000
vn 0.000000 -1.000000 0.000000
vn 0.000000 -1.000000 0.000000
vn 0.000000 -1.000000 0.000000
vn 0.000000 -1.000000 0.000000
vn 0.000000 -1.000000 0.000000
vn 0.000000 -1.000000 0.000000
vn 0.000000 -1.000000 0.000000
vn 0.000000 -1.000000 0.000000
vn 0.000000 -1.000000 0.000000
vn 0.000000 -1.000000 0.000000
vn 0.000000 -1.000000 -0.086614
vn 0.000000 -0.992126 -0.149606
vn -0.204724 -0.385827 -0.897638
vn 0.000000 -1.000000 0.000000
vn 0.000000 -0.992126 -0.149606
vn 0.000000 -1.000000 0.000000
vn 0.000000 -1.000000 0.000000
vn 0.000000 -1.000000 0.000000
vn 0.000000 -1.000000 0.000000
vn 0.000000 -0.992126 -0.149606
vn 0.000000 -1.000000 0.000000
vn 0.000000 -1.000000 0.000000
vn 0.000000 -0.992126 -0.149606
vn 0.000000 -1.000000 0.000000
vn 0.000000 -1.000000 0.000000
vn 0.000000 -1.000000 0.000000
vn 0.267717 -0.937008 0.212598
vn 0.000000 -1.000000 0.000000
vn 0.000000 -0.992126 -0.149606
vn 0.000000 -0.370079 -0.929134
vn -0.204724 -0.385827 -0.897638
vn 0.259843 -0.944882 -0.212598
vn 0.000000 -0.992126 -0.149606
vn 0.000000 -1.000000 0.000000
vn 0.267717 -0.937008 0.212598
vn 0.259843 -0.944882 -0.212598
vn 0.000000 -1.000000 0.000000
vn 0.259843 -0.944882 -0.212598
vn 0.000000 -0.370079 -0.929134
vn 0.000000 -0.992126 -0.149606
vn 0.000000 -0.992126 -0.149606
vn 0.000000 -1.000000 0.000000
vn 0.000000 -1.000000 0.000000
vn 0.866142 -0.496063 0.000000
vn 0.259843 -0.944882 -0.212598
vn 0.267717 -0.937008 0.212598
vn 0.039370 -0.685039 0.724409
vn 0.267717 -0.937008 0.212598
vn 0.039370 -0.685039 0.724409
vn 0.866142 -0.496063 0.000000
vn 0.866142 -0.496063 0.000000
vn 0.267717 -0.937008 0.212598
vn 0.000000 -1.000000 0.000000
vn 0.000000 -1.000000 0.000000
vn 0.000000 -0.992126 -0.149606
vn 0.000000 -1.000000 0.000000
vn 0.000000 -1.000000 0.000000
vn 0.000000 -0.992126 -0.149606
vn 0.000000 -1.000000 0.000000
vn 0.000000 -1.000000 0.000000
vn 0.000000 -0.992126 -0.149606
vn 0.000000 -1.000000 0.000000
vn 0.000000 -0.992126 -0.149606
vn 0.000000 -1.000000 0.000000
vn 0.000000 -0.992126 -0.149606
vn 0.000000 -1.000000 -0.086614
vn 0.000000 -1.000000 0.000000
vn 0.000000 -1.000000 0.000000
vn 0.000000 -1.000000 0.000000
vn 0.000000 -1.000000 0.000000
vn 0.000000 -1.000000 0.000000
vn 0.000000 -1.000000 0.000000
vn 0.000000 -1.000000 0.000000
vn 0.000000 -1.000000 0.000000
vn 0.000000 -1.000000 0.000000
vn 0.000000 -1.000000 -0.086614
vn 0.000000 -1.000000 0.000000
vn 0.000000 -1.000000 0.000000
vn 0.000000 -1.000000 -0.086614
vn 0.000000 -1.000000 -0.086614
vn 0.000000 -1.000000 0.000000
vn 0.000000 -1.000000 0.000000
vn 0.000000 -1.000000 -0.086614
vn 0.000000 -1.000000 0.000000
vn 0.000000 -1.000000 0.000000
vn 0.000000 -1.000000 0.000000
vn 0.000000 -1.000000 0.000000
vn 0.000000 -1.000000 -0.086614
vn 0.000000 -1.000000 0.000000
vn 0.000000 -1.000000 0.000000
vn 0.000000 -1.000000 -0.086614
vn 0.000000 -1.000000 0.000000
vn 0.000000 -1.000000 -0.086614
vn 0.000000 -1.000000 0.000000
vn 0.000000 -1.000000 0.000000
vn 0.000000 -1.000000 0.000000
vn 0.000000 -1.000000 0.000000
vn 0.000000 -0.692913 -0.724409
vn 0.000000 -0.370079 -0.929134
vn 0.259843 -0.944882 -0.212598
vn -0.811024 -0.370079 -0.448819
vn -0.204724 -0.385827 -0.897638
vn -0.574803 0.480315 -0.661417
vn -0.574803 0.480315 -0.661417
vn -0.590551 0.535433 0.606299
vn -0.811024 -0.370079 -0.448819
vn -0.590551 0.535433 0.606299
vn -0.818898 -0.362205 0.448819
vn -0.811024 -0.370079 -0.448819
vn -0.212598 -0.385827 0.897638
vn -0.818898 -0.362205 0.448819
vn -0.590551 0.535433 0.606299
vn -0.653543 -0.393701 -0.653543
vn -0.653543 -0.393701 -0.653543
vn -0.173228 -0.425197 -0.889764
vn -0.173228 -0.425197 -0.889764
vn -0.653543 -0.393701 -0.653543
vn -0.173228 -0.425197 -0.889764
vn -0.173228 -0.425197 -0.889764
vn 0.173228 -0.425197 -0.889764
vn -0.173228 -0.425197 -0.889764
vn 0.173228 -0.425197 -0.889764
vn 0.173228 -0.425197 -0.889764
vn -0.173228 -0.425197 -0.889764
vn 0.173228 -0.425197 -0.889764
vn 0.173228 -0.425197 -0.889764
vn 0.653543 -0.393701 -0.653543
vn 0.173228 -0.425197 -0.889764
vn 0.653543 -0.393701 -0.653543
vn 0.653543 -0.393701 -0.653543
vn 0.653543 -0.393701 -0.653543
vn 0.653543 -0.393701 -0.653543
vn 0.952756 -0.244094 -0.188976
vn 0.653543 -0.393701 -0.653543
vn 0.952756 -0.244094 -0.188976
vn 0.952756 -0.244094 -0.188976
vn 0.952756 -0.244094 -0.188976
vn 0.952756 -0.244094 0.188976
vn 0.952756 -0.244094 -0.188976
vn 0.952756 -0.244094 0.188976
vn 0.952756 -0.244094 0.188976
vn 0.952756 -0.244094 -0.188976
vn 0.952756 -0.244094 0.188976
vn 0.952756 -0.244094 0.188976
vn 0.653543 -0.393701 0.653543
vn 0.653543 -0.393701 0.653543
vn 0.952756 -0.244094 0.188976
vn 0.653543 -0.393701 0.653543
vn 0.653543 -0.393701 0.653543
vn 0.653543 -0.393701 0.653543
vn 0.173228 -0.425197 0.889764
vn 0.173228 -0.425197 0.889764
vn 0.653543 -0.393701 0.653543
vn 0.173228 -0.425197 0.889764
vn 0.173228 -0.425197 0.889764
vn -0.173228 -0.425197 0.889764
vn 0.173228 -0.425197 0.889764
vn -0.173228 -0.425197 0.889764
vn -0.173228 -0.425197 0.889764
vn 0.173228 -0.425197 0.889764
vn -0.173228 -0.425197 0.889764
vn -0.173228 -0.425197 0.889764
vn 0.858268 0.133858 -0.496063
vn -0.173228 -0.425197 0.889764
vn 0.858268 0.133858 -0.496063
vn 0.858268 0.133858 -0.496063
vn -0.653543 -0.393701 -0.653543
vn -0.952756 -0.244094 -0.188976
vn -0.653543 -0.393701 -0.653543
vn -0.952756 -0.244094 -0.188976
vn -0.952756 -0.244094 -0.188976
vn -0.653543 -0.393701 -0.653543
vn -0.952756 -0.244094 -0.188976
vn -0.952756 -0.244094 -0.188976
vn -0.952756 -0.244094 0.188976
vn -0.952756 -0.244094 0.188976
vn -0.952756 -0.244094 -0.188976
vn -0.952756 -0.244094 0.188976
vn 0.858268 0.133858 -0.496063
vn -0.952756 -0.244094 0.188976
vn -0.952756 -0.244094 0.188976
vn 0.858268 0.133858 -0.496063
vn 0.858268 0.133858 -0.496063
vn -0.952756 -0.244094 0.188976
vn 0.000000 -0.244094 0.968504
vn 0.000000 -0.244094 0.968504
vn -0.062992 -0.251969 0.968504
vn -0.062992 -0.251969 0.968504
vn 0.000000 -0.244094 0.968504
vn -0.062992 -0.251969 0.968504
vn -0.062992 -0.251969 0.968504
vn -0.062992 -0.251969 0.968504
vn -0.244094 -0.283465 0.929134
vn -0.244094 -0.283465 0.929134
vn -0.062992 -0.251969 0.968504
vn -0.244094 -0.283465 0.929134
vn -0.244094 -0.283465 0.929134
vn -0.244094 -0.283465 0.929134
vn -0.472441 -0.307087 0.826772
vn -0.472441 -0.307087 0.826772
vn -0.244094 -0.283465 0.929134
vn -0.472441 -0.307087 0.826772
vn -0.472441 -0.307087 0.826772
vn -0.472441 -0.307087 0.826772
vn -0.669291 -0.322835 0.669291
vn -0.669291 -0.322835 0.669291
vn -0.472441 -0.307087 0.826772
vn -0.669291 -0.322835 0.669291
vn -0.669291 -0.322835 0.669291
vn -0.669291 -0.322835 0.669291
vn -0.818898 -0.322835 0.472441
vn -0.818898 -0.322835 0.472441
vn -0.669291 -0.322835 0.669291
vn -0.818898 -0.322835 0.472441
vn -0.921260 -0.314961 0.244094
vn -0.818898 -0.322835 0.472441
vn -0.818898 -0.322835 0.472441
vn -0.921260 -0.314961 0.244094
vn -0.921260 -0.314961 0.244094
vn -0.818898 -0.322835 0.472441
vn -0.952756 -0.291339 0.062992
vn -0.921260 -0.314961 0.244094
vn -0.921260 -0.314961 0.244094
vn -0.952756 -0.291339 0.062992
vn -0.952756 -0.291339 0.062992
vn -0.921260 -0.314961 0.244094
vn -0.952756 -0.291339 0.062992
vn -0.952756 -0.291339 0.062992
vn -0.952756 -0.291339 -0.062992
vn -0.952756 -0.291339 -0.062992
vn -0.952756 -0.291339 0.062992
vn -0.952756 -0.291339 -0.062992
vn -0.952756 -0.291339 -0.062992
vn -0.952756 -0.291339 -0.062992
vn -0.921260 -0.314961 -0.244094
vn -0.921260 -0.314961 -0.244094
vn -0.952756 -0.291339 -0.062992
vn -0.921260 -0.314961 -0.244094
vn -0.921260 -0.314961 -0.244094
vn -0.921260 -0.314961 -0.244094
vn -0.818898 -0.322835 -0.472441
vn -0.818898 -0.322835 -0.472441
vn -0.921260 -0.314961 -0.244094
vn -0.818898 -0.322835 -0.472441
vn -0.669291 -0.322835 -0.669291
vn -0.818898 -0.322835 -0.472441
vn -0.818898 -0.322835 -0.472441
vn -0.669291 -0.322835 -0.669291
vn -0.669291 -0.322835 -0.669291
vn -0.818898 -0.322835 -0.472441
vn -0.472441 -0.307087 -0.826772
vn -0.669291 -0.322835 -0.669291
vn -0.669291 -0.322835 -0.669291
vn -0.472441 -0.307087 -0.826772
vn -0.472441 -0.307087 -0.826772
vn -0.669291 -0.322835 -0.669291
vn -0.244094 -0.283465 -0.929134
vn -0.472441 -0.307087 -0.826772
vn -0.472441 -0.307087 -0.826772
vn -0.244094 -0.283465 -0.929134
vn -0.244094 -0.283465 -0.929134
vn -0.472441 -0.307087 -0.826772
vn -0.125984 -0.267717 -0.952756
vn -0.244094 -0.283465 -0.929134
vn -0.244094 -0.283465 -0.929134
vn -0.125984 -0.267717 -0.952756
vn -0.125984 -0.267717 -0.952756
vn -0.244094 -0.283465 -0.929134
vn -0.614173 -0.236220 0.755906
vn -0.614173 -0.236220 0.755906
vn -0.614173 -0.236220 0.755906
vn -0.614173 -0.236220 0.755906
vn -0.614173 -0.236220 0.755906
vn -0.614173 -0.236220 0.755906
vn 0.614173 -0.236220 -0.755906
vn 0.614173 -0.236220 -0.755906
vn 0.614173 -0.236220 -0.755906
vn 0.614173 -0.236220 -0.755906
vn 0.614173 -0.236220 -0.755906
vn 0.614173 -0.236220 -0.755906
vn -0.858268 -0.125984 -0.503937
vn -0.858268 -0.125984 -0.503937
vn -0.787402 -0.133858 -0.598425
vn -0.858268 -0.125984 -0.503937
vn -0.787402 -0.133858 -0.598425
vn -0.787402 -0.133858 -0.598425
vn -0.787402 -0.133858 -0.598425
vn -0.716535 -0.133858 -0.685039
vn -0.787402 -0.133858 -0.598425
vn -0.716535 -0.133858 -0.685039
vn -0.716535 -0.133858 -0.685039
vn -0.787402 -0.133858 -0.598425
vn 0.818898 -0.133858 0.559055
vn 0.818898 -0.133858 0.559055
vn 0.748031 -0.133858 0.645669
vn 0.818898 -0.133858 0.559055
vn 0.748031 -0.133858 0.645669
vn 0.748031 -0.133858 0.645669
vn 0.748031 -0.133858 0.645669
vn 0.669291 -0.125984 0.732283
vn 0.748031 -0.133858 0.645669
vn 0.669291 -0.125984 0.732283
vn 0.669291 -0.125984 0.732283
vn 0.748031 -0.133858 0.645669
vn 0.031496 -1.000000 -0.039370
vn 0.031496 -1.000000 -0.039370
vn 0.000000 -1.000000 0.007874
vn 0.000000 -1.000000 0.007874
vn 0.031496 -1.000000 -0.039370
vn 0.000000 -1.000000 0.007874
vn 0.000000 -1.000000 0.007874
vn -0.039370 -1.000000 0.047244
vn 0.000000 -1.000000 0.007874
vn -0.039370 -1.000000 0.047244
vn -0.039370 -1.000000 0.047244
vn 0.000000 -1.000000 0.007874
vn 0.456693 -0.236220 0.858268
vn 0.456693 -0.236220 0.858268
vn 0.456693 -0.236220 0.858268
vn 0.456693 -0.236220 0.858268
vn 0.456693 -0.236220 0.858268
vn 0.456693 -0.236220 0.858268
vn -0.456693 -0.236220 -0.858268
vn -0.456693 -0.236220 -0.858268
vn -0.456693 -0.236220 -0.858268
vn -0.456693 -0.236220 -0.858268
vn -0.456693 -0.236220 -0.858268
vn -0.456693 -0.236220 -0.858268
vn -0.795276 -0.125984 0.590551
vn -0.795276 -0.125984 0.590551
vn -0.858268 -0.133858 0.496063
vn -0.795276 -0.125984 0.590551
vn -0.858268 -0.133858 0.496063
vn -0.858268 -0.133858 0.496063
vn -0.858268 -0.133858 0.496063
vn -0.913386 -0.133858 0.393701
vn -0.858268 -0.133858 0.496063
vn -0.913386 -0.133858 0.393701
vn -0.913386 -0.133858 0.393701
vn -0.858268 -0.133858 0.496063
vn 0.834646 -0.133858 -0.535433
vn 0.834646 -0.133858 -0.535433
vn 0.889764 -0.133858 -0.433071
vn 0.834646 -0.133858 -0.535433
vn 0.889764 -0.133858 -0.433071
vn 0.889764 -0.133858 -0.433071
vn 0.889764 -0.133858 -0.433071
vn 0.937008 -0.125984 -0.330709
vn 0.889764 -0.133858 -0.433071
vn 0.937008 -0.125984 -0.330709
vn 0.937008 -0.125984 -0.330709
vn 0.889764 -0.133858 -0.433071
vn -0.023622 -1.000000 -0.047244
vn -0.023622 -1.000000 -0.047244
vn 0.000000 -1.000000 0.007874
vn 0.000000 -1.000000 0.007874
vn -0.023622 -1.000000 -0.047244
vn 0.000000 -1.000000 0.007874
vn 0.000000 -1.000000 0.007874
vn 0.031496 -1.000000 0.055118
vn 0.000000 -1.000000 0.007874
vn 0.031496 -1.000000 0.055118
vn 0.031496 -1.000000 0.055118
vn 0.000000 -1.000000 0.007874
vn -0.653543 -0.236220 0.724409
vn -0.653543 -0.236220 0.724409
vn -0.653543 -0.236220 0.724409
vn -0.653543 -0.236220 0.724409
vn -0.653543 -0.236220 0.724409
vn -0.653543 -0.236220 0.724409
vn 0.653543 -0.236220 -0.724409
vn 0.653543 -0.236220 -0.724409
vn 0.653543 -0.236220 -0.724409
vn 0.653543 -0.236220 -0.724409
vn 0.653543 -0.236220 -0.724409
vn 0.653543 -0.236220 -0.724409
vn -0.826772 -0.125984 -0.543307
vn -0.826772 -0.125984 -0.543307
vn -0.755906 -0.133858 -0.637795
vn -0.826772 -0.125984 -0.543307
vn -0.755906 -0.133858 -0.637795
vn -0.755906 -0.133858 -0.637795
vn -0.755906 -0.133858 -0.637795
vn -0.677165 -0.133858 -0.724409
vn -0.755906 -0.133858 -0.637795
vn -0.677165 -0.133858 -0.724409
vn -0.677165 -0.133858 -0.724409
vn -0.755906 -0.133858 -0.637795
vn 0.787402 -0.133858 0.598425
vn 0.787402 -0.133858 0.598425
vn 0.716535 -0.133858 0.685039
vn 0.787402 -0.133858 0.598425
vn 0.716535 -0.133858 0.685039
vn 0.716535 -0.133858 0.685039
vn 0.716535 -0.133858 0.685039
vn 0.629921 -0.125984 0.763780
vn 0.716535 -0.133858 0.685039
vn 0.629921 -0.125984 0.763780
vn 0.629921 -0.125984 0.763780
vn 0.716535 -0.133858 0.685039
vn 0.031496 -1.000000 -0.039370
vn 0.031496 -1.000000 -0.039370
vn 0.000000 -1.000000 0.000000
vn 0.000000 -1.000000 0.000000
vn 0.031496 -1.000000 -0.039370
vn 0.000000 -1.000000 0.000000
vn 0.000000 -1.000000 0.000000
vn -0.039370 -1.000000 0.047244
vn 0.000000 -1.000000 0.000000
vn -0.039370 -1.000000 0.047244
vn -0.039370 -1.000000 0.047244
vn 0.000000 -1.000000 0.000000
vn -0.488189 -0.236220 -0.842520
vn -0.488189 -0.236220 -0.842520
vn -0.488189 -0.236220 -0.842520
vn -0.488189 -0.236220 -0.842520
vn -0.488189 -0.236220 -0.842520
vn -0.488189 -0.236220 -0.842520
vn 0.488189 -0.236220 0.842520
vn 0.488189 -0.236220 0.842520
vn 0.488189 -0.236220 0.842520
vn 0.488189 -0.236220 0.842520
vn 0.488189 -0.236220 0.842520
vn 0.488189 -0.236220 0.842520
vn 0.779528 -0.125984 -0.614173
vn 0.779528 -0.125984 -0.614173
vn 0.842520 -0.133858 -0.519685
vn 0.779528 -0.125984 -0.614173
vn 0.842520 -0.133858 -0.519685
vn 0.842520 -0.133858 -0.519685
vn 0.842520 -0.133858 -0.519685
vn 0.897638 -0.133858 -0.425197
vn 0.842520 -0.133858 -0.519685
vn 0.897638 -0.133858 -0.425197
vn 0.897638 -0.133858 -0.425197
vn 0.842520 -0.133858 -0.519685
vn -0.811024 -0.133858 0.566929
vn -0.811024 -0.133858 0.566929
vn -0.874016 -0.133858 0.464567
vn -0.811024 -0.133858 0.566929
vn -0.874016 -0.133858 0.464567
vn -0.874016 -0.133858 0.464567
vn -0.874016 -0.133858 0.464567
vn -0.921260 -0.125984 0.362205
vn -0.874016 -0.133858 0.464567
vn -0.921260 -0.125984 0.362205
vn -0.921260 -0.125984 0.362205
vn -0.874016 -0.133858 0.464567
vn 0.023622 -1.000000 0.047244
vn 0.023622 -1.000000 0.047244
vn 0.000000 -1.000000 -0.007874
vn 0.000000 -1.000000 -0.007874
vn 0.023622 -1.000000 0.047244
vn 0.000000 -1.000000 -0.007874
vn 0.000000 -1.000000 -0.007874
vn -0.031496 -1.000000 -0.055118
vn 0.000000 -1.000000 -0.007874
vn -0.031496 -1.000000 -0.055118
vn -0.031496 -1.000000 -0.055118
vn 0.000000 -1.000000 -0.007874
vn 0.763780 -0.236220 0.598425
vn 0.763780 -0.236220 0.598425
vn 0.763780 -0.236220 0.598425
vn 0.763780 -0.236220 0.598425
vn 0.763780 -0.236220 0.598425
vn 0.763780 -0.236220 0.598425
vn -0.763780 -0.236220 -0.598425
vn -0.763780 -0.236220 -0.598425
vn -0.763780 -0.236220 -0.598425
vn -0.763780 -0.236220 -0.598425
vn -0.763780 -0.236220 -0.598425
vn -0.763780 -0.236220 -0.598425
vn -0.488189 -0.125984 0.866142
vn -0.488189 -0.125984 0.866142
vn -0.582677 -0.133858 0.803150
vn -0.488189 -0.125984 0.866142
vn -0.582677 -0.133858 0.803150
vn -0.582677 -0.133858 0.803150
vn -0.582677 -0.133858 0.803150
vn -0.669291 -0.133858 0.724409
vn -0.582677 -0.133858 0.803150
vn -0.669291 -0.133858 0.724409
vn -0.669291 -0.133858 0.724409
vn -0.582677 -0.133858 0.803150
vn 0.543307 -0.133858 -0.826772
vn 0.543307 -0.133858 -0.826772
vn 0.637795 -0.133858 -0.763780
vn 0.543307 -0.133858 -0.826772
vn 0.637795 -0.133858 -0.763780
vn 0.637795 -0.133858 -0.763780
vn 0.637795 -0.133858 -0.763780
vn 0.716535 -0.125984 -0.685039
vn 0.637795 -0.133858 -0.763780
vn 0.716535 -0.125984 -0.685039
vn 0.716535 -0.125984 -0.685039
vn 0.637795 -0.133858 -0.763780
vn -0.039370 -1.000000 -0.031496
vn -0.039370 -1.000000 -0.031496
vn 0.007874 -1.000000 0.000000
vn 0.007874 -1.000000 0.000000
vn -0.039370 -1.000000 -0.031496
vn 0.007874 -1.000000 0.000000
vn 0.007874 -1.000000 0.000000
vn 0.047244 -1.000000 0.039370
vn 0.007874 -1.000000 0.000000
vn 0.047244 -1.000000 0.039370
vn 0.047244 -1.000000 0.039370
vn 0.007874 -1.000000 0.000000
vn -0.629921 0.496063 0.598425
vn -0.637795 0.409449 -0.645669
vn -0.433071 0.803150 0.409449
vn -0.637795 0.409449 -0.645669
vn -0.448819 0.763780 -0.456693
vn -0.433071 0.803150 0.409449
vn -0.637795 0.409449 -0.645669
vn 0.637795 0.409449 -0.645669
vn -0.448819 0.763780 -0.456693
vn 0.637795 0.409449 -0.645669
vn 0.448819 0.763780 -0.456693
vn -0.448819 0.763780 -0.456693
vn -0.236220 -0.968504 0.000000
vn -0.740157 -0.669291 0.000000
vn -0.740157 -0.669291 0.000000
vn -0.236220 -0.968504 0.000000
vn -0.236220 -0.968504 0.000000
vn -0.740157 -0.669291 0.000000
vn 0.771654 -0.629921 0.000000
vn -0.236220 -0.968504 0.000000
vn -0.236220 -0.968504 0.000000
vn 0.771654 -0.629921 0.000000
vn 0.771654 -0.629921 0.000000
vn -0.236220 -0.968504 0.000000
vn 0.992126 -0.149606 0.000000
vn 0.771654 -0.629921 0.000000
vn 0.771654 -0.629921 0.000000
vn 0.992126 -0.149606 0.000000
vn 0.992126 -0.149606 0.000000
vn 0.771654 -0.629921 0.000000
vn 0.236220 -0.968504 0.000000
vn 0.740157 -0.669291 0.000000
vn 0.740157 -0.669291 0.000000
vn 0.236220 -0.968504 0.000000
vn 0.236220 -0.968504 0.000000
vn 0.740157 -0.669291 0.000000
vn -0.771654 -0.629921 0.000000
vn 0.236220 -0.968504 0.000000
vn 0.236220 -0.968504 0.000000
vn -0.771654 -0.629921 0.000000
vn -0.771654 -0.629921 0.000000
vn 0.236220 -0.968504 0.000000
vn -0.992126 -0.149606 0.000000
vn -0.771654 -0.629921 0.000000
vn -0.771654 -0.629921 0.000000
vn -0.992126 -0.149606 0.000000
vn -0.992126 -0.149606 0.000000
vn -0.771654 -0.629921 0.000000
vn -0.771654 -0.629921 -0.102362
vn -0.976378 -0.149606 -0.125984
vn -0.952756 -0.157480 -0.251969
vn -0.748031 -0.637795 -0.196850
vn -0.771654 -0.629921 -0.102362
vn -0.952756 -0.157480 -0.251969
vn 0.236220 -0.968504 0.031496
vn -0.771654 -0.629921 -0.102362
vn -0.748031 -0.637795 -0.196850
vn 0.228346 -0.968504 0.062992
vn 0.236220 -0.968504 0.031496
vn -0.748031 -0.637795 -0.196850
vn 0.740157 -0.669291 0.094488
vn 0.236220 -0.968504 0.031496
vn 0.228346 -0.968504 0.062992
vn -0.952756 -0.157480 -0.251969
vn -0.858268 -0.157480 -0.496063
vn -0.748031 -0.637795 -0.196850
vn 0.716535 -0.669291 0.188976
vn 0.740157 -0.669291 0.094488
vn 0.228346 -0.968504 0.062992
vn -0.748031 -0.637795 -0.196850
vn -0.669291 -0.637795 -0.385827
vn 0.228346 -0.968504 0.062992
vn -0.858268 -0.157480 -0.496063
vn -0.669291 -0.637795 -0.385827
vn -0.748031 -0.637795 -0.196850
vn 0.228346 -0.968504 0.062992
vn 0.204724 -0.968504 0.118110
vn 0.716535 -0.669291 0.188976
vn -0.669291 -0.637795 -0.385827
vn 0.204724 -0.968504 0.118110
vn 0.228346 -0.968504 0.062992
vn 0.204724 -0.968504 0.118110
vn 0.637795 -0.669291 0.370079
vn 0.716535 -0.669291 0.188976
vn 0.204724 -0.968504 0.118110
vn 0.165354 -0.968504 0.165354
vn 0.637795 -0.669291 0.370079
vn -0.669291 -0.637795 -0.385827
vn -0.543307 -0.637795 -0.543307
vn 0.204724 -0.968504 0.118110
vn -0.543307 -0.637795 -0.543307
vn 0.165354 -0.968504 0.165354
vn 0.204724 -0.968504 0.118110
vn 0.165354 -0.968504 0.165354
vn 0.519685 -0.669291 0.519685
vn 0.637795 -0.669291 0.370079
vn -0.858268 -0.157480 -0.496063
vn -0.700787 -0.157480 -0.700787
vn -0.669291 -0.637795 -0.385827
vn -0.700787 -0.157480 -0.700787
vn -0.543307 -0.637795 -0.543307
vn -0.669291 -0.637795 -0.385827
vn 0.165354 -0.968504 0.165354
vn 0.118110 -0.968504 0.204724
vn 0.519685 -0.669291 0.519685
vn -0.543307 -0.637795 -0.543307
vn -0.385827 -0.637795 -0.669291
vn 0.165354 -0.968504 0.165354
vn -0.385827 -0.637795 -0.669291
vn 0.118110 -0.968504 0.204724
vn 0.165354 -0.968504 0.165354
vn 0.118110 -0.968504 0.204724
vn 0.370079 -0.669291 0.637795
vn 0.519685 -0.669291 0.519685
vn -0.700787 -0.157480 -0.700787
vn -0.496063 -0.157480 -0.858268
vn -0.543307 -0.637795 -0.543307
vn -0.496063 -0.157480 -0.858268
vn -0.385827 -0.637795 -0.669291
vn -0.543307 -0.637795 -0.543307
vn 0.118110 -0.968504 0.204724
vn 0.062992 -0.968504 0.228346
vn 0.370079 -0.669291 0.637795
vn -0.385827 -0.637795 -0.669291
vn -0.196850 -0.637795 -0.748031
vn 0.118110 -0.968504 0.204724
vn -0.196850 -0.637795 -0.748031
vn 0.062992 -0.968504 0.228346
vn 0.118110 -0.968504 0.204724
vn 0.062992 -0.968504 0.228346
vn 0.188976 -0.669291 0.716535
vn 0.370079 -0.669291 0.637795
vn -0.496063 -0.157480 -0.858268
vn 0.858268 0.133858 -0.496063
vn -0.385827 -0.637795 -0.669291
vn 0.858268 0.133858 -0.496063
vn -0.196850 -0.637795 -0.748031
vn -0.385827 -0.637795 -0.669291
vn 0.062992 -0.968504 0.228346
vn -0.196850 -0.637795 -0.748031
vn 0.031496 -0.968504 0.236220
vn 0.188976 -0.669291 0.716535
vn 0.062992 -0.968504 0.228346
vn 0.094488 -0.669291 0.740157
vn 0.062992 -0.968504 0.228346
vn 0.031496 -0.968504 0.236220
vn 0.094488 -0.669291 0.740157
vn -0.196850 -0.637795 -0.748031
vn -0.102362 -0.629921 -0.771654
vn 0.031496 -0.968504 0.236220
vn -0.196850 -0.637795 -0.748031
vn 0.858268 0.133858 -0.496063
vn -0.102362 -0.629921 -0.771654
vn 0.858268 0.133858 -0.496063
vn 0.858268 0.133858 -0.496063
vn -0.102362 -0.629921 -0.771654
vn 0.448819 0.763780 -0.456693
vn 0.637795 0.409449 -0.645669
vn 0.433071 0.803150 0.409449
vn 0.637795 0.409449 -0.645669
vn 0.629921 0.496063 0.598425
vn 0.433071 0.803150 0.409449
vn 0.433071 0.803150 0.409449
vn -0.433071 0.803150 0.409449
vn 0.448819 0.763780 -0.456693
vn -0.433071 0.803150 0.409449
vn -0.448819 0.763780 -0.456693
vn 0.448819 0.763780 -0.456693
vn -0.433071 0.803150 0.409449
vn 0.433071 0.803150 0.409449
vn -0.629921 0.496063 0.598425
vn 0.433071 0.803150 0.409449
vn 0.629921 0.496063 0.598425
vn -0.629921 0.496063 0.598425
vn -0.433071 0.795276 0.425197
vn 0.433071 0.795276 0.425197
vn -0.622047 0.488189 0.614173
vn 0.433071 0.795276 0.425197
vn 0.622047 0.488189 0.614173
vn -0.622047 0.488189 0.614173
vn -0.433071 0.795276 0.425197
vn -0.440945 0.771654 -0.456693
vn 0.433071 0.795276 0.425197
vn -0.440945 0.771654 -0.456693
vn 0.440945 0.771654 -0.456693
vn 0.433071 0.795276 0.425197
vn -0.803150 -0.251969 -0.543307
vn -0.677165 -0.244094 -0.692913
vn -0.944882 -0.220472 -0.228346
vn -0.803150 -0.251969 -0.543307
vn -0.362205 -0.244094 -0.897638
vn -0.677165 -0.244094 -0.692913
vn -0.362205 -0.244094 -0.897638
vn -0.181102 -0.251969 -0.952756
vn -0.677165 -0.244094 -0.692913
vn -0.362205 -0.244094 -0.897638
vn 0.196850 -0.251969 -0.944882
vn -0.181102 -0.251969 -0.952756
vn 0.196850 -0.251969 -0.944882
vn 0.377953 -0.244094 -0.889764
vn -0.181102 -0.251969 -0.952756
vn 0.196850 -0.251969 -0.944882
vn 0.692913 -0.244094 -0.677165
vn 0.377953 -0.244094 -0.889764
vn 0.692913 -0.244094 -0.677165
vn 0.803150 -0.251969 -0.535433
vn 0.377953 -0.244094 -0.889764
vn 0.692913 -0.244094 -0.677165
vn 0.952756 -0.251969 -0.181102
vn 0.803150 -0.251969 -0.535433
vn 0.952756 -0.251969 -0.181102
vn 0.968504 -0.244094 0.007874
vn 0.803150 -0.251969 -0.535433
vn 0.952756 -0.251969 -0.181102
vn 0.889764 -0.244094 0.377953
vn 0.968504 -0.244094 0.007874
vn 0.889764 -0.244094 0.377953
vn 0.803150 -0.251969 0.543307
vn 0.968504 -0.244094 0.007874
vn 0.889764 -0.244094 0.377953
vn 0.535433 -0.251969 0.803150
vn 0.803150 -0.251969 0.543307
vn 0.535433 -0.251969 0.803150
vn 0.362205 -0.244094 0.897638
vn 0.803150 -0.251969 0.543307
vn 0.535433 -0.251969 0.803150
vn -0.007874 -0.244094 0.968504
vn 0.362205 -0.244094 0.897638
vn -0.007874 -0.244094 0.968504
vn -0.188976 -0.251969 0.944882
vn 0.362205 -0.244094 0.897638
vn -0.007874 -0.244094 0.968504
vn -0.496063 -0.283465 0.818898
vn -0.188976 -0.251969 0.944882
vn -0.496063 -0.283465 0.818898
vn -0.629921 -0.283465 0.716535
vn -0.188976 -0.251969 0.944882
vn -0.496063 -0.283465 0.818898
vn -0.897638 -0.251969 0.362205
vn -0.629921 -0.283465 0.716535
vn -0.897638 -0.251969 0.362205
vn -0.897638 -0.251969 0.362205
vn -0.629921 -0.283465 0.716535
vn -0.897638 -0.251969 0.362205
vn -0.976378 -0.204724 -0.062992
vn -0.897638 -0.251969 0.362205
vn -0.976378 -0.204724 -0.062992
vn -0.944882 -0.220472 -0.228346
vn -0.897638 -0.251969 0.362205
vn -0.976378 -0.204724 -0.062992
vn -0.803150 -0.251969 -0.543307
vn -0.944882 -0.220472 -0.228346
vn 0.952756 -0.157480 -0.251969
vn 0.976378 -0.149606 -0.125984
vn 0.771654 -0.629921 -0.102362
vn 0.748031 -0.637795 -0.196850
vn 0.952756 -0.157480 -0.251969
vn 0.771654 -0.629921 -0.102362
vn 0.952756 -0.157480 -0.251969
vn 0.748031 -0.637795 -0.196850
vn 0.669291 -0.637795 -0.385827
vn 0.858268 -0.157480 -0.496063
vn 0.952756 -0.157480 -0.251969
vn 0.669291 -0.637795 -0.385827
vn 0.858268 -0.157480 -0.496063
vn 0.669291 -0.637795 -0.385827
vn 0.543307 -0.637795 -0.543307
vn 0.748031 -0.637795 -0.196850
vn 0.771654 -0.629921 -0.102362
vn -0.236220 -0.968504 0.031496
vn 0.700787 -0.157480 -0.700787
vn 0.858268 -0.157480 -0.496063
vn 0.543307 -0.637795 -0.543307
vn 0.669291 -0.637795 -0.385827
vn 0.748031 -0.637795 -0.196850
vn -0.204724 -0.968504 0.118110
vn 0.700787 -0.157480 -0.700787
vn 0.543307 -0.637795 -0.543307
vn 0.385827 -0.637795 -0.669291
vn 0.543307 -0.637795 -0.543307
vn 0.669291 -0.637795 -0.385827
vn -0.165354 -0.968504 0.165354
vn 0.669291 -0.637795 -0.385827
vn -0.204724 -0.968504 0.118110
vn -0.165354 -0.968504 0.165354
vn 0.496063 -0.157480 -0.858268
vn 0.700787 -0.157480 -0.700787
vn 0.385827 -0.637795 -0.669291
vn -0.228346 -0.968504 0.062992
vn 0.748031 -0.637795 -0.196850
vn -0.236220 -0.968504 0.031496
vn 0.748031 -0.637795 -0.196850
vn -0.228346 -0.968504 0.062992
vn -0.204724 -0.968504 0.118110
vn 0.385827 -0.637795 -0.669291
vn 0.543307 -0.637795 -0.543307
vn -0.118110 -0.968504 0.204724
vn 0.543307 -0.637795 -0.543307
vn -0.165354 -0.968504 0.165354
vn -0.118110 -0.968504 0.204724
vn 0.385827 -0.637795 -0.669291
vn 0.196850 -0.629921 -0.748031
vn 0.496063 -0.157480 -0.858268
vn -0.118110 -0.968504 0.204724
vn -0.062992 -0.968504 0.228346
vn 0.385827 -0.637795 -0.669291
vn -0.062992 -0.968504 0.228346
vn 0.196850 -0.629921 -0.748031
vn 0.385827 -0.637795 -0.669291
vn -0.228346 -0.968504 0.062992
vn -0.236220 -0.968504 0.031496
vn -0.740157 -0.669291 0.094488
vn 0.196850 -0.629921 -0.748031
vn 0.259843 -0.149606 -0.952756
vn 0.496063 -0.157480 -0.858268
vn -0.204724 -0.968504 0.118110
vn -0.228346 -0.968504 0.062992
vn -0.637795 -0.669291 0.370079
vn -0.165354 -0.968504 0.165354
vn -0.204724 -0.968504 0.118110
vn -0.519685 -0.669291 0.519685
vn -0.204724 -0.968504 0.118110
vn -0.637795 -0.669291 0.370079
vn -0.519685 -0.669291 0.519685
vn -0.716535 -0.669291 0.188976
vn -0.228346 -0.968504 0.062992
vn -0.740157 -0.669291 0.094488
vn -0.228346 -0.968504 0.062992
vn -0.716535 -0.669291 0.188976
vn -0.637795 -0.669291 0.370079
vn -0.118110 -0.968504 0.204724
vn -0.165354 -0.968504 0.165354
vn -0.370079 -0.669291 0.637795
vn -0.165354 -0.968504 0.165354
vn -0.519685 -0.669291 0.519685
vn -0.370079 -0.669291 0.637795
vn -0.196850 -0.669291 0.716535
vn -0.062992 -0.968504 0.228346
vn -0.118110 -0.968504 0.204724
vn -0.370079 -0.669291 0.637795
vn -0.196850 -0.669291 0.716535
vn -0.118110 -0.968504 0.204724
vn -0.062992 -0.968504 0.228346
vn -0.015748 -0.968504 0.236220
vn 0.196850 -0.629921 -0.748031
vn 0.196850 -0.629921 -0.748031
vn 0.055118 -0.629921 -0.771654
vn 0.259843 -0.149606 -0.952756
vn -0.015748 -0.968504 0.236220
vn 0.055118 -0.629921 -0.771654
vn 0.196850 -0.629921 -0.748031
vn -0.196850 -0.669291 0.716535
vn -0.055118 -0.669291 0.740157
vn -0.062992 -0.968504 0.228346
vn -0.055118 -0.669291 0.740157
vn -0.015748 -0.968504 0.236220
vn -0.062992 -0.968504 0.228346
vn 0.055118 -0.629921 -0.771654
vn 0.062992 -0.149606 -0.984252
vn 0.259843 -0.149606 -0.952756
vn -0.015748 -0.968504 0.236220
vn -0.055118 -0.669291 0.740157
vn 0.000000 -0.669291 0.740157
vn 0.062992 -0.149606 -0.984252
vn 0.055118 -0.629921 -0.771654
vn 0.000000 -0.629921 -0.771654
vn 0.055118 -0.629921 -0.771654
vn -0.015748 -0.968504 0.236220
vn 0.000000 -0.968504 0.236220
vn 0.000000 -0.629921 -0.771654
vn 0.055118 -0.629921 -0.771654
vn 0.000000 -0.968504 0.236220
vn 0.000000 -0.968504 0.236220
vn -0.015748 -0.968504 0.236220
vn 0.000000 -0.669291 0.740157
vn 0.000000 -0.149606 -0.992126
vn 0.062992 -0.149606 -0.984252
vn 0.000000 -0.629921 -0.771654
vn 0.000000 -0.244094 -0.968504
vn 0.000000 -0.244094 -0.968504
vn 0.062992 -0.251969 -0.968504
vn 0.062992 -0.251969 -0.968504
vn 0.000000 -0.244094 -0.968504
vn 0.062992 -0.251969 -0.968504
vn 0.062992 -0.251969 -0.968504
vn 0.062992 -0.251969 -0.968504
vn 0.244094 -0.283465 -0.929134
vn 0.244094 -0.283465 -0.929134
vn 0.062992 -0.251969 -0.968504
vn 0.244094 -0.283465 -0.929134
vn 0.244094 -0.283465 -0.929134
vn 0.244094 -0.283465 -0.929134
vn 0.472441 -0.307087 -0.826772
vn 0.472441 -0.307087 -0.826772
vn 0.244094 -0.283465 -0.929134
vn 0.472441 -0.307087 -0.826772
vn 0.472441 -0.307087 -0.826772
vn 0.472441 -0.307087 -0.826772
vn 0.669291 -0.322835 -0.669291
vn 0.669291 -0.322835 -0.669291
vn 0.472441 -0.307087 -0.826772
vn 0.669291 -0.322835 -0.669291
vn 0.669291 -0.322835 -0.669291
vn 0.669291 -0.322835 -0.669291
vn 0.818898 -0.322835 -0.472441
vn 0.818898 -0.322835 -0.472441
vn 0.669291 -0.322835 -0.669291
vn 0.818898 -0.322835 -0.472441
vn 0.921260 -0.314961 -0.244094
vn 0.818898 -0.322835 -0.472441
vn 0.818898 -0.322835 -0.472441
vn 0.921260 -0.314961 -0.244094
vn 0.921260 -0.314961 -0.244094
vn 0.818898 -0.322835 -0.472441
vn 0.952756 -0.291339 -0.062992
vn 0.921260 -0.314961 -0.244094
vn 0.921260 -0.314961 -0.244094
vn 0.952756 -0.291339 -0.062992
vn 0.952756 -0.291339 -0.062992
vn 0.921260 -0.314961 -0.244094
vn 0.952756 -0.291339 -0.062992
vn 0.952756 -0.291339 -0.062992
vn 0.952756 -0.291339 0.062992
vn 0.952756 -0.291339 0.062992
vn 0.952756 -0.291339 -0.062992
vn 0.952756 -0.291339 0.062992
vn 0.952756 -0.291339 0.062992
vn 0.952756 -0.291339 0.062992
vn 0.921260 -0.314961 0.244094
vn 0.921260 -0.314961 0.244094
vn 0.952756 -0.291339 0.062992
vn 0.921260 -0.314961 0.244094
vn 0.921260 -0.314961 0.244094
vn 0.921260 -0.314961 0.244094
vn 0.818898 -0.322835 0.472441
vn 0.818898 -0.322835 0.472441
vn 0.921260 -0.314961 0.244094
vn 0.818898 -0.322835 0.472441
vn 0.669291 -0.322835 0.669291
vn 0.818898 -0.322835 0.472441
vn 0.818898 -0.322835 0.472441
vn 0.669291 -0.322835 0.669291
vn 0.669291 -0.322835 0.669291
vn 0.818898 -0.322835 0.472441
vn 0.472441 -0.307087 0.826772
vn 0.669291 -0.322835 0.669291
vn 0.669291 -0.322835 0.669291
vn 0.472441 -0.307087 0.826772
vn 0.472441 -0.307087 0.826772
vn 0.669291 -0.322835 0.669291
vn 0.244094 -0.283465 0.929134
vn 0.472441 -0.307087 0.826772
vn 0.472441 -0.307087 0.826772
vn 0.244094 -0.283465 0.929134
vn 0.244094 -0.283465 0.929134
vn 0.472441 -0.307087 0.826772
vn 0.125984 -0.267717 0.952756
vn 0.244094 -0.283465 0.929134
vn 0.244094 -0.283465 0.929134
vn 0.125984 -0.267717 0.952756
vn 0.125984 -0.267717 0.952756
vn 0.244094 -0.283465 0.929134
vn 0.000000 -1.000000 0.000000
vn 0.000000 -1.000000 0.000000
vn 0.000000 -1.000000 0.000000
vn 0.000000 -1.000000 0.000000
vn 0.000000 -1.000000 0.000000
vn 0.000000 -1.000000 0.000000
vn 0.000000 -1.000000 0.000000
vn 0.000000 -1.000000 0.000000
vn 0.000000 -1.000000 0.000000
vn 0.000000 -1.000000 0.000000
vn 0.000000 -1.000000 0.000000
vn 0.000000 -1.000000 0.000000
vn 0.000000 -1.000000 0.000000
vn 0.000000 -1.000000 0.000000
vn 0.000000 -1.000000 0.000000
vn 0.000000 -1.000000 0.000000
vn 0.000000 -1.000000 0.000000
vn 0.000000 -1.000000 0.000000
vn 0.000000 -1.000000 0.000000
vn 0.000000 -1.000000 0.000000
vn 0.000000 -1.000000 0.000000
vn 0.000000 -1.000000 0.000000
vn 0.000000 -1.000000 0.000000
vn 0.000000 -1.000000 0.000000
vn 0.000000 -1.000000 0.000000
vn 0.000000 -1.000000 0.000000
vn 0.000000 -1.000000 0.000000
vn 0.000000 -1.000000 0.000000
vn 0.000000 -1.000000 0.000000
vn 0.000000 -1.000000 0.000000
vn 0.000000 -0.236220 0.968504
vn 0.000000 -0.236220 0.968504
vn 0.000000 -0.236220 0.968504
vn 0.000000 -0.236220 0.968504
vn 0.000000 -0.236220 0.968504
vn 0.000000 -0.236220 0.968504
vn 0.000000 -0.236220 -0.968504
vn 0.000000 -0.236220 -0.968504
vn 0.000000 -0.236220 -0.968504
vn 0.000000 -0.236220 -0.968504
vn 0.000000 -0.236220 -0.968504
vn 0.000000 -0.236220 -0.968504
vn -0.984252 -0.125984 0.149606
vn -0.984252 -0.125984 0.149606
vn -0.992126 -0.133858 0.031496
vn -0.984252 -0.125984 0.149606
vn -0.992126 -0.133858 0.031496
vn -0.992126 -0.133858 0.031496
vn -0.992126 -0.133858 0.031496
vn -0.984252 -0.133858 -0.086614
vn -0.992126 -0.133858 0.031496
vn -0.984252 -0.133858 -0.086614
vn -0.984252 -0.133858 -0.086614
vn -0.992126 -0.133858 0.031496
vn 0.984252 -0.133858 -0.086614
vn 0.984252 -0.133858 -0.086614
vn 0.992126 -0.133858 0.031496
vn 0.984252 -0.133858 -0.086614
vn 0.992126 -0.133858 0.031496
vn 0.992126 -0.133858 0.031496
vn 0.992126 -0.133858 0.031496
vn 0.984252 -0.125984 0.149606
vn 0.992126 -0.133858 0.031496
vn 0.984252 -0.125984 0.149606
vn 0.984252 -0.125984 0.149606
vn 0.992126 -0.133858 0.031496
vn 0.000000 -1.000000 -0.047244
vn 0.000000 -1.000000 -0.047244
vn 0.000000 -1.000000 0.007874
vn 0.000000 -1.000000 0.007874
vn 0.000000 -1.000000 -0.047244
vn 0.000000 -1.000000 0.007874
vn 0.000000 -1.000000 0.007874
vn 0.000000 -1.000000 0.062992
vn 0.000000 -1.000000 0.007874
vn 0.000000 -1.000000 0.062992
vn 0.000000 -1.000000 0.062992
vn 0.000000 -1.000000 0.007874
vn 0.000000 -1.000000 0.000000
vn 0.000000 -1.000000 0.000000
vn 0.000000 -1.000000 0.000000
vn 0.000000 -1.000000 0.000000
vn 0.000000 -1.000000 0.000000
vn 0.000000 -1.000000 0.000000
vn 0.000000 -1.000000 0.000000
vn 0.000000 -1.000000 0.000000
vn 0.000000 -1.000000 0.000000
vn 0.000000 -1.000000 0.000000
vn 0.000000 -1.000000 0.000000
vn 0.000000 -1.000000 0.000000
vn 0.000000 -1.000000 0.000000
vn 0.000000 -1.000000 0.000000
vn 0.000000 -1.000000 0.000000
vn 0.000000 -1.000000 0.000000
vn 0.000000 -1.000000 0.000000
vn 0.000000 -1.000000 0.000000
vn 0.000000 -1.000000 0.000000
vn 0.000000 -1.000000 0.000000
vn 0.000000 -1.000000 0.000000
vn 0.000000 -1.000000 0.000000
vn 0.000000 -1.000000 0.000000
vn 0.000000 -1.000000 0.000000
vn 0.000000 -1.000000 0.000000
vn 0.000000 -1.000000 0.000000
vn 0.000000 -1.000000 0.000000
vn 0.000000 -1.000000 0.000000
vn 0.000000 -1.000000 0.000000
vn 0.000000 -1.000000 0.000000
vn -0.653543 -0.393701 -0.653543
vn -0.653543 -0.393701 -0.653543
vn -0.173228 -0.425197 -0.889764
vn -0.173228 -0.425197 -0.889764
vn -0.653543 -0.393701 -0.653543
vn -0.173228 -0.425197 -0.889764
vn -0.173228 -0.425197 -0.889764
vn 0.173228 -0.425197 -0.889764
vn -0.173228 -0.425197 -0.889764
vn 0.173228 -0.425197 -0.889764
vn 0.173228 -0.425197 -0.889764
vn -0.173228 -0.425197 -0.889764
vn 0.173228 -0.425197 -0.889764
vn 0.173228 -0.425197 -0.889764
vn 0.653543 -0.393701 -0.653543
vn 0.173228 -0.425197 -0.889764
vn 0.653543 -0.393701 -0.653543
vn 0.653543 -0.393701 -0.653543
vn 0.653543 -0.393701 -0.653543
vn 0.653543 -0.393701 -0.653543
vn 0.952756 -0.244094 -0.188976
vn 0.653543 -0.393701 -0.653543
vn 0.952756 -0.244094 -0.188976
vn 0.952756 -0.244094 -0.188976
vn 0.952756 -0.244094 -0.188976
vn 0.952756 -0.244094 0.188976
vn 0.952756 -0.244094 -0.188976
vn 0.952756 -0.244094 0.188976
vn 0.952756 -0.244094 0.188976
vn 0.952756 -0.244094 -0.188976
vn 0.952756 -0.244094 0.188976
vn 0.952756 -0.244094 0.188976
vn 0.653543 -0.393701 0.653543
vn 0.653543 -0.393701 0.653543
vn 0.952756 -0.244094 0.188976
vn 0.653543 -0.393701 0.653543
vn 0.653543 -0.393701 0.653543
vn 0.653543 -0.393701 0.653543
vn 0.173228 -0.425197 0.889764
vn 0.173228 -0.425197 0.889764
vn 0.653543 -0.393701 0.653543
vn 0.173228 -0.425197 0.889764
vn 0.173228 -0.425197 0.889764
vn -0.173228 -0.425197 0.889764
vn 0.173228 -0.425197 0.889764
vn -0.173228 -0.425197 0.889764
vn -0.173228 -0.425197 0.889764
vn 0.173228 -0.425197 0.889764
vn -0.173228 -0.425197 0.889764
vn -0.173228 -0.425197 0.889764
vn -0.653543 -0.393701 0.653543
vn -0.173228 -0.425197 0.889764
vn -0.653543 -0.393701 0.653543
vn -0.653543 -0.393701 0.653543
vn -0.653543 -0.393701 -0.653543
vn -0.952756 -0.244094 -0.188976
vn -0.653543 -0.393701 -0.653543
vn -0.952756 -0.244094 -0.188976
vn -0.952756 -0.244094 -0.188976
vn -0.653543 -0.393701 -0.653543
vn -0.952756 -0.244094 -0.188976
vn -0.952756 -0.244094 -0.188976
vn -0.952756 -0.244094 0.188976
vn -0.952756 -0.244094 0.188976
vn -0.952756 -0.244094 -0.188976
vn -0.952756 -0.244094 0.188976
vn -0.653543 -0.393701 0.653543
vn -0.952756 -0.244094 0.188976
vn -0.952756 -0.244094 0.188976
vn -0.653543 -0.393701 0.653543
vn -0.653543 -0.393701 0.653543
vn -0.952756 -0.244094 0.188976
vn 1.000000 0.007874 0.000000
vn 1.000000 0.007874 0.000000
vn 1.000000 0.007874 0.000000
vn 1.000000 0.007874 0.000000
vn 1.000000 0.007874 0.000000
vn 1.000000 0.007874 0.000000
vn -0.574803 0.480315 -0.661417
vn -0.204724 -0.385827 -0.897638
vn 0.149606 0.708661 -0.692913
vn -0.204724 -0.385827 -0.897638
vn 0.000000 -0.370079 -0.929134
vn 0.149606 0.708661 -0.692913
vn 0.000000 -0.370079 0.929134
vn -0.212598 -0.385827 0.897638
vn 0.149606 0.787402 0.598425
vn -0.212598 -0.385827 0.897638
vn -0.590551 0.535433 0.606299
vn 0.149606 0.787402 0.598425
vn -0.362205 -0.322835 -0.874016
vn -0.362205 -0.322835 -0.874016
vn -0.362205 -0.322835 -0.874016
vn -0.362205 -0.322835 -0.874016
vn -0.362205 -0.322835 -0.874016
vn -0.362205 -0.322835 -0.874016
vn 0.362205 -0.322835 -0.874016
vn 0.362205 -0.322835 -0.874016
vn 0.362205 -0.322835 -0.874016
vn 0.362205 -0.322835 -0.874016
vn 0.362205 -0.322835 -0.874016
vn 0.362205 -0.322835 -0.874016
vn 0.874016 -0.322835 -0.362205
vn 0.874016 -0.322835 -0.362205
vn 0.874016 -0.322835 -0.362205
vn 0.874016 -0.322835 -0.362205
vn 0.874016 -0.322835 -0.362205
vn 0.874016 -0.322835 -0.362205
vn 0.874016 -0.322835 0.362205
vn 0.874016 -0.322835 0.362205
vn 0.874016 -0.322835 0.362205
vn 0.874016 -0.322835 0.362205
vn 0.874016 -0.322835 0.362205
vn 0.874016 -0.322835 0.362205
vn 0.362205 -0.322835 0.874016
vn 0.362205 -0.322835 0.874016
vn 0.362205 -0.322835 0.874016
vn 0.362205 -0.322835 0.874016
vn 0.362205 -0.322835 0.874016
vn 0.362205 -0.322835 0.874016
vn -0.362205 -0.322835 0.874016
vn -0.362205 -0.322835 0.874016
vn -0.362205 -0.322835 0.874016
vn -0.362205 -0.322835 0.874016
vn -0.362205 -0.322835 0.874016
vn -0.362205 -0.322835 0.874016
vn -0.874016 -0.322835 0.362205
vn -0.874016 -0.322835 0.362205
vn -0.874016 -0.322835 0.362205
vn -0.874016 -0.322835 0.362205
vn -0.874016 -0.322835 0.362205
vn -0.874016 -0.322835 0.362205
vn -0.874016 -0.322835 -0.362205
vn -0.874016 -0.322835 -0.362205
vn -0.874016 -0.322835 -0.362205
vn -0.874016 -0.322835 -0.362205
vn -0.874016 -0.322835 -0.362205
vn -0.874016 -0.322835 -0.362205
vn -0.362205 -0.322835 -0.874016
vn -0.362205 -0.322835 -0.874016
vn -0.362205 -0.322835 -0.874016
vn -0.362205 -0.322835 -0.874016
vn -0.362205 -0.322835 -0.874016
vn -0.362205 -0.322835 -0.874016
vn 0.362205 -0.322835 -0.874016
vn 0.362205 -0.322835 -0.874016
vn 0.362205 -0.322835 -0.874016
vn 0.362205 -0.322835 -0.874016
vn 0.362205 -0.322835 -0.874016
vn 0.362205 -0.322835 -0.874016
vn 0.874016 -0.322835 -0.362205
vn 0.874016 -0.322835 -0.362205
vn 0.874016 -0.322835 -0.362205
vn 0.874016 -0.322835 -0.362205
vn 0.874016 -0.322835 -0.362205
vn 0.874016 -0.322835 -0.362205
vn 0.874016 -0.322835 0.362205
vn 0.874016 -0.322835 0.362205
vn 0.874016 -0.322835 0.362205
vn 0.874016 -0.322835 0.362205
vn 0.874016 -0.322835 0.362205
vn 0.874016 -0.322835 0.362205
vn 0.362205 -0.322835 0.874016
vn 0.362205 -0.322835 0.874016
vn 0.362205 -0.322835 0.874016
vn 0.362205 -0.322835 0.874016
vn 0.362205 -0.322835 0.874016
vn 0.362205 -0.322835 0.874016
vn -0.362205 -0.322835 0.874016
vn -0.362205 -0.322835 0.874016
vn -0.362205 -0.322835 0.874016
vn -0.362205 -0.322835 0.874016
vn -0.362205 -0.322835 0.874016
vn -0.362205 -0.322835 0.874016
vn -0.874016 -0.322835 0.362205
vn -0.874016 -0.322835 0.362205
vn -0.874016 -0.322835 0.362205
vn -0.874016 -0.322835 0.362205
vn -0.874016 -0.322835 0.362205
vn -0.874016 -0.322835 0.362205
vn -0.874016 -0.322835 -0.362205
vn -0.874016 -0.322835 -0.362205
vn -0.874016 -0.322835 -0.362205
vn -0.874016 -0.322835 -0.362205
vn -0.874016 -0.322835 -0.362205
vn -0.874016 -0.322835 -0.362205
vn -0.362205 -0.322835 -0.874016
vn -0.362205 -0.322835 -0.874016
vn -0.362205 -0.322835 -0.874016
vn -0.362205 -0.322835 -0.874016
vn -0.362205 -0.322835 -0.874016
vn -0.362205 -0.322835 -0.874016
vn 0.362205 -0.322835 -0.874016
vn 0.362205 -0.322835 -0.874016
vn 0.362205 -0.322835 -0.874016
vn 0.362205 -0.322835 -0.874016
vn 0.362205 -0.322835 -0.874016
vn 0.362205 -0.322835 -0.874016
vn 0.874016 -0.322835 -0.362205
vn 0.874016 -0.322835 -0.362205
vn 0.874016 -0.322835 -0.362205
vn 0.874016 -0.322835 -0.362205
vn 0.874016 -0.322835 -0.362205
vn 0.874016 -0.322835 -0.362205
vn 0.874016 -0.322835 0.362205
vn 0.874016 -0.322835 0.362205
vn 0.874016 -0.322835 0.362205
vn 0.874016 -0.322835 0.362205
vn 0.874016 -0.322835 0.362205
vn 0.874016 -0.322835 0.362205
vn 0.362205 -0.322835 0.874016
vn 0.362205 -0.322835 0.874016
vn 0.362205 -0.322835 0.874016
vn 0.362205 -0.322835 0.874016
vn 0.362205 -0.322835 0.874016
vn 0.362205 -0.322835 0.874016
vn -0.362205 -0.322835 0.874016
vn -0.362205 -0.322835 0.874016
vn -0.362205 -0.322835 0.874016
vn -0.362205 -0.322835 0.874016
vn -0.362205 -0.322835 0.874016
vn -0.362205 -0.322835 0.874016
vn -0.874016 -0.322835 0.362205
vn -0.874016 -0.322835 0.362205
vn -0.874016 -0.322835 0.362205
vn -0.874016 -0.322835 0.362205
vn -0.874016 -0.322835 0.362205
vn -0.874016 -0.322835 0.362205
vn -0.874016 -0.322835 -0.362205
vn -0.874016 -0.322835 -0.362205
vn -0.874016 -0.322835 -0.362205
vn -0.874016 -0.322835 -0.362205
vn -0.874016 -0.322835 -0.362205
vn -0.874016 -0.322835 -0.362205
vn -0.362205 -0.322835 -0.874016
vn -0.362205 -0.322835 -0.874016
vn -0.362205 -0.322835 -0.874016
vn -0.362205 -0.322835 -0.874016
vn -0.362205 -0.322835 -0.874016
vn -0.362205 -0.322835 -0.874016
vn 0.362205 -0.322835 -0.874016
vn 0.362205 -0.322835 -0.874016
vn 0.362205 -0.322835 -0.874016
vn 0.362205 -0.322835 -0.874016
vn 0.362205 -0.322835 -0.874016
vn 0.362205 -0.322835 -0.874016
vn 0.874016 -0.322835 -0.362205
vn 0.874016 -0.322835 -0.362205
vn 0.874016 -0.322835 -0.362205
vn 0.874016 -0.322835 -0.362205
vn 0.874016 -0.322835 -0.362205
vn 0.874016 -0.322835 -0.362205
vn 0.874016 -0.322835 0.362205
vn 0.874016 -0.322835 0.362205
vn 0.874016 -0.322835 0.362205
vn 0.874016 -0.322835 0.362205
vn 0.874016 -0.322835 0.362205
vn 0.874016 -0.322835 0.362205
vn 0.362205 -0.322835 0.874016
vn 0.362205 -0.322835 0.874016
vn 0.362205 -0.322835 0.874016
vn 0.362205 -0.322835 0.874016
vn 0.362205 -0.322835 0.874016
vn 0.362205 -0.322835 0.874016
vn -0.362205 -0.322835 0.874016
vn -0.362205 -0.322835 0.874016
vn -0.362205 -0.322835 0.874016
vn -0.362205 -0.322835 0.874016
vn -0.362205 -0.322835 0.874016
vn -0.362205 -0.322835 0.874016
vn -0.874016 -0.322835 0.362205
vn -0.874016 -0.322835 0.362205
vn -0.874016 -0.322835 0.362205
vn -0.874016 -0.322835 0.362205
vn -0.874016 -0.322835 0.362205
vn -0.874016 -0.322835 0.362205
vn -0.874016 -0.322835 -0.362205
vn -0.874016 -0.322835 -0.362205
vn -0.874016 -0.322835 -0.362205
vn -0.874016 -0.322835 -0.362205
vn -0.874016 -0.322835 -0.362205
vn -0.874016 -0.322835 -0.362205
vn -0.362205 -0.322835 -0.874016
vn -0.362205 -0.322835 -0.874016
vn -0.362205 -0.322835 -0.874016
vn -0.362205 -0.322835 -0.874016
vn -0.362205 -0.322835 -0.874016
vn -0.362205 -0.322835 -0.874016
vn 0.362205 -0.322835 -0.874016
vn 0.362205 -0.322835 -0.874016
vn 0.362205 -0.322835 -0.874016
vn 0.362205 -0.322835 -0.874016
vn 0.362205 -0.322835 -0.874016
vn 0.362205 -0.322835 -0.874016
vn 0.874016 -0.322835 -0.362205
vn 0.874016 -0.322835 -0.362205
vn 0.874016 -0.322835 -0.362205
vn 0.874016 -0.322835 -0.362205
vn 0.874016 -0.322835 -0.362205
vn 0.874016 -0.322835 -0.362205
vn 0.874016 -0.322835 0.362205
vn 0.874016 -0.322835 0.362205
vn 0.874016 -0.322835 0.362205
vn 0.874016 -0.322835 0.362205
vn 0.874016 -0.322835 0.362205
vn 0.874016 -0.322835 0.362205
vn 0.362205 -0.322835 0.874016
vn 0.362205 -0.322835 0.874016
vn 0.362205 -0.322835 0.874016
vn 0.362205 -0.322835 0.874016
vn 0.362205 -0.322835 0.874016
vn 0.362205 -0.322835 0.874016
vn -0.362205 -0.322835 0.874016
vn -0.362205 -0.322835 0.874016
vn -0.362205 -0.322835 0.874016
vn -0.362205 -0.322835 0.874016
vn -0.362205 -0.322835 0.874016
vn -0.362205 -0.322835 0.874016
vn -0.874016 -0.322835 0.362205
vn -0.874016 -0.322835 0.362205
vn -0.874016 -0.322835 0.362205
vn -0.874016 -0.322835 0.362205
vn -0.874016 -0.322835 0.362205
vn -0.874016 -0.322835 0.362205
vn -0.874016 -0.322835 -0.362205
vn -0.874016 -0.322835 -0.362205
vn -0.874016 -0.322835 -0.362205
vn -0.874016 -0.322835 -0.362205
vn -0.874016 -0.322835 -0.362205
vn -0.874016 -0.322835 -0.362205
vn -0.362205 -0.322835 -0.874016
vn -0.362205 -0.322835 -0.874016
vn -0.362205 -0.322835 -0.874016
vn -0.362205 -0.322835 -0.874016
vn -0.362205 -0.322835 -0.874016
vn -0.362205 -0.322835 -0.874016
vn 0.362205 -0.322835 -0.874016
vn 0.362205 -0.322835 -0.874016
vn 0.362205 -0.322835 -0.874016
vn 0.362205 -0.322835 -0.874016
vn 0.362205 -0.322835 -0.874016
vn 0.362205 -0.322835 -0.874016
vn 0.874016 -0.322835 -0.362205
vn 0.874016 -0.322835 -0.362205
vn 0.874016 -0.322835 -0.362205
vn 0.874016 -0.322835 -0.362205
vn 0.874016 -0.322835 -0.362205
vn 0.874016 -0.322835 -0.362205
vn 0.874016 -0.322835 0.362205
vn 0.874016 -0.322835 0.362205
vn 0.874016 -0.322835 0.362205
vn 0.874016 -0.322835 0.362205
vn 0.874016 -0.322835 0.362205
vn 0.874016 -0.322835 0.362205
vn 0.362205 -0.322835 0.874016
vn 0.362205 -0.322835 0.874016
vn 0.362205 -0.322835 0.874016
vn 0.362205 -0.322835 0.874016
vn 0.362205 -0.322835 0.874016
vn 0.362205 -0.322835 0.874016
vn -0.362205 -0.322835 0.874016
vn -0.362205 -0.322835 0.874016
vn -0.362205 -0.322835 0.874016
vn -0.362205 -0.322835 0.874016
vn -0.362205 -0.322835 0.874016
vn -0.362205 -0.322835 0.874016
vn -0.874016 -0.322835 0.362205
vn -0.874016 -0.322835 0.362205
vn -0.874016 -0.322835 0.362205
vn -0.874016 -0.322835 0.362205
vn -0.874016 -0.322835 0.362205
vn -0.874016 -0.322835 0.362205
vn -0.874016 -0.322835 -0.362205
vn -0.874016 -0.322835 -0.362205
vn -0.874016 -0.322835 -0.362205
vn -0.874016 -0.322835 -0.362205
vn -0.874016 -0.322835 -0.362205
vn -0.874016 -0.322835 -0.362205
vn 0.000000 -1.000000 0.000000
vn -0.078740 -0.984252 -0.149606
vn -0.149606 -0.984252 -0.047244
vn 0.000000 -1.000000 0.000000
vn 0.031496 -0.984252 -0.157480
vn -0.078740 -0.984252 -0.149606
vn 0.031496 -0.984252 -0.157480
vn 0.000000 -1.000000 0.000000
vn 0.094488 -0.984252 -0.141732
vn 0.000000 -1.000000 0.000000
vn 0.133858 -0.984252 -0.086614
vn 0.094488 -0.984252 -0.141732
vn 0.000000 -1.000000 0.000000
vn 0.157480 -0.984252 0.031496
vn 0.133858 -0.984252 -0.086614
vn 0.000000 -1.000000 0.000000
vn -0.149606 -0.984252 -0.047244
vn -0.165354 -0.984252 0.031496
vn 0.157480 -0.984252 0.031496
vn 0.000000 -1.000000 0.000000
vn 0.141732 -0.984252 0.094488
vn 0.000000 -1.000000 0.000000
vn 0.070866 -0.984252 0.141732
vn 0.141732 -0.984252 0.094488
vn -0.133858 -0.984252 0.086614
vn 0.000000 -1.000000 0.000000
vn -0.165354 -0.984252 0.031496
vn 0.000000 -1.000000 0.000000
vn -0.047244 -0.984252 0.165354
vn 0.070866 -0.984252 0.141732
vn 0.000000 -1.000000 0.000000
vn -0.133858 -0.984252 0.086614
vn -0.047244 -0.984252 0.165354
vn 0.283465 -0.763780 -0.574803
vn 0.086614 -0.771654 -0.637795
vn -0.023622 -0.818898 -0.566929
vn 0.283465 -0.763780 -0.574803
vn 0.370079 -0.748031 -0.551181
vn 0.086614 -0.771654 -0.637795
vn 0.283465 -0.763780 -0.574803
vn 0.519685 -0.818898 -0.244094
vn 0.370079 -0.748031 -0.551181
vn 0.519685 -0.818898 -0.244094
vn 0.622047 -0.771654 -0.165354
vn 0.370079 -0.748031 -0.551181
vn 0.645669 -0.763780 0.039370
vn 0.622047 -0.771654 -0.165354
vn 0.519685 -0.818898 -0.244094
vn 0.645669 -0.763780 0.039370
vn 0.653543 -0.748031 0.125984
vn 0.622047 -0.771654 -0.165354
vn 0.645669 -0.763780 0.039370
vn 0.417323 -0.818898 0.385827
vn 0.653543 -0.748031 0.125984
vn 0.417323 -0.818898 0.385827
vn 0.385827 -0.771654 0.511811
vn 0.653543 -0.748031 0.125984
vn -0.023622 -0.818898 -0.566929
vn 0.086614 -0.771654 -0.637795
vn -0.370079 -0.748031 -0.551181
vn 0.204724 -0.763780 0.606299
vn 0.385827 -0.771654 0.511811
vn 0.417323 -0.818898 0.385827
vn 0.204724 -0.763780 0.606299
vn 0.133858 -0.748031 0.653543
vn 0.385827 -0.771654 0.511811
vn 0.204724 -0.763780 0.606299
vn -0.196850 -0.818898 0.535433
vn 0.133858 -0.748031 0.653543
vn -0.196850 -0.818898 0.535433
vn -0.314961 -0.787402 0.527559
vn 0.133858 -0.748031 0.653543
vn -0.448819 -0.740157 0.503937
vn -0.314961 -0.787402 0.527559
vn -0.196850 -0.818898 0.535433
vn -0.590551 -0.748031 0.307087
vn -0.314961 -0.787402 0.527559
vn -0.448819 -0.740157 0.503937
vn -0.425197 -0.763780 -0.480315
vn -0.023622 -0.818898 -0.566929
vn -0.370079 -0.748031 -0.551181
vn -0.582677 -0.787402 0.196850
vn -0.590551 -0.748031 0.307087
vn -0.448819 -0.740157 0.503937
vn -0.582677 -0.787402 0.196850
vn -0.574803 -0.818898 0.039370
vn -0.590551 -0.748031 0.307087
vn -0.574803 -0.818898 0.039370
vn -0.582677 -0.787402 0.196850
vn -0.535433 -0.818898 -0.196850
vn -0.551181 -0.771654 -0.322835
vn -0.574803 -0.818898 0.039370
vn -0.535433 -0.818898 -0.196850
vn -0.425197 -0.763780 -0.480315
vn -0.551181 -0.771654 -0.322835
vn -0.535433 -0.818898 -0.196850
vn -0.425197 -0.763780 -0.480315
vn -0.370079 -0.748031 -0.551181
vn -0.551181 -0.771654 -0.322835
vn -0.803150 -0.574803 -0.173228
vn -0.803150 -0.590551 -0.062992
vn -0.566929 -0.653543 -0.511811
vn -0.803150 -0.566929 0.204724
vn -0.803150 -0.590551 -0.062992
vn -0.803150 -0.574803 -0.173228
vn -0.803150 -0.566929 0.204724
vn -0.732283 -0.614173 0.299213
vn -0.803150 -0.590551 -0.062992
vn -0.496063 -0.590551 -0.629921
vn -0.803150 -0.574803 -0.173228
vn -0.566929 -0.653543 -0.511811
vn -0.511811 -0.653543 0.566929
vn -0.732283 -0.614173 0.299213
vn -0.803150 -0.566929 0.204724
vn -0.511811 -0.653543 0.566929
vn -0.511811 -0.653543 0.566929
vn -0.803150 -0.566929 0.204724
vn -0.511811 -0.653543 0.566929
vn -0.173228 -0.574803 0.803150
vn -0.511811 -0.653543 0.566929
vn -0.173228 -0.574803 0.803150
vn -0.062992 -0.590551 0.803150
vn -0.511811 -0.653543 0.566929
vn -0.496063 -0.590551 -0.629921
vn -0.566929 -0.653543 -0.511811
vn -0.251969 -0.590551 -0.763780
vn -0.496063 -0.590551 -0.629921
vn -0.251969 -0.590551 -0.763780
vn -0.149606 -0.574803 -0.803150
vn -0.149606 -0.574803 -0.803150
vn -0.251969 -0.590551 -0.763780
vn 0.251969 -0.653543 -0.716535
vn 0.393701 -0.590551 -0.700787
vn -0.149606 -0.574803 -0.803150
vn 0.251969 -0.653543 -0.716535
vn 0.220472 -0.590551 0.771654
vn -0.062992 -0.590551 0.803150
vn -0.173228 -0.574803 0.803150
vn 0.393701 -0.590551 -0.700787
vn 0.251969 -0.653543 -0.716535
vn 0.614173 -0.590551 -0.527559
vn 0.393701 -0.590551 -0.700787
vn 0.614173 -0.590551 -0.527559
vn 0.685039 -0.574803 -0.440945
vn 0.685039 -0.574803 -0.440945
vn 0.614173 -0.590551 -0.527559
vn 0.755906 -0.653543 -0.039370
vn 0.803150 -0.590551 0.094488
vn 0.685039 -0.574803 -0.440945
vn 0.755906 -0.653543 -0.039370
vn 0.220472 -0.590551 0.771654
vn 0.322835 -0.653543 0.685039
vn -0.062992 -0.590551 0.803150
vn 0.803150 -0.590551 0.094488
vn 0.755906 -0.653543 -0.039370
vn 0.716535 -0.590551 0.362205
vn 0.803150 -0.590551 0.094488
vn 0.716535 -0.590551 0.362205
vn 0.677165 -0.574803 0.464567
vn 0.677165 -0.574803 0.464567
vn 0.716535 -0.590551 0.362205
vn 0.322835 -0.653543 0.685039
vn 0.220472 -0.590551 0.771654
vn 0.677165 -0.574803 0.464567
vn 0.322835 -0.653543 0.685039
vn 0.503937 -0.716535 -0.488189
vn 0.503937 -0.716535 -0.488189
vn 0.771654 -0.606299 -0.204724
vn 0.196850 -0.708661 -0.677165
vn 0.503937 -0.716535 -0.488189
vn 0.503937 -0.716535 -0.488189
vn 0.196850 -0.708661 -0.677165
vn 0.196850 -0.708661 -0.677165
vn 0.503937 -0.716535 -0.488189
vn 0.196850 -0.708661 -0.677165
vn 0.196850 -0.708661 -0.677165
vn -0.196850 -0.708661 -0.677165
vn 0.196850 -0.708661 -0.677165
vn -0.196850 -0.708661 -0.677165
vn -0.196850 -0.708661 -0.677165
vn -0.196850 -0.708661 -0.677165
vn -0.503937 -0.716535 -0.488189
vn -0.196850 -0.708661 -0.677165
vn -0.503937 -0.716535 -0.488189
vn -0.503937 -0.716535 -0.488189
vn -0.196850 -0.708661 -0.677165
vn -0.503937 -0.716535 -0.488189
vn -0.771654 -0.606299 -0.204724
vn -0.503937 -0.716535 -0.488189
vn 0.503937 -0.716535 -0.488189
vn 0.771654 -0.606299 -0.204724
vn 0.771654 -0.606299 -0.204724
vn -0.771654 -0.606299 -0.204724
vn -0.771654 -0.606299 -0.204724
vn -0.503937 -0.716535 -0.488189
vn -0.771654 -0.606299 -0.204724
vn -0.771654 -0.606299 -0.204724
vn -0.771654 -0.606299 0.204724
vn -0.771654 -0.606299 -0.204724
vn -0.771654 -0.606299 0.204724
vn -0.771654 -0.606299 0.204724
vn -0.503937 -0.716535 0.488189
vn -0.771654 -0.606299 0.204724
vn -0.771654 -0.606299 0.204724
vn -0.503937 -0.716535 0.488189
vn -0.503937 -0.716535 0.488189
vn -0.771654 -0.606299 0.204724
vn -0.196850 -0.708661 0.677165
vn -0.503937 -0.716535 0.488189
vn -0.503937 -0.716535 0.488189
vn -0.196850 -0.708661 0.677165
vn -0.196850 -0.708661 0.677165
vn -0.503937 -0.716535 0.488189
vn 0.771654 -0.606299 0.204724
vn 0.771654 -0.606299 -0.204724
vn 0.771654 -0.606299 -0.204724
vn -0.196850 -0.708661 0.677165
vn -0.196850 -0.708661 0.677165
vn 0.196850 -0.708661 0.677165
vn -0.196850 -0.708661 0.677165
vn 0.196850 -0.708661 0.677165
vn 0.196850 -0.708661 0.677165
vn 0.196850 -0.708661 0.677165
vn 0.503937 -0.716535 0.488189
vn 0.196850 -0.708661 0.677165
vn 0.503937 -0.716535 0.488189
vn 0.503937 -0.716535 0.488189
vn 0.196850 -0.708661 0.677165
vn 0.503937 -0.716535 0.488189
vn 0.771654 -0.606299 0.204724
vn 0.503937 -0.716535 0.488189
vn 0.771654 -0.606299 0.204724
vn 0.771654 -0.606299 0.204724
vn 0.503937 -0.716535 0.488189
vn 0.771654 -0.606299 0.204724
vn 0.771654 -0.606299 0.204724
vn 0.771654 -0.606299 -0.204724
vn 0.000000 -1.000000 0.000000
vn 0.000000 -1.000000 0.000000
vn 0.000000 -1.000000 0.000000
vn 0.000000 -1.000000 0.000000
vn 0.000000 -1.000000 0.000000
vn 0.000000 -1.000000 0.000000
vn 0.000000 -1.000000 0.000000
vn 0.000000 -1.000000 0.000000
vn 0.000000 -1.000000 0.000000
vn 0.000000 -1.000000 0.000000
vn 0.000000 -1.000000 0.000000
vn 0.000000 -1.000000 0.000000
vn 0.000000 -1.000000 0.000000
vn 0.000000 -1.000000 0.000000
vn 0.000000 -1.000000 0.000000
vn 0.000000 -1.000000 0.000000
vn 0.000000 -1.000000 0.000000
vn 0.000000 -1.000000 0.000000
vn 0.000000 -1.000000 0.000000
vn 0.000000 -1.000000 0.000000
vn 0.000000 -1.000000 0.000000
vn 0.000000 -1.000000 0.000000
vn 0.000000 -1.000000 0.000000
vn 0.000000 -1.000000 0.000000
vn 0.000000 -1.000000 0.000000
vn 0.000000 -1.000000 0.000000
vn 0.000000 -1.000000 0.000000
vn 0.000000 -1.000000 0.000000
vn 0.000000 -1.000000 0.000000
vn 0.000000 -1.000000 0.000000
vn 0.000000 -1.000000 0.000000
vn 0.000000 -1.000000 0.000000
vn 0.000000 -1.000000 0.000000
vn 0.000000 -1.000000 0.000000
vn 0.000000 -1.000000 0.000000
vn 0.000000 -1.000000 0.000000
vn 0.000000 -1.000000 0.000000
vn 0.000000 -1.000000 0.000000
vn 0.000000 -1.000000 0.000000
vn 0.000000 -1.000000 0.000000
vn 0.000000 -1.000000 0.000000
vn 0.000000 -1.000000 0.000000
vn 0.000000 -1.000000 0.000000
vn 0.000000 -1.000000 0.000000
vn 0.000000 -1.000000 0.000000
vn 0.000000 -1.000000 0.000000
vn 0.000000 -1.000000 0.000000
vn 0.000000 -1.000000 0.000000
vn 0.000000 -1.000000 0.000000
vn 0.000000 -1.000000 0.000000
vn 0.000000 -1.000000 0.000000
vn 0.000000 -1.000000 0.000000
vn 0.000000 -1.000000 0.000000
vn 0.000000 -1.000000 0.000000
vn 0.000000 -1.000000 0.000000
vn 0.000000 -1.000000 0.000000
vn 0.000000 -1.000000 0.000000
vn 0.000000 -1.000000 0.000000
vn 0.000000 -1.000000 0.000000
vn 0.000000 -1.000000 0.000000
vn 0.000000 -1.000000 0.000000
vn 0.000000 -1.000000 0.000000
vn 0.000000 -1.000000 0.000000
vn 0.000000 -1.000000 0.000000
vn 0.000000 -1.000000 0.000000
vn 0.000000 -1.000000 0.000000
vn 0.000000 -1.000000 0.000000
vn 0.000000 -1.000000 0.000000
vn 0.000000 -1.000000 0.000000
vn 0.000000 -1.000000 0.000000
vn 0.000000 -1.000000 0.000000
vn 0.000000 -1.000000 0.000000
vn 0.503937 -0.716535 -0.488189
vn 0.503937 -0.716535 -0.488189
vn 0.771654 -0.606299 -0.204724
vn 0.196850 -0.708661 -0.677165
vn 0.503937 -0.716535 -0.488189
vn 0.503937 -0.716535 -0.488189
vn 0.196850 -0.708661 -0.677165
vn 0.196850 -0.708661 -0.677165
vn 0.503937 -0.716535 -0.488189
vn 0.196850 -0.708661 -0.677165
vn 0.196850 -0.708661 -0.677165
vn -0.196850 -0.708661 -0.677165
vn 0.196850 -0.708661 -0.677165
vn -0.196850 -0.708661 -0.677165
vn -0.196850 -0.708661 -0.677165
vn -0.196850 -0.708661 -0.677165
vn -0.503937 -0.716535 -0.488189
vn -0.196850 -0.708661 -0.677165
vn -0.503937 -0.716535 -0.488189
vn -0.503937 -0.716535 -0.488189
vn -0.196850 -0.708661 -0.677165
vn -0.503937 -0.716535 -0.488189
vn -0.771654 -0.606299 -0.204724
vn -0.503937 -0.716535 -0.488189
vn 0.503937 -0.716535 -0.488189
vn 0.771654 -0.606299 -0.204724
vn 0.771654 -0.606299 -0.204724
vn -0.771654 -0.606299 -0.204724
vn -0.771654 -0.606299 -0.204724
vn -0.503937 -0.716535 -0.488189
vn -0.771654 -0.606299 -0.204724
vn -0.771654 -0.606299 -0.204724
vn -0.771654 -0.606299 0.204724
vn -0.771654 -0.606299 -0.204724
vn -0.771654 -0.606299 0.204724
vn -0.771654 -0.606299 0.204724
vn -0.503937 -0.716535 0.488189
vn -0.771654 -0.606299 0.204724
vn -0.771654 -0.606299 0.204724
vn -0.503937 -0.716535 0.488189
vn -0.503937 -0.716535 0.488189
vn -0.771654 -0.606299 0.204724
vn -0.196850 -0.708661 0.677165
vn -0.503937 -0.716535 0.488189
vn -0.503937 -0.716535 0.488189
vn -0.196850 -0.708661 0.677165
vn -0.196850 -0.708661 0.677165
vn -0.503937 -0.716535 0.488189
vn 0.771654 -0.606299 0.204724
vn 0.771654 -0.606299 -0.204724
vn 0.771654 -0.606299 -0.204724
vn -0.196850 -0.708661 0.677165
vn -0.196850 -0.708661 0.677165
vn 0.196850 -0.708661 0.677165
vn -0.196850 -0.708661 0.677165
vn 0.196850 -0.708661 0.677165
vn 0.196850 -0.708661 0.677165
vn 0.196850 -0.708661 0.677165
vn 0.503937 -0.716535 0.488189
vn 0.196850 -0.708661 0.677165
vn 0.503937 -0.716535 0.488189
vn 0.503937 -0.716535 0.488189
vn 0.196850 -0.708661 0.677165
vn 0.503937 -0.716535 0.488189
vn 0.771654 -0.606299 0.204724
vn 0.503937 -0.716535 0.488189
vn 0.771654 -0.606299 0.204724
vn 0.771654 -0.606299 0.204724
vn 0.503937 -0.716535 0.488189
vn 0.771654 -0.606299 0.204724
vn 0.771654 -0.606299 0.204724
vn 0.771654 -0.606299 -0.204724
vn 0.000000 -1.000000 0.000000
vn 0.000000 -1.000000 0.000000
vn 0.000000 -1.000000 0.000000
vn 0.000000 -1.000000 0.000000
vn 0.000000 -1.000000 0.000000
vn 0.000000 -1.000000 0.000000
vn 0.000000 -1.000000 0.000000
vn 0.000000 -1.000000 0.000000
vn 0.000000 -1.000000 0.000000
vn 0.000000 -1.000000 0.000000
vn 0.000000 -1.000000 0.000000
vn 0.000000 -1.000000 0.000000
vn 0.000000 -1.000000 0.000000
vn 0.000000 -1.000000 0.000000
vn 0.000000 -1.000000 0.000000
vn 0.000000 -1.000000 0.000000
vn 0.000000 -1.000000 0.000000
vn 0.000000 -1.000000 0.000000
vn 0.000000 -1.000000 0.000000
vn 0.000000 -1.000000 0.000000
vn 0.000000 -1.000000 0.000000
vn 0.000000 -1.000000 0.000000
vn 0.000000 -1.000000 0.000000
vn 0.000000 -1.000000 0.000000
vn 0.000000 -1.000000 0.000000
vn 0.000000 -1.000000 0.000000
vn 0.000000 -1.000000 0.000000
vn 0.000000 -1.000000 0.000000
vn 0.000000 -1.000000 0.000000
vn 0.000000 -1.000000 0.000000
vn 0.000000 -1.000000 0.000000
vn 0.000000 -1.000000 0.000000
vn 0.000000 -1.000000 0.000000
vn 0.000000 -1.000000 0.000000
vn 0.000000 -1.000000 0.000000
vn 0.000000 -1.000000 0.000000
vn 0.000000 -1.000000 0.000000
vn 0.000000 -1.000000 0.000000
vn 0.000000 -1.000000 0.000000
vn 0.000000 -1.000000 0.000000
vn 0.000000 -1.000000 0.000000
vn 0.000000 -1.000000 0.000000
vn 0.000000 -1.000000 0.000000
vn 0.000000 -1.000000 0.000000
vn 0.000000 -1.000000 0.000000
vn 0.000000 -1.000000 0.000000
vn 0.000000 -1.000000 0.000000
vn 0.000000 -1.000000 0.000000
vn 0.000000 -1.000000 0.000000
vn 0.000000 -1.000000 0.000000
vn 0.000000 -1.000000 0.000000
vn 0.000000 -1.000000 0.000000
vn 0.000000 -1.000000 0.000000
vn 0.000000 -1.000000 0.000000
vn 0.000000 -1.000000 0.000000
vn 0.000000 -1.000000 0.000000
vn 0.000000 -1.000000 0.000000
vn 0.000000 -1.000000 0.000000
vn 0.000000 -1.000000 0.000000
vn 0.000000 -1.000000 0.000000
vn 0.000000 -1.000000 0.000000
vn 0.000000 -1.000000 0.000000
vn 0.000000 -1.000000 0.000000
vn 0.000000 -1.000000 0.000000
vn 0.000000 -1.000000 0.000000
vn 0.000000 -1.000000 0.000000
vn 0.000000 -1.000000 0.000000
vn 0.000000 -1.000000 0.000000
vn 0.000000 -1.000000 0.000000
vn 0.000000 -1.000000 0.000000
vn 0.000000 -1.000000 0.000000
vn 0.000000 -1.000000 0.000000
vn 0.149606 0.708661 -0.692913
vn 0.196850 0.913386 -0.354331
vn -0.574803 0.480315 -0.661417
vn 0.188976 0.960630 0.204724
vn 0.196850 0.913386 -0.354331
vn 0.149606 0.708661 -0.692913
vn 0.149606 0.787402 0.598425
vn 0.188976 0.960630 0.204724
vn 0.149606 0.708661 -0.692913
vn 0.196850 0.913386 -0.354331
vn -0.196850 0.913386 -0.354331
vn -0.574803 0.480315 -0.661417
vn -0.188976 0.960630 0.204724
vn 0.188976 0.960630 0.204724
vn 0.149606 0.787402 0.598425
vn -0.574803 0.480315 -0.661417
vn -0.196850 0.913386 -0.354331
vn -0.188976 0.960630 0.204724
vn -0.590551 0.535433 0.606299
vn -0.574803 0.480315 -0.661417
vn -0.188976 0.960630 0.204724
vn -0.590551 0.535433 0.606299
vn -0.188976 0.960630 0.204724
vn 0.149606 0.787402 0.598425
vn 0.000000 -1.000000 0.000000
vn 0.000000 -1.000000 0.000000
vn 0.000000 -1.000000 0.000000
vn 0.000000 -1.000000 0.000000
vn 0.000000 -1.000000 0.000000
vn 0.000000 -1.000000 0.000000
vn 0.000000 -1.000000 0.000000
vn 0.000000 -1.000000 0.000000
vn 0.000000 -1.000000 0.000000
vn 0.000000 -1.000000 0.000000
vn 0.000000 -1.000000 0.000000
vn 0.000000 -1.000000 0.000000
vn 0.000000 -1.000000 0.000000
vn 0.000000 -1.000000 0.000000
vn 0.000000 -1.000000 0.000000
vn 0.000000 -1.000000 0.000000
vn 0.000000 -1.000000 0.000000
vn 0.000000 -1.000000 0.000000
vn 0.000000 -1.000000 0.000000
vn 0.000000 -1.000000 0.000000
vn 0.000000 -1.000000 0.000000
vn 0.000000 -1.000000 0.000000
vn 0.000000 -1.000000 0.000000
vn 0.000000 -1.000000 0.000000
vn 0.000000 -1.000000 0.000000
vn 0.000000 -1.000000 0.000000
vn 0.000000 -1.000000 0.000000
vn 0.000000 -1.000000 0.000000
vn 0.000000 -1.000000 0.000000
vn 0.000000 -1.000000 0.000000
vn 0.000000 -1.000000 0.000000
vn 0.000000 -1.000000 0.000000
vn 0.000000 -1.000000 0.000000
vn 0.000000 -1.000000 0.000000
vn 0.000000 -1.000000 0.000000
vn 0.000000 -1.000000 0.000000
vn 0.000000 -1.000000 0.000000
vn 0.000000 -1.000000 0.000000
vn 0.000000 -1.000000 0.000000
vn 0.000000 -1.000000 0.000000
vn 0.000000 -1.000000 0.000000
vn 0.000000 -1.000000 0.000000
vn 0.000000 -1.000000 0.000000
vn 0.000000 -1.000000 0.000000
vn 0.000000 -1.000000 0.000000
vn 0.000000 -1.000000 0.000000
vn 0.000000 -1.000000 0.000000
vn 0.000000 -1.000000 0.000000
vn 0.000000 -1.000000 0.000000
vn 0.000000 -1.000000 0.000000
vn 0.000000 -1.000000 0.000000
vn 0.000000 -1.000000 0.000000
vn 0.000000 -1.000000 0.000000
vn 0.000000 -1.000000 0.000000
vn 0.000000 -1.000000 0.000000
vn 0.000000 -1.000000 0.000000
vn 0.000000 -1.000000 0.000000
vn 0.000000 -1.000000 0.000000
vn 0.000000 -1.000000 0.000000
vn 0.000000 -1.000000 0.000000
vn 0.000000 -1.000000 0.000000
vn 0.000000 -1.000000 0.000000
vn 0.000000 -1.000000 0.000000
vn 0.000000 -1.000000 0.000000
vn 0.000000 -1.000000 0.000000
vn 0.000000 -1.000000 0.000000
vn 0.000000 -1.000000 0.000000
vn 0.000000 -1.000000 0.000000
vn 0.000000 -1.000000 0.000000
vn 0.000000 -1.000000 0.000000
vn 0.000000 -1.000000 0.000000
vn 0.000000 -1.000000 0.000000
vn 0.000000 -1.000000 0.000000
vn 0.000000 -1.000000 0.000000
vn 0.000000 -1.000000 0.000000
vn 0.000000 -1.000000 0.000000
vn 0.000000 -1.000000 0.000000
vn 0.000000 -1.000000 0.000000
vn 0.000000 -1.000000 0.000000
vn 0.000000 -1.000000 0.000000
vn 0.000000 -1.000000 0.000000
vn 0.000000 -1.000000 0.000000
vn 0.000000 -1.000000 0.000000
vn 0.000000 -1.000000 0.000000
vn 0.000000 -1.000000 0.000000
vn 0.000000 -1.000000 0.000000
vn 0.000000 -1.000000 0.000000
vn 0.000000 -1.000000 0.000000
vn 0.000000 -1.000000 0.000000
vn 0.000000 -1.000000 0.000000
vn 0.000000 -1.000000 0.000000
vn 0.000000 -1.000000 0.000000
vn 0.000000 -1.000000 0.000000
vn 0.000000 -1.000000 0.000000
vn 0.000000 -1.000000 0.000000
vn 0.000000 -1.000000 0.000000
vn 0.000000 -1.000000 0.000000
vn 0.000000 -1.000000 0.000000
vn 0.000000 -1.000000 0.000000
vn 0.000000 -1.000000 0.000000
vn 0.000000 -1.000000 0.000000
vn 0.000000 -1.000000 0.000000
vn 0.000000 -1.000000 0.000000
vn 0.000000 -1.000000 0.000000
vn 0.000000 -1.000000 0.000000
vn 0.000000 -1.000000 0.000000
vn 0.000000 -1.000000 0.000000
vn 0.000000 -1.000000 0.000000
vn 0.000000 -1.000000 0.000000
vn 0.000000 -1.000000 0.000000
vn 0.000000 -1.000000 0.000000
vn 0.000000 -1.000000 0.000000
vn 0.000000 -1.000000 0.000000
vn 0.000000 -1.000000 0.000000
vn 0.000000 -1.000000 0.000000
vn 0.000000 -1.000000 0.000000
vn 0.000000 -1.000000 0.000000
vn 0.000000 -1.000000 0.000000
vn 0.000000 -1.000000 0.000000
vn 0.000000 -1.000000 0.000000
vn 0.000000 -1.000000 0.000000
vn 0.000000 -1.000000 0.000000
vn 0.000000 -1.000000 0.000000
vn 0.000000 -1.000000 0.000000
vn 0.000000 -1.000000 0.000000
vn 0.000000 -1.000000 0.000000
vn 0.000000 -1.000000 0.000000
vn 0.000000 -1.000000 0.000000
vn 0.000000 -1.000000 0.000000
vn 0.000000 -1.000000 0.000000
vn 0.000000 -1.000000 0.000000
vn 0.000000 -1.000000 0.000000
vn 0.000000 -1.000000 0.000000
vn 0.000000 -1.000000 0.000000
vn 0.000000 -1.000000 0.000000
vn 0.000000 -1.000000 0.000000
vn 0.000000 -1.000000 0.000000
vn 0.000000 -1.000000 0.000000
vn 0.000000 -1.000000 0.000000
vn 0.000000 -1.000000 0.000000
vn 0.000000 -1.000000 0.000000
vn 0.000000 -1.000000 0.000000
vn 0.000000 -1.000000 0.000000
vn 0.000000 -1.000000 0.000000
vn 0.000000 -1.000000 0.000000
vn 0.000000 -1.000000 0.000000
vn 0.000000 -1.000000 0.000000
vn 0.000000 -1.000000 0.000000
vn 0.000000 -1.000000 0.000000
vn -0.141732 -0.992126 -0.047244
vn -0.094488 -0.992126 -0.094488
vn 0.000000 -1.000000 0.000000
vn -0.141732 -0.992126 -0.047244
vn -0.094488 -0.992126 -0.094488
vn -0.141732 -0.992126 -0.047244
vn -0.220472 -0.976378 -0.062992
vn -0.094488 -0.992126 -0.094488
vn -0.220472 -0.976378 -0.062992
vn -0.062992 -0.968504 -0.236220
vn -0.047244 -0.984252 -0.165354
vn -0.094488 -0.992126 -0.094488
vn -0.062992 -0.968504 -0.236220
vn -0.141732 -0.992126 -0.047244
vn -0.299213 -0.952756 -0.047244
vn -0.220472 -0.976378 -0.062992
vn -0.047244 -0.984252 -0.165354
vn 0.000000 -1.000000 0.000000
vn -0.094488 -0.992126 -0.094488
vn -0.094488 -0.992126 -0.094488
vn 0.000000 -1.000000 0.000000
vn 0.000000 -1.000000 0.000000
vn -0.220472 -0.976378 -0.062992
vn -0.070866 -0.992126 -0.062992
vn -0.062992 -0.968504 -0.236220
vn -0.299213 -0.952756 -0.047244
vn -0.299213 -0.952756 0.047244
vn -0.220472 -0.976378 -0.062992
vn -0.299213 -0.952756 0.047244
vn -0.220472 -0.976378 0.062992
vn -0.220472 -0.976378 -0.062992
vn -0.220472 -0.976378 -0.062992
vn -0.220472 -0.976378 0.062992
vn -0.070866 -0.992126 -0.062992
vn -0.047244 -0.937008 -0.338583
vn -0.047244 -0.984252 -0.165354
vn -0.062992 -0.968504 -0.236220
vn -0.062992 -0.968504 -0.236220
vn -0.070866 -0.992126 -0.062992
vn 0.070866 -0.968504 -0.220472
vn -0.062992 -0.968504 -0.236220
vn 0.070866 -0.968504 -0.220472
vn 0.062992 -0.944882 -0.322835
vn -0.047244 -0.937008 -0.338583
vn -0.062992 -0.968504 -0.236220
vn 0.062992 -0.944882 -0.322835
vn -0.220472 -0.976378 0.062992
vn -0.299213 -0.952756 0.047244
vn -0.141732 -0.992126 0.047244
vn -0.220472 -0.976378 0.062992
vn -0.070866 -0.992126 0.062992
vn -0.070866 -0.992126 -0.062992
vn -0.094488 -0.992126 0.094488
vn -0.220472 -0.976378 0.062992
vn -0.141732 -0.992126 0.047244
vn -0.070866 -0.992126 -0.062992
vn 0.070866 -0.992126 -0.062992
vn 0.070866 -0.968504 -0.220472
vn -0.070866 -0.992126 -0.062992
vn -0.070866 -0.992126 0.062992
vn 0.070866 -0.992126 -0.062992
vn -0.220472 -0.976378 0.062992
vn -0.094488 -0.992126 0.094488
vn -0.062992 -0.968504 0.236220
vn -0.070866 -0.992126 0.062992
vn -0.220472 -0.976378 0.062992
vn -0.062992 -0.968504 0.236220
vn 0.078740 -0.960630 -0.259843
vn 0.062992 -0.944882 -0.322835
vn 0.070866 -0.968504 -0.220472
vn 0.157480 -0.976378 -0.165354
vn 0.070866 -0.968504 -0.220472
vn 0.070866 -0.992126 -0.062992
vn 0.157480 -0.976378 -0.165354
vn 0.078740 -0.960630 -0.259843
vn 0.070866 -0.968504 -0.220472
vn 0.000000 -1.000000 0.000000
vn -0.094488 -0.992126 0.094488
vn -0.141732 -0.992126 0.047244
vn 0.000000 -1.000000 0.000000
vn 0.000000 -1.000000 0.000000
vn -0.141732 -0.992126 0.047244
vn 0.078740 -0.960630 -0.259843
vn 0.157480 -0.976378 -0.165354
vn 0.070866 -0.976378 -0.212598
vn 0.118110 -0.976378 -0.196850
vn 0.070866 -0.976378 -0.212598
vn 0.157480 -0.976378 -0.165354
vn 0.212598 -0.976378 -0.062992
vn 0.157480 -0.976378 -0.165354
vn 0.070866 -0.992126 -0.062992
vn -0.070866 -0.992126 0.062992
vn -0.062992 -0.968504 0.236220
vn 0.070866 -0.992126 0.062992
vn -0.070866 -0.992126 0.062992
vn 0.070866 -0.992126 0.062992
vn 0.070866 -0.992126 -0.062992
vn 0.070866 -0.992126 -0.062992
vn 0.070866 -0.992126 0.062992
vn 0.212598 -0.976378 -0.062992
vn 0.149606 -0.976378 -0.173228
vn 0.118110 -0.976378 -0.196850
vn 0.157480 -0.976378 -0.165354
vn 0.196850 -0.976378 -0.102362
vn 0.149606 -0.976378 -0.173228
vn 0.157480 -0.976378 -0.165354
vn 0.212598 -0.976378 -0.055118
vn 0.196850 -0.976378 -0.102362
vn 0.157480 -0.976378 -0.165354
vn 0.236220 -0.968504 -0.086614
vn 0.212598 -0.976378 -0.055118
vn 0.157480 -0.976378 -0.165354
vn 0.236220 -0.968504 -0.086614
vn 0.157480 -0.976378 -0.165354
vn 0.212598 -0.976378 -0.062992
vn -0.094488 -0.992126 0.094488
vn -0.047244 -0.984252 0.165354
vn -0.062992 -0.968504 0.236220
vn -0.062992 -0.968504 0.236220
vn 0.062992 -0.968504 0.236220
vn 0.070866 -0.992126 0.062992
vn 0.291339 -0.952756 -0.055118
vn 0.236220 -0.968504 -0.086614
vn 0.212598 -0.976378 -0.062992
vn 0.212598 -0.976378 -0.062992
vn 0.220472 -0.976378 0.062992
vn 0.291339 -0.952756 -0.055118
vn 0.070866 -0.992126 0.062992
vn 0.220472 -0.976378 0.062992
vn 0.212598 -0.976378 -0.062992
vn 0.070866 -0.992126 0.062992
vn 0.062992 -0.968504 0.236220
vn 0.220472 -0.976378 0.062992
vn 0.062992 -0.968504 0.236220
vn -0.062992 -0.968504 0.236220
vn -0.047244 -0.937008 0.338583
vn -0.047244 -0.984252 0.165354
vn -0.047244 -0.937008 0.338583
vn -0.062992 -0.968504 0.236220
vn 0.220472 -0.976378 0.062992
vn 0.299213 -0.952756 0.047244
vn 0.291339 -0.952756 -0.055118
vn 0.141732 -0.992126 0.047244
vn 0.299213 -0.952756 0.047244
vn 0.220472 -0.976378 0.062992
vn 0.094488 -0.992126 0.094488
vn 0.141732 -0.992126 0.047244
vn 0.220472 -0.976378 0.062992
vn 0.062992 -0.968504 0.236220
vn 0.094488 -0.992126 0.094488
vn 0.220472 -0.976378 0.062992
vn -0.047244 -0.984252 0.165354
vn -0.094488 -0.992126 0.094488
vn 0.000000 -1.000000 0.000000
vn 0.094488 -0.992126 0.094488
vn 0.000000 -1.000000 0.000000
vn 0.141732 -0.992126 0.047244
vn 0.000000 -1.000000 0.000000
vn 0.000000 -1.000000 0.000000
vn -0.094488 -0.992126 0.094488
vn 0.000000 -1.000000 0.000000
vn 0.000000 -1.000000 0.000000
vn 0.141732 -0.992126 0.047244
vn 0.047244 -0.984252 0.165354
vn 0.094488 -0.992126 0.094488
vn 0.062992 -0.968504 0.236220
vn 0.047244 -0.937008 0.338583
vn 0.062992 -0.968504 0.236220
vn -0.047244 -0.937008 0.338583
vn 0.047244 -0.937008 0.338583
vn 0.047244 -0.984252 0.165354
vn 0.062992 -0.968504 0.236220
vn 0.047244 -0.984252 0.165354
vn 0.000000 -1.000000 0.000000
vn 0.094488 -0.992126 0.094488
vn 0.094488 -0.992126 0.094488
vn 0.000000 -1.000000 0.000000
vn 0.000000 -1.000000 0.000000
mtllib mtl_p_int_monitor_c.mtl
g mtl_p_int_monitor_c
usemtl mtl_p_int_monitor_c
f 3/3/3 2/2/2 1/1/1
f 6/6/6 5/5/5 4/4/4
f 9/9/9 8/8/8 7/7/7
f 12/12/12 11/11/11 10/10/10
f 15/15/15 14/14/14 13/13/13
f 18/18/18 17/17/17 16/16/16
f 21/21/21 20/20/20 19/19/19
f 24/24/24 23/23/23 22/22/22
f 27/27/27 26/26/26 25/25/25
f 30/30/30 29/29/29 28/28/28
f 33/33/33 32/32/32 31/31/31
f 36/36/36 35/35/35 34/34/34
f 39/39/39 38/38/38 37/37/37
f 42/42/42 41/41/41 40/40/40
f 45/45/45 44/44/44 43/43/43
f 48/48/48 47/47/47 46/46/46
f 51/51/51 50/50/50 49/49/49
f 54/54/54 53/53/53 52/52/52
f 57/57/57 56/56/56 55/55/55
f 60/60/60 59/59/59 58/58/58
f 63/63/63 62/62/62 61/61/61
f 66/66/66 65/65/65 64/64/64
f 69/69/69 68/68/68 67/67/67
f 72/72/72 71/71/71 70/70/70
f 75/75/75 74/74/74 73/73/73
f 78/78/78 77/77/77 76/76/76
f 81/81/81 80/80/80 79/79/79
f 84/84/84 83/83/83 82/82/82
f 87/87/87 86/86/86 85/85/85
f 90/90/90 89/89/89 88/88/88
f 93/93/93 92/92/92 91/91/91
f 96/96/96 95/95/95 94/94/94
f 99/99/99 98/98/98 97/97/97
f 102/102/102 101/101/101 100/100/100
f 105/105/105 104/104/104 103/103/103
f 108/108/108 107/107/107 106/106/106
f 111/111/111 110/110/110 109/109/109
f 114/114/114 113/113/113 112/112/112
f 117/117/117 116/116/116 115/115/115
f 120/120/120 119/119/119 118/118/118
f 123/123/123 122/122/122 121/121/121
f 126/126/126 125/125/125 124/124/124
f 129/129/129 128/128/128 127/127/127
f 132/132/132 131/131/131 130/130/130
f 135/135/135 134/134/134 133/133/133
f 138/138/138 137/137/137 136/136/136
f 141/141/141 140/140/140 139/139/139
f 144/144/144 143/143/143 142/142/142
f 147/147/147 146/146/146 145/145/145
f 150/150/150 149/149/149 148/148/148
f 153/153/153 152/152/152 151/151/151
f 156/156/156 155/155/155 154/154/154
f 159/159/159 158/158/158 157/157/157
f 162/162/162 161/161/161 160/160/160
f 165/165/165 164/164/164 163/163/163
f 168/168/168 167/167/167 166/166/166
f 171/171/171 170/170/170 169/169/169
f 174/174/174 173/173/173 172/172/172
f 177/177/177 176/176/176 175/175/175
f 180/180/180 179/179/179 178/178/178
f 183/183/183 182/182/182 181/181/181
f 186/186/186 185/185/185 184/184/184
f 189/189/189 188/188/188 187/187/187
f 192/192/192 191/191/191 190/190/190
f 195/195/195 194/194/194 193/193/193
f 198/198/198 197/197/197 196/196/196
f 201/201/201 200/200/200 199/199/199
f 204/204/204 203/203/203 202/202/202
f 207/207/207 206/206/206 205/205/205
f 210/210/210 209/209/209 208/208/208
f 213/213/213 212/212/212 211/211/211
f 216/216/216 215/215/215 214/214/214
f 219/219/219 218/218/218 217/217/217
f 222/222/222 221/221/221 220/220/220
f 225/225/225 224/224/224 223/223/223
f 228/228/228 227/227/227 226/226/226
f 231/231/231 230/230/230 229/229/229
f 234/234/234 233/233/233 232/232/232
f 237/237/237 236/236/236 235/235/235
f 240/240/240 239/239/239 238/238/238
f 243/243/243 242/242/242 241/241/241
f 246/246/246 245/245/245 244/244/244
f 249/249/249 248/248/248 247/247/247
f 252/252/252 251/251/251 250/250/250
f 255/255/255 254/254/254 253/253/253
f 258/258/258 257/257/257 256/256/256
f 261/261/261 260/260/260 259/259/259
f 264/264/264 263/263/263 262/262/262
f 267/267/267 266/266/266 265/265/265
f 270/270/270 269/269/269 268/268/268
f 273/273/273 272/272/272 271/271/271
f 276/276/276 275/275/275 274/274/274
f 279/279/279 278/278/278 277/277/277
f 282/282/282 281/281/281 280/280/280
f 285/285/285 284/284/284 283/283/283
f 288/288/288 287/287/287 286/286/286
f 291/291/291 290/290/290 289/289/289
f 294/294/294 293/293/293 292/292/292
f 297/297/297 296/296/296 295/295/295
f 300/300/300 299/299/299 298/298/298
f 303/303/303 302/302/302 301/301/301
f 306/306/306 305/305/305 304/304/304
f 309/309/309 308/308/308 307/307/307
f 312/312/312 311/311/311 310/310/310
f 315/315/315 314/314/314 313/313/313
f 318/318/318 317/317/317 316/316/316
f 321/321/321 320/320/320 319/319/319
f 324/324/324 323/323/323 322/322/322
f 327/327/327 326/326/326 325/325/325
f 330/330/330 329/329/329 328/328/328
f 333/333/333 332/332/332 331/331/331
f 336/336/336 335/335/335 334/334/334
f 339/339/339 338/338/338 337/337/337
f 342/342/342 341/341/341 340/340/340
f 345/345/345 344/344/344 343/343/343
f 348/348/348 347/347/347 346/346/346
f 351/351/351 350/350/350 349/349/349
f 354/354/354 353/353/353 352/352/352
f 357/357/357 356/356/356 355/355/355
f 360/360/360 359/359/359 358/358/358
f 363/363/363 362/362/362 361/361/361
f 366/366/366 365/365/365 364/364/364
f 369/369/369 368/368/368 367/367/367
f 372/372/372 371/371/371 370/370/370
f 375/375/375 374/374/374 373/373/373
f 378/378/378 377/377/377 376/376/376
f 381/381/381 380/380/380 379/379/379
f 384/384/384 383/383/383 382/382/382
f 387/387/387 386/386/386 385/385/385
f 390/390/390 389/389/389 388/388/388
f 393/393/393 392/392/392 391/391/391
f 396/396/396 395/395/395 394/394/394
f 399/399/399 398/398/398 397/397/397
f 402/402/402 401/401/401 400/400/400
f 405/405/405 404/404/404 403/403/403
f 408/408/408 407/407/407 406/406/406
f 411/411/411 410/410/410 409/409/409
f 414/414/414 413/413/413 412/412/412
f 417/417/417 416/416/416 415/415/415
f 420/420/420 419/419/419 418/418/418
f 423/423/423 422/422/422 421/421/421
f 426/426/426 425/425/425 424/424/424
f 429/429/429 428/428/428 427/427/427
f 432/432/432 431/431/431 430/430/430
f 435/435/435 434/434/434 433/433/433
f 438/438/438 437/437/437 436/436/436
f 441/441/441 440/440/440 439/439/439
f 444/444/444 443/443/443 442/442/442
f 447/447/447 446/446/446 445/445/445
f 450/450/450 449/449/449 448/448/448
f 453/453/453 452/452/452 451/451/451
f 456/456/456 455/455/455 454/454/454
f 459/459/459 458/458/458 457/457/457
f 462/462/462 461/461/461 460/460/460
f 465/465/465 464/464/464 463/463/463
f 468/468/468 467/467/467 466/466/466
f 471/471/471 470/470/470 469/469/469
f 474/474/474 473/473/473 472/472/472
f 477/477/477 476/476/476 475/475/475
f 480/480/480 479/479/479 478/478/478
f 483/483/483 482/482/482 481/481/481
f 486/486/486 485/485/485 484/484/484
f 489/489/489 488/488/488 487/487/487
f 492/492/492 491/491/491 490/490/490
f 495/495/495 494/494/494 493/493/493
f 498/498/498 497/497/497 496/496/496
f 501/501/501 500/500/500 499/499/499
f 504/504/504 503/503/503 502/502/502
f 507/507/507 506/506/506 505/505/505
f 510/510/510 509/509/509 508/508/508
f 513/513/513 512/512/512 511/511/511
f 516/516/516 515/515/515 514/514/514
f 519/519/519 518/518/518 517/517/517
f 522/522/522 521/521/521 520/520/520
f 525/525/525 524/524/524 523/523/523
f 528/528/528 527/527/527 526/526/526
f 531/531/531 530/530/530 529/529/529
f 534/534/534 533/533/533 532/532/532
f 537/537/537 536/536/536 535/535/535
f 540/540/540 539/539/539 538/538/538
f 543/543/543 542/542/542 541/541/541
f 546/546/546 545/545/545 544/544/544
f 549/549/549 548/548/548 547/547/547
f 552/552/552 551/551/551 550/550/550
f 555/555/555 554/554/554 553/553/553
f 558/558/558 557/557/557 556/556/556
f 561/561/561 560/560/560 559/559/559
f 564/564/564 563/563/563 562/562/562
f 567/567/567 566/566/566 565/565/565
f 570/570/570 569/569/569 568/568/568
f 573/573/573 572/572/572 571/571/571
f 576/576/576 575/575/575 574/574/574
f 579/579/579 578/578/578 577/577/577
f 582/582/582 581/581/581 580/580/580
f 585/585/585 584/584/584 583/583/583
f 588/588/588 587/587/587 586/586/586
f 591/591/591 590/590/590 589/589/589
f 594/594/594 593/593/593 592/592/592
f 597/597/597 596/596/596 595/595/595
f 600/600/600 599/599/599 598/598/598
f 603/603/603 602/602/602 601/601/601
f 606/606/606 605/605/605 604/604/604
f 609/609/609 608/608/608 607/607/607
f 612/612/612 611/611/611 610/610/610
f 615/615/615 614/614/614 613/613/613
f 618/618/618 617/617/617 616/616/616
f 621/621/621 620/620/620 619/619/619
f 624/624/624 623/623/623 622/622/622
f 627/627/627 626/626/626 625/625/625
f 630/630/630 629/629/629 628/628/628
f 633/633/633 632/632/632 631/631/631
f 636/636/636 635/635/635 634/634/634
f 639/639/639 638/638/638 637/637/637
f 642/642/642 641/641/641 640/640/640
f 645/645/645 644/644/644 643/643/643
f 648/648/648 647/647/647 646/646/646
f 651/651/651 650/650/650 649/649/649
f 654/654/654 653/653/653 652/652/652
f 657/657/657 656/656/656 655/655/655
f 660/660/660 659/659/659 658/658/658
f 663/663/663 662/662/662 661/661/661
f 666/666/666 665/665/665 664/664/664
f 669/669/669 668/668/668 667/667/667
f 672/672/672 671/671/671 670/670/670
f 675/675/675 674/674/674 673/673/673
f 678/678/678 677/677/677 676/676/676
f 681/681/681 680/680/680 679/679/679
f 684/684/684 683/683/683 682/682/682
f 687/687/687 686/686/686 685/685/685
f 690/690/690 689/689/689 688/688/688
f 693/693/693 692/692/692 691/691/691
f 696/696/696 695/695/695 694/694/694
f 699/699/699 698/698/698 697/697/697
f 702/702/702 701/701/701 700/700/700
f 705/705/705 704/704/704 703/703/703
f 708/708/708 707/707/707 706/706/706
f 711/711/711 710/710/710 709/709/709
f 714/714/714 713/713/713 712/712/712
f 717/717/717 716/716/716 715/715/715
f 720/720/720 719/719/719 718/718/718
f 723/723/723 722/722/722 721/721/721
f 726/726/726 725/725/725 724/724/724
f 729/729/729 728/728/728 727/727/727
f 732/732/732 731/731/731 730/730/730
f 735/735/735 734/734/734 733/733/733
f 738/738/738 737/737/737 736/736/736
f 741/741/741 740/740/740 739/739/739
f 744/744/744 743/743/743 742/742/742
f 747/747/747 746/746/746 745/745/745
f 750/750/750 749/749/749 748/748/748
f 753/753/753 752/752/752 751/751/751
f 756/756/756 755/755/755 754/754/754
f 759/759/759 758/758/758 757/757/757
f 762/762/762 761/761/761 760/760/760
f 765/765/765 764/764/764 763/763/763
f 768/768/768 767/767/767 766/766/766
f 771/771/771 770/770/770 769/769/769
f 774/774/774 773/773/773 772/772/772
f 777/777/777 776/776/776 775/775/775
f 780/780/780 779/779/779 778/778/778
f 783/783/783 782/782/782 781/781/781
f 786/786/786 785/785/785 784/784/784
f 789/789/789 788/788/788 787/787/787
f 792/792/792 791/791/791 790/790/790
f 795/795/795 794/794/794 793/793/793
f 798/798/798 797/797/797 796/796/796
f 801/801/801 800/800/800 799/799/799
f 804/804/804 803/803/803 802/802/802
f 807/807/807 806/806/806 805/805/805
f 810/810/810 809/809/809 808/808/808
f 813/813/813 812/812/812 811/811/811
f 816/816/816 815/815/815 814/814/814
f 819/819/819 818/818/818 817/817/817
f 822/822/822 821/821/821 820/820/820
f 825/825/825 824/824/824 823/823/823
f 828/828/828 827/827/827 826/826/826
f 831/831/831 830/830/830 829/829/829
f 834/834/834 833/833/833 832/832/832
f 837/837/837 836/836/836 835/835/835
f 840/840/840 839/839/839 838/838/838
f 843/843/843 842/842/842 841/841/841
f 846/846/846 845/845/845 844/844/844
f 849/849/849 848/848/848 847/847/847
f 852/852/852 851/851/851 850/850/850
f 855/855/855 854/854/854 853/853/853
f 858/858/858 857/857/857 856/856/856
f 861/861/861 860/860/860 859/859/859
f 864/864/864 863/863/863 862/862/862
f 867/867/867 866/866/866 865/865/865
f 870/870/870 869/869/869 868/868/868
f 873/873/873 872/872/872 871/871/871
f 876/876/876 875/875/875 874/874/874
f 879/879/879 878/878/878 877/877/877
f 882/882/882 881/881/881 880/880/880
f 885/885/885 884/884/884 883/883/883
f 888/888/888 887/887/887 886/886/886
f 891/891/891 890/890/890 889/889/889
f 894/894/894 893/893/893 892/892/892
f 897/897/897 896/896/896 895/895/895
f 900/900/900 899/899/899 898/898/898
f 903/903/903 902/902/902 901/901/901
f 906/906/906 905/905/905 904/904/904
f 909/909/909 908/908/908 907/907/907
f 912/912/912 911/911/911 910/910/910
f 915/915/915 914/914/914 913/913/913
f 918/918/918 917/917/917 916/916/916
f 921/921/921 920/920/920 919/919/919
f 924/924/924 923/923/923 922/922/922
f 927/927/927 926/926/926 925/925/925
f 930/930/930 929/929/929 928/928/928
f 933/933/933 932/932/932 931/931/931
f 936/936/936 935/935/935 934/934/934
f 939/939/939 938/938/938 937/937/937
f 942/942/942 941/941/941 940/940/940
f 945/945/945 944/944/944 943/943/943
f 948/948/948 947/947/947 946/946/946
f 951/951/951 950/950/950 949/949/949
f 954/954/954 953/953/953 952/952/952
f 957/957/957 956/956/956 955/955/955
f 960/960/960 959/959/959 958/958/958
f 963/963/963 962/962/962 961/961/961
f 966/966/966 965/965/965 964/964/964
f 969/969/969 968/968/968 967/967/967
f 972/972/972 971/971/971 970/970/970
f 975/975/975 974/974/974 973/973/973
f 978/978/978 977/977/977 976/976/976
f 981/981/981 980/980/980 979/979/979
f 984/984/984 983/983/983 982/982/982
f 987/987/987 986/986/986 985/985/985
f 990/990/990 989/989/989 988/988/988
f 993/993/993 992/992/992 991/991/991
f 996/996/996 995/995/995 994/994/994
f 999/999/999 998/998/998 997/997/997
f 1002/1002/1002 1001/1001/1001 1000/1000/1000
f 1005/1005/1005 1004/1004/1004 1003/1003/1003
f 1008/1008/1008 1007/1007/1007 1006/1006/1006
f 1011/1011/1011 1010/1010/1010 1009/1009/1009
f 1014/1014/1014 1013/1013/1013 1012/1012/1012
f 1017/1017/1017 1016/1016/1016 1015/1015/1015
f 1020/1020/1020 1019/1019/1019 1018/1018/1018
f 1023/1023/1023 1022/1022/1022 1021/1021/1021
f 1026/1026/1026 1025/1025/1025 1024/1024/1024
f 1029/1029/1029 1028/1028/1028 1027/1027/1027
f 1032/1032/1032 1031/1031/1031 1030/1030/1030
f 1035/1035/1035 1034/1034/1034 1033/1033/1033
f 1038/1038/1038 1037/1037/1037 1036/1036/1036
f 1041/1041/1041 1040/1040/1040 1039/1039/1039
f 1044/1044/1044 1043/1043/1043 1042/1042/1042
f 1047/1047/1047 1046/1046/1046 1045/1045/1045
f 1050/1050/1050 1049/1049/1049 1048/1048/1048
f 1053/1053/1053 1052/1052/1052 1051/1051/1051
f 1056/1056/1056 1055/1055/1055 1054/1054/1054
f 1059/1059/1059 1058/1058/1058 1057/1057/1057
f 1062/1062/1062 1061/1061/1061 1060/1060/1060
f 1065/1065/1065 1064/1064/1064 1063/1063/1063
f 1068/1068/1068 1067/1067/1067 1066/1066/1066
f 1071/1071/1071 1070/1070/1070 1069/1069/1069
f 1074/1074/1074 1073/1073/1073 1072/1072/1072
f 1077/1077/1077 1076/1076/1076 1075/1075/1075
f 1080/1080/1080 1079/1079/1079 1078/1078/1078
f 1083/1083/1083 1082/1082/1082 1081/1081/1081
f 1086/1086/1086 1085/1085/1085 1084/1084/1084
f 1089/1089/1089 1088/1088/1088 1087/1087/1087
f 1092/1092/1092 1091/1091/1091 1090/1090/1090
f 1095/1095/1095 1094/1094/1094 1093/1093/1093
f 1098/1098/1098 1097/1097/1097 1096/1096/1096
f 1101/1101/1101 1100/1100/1100 1099/1099/1099
f 1104/1104/1104 1103/1103/1103 1102/1102/1102
f 1107/1107/1107 1106/1106/1106 1105/1105/1105
f 1110/1110/1110 1109/1109/1109 1108/1108/1108
f 1113/1113/1113 1112/1112/1112 1111/1111/1111
f 1116/1116/1116 1115/1115/1115 1114/1114/1114
f 1119/1119/1119 1118/1118/1118 1117/1117/1117
f 1122/1122/1122 1121/1121/1121 1120/1120/1120
f 1125/1125/1125 1124/1124/1124 1123/1123/1123
f 1128/1128/1128 1127/1127/1127 1126/1126/1126
f 1131/1131/1131 1130/1130/1130 1129/1129/1129
f 1134/1134/1134 1133/1133/1133 1132/1132/1132
f 1137/1137/1137 1136/1136/1136 1135/1135/1135
f 1140/1140/1140 1139/1139/1139 1138/1138/1138
f 1143/1143/1143 1142/1142/1142 1141/1141/1141
f 1146/1146/1146 1145/1145/1145 1144/1144/1144
f 1149/1149/1149 1148/1148/1148 1147/1147/1147
f 1152/1152/1152 1151/1151/1151 1150/1150/1150
f 1155/1155/1155 1154/1154/1154 1153/1153/1153
f 1158/1158/1158 1157/1157/1157 1156/1156/1156
f 1161/1161/1161 1160/1160/1160 1159/1159/1159
f 1164/1164/1164 1163/1163/1163 1162/1162/1162
f 1167/1167/1167 1166/1166/1166 1165/1165/1165
f 1170/1170/1170 1169/1169/1169 1168/1168/1168
f 1173/1173/1173 1172/1172/1172 1171/1171/1171
f 1176/1176/1176 1175/1175/1175 1174/1174/1174
f 1179/1179/1179 1178/1178/1178 1177/1177/1177
f 1182/1182/1182 1181/1181/1181 1180/1180/1180
f 1185/1185/1185 1184/1184/1184 1183/1183/1183
f 1188/1188/1188 1187/1187/1187 1186/1186/1186
f 1191/1191/1191 1190/1190/1190 1189/1189/1189
f 1194/1194/1194 1193/1193/1193 1192/1192/1192
f 1197/1197/1197 1196/1196/1196 1195/1195/1195
f 1200/1200/1200 1199/1199/1199 1198/1198/1198
f 1203/1203/1203 1202/1202/1202 1201/1201/1201
f 1206/1206/1206 1205/1205/1205 1204/1204/1204
f 1209/1209/1209 1208/1208/1208 1207/1207/1207
f 1212/1212/1212 1211/1211/1211 1210/1210/1210
f 1215/1215/1215 1214/1214/1214 1213/1213/1213
f 1218/1218/1218 1217/1217/1217 1216/1216/1216
f 1221/1221/1221 1220/1220/1220 1219/1219/1219
f 1224/1224/1224 1223/1223/1223 1222/1222/1222
f 1227/1227/1227 1226/1226/1226 1225/1225/1225
f 1230/1230/1230 1229/1229/1229 1228/1228/1228
f 1233/1233/1233 1232/1232/1232 1231/1231/1231
f 1236/1236/1236 1235/1235/1235 1234/1234/1234
f 1239/1239/1239 1238/1238/1238 1237/1237/1237
f 1242/1242/1242 1241/1241/1241 1240/1240/1240
f 1245/1245/1245 1244/1244/1244 1243/1243/1243
f 1248/1248/1248 1247/1247/1247 1246/1246/1246
f 1251/1251/1251 1250/1250/1250 1249/1249/1249
f 1254/1254/1254 1253/1253/1253 1252/1252/1252
f 1257/1257/1257 1256/1256/1256 1255/1255/1255
f 1260/1260/1260 1259/1259/1259 1258/1258/1258
f 1263/1263/1263 1262/1262/1262 1261/1261/1261
f 1266/1266/1266 1265/1265/1265 1264/1264/1264
f 1269/1269/1269 1268/1268/1268 1267/1267/1267
f 1272/1272/1272 1271/1271/1271 1270/1270/1270
f 1275/1275/1275 1274/1274/1274 1273/1273/1273
f 1278/1278/1278 1277/1277/1277 1276/1276/1276
f 1281/1281/1281 1280/1280/1280 1279/1279/1279
f 1284/1284/1284 1283/1283/1283 1282/1282/1282
f 1287/1287/1287 1286/1286/1286 1285/1285/1285
f 1290/1290/1290 1289/1289/1289 1288/1288/1288
f 1293/1293/1293 1292/1292/1292 1291/1291/1291
f 1296/1296/1296 1295/1295/1295 1294/1294/1294
f 1299/1299/1299 1298/1298/1298 1297/1297/1297
f 1302/1302/1302 1301/1301/1301 1300/1300/1300
f 1305/1305/1305 1304/1304/1304 1303/1303/1303
f 1308/1308/1308 1307/1307/1307 1306/1306/1306
f 1311/1311/1311 1310/1310/1310 1309/1309/1309
f 1314/1314/1314 1313/1313/1313 1312/1312/1312
f 1317/1317/1317 1316/1316/1316 1315/1315/1315
f 1320/1320/1320 1319/1319/1319 1318/1318/1318
f 1323/1323/1323 1322/1322/1322 1321/1321/1321
f 1326/1326/1326 1325/1325/1325 1324/1324/1324
f 1329/1329/1329 1328/1328/1328 1327/1327/1327
f 1332/1332/1332 1331/1331/1331 1330/1330/1330
f 1335/1335/1335 1334/1334/1334 1333/1333/1333
f 1338/1338/1338 1337/1337/1337 1336/1336/1336
f 1341/1341/1341 1340/1340/1340 1339/1339/1339
f 1344/1344/1344 1343/1343/1343 1342/1342/1342
f 1347/1347/1347 1346/1346/1346 1345/1345/1345
f 1350/1350/1350 1349/1349/1349 1348/1348/1348
f 1353/1353/1353 1352/1352/1352 1351/1351/1351
f 1356/1356/1356 1355/1355/1355 1354/1354/1354
f 1359/1359/1359 1358/1358/1358 1357/1357/1357
f 1362/1362/1362 1361/1361/1361 1360/1360/1360
f 1365/1365/1365 1364/1364/1364 1363/1363/1363
f 1368/1368/1368 1367/1367/1367 1366/1366/1366
f 1371/1371/1371 1370/1370/1370 1369/1369/1369
f 1374/1374/1374 1373/1373/1373 1372/1372/1372
f 1377/1377/1377 1376/1376/1376 1375/1375/1375
f 1380/1380/1380 1379/1379/1379 1378/1378/1378
f 1383/1383/1383 1382/1382/1382 1381/1381/1381
f 1386/1386/1386 1385/1385/1385 1384/1384/1384
f 1389/1389/1389 1388/1388/1388 1387/1387/1387
f 1392/1392/1392 1391/1391/1391 1390/1390/1390
f 1395/1395/1395 1394/1394/1394 1393/1393/1393
f 1398/1398/1398 1397/1397/1397 1396/1396/1396
f 1401/1401/1401 1400/1400/1400 1399/1399/1399
f 1404/1404/1404 1403/1403/1403 1402/1402/1402
f 1407/1407/1407 1406/1406/1406 1405/1405/1405
f 1410/1410/1410 1409/1409/1409 1408/1408/1408
f 1413/1413/1413 1412/1412/1412 1411/1411/1411
f 1416/1416/1416 1415/1415/1415 1414/1414/1414
f 1419/1419/1419 1418/1418/1418 1417/1417/1417
f 1422/1422/1422 1421/1421/1421 1420/1420/1420
f 1425/1425/1425 1424/1424/1424 1423/1423/1423
f 1428/1428/1428 1427/1427/1427 1426/1426/1426
f 1431/1431/1431 1430/1430/1430 1429/1429/1429
f 1434/1434/1434 1433/1433/1433 1432/1432/1432
f 1437/1437/1437 1436/1436/1436 1435/1435/1435
f 1440/1440/1440 1439/1439/1439 1438/1438/1438
f 1443/1443/1443 1442/1442/1442 1441/1441/1441
f 1446/1446/1446 1445/1445/1445 1444/1444/1444
f 1449/1449/1449 1448/1448/1448 1447/1447/1447
f 1452/1452/1452 1451/1451/1451 1450/1450/1450
f 1455/1455/1455 1454/1454/1454 1453/1453/1453
f 1458/1458/1458 1457/1457/1457 1456/1456/1456
f 1461/1461/1461 1460/1460/1460 1459/1459/1459
f 1464/1464/1464 1463/1463/1463 1462/1462/1462
f 1467/1467/1467 1466/1466/1466 1465/1465/1465
f 1470/1470/1470 1469/1469/1469 1468/1468/1468
f 1473/1473/1473 1472/1472/1472 1471/1471/1471
f 1476/1476/1476 1475/1475/1475 1474/1474/1474
f 1479/1479/1479 1478/1478/1478 1477/1477/1477
f 1482/1482/1482 1481/1481/1481 1480/1480/1480
f 1485/1485/1485 1484/1484/1484 1483/1483/1483
f 1488/1488/1488 1487/1487/1487 1486/1486/1486
f 1491/1491/1491 1490/1490/1490 1489/1489/1489
f 1494/1494/1494 1493/1493/1493 1492/1492/1492
f 1497/1497/1497 1496/1496/1496 1495/1495/1495
f 1500/1500/1500 1499/1499/1499 1498/1498/1498
f 1503/1503/1503 1502/1502/1502 1501/1501/1501
f 1506/1506/1506 1505/1505/1505 1504/1504/1504
f 1509/1509/1509 1508/1508/1508 1507/1507/1507
f 1512/1512/1512 1511/1511/1511 1510/1510/1510
f 1515/1515/1515 1514/1514/1514 1513/1513/1513
f 1518/1518/1518 1517/1517/1517 1516/1516/1516
f 1521/1521/1521 1520/1520/1520 1519/1519/1519
f 1524/1524/1524 1523/1523/1523 1522/1522/1522
f 1527/1527/1527 1526/1526/1526 1525/1525/1525
f 1530/1530/1530 1529/1529/1529 1528/1528/1528
f 1533/1533/1533 1532/1532/1532 1531/1531/1531
f 1536/1536/1536 1535/1535/1535 1534/1534/1534
f 1539/1539/1539 1538/1538/1538 1537/1537/1537
f 1542/1542/1542 1541/1541/1541 1540/1540/1540
f 1545/1545/1545 1544/1544/1544 1543/1543/1543
f 1548/1548/1548 1547/1547/1547 1546/1546/1546
f 1551/1551/1551 1550/1550/1550 1549/1549/1549
f 1554/1554/1554 1553/1553/1553 1552/1552/1552
f 1557/1557/1557 1556/1556/1556 1555/1555/1555
f 1560/1560/1560 1559/1559/1559 1558/1558/1558
f 1563/1563/1563 1562/1562/1562 1561/1561/1561
f 1566/1566/1566 1565/1565/1565 1564/1564/1564
f 1569/1569/1569 1568/1568/1568 1567/1567/1567
f 1572/1572/1572 1571/1571/1571 1570/1570/1570
f 1575/1575/1575 1574/1574/1574 1573/1573/1573
f 1578/1578/1578 1577/1577/1577 1576/1576/1576
f 1581/1581/1581 1580/1580/1580 1579/1579/1579
f 1584/1584/1584 1583/1583/1583 1582/1582/1582
f 1587/1587/1587 1586/1586/1586 1585/1585/1585
f 1590/1590/1590 1589/1589/1589 1588/1588/1588
f 1593/1593/1593 1592/1592/1592 1591/1591/1591
f 1596/1596/1596 1595/1595/1595 1594/1594/1594
f 1599/1599/1599 1598/1598/1598 1597/1597/1597
f 1602/1602/1602 1601/1601/1601 1600/1600/1600
f 1605/1605/1605 1604/1604/1604 1603/1603/1603
f 1608/1608/1608 1607/1607/1607 1606/1606/1606
f 1611/1611/1611 1610/1610/1610 1609/1609/1609
f 1614/1614/1614 1613/1613/1613 1612/1612/1612
f 1617/1617/1617 1616/1616/1616 1615/1615/1615
f 1620/1620/1620 1619/1619/1619 1618/1618/1618
f 1623/1623/1623 1622/1622/1622 1621/1621/1621
f 1626/1626/1626 1625/1625/1625 1624/1624/1624
f 1629/1629/1629 1628/1628/1628 1627/1627/1627
f 1632/1632/1632 1631/1631/1631 1630/1630/1630
f 1635/1635/1635 1634/1634/1634 1633/1633/1633
f 1638/1638/1638 1637/1637/1637 1636/1636/1636
f 1641/1641/1641 1640/1640/1640 1639/1639/1639
f 1644/1644/1644 1643/1643/1643 1642/1642/1642
f 1647/1647/1647 1646/1646/1646 1645/1645/1645
f 1650/1650/1650 1649/1649/1649 1648/1648/1648
f 1653/1653/1653 1652/1652/1652 1651/1651/1651
f 1656/1656/1656 1655/1655/1655 1654/1654/1654
f 1659/1659/1659 1658/1658/1658 1657/1657/1657
f 1662/1662/1662 1661/1661/1661 1660/1660/1660
f 1665/1665/1665 1664/1664/1664 1663/1663/1663
f 1668/1668/1668 1667/1667/1667 1666/1666/1666
f 1671/1671/1671 1670/1670/1670 1669/1669/1669
f 1674/1674/1674 1673/1673/1673 1672/1672/1672
f 1677/1677/1677 1676/1676/1676 1675/1675/1675
f 1680/1680/1680 1679/1679/1679 1678/1678/1678
f 1683/1683/1683 1682/1682/1682 1681/1681/1681
f 1686/1686/1686 1685/1685/1685 1684/1684/1684
f 1689/1689/1689 1688/1688/1688 1687/1687/1687
f 1692/1692/1692 1691/1691/1691 1690/1690/1690
f 1695/1695/1695 1694/1694/1694 1693/1693/1693
f 1698/1698/1698 1697/1697/1697 1696/1696/1696
f 1701/1701/1701 1700/1700/1700 1699/1699/1699
f 1704/1704/1704 1703/1703/1703 1702/1702/1702
f 1707/1707/1707 1706/1706/1706 1705/1705/1705
f 1710/1710/1710 1709/1709/1709 1708/1708/1708
f 1713/1713/1713 1712/1712/1712 1711/1711/1711
f 1716/1716/1716 1715/1715/1715 1714/1714/1714
f 1719/1719/1719 1718/1718/1718 1717/1717/1717
f 1722/1722/1722 1721/1721/1721 1720/1720/1720
f 1725/1725/1725 1724/1724/1724 1723/1723/1723
f 1728/1728/1728 1727/1727/1727 1726/1726/1726
f 1731/1731/1731 1730/1730/1730 1729/1729/1729
f 1734/1734/1734 1733/1733/1733 1732/1732/1732
f 1737/1737/1737 1736/1736/1736 1735/1735/1735
f 1740/1740/1740 1739/1739/1739 1738/1738/1738
f 1743/1743/1743 1742/1742/1742 1741/1741/1741
f 1746/1746/1746 1745/1745/1745 1744/1744/1744
f 1749/1749/1749 1748/1748/1748 1747/1747/1747
f 1752/1752/1752 1751/1751/1751 1750/1750/1750
f 1755/1755/1755 1754/1754/1754 1753/1753/1753
f 1758/1758/1758 1757/1757/1757 1756/1756/1756
f 1761/1761/1761 1760/1760/1760 1759/1759/1759
f 1764/1764/1764 1763/1763/1763 1762/1762/1762
f 1767/1767/1767 1766/1766/1766 1765/1765/1765
f 1770/1770/1770 1769/1769/1769 1768/1768/1768
f 1773/1773/1773 1772/1772/1772 1771/1771/1771
f 1776/1776/1776 1775/1775/1775 1774/1774/1774
f 1779/1779/1779 1778/1778/1778 1777/1777/1777
f 1782/1782/1782 1781/1781/1781 1780/1780/1780
f 1785/1785/1785 1784/1784/1784 1783/1783/1783
f 1788/1788/1788 1787/1787/1787 1786/1786/1786
f 1791/1791/1791 1790/1790/1790 1789/1789/1789
f 1794/1794/1794 1793/1793/1793 1792/1792/1792
f 1797/1797/1797 1796/1796/1796 1795/1795/1795
f 1800/1800/1800 1799/1799/1799 1798/1798/1798
f 1803/1803/1803 1802/1802/1802 1801/1801/1801
f 1806/1806/1806 1805/1805/1805 1804/1804/1804
f 1809/1809/1809 1808/1808/1808 1807/1807/1807
f 1812/1812/1812 1811/1811/1811 1810/1810/1810
f 1815/1815/1815 1814/1814/1814 1813/1813/1813
f 1818/1818/1818 1817/1817/1817 1816/1816/1816
f 1821/1821/1821 1820/1820/1820 1819/1819/1819
f 1824/1824/1824 1823/1823/1823 1822/1822/1822
f 1827/1827/1827 1826/1826/1826 1825/1825/1825
f 1830/1830/1830 1829/1829/1829 1828/1828/1828
f 1833/1833/1833 1832/1832/1832 1831/1831/1831
f 1836/1836/1836 1835/1835/1835 1834/1834/1834
f 1839/1839/1839 1838/1838/1838 1837/1837/1837
f 1842/1842/1842 1841/1841/1841 1840/1840/1840
f 1845/1845/1845 1844/1844/1844 1843/1843/1843
f 1848/1848/1848 1847/1847/1847 1846/1846/1846
f 1851/1851/1851 1850/1850/1850 1849/1849/1849
f 1854/1854/1854 1853/1853/1853 1852/1852/1852
f 1857/1857/1857 1856/1856/1856 1855/1855/1855
f 1860/1860/1860 1859/1859/1859 1858/1858/1858
f 1863/1863/1863 1862/1862/1862 1861/1861/1861
f 1866/1866/1866 1865/1865/1865 1864/1864/1864
f 1869/1869/1869 1868/1868/1868 1867/1867/1867
f 1872/1872/1872 1871/1871/1871 1870/1870/1870
f 1875/1875/1875 1874/1874/1874 1873/1873/1873
f 1878/1878/1878 1877/1877/1877 1876/1876/1876
f 1881/1881/1881 1880/1880/1880 1879/1879/1879
f 1884/1884/1884 1883/1883/1883 1882/1882/1882
f 1887/1887/1887 1886/1886/1886 1885/1885/1885
f 1890/1890/1890 1889/1889/1889 1888/1888/1888
f 1893/1893/1893 1892/1892/1892 1891/1891/1891
f 1896/1896/1896 1895/1895/1895 1894/1894/1894
f 1899/1899/1899 1898/1898/1898 1897/1897/1897
f 1902/1902/1902 1901/1901/1901 1900/1900/1900
f 1905/1905/1905 1904/1904/1904 1903/1903/1903
f 1908/1908/1908 1907/1907/1907 1906/1906/1906
f 1911/1911/1911 1910/1910/1910 1909/1909/1909
f 1914/1914/1914 1913/1913/1913 1912/1912/1912
f 1917/1917/1917 1916/1916/1916 1915/1915/1915
f 1920/1920/1920 1919/1919/1919 1918/1918/1918
f 1923/1923/1923 1922/1922/1922 1921/1921/1921
f 1926/1926/1926 1925/1925/1925 1924/1924/1924
f 1929/1929/1929 1928/1928/1928 1927/1927/1927
f 1932/1932/1932 1931/1931/1931 1930/1930/1930
f 1935/1935/1935 1934/1934/1934 1933/1933/1933
f 1938/1938/1938 1937/1937/1937 1936/1936/1936
f 1941/1941/1941 1940/1940/1940 1939/1939/1939
f 1944/1944/1944 1943/1943/1943 1942/1942/1942
f 1947/1947/1947 1946/1946/1946 1945/1945/1945
f 1950/1950/1950 1949/1949/1949 1948/1948/1948
f 1953/1953/1953 1952/1952/1952 1951/1951/1951
f 1956/1956/1956 1955/1955/1955 1954/1954/1954
f 1959/1959/1959 1958/1958/1958 1957/1957/1957
f 1962/1962/1962 1961/1961/1961 1960/1960/1960
f 1965/1965/1965 1964/1964/1964 1963/1963/1963
f 1968/1968/1968 1967/1967/1967 1966/1966/1966
f 1971/1971/1971 1970/1970/1970 1969/1969/1969
f 1974/1974/1974 1973/1973/1973 1972/1972/1972
f 1977/1977/1977 1976/1976/1976 1975/1975/1975
f 1980/1980/1980 1979/1979/1979 1978/1978/1978
f 1983/1983/1983 1982/1982/1982 1981/1981/1981
f 1986/1986/1986 1985/1985/1985 1984/1984/1984
f 1989/1989/1989 1988/1988/1988 1987/1987/1987
f 1992/1992/1992 1991/1991/1991 1990/1990/1990
f 1995/1995/1995 1994/1994/1994 1993/1993/1993
f 1998/1998/1998 1997/1997/1997 1996/1996/1996
f 2001/2001/2001 2000/2000/2000 1999/1999/1999
f 2004/2004/2004 2003/2003/2003 2002/2002/2002
f 2007/2007/2007 2006/2006/2006 2005/2005/2005
f 2010/2010/2010 2009/2009/2009 2008/2008/2008
f 2013/2013/2013 2012/2012/2012 2011/2011/2011
f 2016/2016/2016 2015/2015/2015 2014/2014/2014
f 2019/2019/2019 2018/2018/2018 2017/2017/2017
f 2022/2022/2022 2021/2021/2021 2020/2020/2020
f 2025/2025/2025 2024/2024/2024 2023/2023/2023
f 2028/2028/2028 2027/2027/2027 2026/2026/2026
f 2031/2031/2031 2030/2030/2030 2029/2029/2029
f 2034/2034/2034 2033/2033/2033 2032/2032/2032
f 2037/2037/2037 2036/2036/2036 2035/2035/2035
f 2040/2040/2040 2039/2039/2039 2038/2038/2038
f 2043/2043/2043 2042/2042/2042 2041/2041/2041
f 2046/2046/2046 2045/2045/2045 2044/2044/2044
f 2049/2049/2049 2048/2048/2048 2047/2047/2047
f 2052/2052/2052 2051/2051/2051 2050/2050/2050
f 2055/2055/2055 2054/2054/2054 2053/2053/2053
f 2058/2058/2058 2057/2057/2057 2056/2056/2056
f 2061/2061/2061 2060/2060/2060 2059/2059/2059
f 2064/2064/2064 2063/2063/2063 2062/2062/2062
f 2067/2067/2067 2066/2066/2066 2065/2065/2065
f 2070/2070/2070 2069/2069/2069 2068/2068/2068
f 2073/2073/2073 2072/2072/2072 2071/2071/2071
f 2076/2076/2076 2075/2075/2075 2074/2074/2074
f 2079/2079/2079 2078/2078/2078 2077/2077/2077
f 2082/2082/2082 2081/2081/2081 2080/2080/2080
f 2085/2085/2085 2084/2084/2084 2083/2083/2083
f 2088/2088/2088 2087/2087/2087 2086/2086/2086
f 2091/2091/2091 2090/2090/2090 2089/2089/2089
f 2094/2094/2094 2093/2093/2093 2092/2092/2092
f 2097/2097/2097 2096/2096/2096 2095/2095/2095
f 2100/2100/2100 2099/2099/2099 2098/2098/2098
f 2103/2103/2103 2102/2102/2102 2101/2101/2101
f 2106/2106/2106 2105/2105/2105 2104/2104/2104
f 2109/2109/2109 2108/2108/2108 2107/2107/2107
f 2112/2112/2112 2111/2111/2111 2110/2110/2110
f 2115/2115/2115 2114/2114/2114 2113/2113/2113
f 2118/2118/2118 2117/2117/2117 2116/2116/2116
f 2121/2121/2121 2120/2120/2120 2119/2119/2119
f 2124/2124/2124 2123/2123/2123 2122/2122/2122
f 2127/2127/2127 2126/2126/2126 2125/2125/2125
f 2130/2130/2130 2129/2129/2129 2128/2128/2128
f 2133/2133/2133 2132/2132/2132 2131/2131/2131
f 2136/2136/2136 2135/2135/2135 2134/2134/2134
f 2139/2139/2139 2138/2138/2138 2137/2137/2137
f 2142/2142/2142 2141/2141/2141 2140/2140/2140
f 2145/2145/2145 2144/2144/2144 2143/2143/2143
f 2148/2148/2148 2147/2147/2147 2146/2146/2146
f 2151/2151/2151 2150/2150/2150 2149/2149/2149
f 2154/2154/2154 2153/2153/2153 2152/2152/2152
f 2157/2157/2157 2156/2156/2156 2155/2155/2155
f 2160/2160/2160 2159/2159/2159 2158/2158/2158
f 2163/2163/2163 2162/2162/2162 2161/2161/2161
f 2166/2166/2166 2165/2165/2165 2164/2164/2164
f 2169/2169/2169 2168/2168/2168 2167/2167/2167
f 2172/2172/2172 2171/2171/2171 2170/2170/2170
f 2175/2175/2175 2174/2174/2174 2173/2173/2173
f 2178/2178/2178 2177/2177/2177 2176/2176/2176
f 2181/2181/2181 2180/2180/2180 2179/2179/2179
f 2184/2184/2184 2183/2183/2183 2182/2182/2182
f 2187/2187/2187 2186/2186/2186 2185/2185/2185
f 2190/2190/2190 2189/2189/2189 2188/2188/2188
f 2193/2193/2193 2192/2192/2192 2191/2191/2191
f 2196/2196/2196 2195/2195/2195 2194/2194/2194
f 2199/2199/2199 2198/2198/2198 2197/2197/2197
f 2202/2202/2202 2201/2201/2201 2200/2200/2200
f 2205/2205/2205 2204/2204/2204 2203/2203/2203
f 2208/2208/2208 2207/2207/2207 2206/2206/2206
f 2211/2211/2211 2210/2210/2210 2209/2209/2209
f 2214/2214/2214 2213/2213/2213 2212/2212/2212
f 2217/2217/2217 2216/2216/2216 2215/2215/2215
f 2220/2220/2220 2219/2219/2219 2218/2218/2218
f 2223/2223/2223 2222/2222/2222 2221/2221/2221
f 2226/2226/2226 2225/2225/2225 2224/2224/2224
f 2229/2229/2229 2228/2228/2228 2227/2227/2227
f 2232/2232/2232 2231/2231/2231 2230/2230/2230
f 2235/2235/2235 2234/2234/2234 2233/2233/2233
f 2238/2238/2238 2237/2237/2237 2236/2236/2236
f 2241/2241/2241 2240/2240/2240 2239/2239/2239
f 2244/2244/2244 2243/2243/2243 2242/2242/2242
f 2247/2247/2247 2246/2246/2246 2245/2245/2245
f 2250/2250/2250 2249/2249/2249 2248/2248/2248
f 2253/2253/2253 2252/2252/2252 2251/2251/2251
f 2256/2256/2256 2255/2255/2255 2254/2254/2254
f 2259/2259/2259 2258/2258/2258 2257/2257/2257
f 2262/2262/2262 2261/2261/2261 2260/2260/2260
f 2265/2265/2265 2264/2264/2264 2263/2263/2263
f 2268/2268/2268 2267/2267/2267 2266/2266/2266
f 2271/2271/2271 2270/2270/2270 2269/2269/2269
f 2274/2274/2274 2273/2273/2273 2272/2272/2272
f 2277/2277/2277 2276/2276/2276 2275/2275/2275
f 2280/2280/2280 2279/2279/2279 2278/2278/2278
f 2283/2283/2283 2282/2282/2282 2281/2281/2281
f 2286/2286/2286 2285/2285/2285 2284/2284/2284
f 2289/2289/2289 2288/2288/2288 2287/2287/2287
f 2292/2292/2292 2291/2291/2291 2290/2290/2290
f 2295/2295/2295 2294/2294/2294 2293/2293/2293
f 2298/2298/2298 2297/2297/2297 2296/2296/2296
f 2301/2301/2301 2300/2300/2300 2299/2299/2299
f 2304/2304/2304 2303/2303/2303 2302/2302/2302
f 2307/2307/2307 2306/2306/2306 2305/2305/2305
f 2310/2310/2310 2309/2309/2309 2308/2308/2308
f 2313/2313/2313 2312/2312/2312 2311/2311/2311
f 2316/2316/2316 2315/2315/2315 2314/2314/2314
f 2319/2319/2319 2318/2318/2318 2317/2317/2317
f 2322/2322/2322 2321/2321/2321 2320/2320/2320
f 2325/2325/2325 2324/2324/2324 2323/2323/2323
f 2328/2328/2328 2327/2327/2327 2326/2326/2326
f 2331/2331/2331 2330/2330/2330 2329/2329/2329
f 2334/2334/2334 2333/2333/2333 2332/2332/2332
f 2337/2337/2337 2336/2336/2336 2335/2335/2335
f 2340/2340/2340 2339/2339/2339 2338/2338/2338
f 2343/2343/2343 2342/2342/2342 2341/2341/2341
f 2346/2346/2346 2345/2345/2345 2344/2344/2344
f 2349/2349/2349 2348/2348/2348 2347/2347/2347
f 2352/2352/2352 2351/2351/2351 2350/2350/2350
f 2355/2355/2355 2354/2354/2354 2353/2353/2353
f 2358/2358/2358 2357/2357/2357 2356/2356/2356
f 2361/2361/2361 2360/2360/2360 2359/2359/2359
f 2364/2364/2364 2363/2363/2363 2362/2362/2362
f 2367/2367/2367 2366/2366/2366 2365/2365/2365
f 2370/2370/2370 2369/2369/2369 2368/2368/2368
f 2373/2373/2373 2372/2372/2372 2371/2371/2371
f 2376/2376/2376 2375/2375/2375 2374/2374/2374
f 2379/2379/2379 2378/2378/2378 2377/2377/2377
f 2382/2382/2382 2381/2381/2381 2380/2380/2380
f 2385/2385/2385 2384/2384/2384 2383/2383/2383
f 2388/2388/2388 2387/2387/2387 2386/2386/2386
f 2391/2391/2391 2390/2390/2390 2389/2389/2389
f 2394/2394/2394 2393/2393/2393 2392/2392/2392
f 2397/2397/2397 2396/2396/2396 2395/2395/2395
f 2400/2400/2400 2399/2399/2399 2398/2398/2398
f 2403/2403/2403 2402/2402/2402 2401/2401/2401
f 2406/2406/2406 2405/2405/2405 2404/2404/2404
f 2409/2409/2409 2408/2408/2408 2407/2407/2407
f 2412/2412/2412 2411/2411/2411 2410/2410/2410
f 2415/2415/2415 2414/2414/2414 2413/2413/2413
f 2418/2418/2418 2417/2417/2417 2416/2416/2416
f 2421/2421/2421 2420/2420/2420 2419/2419/2419
f 2424/2424/2424 2423/2423/2423 2422/2422/2422
f 2427/2427/2427 2426/2426/2426 2425/2425/2425
f 2430/2430/2430 2429/2429/2429 2428/2428/2428
mtllib mtl_bink_4x4.mtl
g mtl_bink_4x4
usemtl mtl_bink_4x4
f 2433/2433/2433 2432/2432/2432 2431/2431/2431
f 2436/2436/2436 2435/2435/2435 2434/2434/2434
f 2439/2439/2439 2438/2438/2438 2437/2437/2437
f 2442/2442/2442 2441/2441/2441 2440/2440/2440
f 2445/2445/2445 2444/2444/2444 2443/2443/2443
f 2448/2448/2448 2447/2447/2447 2446/2446/2446
f 2451/2451/2451 2450/2450/2450 2449/2449/2449
f 2454/2454/2454 2453/2453/2453 2452/2452/2452
f 2457/2457/2457 2456/2456/2456 2455/2455/2455
f 2460/2460/2460 2459/2459/2459 2458/2458/2458
f 2463/2463/2463 2462/2462/2462 2461/2461/2461
f 2466/2466/2466 2465/2465/2465 2464/2464/2464
f 2469/2469/2469 2468/2468/2468 2467/2467/2467
f 2472/2472/2472 2471/2471/2471 2470/2470/2470
f 2475/2475/2475 2474/2474/2474 2473/2473/2473
f 2478/2478/2478 2477/2477/2477 2476/2476/2476
f 2481/2481/2481 2480/2480/2480 2479/2479/2479
f 2484/2484/2484 2483/2483/2483 2482/2482/2482
f 2487/2487/2487 2486/2486/2486 2485/2485/2485
f 2490/2490/2490 2489/2489/2489 2488/2488/2488
f 2493/2493/2493 2492/2492/2492 2491/2491/2491
f 2496/2496/2496 2495/2495/2495 2494/2494/2494
f 2499/2499/2499 2498/2498/2498 2497/2497/2497
f 2502/2502/2502 2501/2501/2501 2500/2500/2500
f 2505/2505/2505 2504/2504/2504 2503/2503/2503
f 2508/2508/2508 2507/2507/2507 2506/2506/2506
f 2511/2511/2511 2510/2510/2510 2509/2509/2509
f 2514/2514/2514 2513/2513/2513 2512/2512/2512
f 2517/2517/2517 2516/2516/2516 2515/2515/2515
f 2520/2520/2520 2519/2519/2519 2518/2518/2518
f 2523/2523/2523 2522/2522/2522 2521/2521/2521
f 2526/2526/2526 2525/2525/2525 2524/2524/2524
f 2529/2529/2529 2528/2528/2528 2527/2527/2527
f 2532/2532/2532 2531/2531/2531 2530/2530/2530
f 2535/2535/2535 2534/2534/2534 2533/2533/2533
f 2538/2538/2538 2537/2537/2537 2536/2536/2536
f 2541/2541/2541 2540/2540/2540 2539/2539/2539
f 2544/2544/2544 2543/2543/2543 2542/2542/2542
f 2547/2547/2547 2546/2546/2546 2545/2545/2545
f 2550/2550/2550 2549/2549/2549 2548/2548/2548
f 2553/2553/2553 2552/2552/2552 2551/2551/2551
f 2556/2556/2556 2555/2555/2555 2554/2554/2554
f 2559/2559/2559 2558/2558/2558 2557/2557/2557
f 2562/2562/2562 2561/2561/2561 2560/2560/2560
f 2565/2565/2565 2564/2564/2564 2563/2563/2563
f 2568/2568/2568 2567/2567/2567 2566/2566/2566
f 2571/2571/2571 2570/2570/2570 2569/2569/2569
f 2574/2574/2574 2573/2573/2573 2572/2572/2572
f 2577/2577/2577 2576/2576/2576 2575/2575/2575
f 2580/2580/2580 2579/2579/2579 2578/2578/2578
f 2583/2583/2583 2582/2582/2582 2581/2581/2581
f 2586/2586/2586 2585/2585/2585 2584/2584/2584
f 2589/2589/2589 2588/2588/2588 2587/2587/2587
f 2592/2592/2592 2591/2591/2591 2590/2590/2590
f 2595/2595/2595 2594/2594/2594 2593/2593/2593
f 2598/2598/2598 2597/2597/2597 2596/2596/2596
f 2601/2601/2601 2600/2600/2600 2599/2599/2599
f 2604/2604/2604 2603/2603/2603 2602/2602/2602
f 2607/2607/2607 2606/2606/2606 2605/2605/2605
f 2610/2610/2610 2609/2609/2609 2608/2608/2608
